Protein,Run_ID,SMILES,Toxicity_Label
protein1,1,CC1(C)c2ccccc2CC(c2cnccn2)N1CCCO,0
protein1,1,CCn1c(C2=CCN(S(=O)(=O)c3ccccc3)CC2)nc2ccc(-c3cnc(C)nc3N)cc21,1
protein1,1,O=C(CO)N1CCC2(CCCCC2(O)c2ccccn2)CC1,0
protein1,1,O=C(Nc1cnc(Nc2ccc(Cl)cc2S(=O)(=O)N2CCOCC2)c2ccccc12)c1cccc(O)c1,0
protein1,1,COC(=O)C1=CC(c2cccc(OC)c2OC)C(C)N1,1
protein1,1,Fc1ccccc1-c1c[nH]c(-c2ccnc3ccc(C(F)(F)F)nc23)n1,0
protein1,1,Cc1nc2cc(-n3ccnc3CCS(C)(=O)=O)ccn2c1C(C)C,0
protein1,1,CCCN1CCCCC1Cc1c[nH]c2ncccc12,0
protein1,1,CCCNS(=O)(=O)c1ccc2c(c1)C(N(C(=O)CCl)c1ccccc1Cl)C(=O)N2,1
protein1,1,CC(C)C(C)NC(=O)c1cc([N+](=O)[O-])c(-n2[nH]c3ncc(-c4cc(N(C)C)ccc4F)cc3c2=O)cc1N,1
protein1,1,CCOC1c2ccccc2C(=O)N1c1cc(-c2ccc(C)cc2)n(-c2ccc(OC3CCN(C)CC3)cc2)n1,1
protein1,1,CC(C)(C)OC(=O)NC1CCC(n2cc(-c3noc(N4CCOCC4)c3-c3ccncc3)n3cccc3c2=O)CC1,1
protein1,1,O=C(O)c1cccc(-c2ccc(C(=O)Nc3nccs3)s2)c1,0
protein1,1,Cc1ccc(-n2nc3c(N4CCCCCC4)nccc3c2C(=O)NC2CCCC2)cc1,0
protein1,1,Cc1c(CSc2nc3ncccc3o2)nc2cc(Cl)cc(=O)n2c1C,0
protein1,1,N#Cc1ccc(NC(=O)c2cccc(ON3CCC(c4ccc(N)cc4)CC3)c2)cc1C(F)(F)F,0
protein1,1,CC(=O)Nc1cc(C)n(-c2ccc(S(=O)(=O)Nc3cc(C(F)(F)F)ccn3)cc2)c1C,0
protein1,1,CCC1OCCC(NS(=O)(=O)c2ccc3c(c2)CCO3)C1c1ccc(Cl)cc1Cl,0
protein1,1,CCN1C(=O)c2ccccc2C1c1nc(-c2cccc(Cl)c2)n[nH]1,1
protein1,1,Cc1ccc(CNC(=O)c2nc(-c3cccc(Oc4ncc(F)cn4)c3)cs2)cc1,1
protein1,1,Cc1oc2c(Cl)c(=O)c(C(=O)O)cn2c1C(C)c1ccccc1,0
protein1,1,O=C(Nc1ncc(S(=O)(=O)N2CCCCCC2)s1)c1ccc([N+](=O)[O-])cc1,1
protein1,1,O=C(NC1CCCC1)c1n[nH]c(Nc2cc(-n3cccn3)c(Cl)cc2Cl)c1-c1c(F)cc(F)cc1F,0
protein1,1,CCCCNC1=NC(C)C(O)CC(CCN2CCN3Cc4ccccc4CC3C2)C1,0
protein1,1,Cc1nnc(-c2ccccc2C(=O)Nc2ccsc2C(=O)O)n1N=Cc1cccnc1,1
protein1,1,Cc1cc(C(=O)NCCCCN2CC(C)C(c3ccc(S(C)(=O)=O)c(Cl)c3)C2CO)no1,0
protein1,1,CC(=O)OCc1nc2cc(Cl)ccc2n1-c1ccccc1,0
protein1,1,Cc1ccccc1Nc1n[nH]c(-c2ccccc2-n2ccc(C(=O)N3CCOCC3)n2)n1,0
protein1,1,Cc1ccc(CN2CCC(NC(=O)c3sc4c(c(C)nn4-c4ccccc4)c3C(C)C)CC2)o1,1
protein1,1,CCCc1cnn2c(Nc3ccccc3)cc(C)nc12,0
protein1,1,CC(C)CC=C(O)C1(NC(=O)C2CCCCC2)Cc2cccc(O)c2C1,0
protein1,1,Fc1ccc(NC(=S)OC2(n3ncc(Cl)c3Cl)CCCCCCC2)c(F)c1,0
protein1,1,CCC(=O)c1cncc(-c2ccc3c(c2)C2C(CC(N)=O)c4ccc(OC)cc4OC2(C)CC3)c1,0
protein1,1,CCn1ccc(C(=O)Nc2cc(C)ccc2C(=O)Nc2ccc([N+](=O)[O-])cc2)n1,1
protein1,1,CCn1cc(CCCCCN2CCN(c3cc(C(C)(C)C)on3)CC2)c2ccccc21,0
protein1,1,Cc1c2nccc(Nc3c(F)cc(F)cc3Cl)c2c(C2CCCNC2)n1CCN1CCCC1,1
protein1,1,Cc1ccc(-n2c(=O)nc(CN(C)C)c3ccccc32)c(C)c1,1
protein1,1,O=c1[nH]c(-c2ccccc2Cl)c2c(c1S(=O)(=O)c1ccc(F)cc1)CCCC2,0
protein1,1,Clc1cccc(OCCCSc2ccncc2)c1Cl,0
protein1,1,NCCN1CCc2ccc(O)c(O)c2C1,0
protein1,1,CC(=O)OCCCOc1ccc(-c2cnn(O)c2)cc1CNc1ncc(F)c(C)c1F,0
protein1,1,O=C(OCCN1CCCCC1)c1c(I)nn2c(-c3ccccc3)ccnc12,0
protein1,1,CC1Cc2ccccc2N1C(=O)C1(NC(=O)Nc2cccs2)CCCCC1,0
protein1,1,O=C(c1cn2c(c1-c1cc(F)cc(F)c1)-c1ccccc1OCC2)N1CCCC1,0
protein1,1,CCCOc1c2c(cc3cccnc13)OCC(=O)C=C(N)O2,1
protein1,1,CC1=CCC(C)(c2cnc(-n3ncc4c3CCC4(c3ccc(F)cc3F)N3CCOCC3)nc2O)CC1,0
protein1,1,Cc1cc2c(cc1NC(=O)c1ccccc1Cl)N(Cc1cccs1)C(=O)CS2,0
protein1,1,CCCCC(CC)C1C(c2ccccc2)CCCN1N=O,1
protein1,1,CC1(C)C(CCc2ccc(F)cc2Cl)CC1NC(=O)c1c(Cn2cccc2)ccc(O)c1O,0
protein1,1,CCCCOC1CCC(CN2CCCCC2=O)CC1N(CC(F)(F)F)S(=O)(=O)c1ccc(-c2ccc(S(C)(=O)=O)cc2)cc1C,0
protein1,1,CCOc1ccccc1N(CC(=O)N1CCCC1)S(C)(=O)=O,0
protein1,1,CCC(C)(C)C(CCC1CNC(=O)O1)NS(=O)(=O)c1cccc(Cl)c1,0
protein1,1,O=C1Cc2cc(-c3ccccc3)c(S(=O)(=O)N3CCCCC3)cc2C(=O)N1c1ccccc1,0
protein1,1,Cc1ncc(-c2ccccc2Cl)n1-c1nc(C(F)(F)F)nc2ccc(N)cc12,1
protein1,1,CCCN(C)CC(O)(c1cccc(-c2ccc3nc(C(=O)O)n(C(C)C)c3n2)c1)c1cccc(C(F)(F)F)c1,0
protein1,1,COc1cccc2c1c1ccccc1n2CC(C)O,1
protein1,1,O=C(Nc1ccc2c(c1)OCCO2)C1=CC(NC(=O)c2cccc(NC(=O)c3ccccc3O)c2)CC1CO,0
protein1,1,Cc1cncc(C(=O)Nc2ccc3c(c2)nc(SCC(=O)Nc2c(F)cccc2F)n3Cc2ccccn2)c1,1
protein1,1,Cc1ccc(-c2nnc(NC(=O)c3cc(C)c(C)c4ncccc34)s2)c(C)c1,1
protein1,1,COc1ccc(-c2c(CSCC(=O)Nc3ccc(C(C)=O)cc3)c(C)n(-c3ccccc3)c2C)cc1,0
protein1,1,CCOC(=O)C1c2cc(Cl)ccc2C(=O)N1CCCn1c(N)nc2cc(C(F)(F)F)ccc21,0
protein1,1,O=C(Nc1ccccc1N1CCCCC1)c1cnccn1,1
protein1,1,CCOC(=O)c1ccccc1NC(=O)c1ccccc1,0
protein1,1,CC(C)CCN1CCN(c2cccc(Cl)c2Cl)CC1,0
protein1,1,Cc1noc(CN2CCC3(CCNC(=O)C3)CC2)n1,0
protein1,1,O=C(COCC=Cc1ccccc1)N(CCc1c[nH]cn1)c1ccccc1C(F)(F)F,0
protein1,1,CCCC(C)CCCC(C)C(=O)N1CCN(CCO)CC1,0
protein1,1,Cc1nc(-c2ccc(-c3ccc(F)c(C(F)(F)F)c3)o2)sc1C(=O)NC1CCCC1CN1C(=O)c2cccnc2C1=O,1
protein1,1,CCn1nc2c(=O)[nH]c(=S)n(C)c2nc1=O,0
protein1,1,COc1ccc(NC(=O)C(=O)c2cn(C(C)C)c3ccccc23)c(Cl)c1,0
protein1,1,CC(C)CC(C)Nc1nccc2c1CCCC2NC(=O)c1ccccc1C(F)(F)F,0
protein1,1,CCc1ccccc1NC(=S)NC(=O)c1c(C)oc2ccc(C(F)(F)F)cc12,0
protein1,1,O=C(Nc1ncc(F)s1)Nc1cc(OC(F)(F)F)ccc1Oc1ccc(O)c([N+](=O)[O-])c1,0
protein1,1,Cc1ccc2cc(-c3cnc4c(c3)CCN4C(=O)c3ccccc3)cnc2c1N,1
protein1,1,S=C(Nc1ccc(Cl)cc1)N1CCCC2(CC3CCN(c4ccncc4)C3CO2)C1,0
protein1,1,CC1(C)CC(O)CN(Cc2cn3c(n2)-c2ccc(-c4cccnc4)cc2CC3)C1,0
protein1,1,CC(C)NC1=NC=NC2(c3ccc(N4CC(Cl)C4)c(C#N)c3)C=C3C=CC(O)=NN3C=C12,0
protein1,1,Cc1cccc(F)c1N=C(S)N1CCC(c2ncccn2)CC1,1
protein1,1,Cc1cc(N(C)C)nc(N(C)CCN2CCC(c3ccc([N+](=O)[O-])cc3)C(C(=O)O)C2)n1,1
protein1,1,CCOc1ccc(Cc2cccc(-c3ccc(S(=O)(=O)OC(C)=O)cc3)n2)cc1,0
protein1,1,CC(=O)c1cc(C(=O)NN=C(C)c2cccc(O)c2)c2ncc(C(F)(F)F)cc2c1,0
protein1,1,CCN(CC)S(=O)(=O)c1ccc(Nc2ncc(Cl)c3cc4c(cc23)OCCO4)cc1,0
protein1,1,CCOC(=O)C1CCCN1Cc1ccccc1,0
protein1,1,CCCC=C(C#N)CCCCCC1CC(O)CC(=O)O1,0
protein1,1,CCCCC(CC)NC(=O)c1cc(-c2ccc(OC(F)(F)F)cc2)n(-c2ccccc2)n1,0
protein1,1,CC(C)CN1CC2CCCN(c3nnc4ccccc4n3)C2C1,0
protein1,1,COc1cc(C(C)(C)C)ccc1Nc1nccc2ccc(C3CC3C(=O)Nc3c(C)cccc3Cl)cc12,0
protein1,1,Cc1cccc(C)c1-n1c(C=C2C(=O)Nc3ccccc32)nc2ccccc2c1=O,1
protein1,1,Cc1ccc(NC2(C)CCC(=O)N(Cc3c(C)nn(C)c3N(C)C)CC2)cc1,0
protein1,1,COc1cc(C(=O)O)ccc1Nc1nc(C)cc(-c2cn(C(C)C)c3cccc(O)c23)n1,1
protein1,1,CCn1ccc2ccc(NC(c3cc(F)ccc3O)c3cc4ccccc4nc3N)cc21,1
protein1,1,CCC(CC)N1CCC(CC(=O)NO)CC1,0
protein1,1,O=C(O)CC1C=CCC(c2cc(-c3cnc4c(c3)SCCN4)ccc2OC(F)(F)F)C1,0
protein1,1,CC(C)S(=O)(=O)Nc1cc2ncn(CC(=O)Nc3ccc(F)cc3)c2cc1NCC(F)(F)F,0
protein1,1,O=Cc1cc2c(s1)CCCC2,0
protein1,1,CCN1c2ccc(F)cc2-c2cc(Cn3cc(-c4ccc(C#N)cc4NC(=O)c4cc(C)n(C)n4)c4ccn(C)c4c3=O)nn2C1C(F)(F)F,1
protein1,1,Cc1nn(-c2ccccc2)c(N)c1C(=O)N(C)C1CCC(C)CC1,0
protein1,1,O=C1CC(NCc2cccc3ncoc23)C(=O)N1c1ccccc1[N+](=O)[O-],1
protein1,1,O=c1[nH]c2ccccc2c(O)c1S(=O)(=O)N1CCOCC1,0
protein1,1,CCC(NC(=O)C1CC1(C)C)C(=O)NCc1ccc(CO)c(F)c1,0
protein10,1,CCCC(C(N)=O)C(=O)NC1CCN(c2ccccn2)C1,0
protein10,1,CC(C)C1C(=O)N(Cc2ccc(OC(F)(F)F)cc2)C2=Nc3ccccc3CN21,0
protein10,1,CCC1CCN(C(CN2CC(C)OC(CC)C2)c2ccccc2)C(=O)C1,0
protein10,1,Cc1cccc(-n2c3c(c4ccccc4c2=O)C(=O)N(c2cccc(Cl)c2)C3=O)c1,0
protein10,1,Nc1nnc(-c2cccc3c2S(=O)(=O)C=C3)c2cccc(Cl)c12,1
protein10,1,CC(C)C=C(N)C(=O)O,0
protein10,1,CC(=O)c1ccc(N(Cc2ccc(C(F)(F)F)cc2)S(=O)(=O)c2c(C)noc2C)cc1,0
protein10,1,CCN(CC)CCCn1c(-c2ccccn2)nc2ccccc2c1=O,1
protein10,1,Clc1ccc(C#Cc2nc(N3CCCOCC3)c3ccccc3n2)nc1,1
protein10,1,CC1(C)CCC(N2CCOCC2)c2cnc(-n3nc(C(F)(F)F)cc3CC(F)(F)F)nc21,0
protein10,1,Nc1cnc(SCC(=CCl)CC(N)C(CO)C2=CCC3(Cc4ccccc4O3)OC2)nc1,0
protein10,1,CCc1c(F)ccc(Oc2ccc([N+](=O)[O-])cc2-c2cn[nH]c2)c1F,1
protein10,1,CCCCCC(=O)NC(Cc1ccc(O)c(OC)c1)C(=O)O,0
protein10,1,CCN(CC)c1ccc(C(=O)OCc2nc3ccccc3n2C)cc1,1
protein10,1,CCCS(=O)(=O)N(Cc1ccc(C(=O)Nc2ccc(OC)cc2)s1)c1ccc(F)cc1F,0
protein10,1,Cc1ncc(C(=O)C=CCN2CCN(C(=O)c3ccccc3Cl)CC2)s1,0
protein10,1,CC(C)Nc1ncnc2c(C(N)=O)cc(-c3cccc(Cl)c3F)cc12,0
protein10,1,Cc1cc(C(F)(F)F)ccc1N1CCN(CC2CCOCC2)C(CCOc2ccccc2OC(F)(F)F)C1,0
protein10,1,CCCCc1nc2ccccc2c(N(C)c2c(Cl)cc([N+](=O)[O-])cc2[N+](=O)[O-])c1C,1
protein10,1,Nc1nc(SCC(=O)Nc2nccs2)nc2cnccc12,1
protein10,1,CN1CCCC2(CCc3cc(-c4nncn4C4CC(C)(C)C4)c(=O)[nH]c3C2)C1,0
protein10,1,Cc1cc(Cl)c(N)c(-n2cc3cccc(C4=NC(CN5CCCCC5)CN4)c3c2C)c1C,1
protein10,1,O=C(Nc1ccccc1[N+](=O)[O-])c1ccc(O)nc1C(=O)C1CCCC1,1
protein10,1,CCCCN1C(=O)C(=Cc2cn(S(=O)(=O)c3ccccc3)c3ccccc23)SC1=S,0
protein10,1,Cc1cccc([N+](=O)[O-])c1Nc1nc(-c2c(CN3CCNCC3)c(=O)n(C)c3ccccc23)cs1,1
protein10,1,CC(C)CC(O)C=CCSc1nc(N)c2c3cc(OC(F)(F)F)ccc3n(C)c2n1,1
protein10,1,CCC1NC(=O)C2Cc3c([nH]c4ccccc34)C(C(C(=O)COC)C(c3ccccc3)OC1=O)N2S(=O)(=O)C(C)C,0
protein10,1,CCN(CC)C(=S)Nc1cccc(-c2cnc3ccc(C)c(C)n3c2=O)c1,1
protein10,1,Nc1nc(N)c2nc(-c3csc4c3CCCCC4)sc2n1,1
protein10,1,CC(C)C1Nc2c(C(=O)N(C)C3CC3)[nH]c(=O)n2CC1CCC(CO)NC(=O)c1ccccc1OC(F)(F)F,0
protein10,1,Cc1nnc(NS(=O)(=O)c2ccccc2C(F)(F)F)s1,0
protein10,1,CC1(C)CC(N2CCN(c3cc(Nc4n[nH]c5ccccc45)ccc3F)CC2)CCC1(O)C(=O)O,0
protein10,1,Cc1cccc2c1S(=O)(=O)N(CC(=O)NC1CCCCC1)C2=O,0
protein10,1,O=C(NO)C1CC(NC(=O)C(c2ccccc2)N2CCC2=O)Cc2ccccc21,0
protein10,1,CCn1c(CC2c3ccccc3N3CCCCC23)nc2ccccc21,1
protein10,1,CCCn1cc(CCCCCN2CCc3[nH]cnc3C2C)ccc1=O,0
protein10,1,Cc1cnc(NCCC#N)c(CNC(=O)c2ccccn2)c1N1CCCCC1C,0
protein10,1,CC1(NCc2ccc(Cl)cc2Oc2ccc(C#N)c(C(F)(F)F)c2)CCCCC1O,0
protein10,1,CCN(CC)CCn1ccc2cc(S(=O)(=O)N3CCCC3)ccc21,0
protein10,1,CCCC(C)C1NC(=N)N(CC(C)C)C1=O,0
protein10,1,Fc1cccc(-c2c(-c3ccc(Cl)cc3)nc3c(CN4CCNCC4)cccn23)c1Cl,0
protein10,1,Cc1ccc(NCn2c(=O)oc3ccccc32)cc1,0
protein10,1,CC(=O)OC1CCOCC1Oc1ccc(F)cc1,0
protein10,1,CCOc1ccc(-c2cnc(N)cn2)c(F)c1C(C)Nc1cc2c(cc1S(C)(=O)=O)C1(CCNCC1)N(C)CC2,0
protein10,1,Cc1ccc([N+](=O)[O-])cc1NC(=O)CCS(=O)(=O)Nc1cccc(-c2ccc(C#N)nc2)c1,0
protein10,1,Cc1nc(C)c(CNC(C)c2ccc([N+](=O)[O-])cc2)nc1C,1
protein10,1,Cc1ccc(Nc2nc(C(C)(C)C)c3c(NC(C)C)cc(C)nc3n2)c(F)c1,1
protein10,1,O=C1c2ccccc2C(=O)N1c1ccc(OC(F)(F)F)cc1,0
protein10,1,CC(=O)Nc1nc2ccc(-c3cccc(OC4CCCCC4)n3)cc2s1,0
protein10,1,CCOC(=O)c1sc(-n2ccccc2=O)nc1N,0
protein10,1,N#Cc1cnn(-c2nc(OC3CCC3)cc(-c3ccc(C(N)=O)cc3C3c4ccccc4CCC3N3CCCC3)n2)n1,1
protein10,1,O=C1Nc2c(cc(C(=O)NCc3ccccn3)c3cccnc23)C1=NCCN1CCOCC1,1
protein10,1,Cc1ccccc1N=C1SC(CC#N)C(=O)N1c1cccc(C(=O)O)c1,0
protein10,1,CCOc1cc(N2Cc3ccccc3C2=O)ccc1-c1cccnn1,1
protein10,1,O=C1CC(c2cccc(Cc3cccnc3)c2)Cc2c(cccc2C(F)(F)F)N1,0
protein10,1,Cc1ccccc1-c1nc2ccccc2c(CN(C)CC2CCN(C(=O)c3sc(O)nc3C)CC2)c1C#N,1
protein10,1,CCN=c1sc2c(n1N=Cc1cc(OCC)cc(OC)c1O)CCCC2,1
protein10,1,CCCC(C(=O)O)c1ccc(F)cc1,0
protein10,1,CC(C)C1CCN(C(=S)NN=Cc2ccccc2O)CC1,1
protein10,1,CC[S+]([O-])CCONc1ccc(C2CC(C(F)(F)F)=NN2c2ccccc2)cc1,0
protein10,1,O=C(O)CCc1c(-c2cccc(F)c2)nc2ccc(Cl)cn12,0
protein10,1,CCOc1ccc(C(=O)NC(C2CC2(CN2CCCC2=O)c2ccccc2)C(F)(F)F)c2c(C)cccc12,1
protein10,1,O=CC1=CCC(CN2CCN(c3ncncc3-c3c(F)cccc3F)CC2)CC1c1cccnc1,1
protein10,1,CCCc1nnc(NC2CCN(c3nc(N(C)C)ncc3F)C2)s1,1
protein10,1,Cc1cc(C)cc(Nc2ncnc3oc4c(c23)CCN(C2CCS(=O)(=O)C2)CC4)c1,0
protein10,1,CCCCCC(COC(=O)C(C)(N)CC)C(C)C(=O)N1CCN(CCCSc2ccccc2Cl)CC1,0
protein10,1,CCOc1cccc(CN2CCOC3CCc4ccc(NS(C)(=O)=O)c(C)c4C32)c1,0
protein10,1,Cc1cc2c([nH]1)c(NCCN1CCOCC1)nc1cccc(C(=O)O)c12,1
protein10,1,CCCCc1c(O)n(C(=O)Nc2ccc(Cl)c(C(F)(F)F)c2)c2cccnc12,0
protein10,1,CC1=CCCC2(CC(=O)Nc3ccccc3S2)C1,0
protein10,1,CC(C)C1CCC(C(C(=O)N2CCC(F)C2)N(C(=O)Nc2ccc(F)cc2)c2ncc3c(=O)n(C4CCCC4)cnc3n2)CC1,0
protein10,1,NC1=NCC(c2ccccn2)C(C2(c3ccc(N4CC(CNC(=O)CN5CCCC5)OC4=O)cc3F)CCC2)S1,0
protein10,1,CCn1c(CN2CC(c3ccccc3-c3ccc(F)cc3)CC2=O)nnc1-c1ccc([N+](=O)[O-])cc1,1
protein10,1,CCN(CC)CCCCNC1=NCC2c3ccccc3-c3cccc1c32,1
protein10,1,CCC(n1cc(C(=O)Nc2ccc(C)cc2C(=O)N2CCC(CO)CC2)cn1)C(F)(F)F,0
protein10,1,O=c1[nH]c2ccccc2nc1NN=Cc1cccc(OC(F)(F)F)c1,1
protein10,1,O=C(OCc1ccccc1)N1c2cc3c(cc2N(C(=O)OCC(F)(F)F)C2CC21)CCC3,0
protein10,1,CCc1ccccc1NC(=O)c1ccc2c(Nc3cccc(N4CCCC4)n3)n[nH]c2c1,1
protein10,1,CCCOc1ccc2cc(-c3ccnc4c3CC(N3CCOCC3)=CC4=O)oc2c1,0
protein10,1,O=c1[nH]cnc2[nH]c(C(F)(F)F)cc12,0
protein10,1,CC(CN1CCCC1)N(c1cccc(C#N)c1)c1cncc(-c2cccc(C#N)c2)n1,0
protein10,1,NCC(=O)c1cc(-c2ccccc2)c2cc(-c3ccccc3)ccc2n1,1
protein10,1,Nc1nccc2cccc(-c3ccc(CCN4CCN(c5cccc(F)c5)CC4)cc3)c12,1
protein10,1,O=C(Nc1c(Cl)cccc1Cl)c1cc2c(s1)CCC2,0
protein10,1,Cc1cccc(C)c1-n1cc2c(N)ncnc2c1CN1CCN(C(=O)c2cccs2)CC1,1
protein10,1,CCc1cc(-c2cncc(Nc3ccc(C(=O)OC)cc3)c2)c2cc(OC)cc(OC)c2n1,0
protein10,1,CC(=O)Nc1cc(-c2cnc(N)cc2Cl)ccc1N1CCCC1,1
protein10,1,CN(C(=O)CCOc1ccc(N2CCCS2(=O)=O)cc1)C1(C)CCCCC1,0
protein10,1,CCC(C)N1C(=O)c2ccccc2Sc2ccc(NC(=O)c3cc(-c4cc(NC)ccc4OC)nc4ccccc34)cc21,0
protein10,1,O=C1N(c2ccccn2)CCC12CCN(c1ccc(Cl)cc1)CC2,0
protein10,1,NC(=S)Nc1ccc(-c2cn3c(N)cc(N)nc3n2)cc1,1
protein10,1,CC(C)Nc1ncnc(N)c1-c1cc2c(nc1-c1ccc(F)cc1)nc1n2CCN(CCO)C1,1
protein10,1,CC1C(C(=O)Nc2ccc(C(F)(F)F)nc2)C(O)CN1c1nc(N(C)C)ncc1F,0
protein10,1,Cc1nn(Cc2cc(-c3ccccc3)ccc2Cl)c(-c2cccc([N+](=O)[O-])c2)c1F,1
protein10,1,Cc1ccc(C(=O)N2CCCC(C)(CC(=O)NCc3ccc(Cl)cc3Cl)CC2)o1,0
protein10,1,CCN(CC)c1nc(C(F)(F)F)c(C(=O)NC2(C(=O)O)CCCC2)s1,0
protein10,1,CC(C)CN1CC(=O)Nc2ccc(OCC3=CCCC3)c(c2)S1(=O)=O,0
protein10,1,Nc1ncc(-c2cccc(Cl)c2-c2nc3cnccc3n2C2CCCC2)cc1C(=O)Nc1ccccc1F,1
protein10,1,CC(C)CCN1C(=O)C(=Cc2ccc([N+](=O)[O-])cc2)SC1=NC1CCCC1O,1
protein10,1,CCS(=O)(=O)c1cncc(NC(=O)c2cc(-c3cccc(C)n3)on2)c1,0
protein100,1,CCCn1c(N)c(-c2cccc(C(F)(F)F)c2)c2nnc(O)nc21,1
protein100,1,O=C(Nc1cc(-c2cn3nccc3o2)ccc1N1CCOCC1)c1ncc(F)cc1F,0
protein100,1,CC1(C)c2ccccc2NC(=O)N1Cc1ccc([N+](=O)[O-])cc1,1
protein100,1,O=C(Nc1ccc(NC(=S)Nc2ccc(Cl)cc2Cl)cc1)c1ccc([N+](=O)[O-])s1,1
protein100,1,CC(C)CC1NC(=O)C(C#N)=C1c1ccccc1C(F)(F)F,0
protein100,1,COC1COCC1C1CN(C)c2nc3c(cc2F)c(=O)c(C(N)=O)cn31,0
protein100,1,CCC(C)CN(CCO)c1cc(=O)c2cccc(C(F)(F)F)c2o1,0
protein100,1,O=C(Nc1ccccn1)N1CCN(c2c(C(F)(F)F)ccc3c2ccn3-c2cccc(F)c2F)CC1,0
protein100,1,CCN1C=C(C(=O)O)C(=O)c2cc(F)c(N3CCNCC3)cc2N(Cc2ccccc2F)C(CCc2ccc(F)cc2)=Nc2cccnc21,1
protein100,1,O=C(NC(c1ccccc1)c1ccccc1)C1CN(S(=O)(=O)c2cccs2)C1,0
protein100,1,Cc1ccc([N+](=O)[O-])c(N(CC(=O)NC2CCCC2)S(C)(=O)=O)c1,1
protein100,1,O=c1c2cc(O)cc(I)c2n2n1C(c1ccc(O)cc1)CCC2,0
protein100,1,O=C1CC(c2c(O)c(Cl)cc3cccc(O)c23)Oc2ccc([N+](=O)[O-])cc21,1
protein100,1,O=C(Nc1cc(-c2ccco2)nc(-c2ccccn2)n1)c1ccccc1F,1
protein100,1,CCCn1nc2cc(OC)c(-c3cnn(C(C)(C)C)c3)cc2c1C(=O)N1CCCC1C(=O)NC(C)c1ccccc1,0
protein100,1,CC1(C)C=C(n2ccnc2)c2cc(-c3cnn4c3NCCC4C(F)(F)C(F)(F)C(F)(F)F)ccc2O1,0
protein100,1,Cc1nc([N+](=O)[O-])cn1CCn1cnc2c(F)cccc21,1
protein100,1,CCCC(C)CCN1CCc2ccc3nc(-c4cc(C(C)(C)C)cc5ccoc45)nc(O)c3c21,1
protein100,1,O=C1Nc2cccc(F)c2C1=NOCc1ccc(S(=O)(=O)N2CCN(CCO)CC2)cc1,0
protein100,1,O=c1c(S(=O)(=O)Nc2ccccc2)c(O)ccn1Cc1cccc([N+](=O)[O-])c1,0
protein100,1,Cc1nn(-c2ccccc2)c(C)c1CC(=O)c1c(C(=O)O)cc2c(c1Cl)OC(C)(C)CC2,0
protein100,1,CC1CCC(Oc2cc(S(C)(=O)=O)c(Cl)cc2C#N)CC1,0
protein100,1,CC(C)c1nc(Nc2cccc(NC(=O)c3cccs3)c2)c2ccccc2n1,0
protein100,1,CC=C(CCl)C(=O)N1CCC2(CC1)CN(S(=O)(=O)C1CC1)c1cccc(I)c12,0
protein100,1,Nc1nc(OCc2ccccc2)c2ncn(CCCO)c2n1,1
protein100,1,CCN(C(=O)C1Cc2c(c(O)n(-c3ccc(Cl)cc3)c2C)C1C)C(C)C,1
protein100,1,Cc1scc2c1C1c3cc(NC(N)=O)ccc3OC1CC2C(=O)NC#N,0
protein100,1,CCC1C(=O)N(c2ccccc2C(=O)Nn2c(=O)oc3ccccc32)C1C(C)C(=O)N(Cc1cccs1)C(C)(C)C,0
protein100,1,FC(F)(F)F,0
protein100,1,CCc1ccccc1N1C(=O)CC1(C)C(=O)Nc1cccc(-c2ccc(Cl)cc2)c1,0
protein100,1,CCN(C)c1cc(-c2c(C(C)(C)C)c(=O)c(C(C)(C)C)cn2-c2nnc(C)c(C#N)n2)cc(C(F)(F)F)n1,0
protein100,1,Cc1cc(Nc2nccc(-c3cc(CN)c4c(c3)C(=O)N(c3ccccn3)CC4)n2)c2ccccc2n1,1
protein100,1,Cc1cccc(NC(=O)c2ccc(CSc3ccc4ccccc4n3)o2)c1C,0
protein100,1,NN1CCN(Cc2ccc(OCc3ccccc3)c(OCC3(Cc4ccccc4)CCCN3)c2)CC1,0
protein100,1,CCOc1cc([N+](=O)[O-])ccc1Nc1nc(CC2(C)CCCO2)nc2ccccc12,1
protein100,1,CCc1cccc2c1OC1(C)CC(N)CC(C)(C)C21,1
protein100,1,CCOc1ccc2c(c1)C1C(=O)C3CN(C)CCC3NC1c1ccccc1-2,1
protein100,1,CC(C)CNc1cnc(C(N)=O)c(OCC2CCCCC2)n1,0
protein100,1,CCN1CCCC1c1noc(-c2ccc(OC(F)(F)F)cc2)n1,0
protein100,1,CCC1CN(C)C2=CC(=O)C(F)(F)CCC2O1,0
protein100,1,CC=NOC(=O)C1CCCCC1C(=O)Nc1ncco1,0
protein100,1,CCCCN1CCCCC1c1cn(Cc2ccccc2F)c2nc(N3C(=O)CCC3CNCC)c(F)cc12,0
protein100,1,CCN=c1sc(C(=O)Nc2ccccc2C(=O)Nc2ccccc2)cn1C,0
protein100,1,Cc1c(F)cccc1-c1nn(-c2cccc(C(=O)O)c2)cc1CNC1CCC2CCc3c(cnn3C)C3CC(CCN2C)N(C1)C(=O)O3,0
protein100,1,CCCN(CCC)S(=O)(=O)c1ccc(N2CCCCC2)c(NC(C)=O)c1,0
protein100,1,Cc1ccc(-n2cc(C(=O)NCCc3ccc(Cl)cc3)c3c(S(=O)(=O)N4CCOCC4)cccc3c2=O)cc1,0
protein100,1,CC(C#Cc1ccc(C=CC(=O)NC(=S)Nc2ccccc2N(C)C)cc1)CO,0
protein100,1,Cc1cc(C(=O)N(C)C2CCCCC2C)c(OCC(F)(F)F)c(C)c1N,1
protein100,1,Cc1nc2ccccc2c2oc(C(=O)N3CCN(C)CCC3C3Cc4ccccc4CCO3)cc12,1
protein100,1,CCCc1cccc(-n2cc(-c3ccc(OC)c(F)c3)c(-c3ccccn3)n2)n1,1
protein100,1,Cc1ccc(C(=O)Nc2ccc([N+](=O)[O-])cc2Cl)s1,1
protein100,1,CCC1c2ccccc2CCN1C1=C(c2ccc[n+]([O-])c2)C(=O)OC1,1
protein100,1,COc1cc(-c2cccc3c2CCC3CCN2CCN(C(C)=O)CC2)nc(C)c1O,1
protein100,1,c1cc2cn[nH]c2cc1Nc1ccc(N2CCOCC2)nn1,1
protein100,1,CCn1c(N(C)c2ccccc2N)nc2cccnc21,1
protein100,1,CCCC(O)Cn1c(N)cc2c(c(-c3ccccc3C(=O)O)nn2-c2ccccc2)c1=O,1
protein100,1,O=C1OC(CBr)c2ncccc2C(c2ccccc2)OC2CN(C2)C(=O)c2ccccc21,1
protein100,1,NC1C2Cc3[nH]c4ccc(Cl)cc4c3C1CC=C2C(=O)CO,1
protein100,1,Cc1nc2ccccc2c(=O)n1N=Cc1ccccc1Cl,1
protein100,1,CCCC(=O)OC1CCN(c2cccc(C)c2-c2ccc(C(=O)OC)cc2)CC1,0
protein100,1,CCC1CCC(Nc2ccccc2Cl)=CC1=NO,0
protein100,1,CCCCn1c(C)cc2cc(C3=NOCCn4cc([N+](=O)[O-])nc43)ccc21,1
protein100,1,CCOC(=O)CS(=O)(=O)N(O)c1ccc(C(=O)O)cc1,1
protein100,1,CCOc1ccc2c(c1C)COc1ccc(c(Cl)c1)C(=O)N(C(C)C)CCN(C)CC2,0
protein100,1,O=C1CCC(c2cc(Cl)ccc2OCc2ncncc2Cl)N1c1ccc2cccc(O)c2n1,0
protein100,1,CC(C)=CC(=O)N1C2CCCOCC(O)CN3Cc4ccc(cc4C3)-c3ccnc(c3F)CC1CC2,1
protein100,1,CCC1CN(C(C)CCN2CCN(C)CC2)Cc2ncc3c(C(C)C)nc4ccc(F)cc4c3c2O1,1
protein100,1,CC1CCCC(C)(Oc2ccc3[nH]c(-c4cccc(C(=N)N5CCCCC5)c4)nc3c2)C1=O,0
protein100,1,N#Cc1ccc(Oc2cc3ccc2OCCCN2CCC(CC2)C(=O)NC3)cc1,0
protein100,1,CC(C)C(NC(=O)c1cccc(-c2cccnc2)c1)C(=O)N1CCCC1Cn1c([N+](=O)[O-])cnc1O,1
protein100,1,CCCC1C(=O)NCC1Oc1cncc(NC(=O)c2cn3nc(Nc4ccc(C)c(OC)c4)cc(C)c3c2C)c1,0
protein100,1,O=C1C(=NNc2c(C3CC3)nn(-c3ncccc3F)c2-c2ccccc2)CS(=O)(=O)c2ccccc21,1
protein100,1,Cc1cccc(C)c1-n1c(=O)cc(C(=O)N2CC(O)CC(C(C)(C)C(Cc3ccc(Cl)cc3F)C(=O)O)C(N)C2)c2ccc(Cl)cc21,0
protein100,1,CCN(CC)C(=O)Cn1cc2c(n1)CCC(N1CCOCC1)C2,0
protein100,1,Cc1cccc(C)c1N1CC(C(=O)OCC(=O)Nc2ccccc2[N+](=O)[O-])CC1=O,1
protein100,1,CCc1cc(C(Oc2nc3c(C#N)cnn3c(N3CCN(C)CC3)c2-c2ccc(F)cc2F)C(F)(F)F)ccc1O,0
protein100,1,CC1(C)C(=O)c2nc3n4c2CC1C4C(=O)Nc1c(Cl)cc(Cl)cc1-3,0
protein100,1,O=C(Nc1cccc(F)c1)C(Cl)=C1NC2(CCCCC2)CN1c1ccccc1,0
protein100,1,CCNc1ccc(-c2cccc(F)c2F)c(Oc2ccc(C#N)c(C(F)(F)F)c2)n1,0
protein100,1,COCCn1c(C)c([N+](=O)[O-])c2cc(C(=O)Nc3cccc([N+](=O)[O-])c3)ccc21,1
protein100,1,CCCCn1c(C(=O)NCCCN2CCCC(N)C2=O)cc2ccccc21,0
protein100,1,CCN(c1ncccn1)S(=O)(=O)c1ccc(C)cc1NC(=O)c1cnccc1-c1ccc(OC(F)(F)F)cc1,1
protein100,1,CCCn1c(C(=O)O)c(C)c2cc(OCC(=O)Nc3ccc4c(c3)OCCCO4)ccc21,0
protein100,1,Cc1ccc(-c2ncc(NC(=O)CN3CCC(NC(=O)c4ccc(C#N)c(C)n4)CC3)s2)cn1,0
protein100,1,CCc1nccc(Nc2c(-c3ccc(OC)cc3)cc3c(N4CCOCC4)ncnc3c2C#N)n1,1
protein100,1,CCC1(O)C(=O)OC(C)c2c1cc1n(c2=O)Cc2cc3cc(F)ccc3nc2-1,1
protein100,1,O=C1NC(c2ccccc2)N=C1c1ccccc1-c1cccs1,0
protein100,1,Cn1nc(C(F)(F)Cl)cc1-c1cccc(-c2ccc3c(c2)CCN=C3Nc2ncccn2)c1,0
protein100,1,CC1CCC(C2(c3ccc(Nc4ncccn4)c(F)c3)C(=O)Nc3ccc(O)cc32)CC1,0
protein100,1,O=C1C(=Cc2ccccn2)Cc2cc(N3CCCCC3=O)ccc21,0
protein100,1,O=C(c1cc2c(O)c(Cl)ccc2[nH]1)N(Cc1csc2cc(Cl)ccc12)C1CCNCC1,0
protein100,1,CCC(CN1CCCCC1)Nc1nc2nccc(C)c2c(N)c1-c1ccccc1,1
protein100,1,CCC(=O)N1CCCCC1C#Cc1nc2ccc(F)cc2[nH]1,0
protein100,1,CCC1(O)C(=O)ON(c2cccc(C(F)(F)F)c2C(=O)O)c2ccccc21,0
protein100,1,Cc1cc(Cl)cc(C(=O)Nc2nnc(-c3cc(F)ccc3Cl)s2)c1O,0
protein100,1,O=CC1=C(c2ccccc2)C2=NC(=O)NC2CCC1,0
protein100,1,Cc1nc(Oc2ccc(S(=O)(=O)Cc3nc4cccc(C(F)(F)F)c4s3)cc2Cl)ccc1F,0
protein100,1,CCn1cc(-c2ccccc2-c2cn(CCCN3CCNCC3)c3ccc4c(c23)OCCO4)cn1,1
protein100,1,Cc1cc(-c2ccc3c(c2)C2CCN(C)C(C3)C2)c2nc(N3C(=O)CSC3=S)[nH]c2c1,1
protein100,1,Cc1ccc(-c2c[nH]c3cc(O)c(C(=O)Nc4cccc(OCc5nnc(C)s5)c4)cc23)cn1,0
protein101,1,O=C(NC1CCNCC1)c1cc(F)c(F)c(F)c1,0
protein101,1,CC(=O)Nc1ccc(-c2c(NS(C)(=O)=O)nc3ccccn23)cc1-c1ccc(C)c(C(C)(C)C)c1,0
protein101,1,Cc1ccccc1Nc1cc(N2CCN(CCCC(=O)O)CC2)c(OCC(C)C)cc1[N+](=O)[O-],1
protein101,1,CCC(CNC(=O)CCl)N1CCN(C(=O)c2ccccc2Cl)CC1,0
protein101,1,CCC1CN(c2nc3ncccc3c(=O)n2C2CC2)CCN1C(=O)c1ccsc1,0
protein101,1,Cc1cccc(C(=O)Nc2ccccc2-c2nc(C(F)(F)F)cn2Cc2ccncc2)c1,1
protein101,1,CCn1c(-c2ccc(C(=O)N3CCc4c(OC)ccc(OC)c4C3)o2)nc2ccccc21,1
protein101,1,CCOc1ccc2c(-c3cc(C(=O)N4Cc5ccccc5C4)[nH]n3)c(OC(F)(F)F)ccc2n1,1
protein101,1,Cc1ccccc1CN1C(=O)C(NS(=O)(=O)c2ccc3c(-c4ccc(Cl)cc4)nsc3c2C)CC1CO,0
protein101,1,Cc1ccc(C(=O)Nc2cncc(-c3cnc4ccccn34)c2)s1,1
protein101,1,Cc1cc(C(=O)Nc2cccc(Oc3ccc(S(=O)(=O)Nc4nnc(C(C)(C)C)s4)cc3C#N)c2)n[nH]1,0
protein101,1,Cc1cccc(NC(=O)c2ccc(CC(CCCn3c(C)cc4ccccc43)C(C)(C)O)o2)c1C,0
protein101,1,Nc1nc(N)c2c(CNc3ccccc3)cccc2n1,1
protein101,1,Cc1nc2ccccc2cc1C(N)=O,1
protein101,1,COc1ccc2c(c1)c1c(n2CC(F)(F)F)CCN2CCC(C)C(C(C)=O)=C12,0
protein101,1,O=C(Nc1cccnc1N1CCCCC1)C1CC(c2nc3ccccc3s2)CCN1C(=O)c1ccccc1F,1
protein101,1,CCC12C(=O)OC1c1ccc(cc1)CCC2C,0
protein101,1,Cc1ccc(Cn2nccc2C(=O)Nc2ccncc2)cc1,0
protein101,1,CCn1cc(-c2cc3c(N4CCCC4CN(C)C)nccc3s2)c(=O)c2cc(F)ccc21,1
protein101,1,CCC(O)C#Cc1cnccc1-c1c2ccn1CC2,0
protein101,1,CC(C)NC(=O)c1cc2c(s1)CC(C1CCc3cc(C(F)(F)F)nn3C1)CC2,0
protein101,1,CCN(C)S(=O)(=O)c1cc(C(=O)Nc2cc(C#CC3(C)CCOCC3)ccc2OC(F)(F)F)ccc1C,0
protein101,1,CCC(Cn1nccc1-c1ccccc1)NC(=O)c1csc(Nc2ccc(C)cc2)n1,0
protein101,1,CCC1CCC(NC2=C(CN3CCN(C)CC3)C(=O)c3ccccc3C2)CC1,0
protein101,1,CC(C)CCCC(NC(=O)C(CS)N1CCN(c2cnc3c(c2)NC(=S)OC3)CC1)C(=O)O,0
protein101,1,Cc1cn(C2CCC2)cc1S(=O)(=O)N1CCc2ccccc21,0
protein101,1,COc1cc(NC(=O)CS(=O)(=O)Cc2nc(-c3ccccc3C)oc2C)c(C#N)c(C(F)(F)F)c1,0
protein101,1,Cc1nnc(-c2ccc(S(=O)(=O)N3CCCCC3)s2)c(N2CCOCC2C)n1,1
protein101,1,CCCC1CCC=CC1NC(=O)Nc1cc(OC)cnc1OC,0
protein101,1,CC1CCC(=NNc2ccnc3c(C(=O)O)cccc23)C1,1
protein101,1,Cc1ccc(CNc2oc(CCC3CCCNC3)nc2C#N)cc1,0
protein101,1,O=C(NCc1cccnc1)c1cc(S(=O)(=O)N2CCCCC2Cc2ccccc2)c[nH]1,0
protein101,1,CCn1cnc2c(-c3ccccc3C(F)(F)F)cc(-c3cc(OCC4CCCC4)nn3C)cc21,1
protein101,1,CCC(C)(C)C1C(=O)N(c2cc(N3CC3)ncn2)c2ccc(OC)cc21,0
protein101,1,CC(C)C1CCC2OC(=O)N1C2Cc1c(C(F)(F)F)nn(-c2ccc(S(C)(=O)=O)cn2)c1-c1ccc(F)cc1,0
protein101,1,CCCCCC(C)C(=O)NC(C)C(=O)NC(C(=O)Nc1ccc(C)c(C)c1)C(C)C,0
protein101,1,CC1CCCC(C)(C)N1C(=O)CCCn1c(=S)[nH]c2ccccc21,0
protein101,1,O=C1NC(c2cccc(F)c2)Cc2c1[nH]c1cc(-c3cnn4ccc(Cl)cc34)ccc21,0
protein101,1,CCn1c(NCc2cnc3cc(-c4cccc(OC(F)(F)F)c4)oc3c2)nc2ccc(C(F)(F)F)cc21,0
protein101,1,Cc1c(-c2cc3ccccc3nc2-c2cccs2)nn2c1CN(CC(=O)O)CC2,1
protein101,1,Cc1c(=O)n(CC(O)c2ccc(F)cc2)cc2nc(NC(=O)c3ccccc3C(F)(F)F)ncc12,0
protein101,1,Cc1cc2cnc(N3CCN(C)CC3)cc2nc1Nc1cccc(F)c1,1
protein101,1,O=C(Nc1nc2c(F)cc(Cl)cc2s1)c1ccc2c(c1)CCN2C(=O)CCl,1
protein101,1,Cc1nc2sc1C(=O)N(CC(O)(C(F)(F)F)C(F)(F)F)C(C)(C)C2=O,0
protein101,1,Cc1nn(-c2ccccc2)c(C(F)(F)F)c1-c1ccc2ncnc(N)c2c1,1
protein101,1,CC(C)C(CO)Nc1ncc(NC2CCCCC2)c(N2C(=O)OCC2C(C)c2cccc(Cl)c2F)n1,0
protein101,1,CC(C)CNc1nc(Nc2ccc3c(c2)C(=O)NCC3)ncc1C(F)(F)F,0
protein101,1,Cc1oc(-c2ccc(F)cc2F)nc1CS(=O)(=O)c1ccccc1Cl,0
protein101,1,Cc1ccccc1Nc1nc(NC(C)C)cc(-c2cccs2)n1,0
protein101,1,CCCCN(CCC)CCOc1cc(Nc2nccc(-c3cncnc3Cl)n2)cc(OC)c1,0
protein101,1,CCOc1ccc2c(c1)c(CC(=O)N(CC)CCCl)cn2-c1ccccc1,1
protein101,1,Nc1ncncc1C(=O)N(CCc1cc(Cl)c(-c2cccnc2)cc1F)c1ccc2c(c1)OCCO2,1
protein101,1,CC(C)CC1CNC(=O)N1c1ccc2c(c1)ncn2-c1c(C(=O)O)cc(C(C)(C)C)c(O)c1-c1ccn[nH]1,0
protein101,1,CC(C)CC1c2ccc(O)cc2CCC1N1CCC(C(=O)O)CC1,0
protein101,1,Cc1ccc(-n2c(CCC3(CO)CCN(c4ccncc4)CC3)nn(-c3ccc(Cl)cc3Cl)c2=O)cc1C,0
protein101,1,CCCCC(C)CS(=O)(=O)Oc1cccc(-c2ccncc2)c1NC(C)=C1C(=O)OCC1C,1
protein101,1,CCC(=O)NC1Cc2ccccc2Oc2ccccc21,1
protein101,1,CCc1cc(C)cc2ccn(CCSCCN(Cc3ccc([N+](=O)[O-])o3)C3COC3)c12,1
protein101,1,CCOc1ccccc1NC(=O)c1ccnc(-c2cccs2)c1N,0
protein101,1,CCn1cc2c(n1)C(=O)CC(c1ccccc1)C2,0
protein101,1,CC(C)CN1CCCC2(CC(=O)N(c3cccc(F)c3)C(=NO)N2)C1,1
protein101,1,O=CCN1C(=O)C=C(c2ccccc2)C1=O,0
protein101,1,Cc1ccccc1NC1=NCCN1S(=O)(=O)c1cc(F)ccc1Cl,0
protein101,1,Cc1cc(CC(=O)N2CCN(Cc3ccc(Cl)c(F)c3)CC2)no1,0
protein101,1,O=C(c1ncccc1O)N1CCCN(c2ccccn2)CC1,0
protein101,1,CCc1cc(-c2ccc(C(=O)O)cc2)cc2c1N(C(=O)OC)C(=O)SC2(C)C,0
protein101,1,Nc1ccnc(SCc2ccc3c(c2)CCC3=NNc2ccccc2)n1,1
protein101,1,Nc1ncnc2c(-c3cccc4[nH]nc(-c5cc(Cl)nc(Nc6cccc(F)c6)n5)c34)ccc(F)c12,1
protein101,1,COc1cc2cccc3c2c(c1O)C(=O)N(S(=O)(=O)C(C)C)C(C(C)(C)C)N3,1
protein101,1,Cc1nc(C2CCN(C(C)c3cccs3)CC2)nc(Cl)c1C#N,1
protein101,1,CC1COCCN1c1cc(-c2cnn(Cc3ccc(C(F)(F)F)cc3)c2)nc(N2c3ccc(Cl)cc3CC(C)(C)N2C)n1,1
protein101,1,Cc1ccc(C(=O)N2CCC(C)CC2)cc1Nc1ccnc(-c2ccncc2)n1,0
protein101,1,Cc1ccccc1C=C1CC(=O)N(c2cccc(Cl)c2)C1=O,0
protein101,1,Cc1ccnc(Nc2c(C)cc(Cl)c(C)c2C#N)c1,0
protein101,1,Cc1nc2ccc(Nc3cc4c(c(-c5cn(C)c6ccccc56)n3)OCc3cnccc3-4)cn2c1C,1
protein101,1,CCCOC(=O)CCC1C(=O)Nc2c(OC)cc3c(cnc4cc5c(cc43)OCC5)c21,0
protein101,1,CCCCN1CCCCC1CCc1ccccc1C(F)(F)F,0
protein101,1,N#Cc1ccc(Nc2nccc(-c3cnc(N4CCCCC4)c(-c4cnccn4)c3)n2)cc1C(F)(F)F,0
protein101,1,O=C(c1ccc2c(c1)ncn2C=Cc1ccccc1F)N1CCCCCCC1,0
protein101,1,COc1cc2nc(C)[nH]c2cc1Nc1ccnc(NCC(C)C)n1,1
protein101,1,Cc1ccc(C23CC(=O)N(CCN2c2cc(-c4ccccc4)nc4c2ncn4CCCN(C)C)C3)s1,1
protein101,1,CC(=O)Nc1ccc(-n2c(S)nnc2-c2ccco2)cc1,1
protein101,1,NC(=Nc1nc(-c2ccc(OC(F)(F)F)cc2)cs1)N1CCCCC1,1
protein101,1,Cc1cnn(CC2CCCCN2S(=O)(=O)c2ccc3[nH]c(CC(C)C)c(C=O)c3c2)c1,0
protein101,1,Cc1ccc(CNc2nc3ccccc3cc2-c2nc3ccccc3o2)o1,0
protein101,1,O=C(Nc1cccc(O)c1)c1ccccc1Oc1ccccc1,0
protein101,1,O=CNc1cc(O)c(C(=O)O)cc1Nc1ccc(Cl)c(Cl)c1,0
protein101,1,O=C1COc2c(ncc3c(CCC4CN=C(Nc5cccc(-c6ccc(Cl)cc6)c5)N4)c[nH]c23)N1,1
protein101,1,Cc1ccc(C)c2nc(Nc3ccc(N4C=CCC4)cc3)c(C#N)cc12,1
protein101,1,CC=C(C#N)C1CCc2cc(OC)c(OC)cc2C1,0
protein101,1,COc1cccc(-c2cc(C(=O)N3CCN(c4c(NC(C)=O)cc(F)c5ccnn45)CC3)c3ccccc3n2)c1,1
protein101,1,Cc1nn(CC(=O)Nc2ccccc2Cl)cc1S(=O)(=O)N1CCCCC1,0
protein101,1,Cc1sc(N2C(=O)C(S(C)(=O)=O)c3ccccc32)c(C#N)c1C(F)(F)F,0
protein101,1,CC1c2cnn(-c3ccc(Oc4ccccc4)cc3)c2CCN1C(=O)c1nn(C)cc1Cl,0
protein101,1,CC1(C)CCCC(NC(=O)C(N)CC2Cc3[nH]nc(C(=O)N4CCCC(C(F)(F)F)C4)c3C2)C1,0
protein101,1,CCN(c1nc2c(-c3ccc(N(C)C)cc3)cncc2n1C)S(=O)(=O)c1ccc(F)cc1,1
protein101,1,Cc1cnc(N2CCCCCC2)c(Nc2ccc(C(=O)C(C)C)cc2SCC(=O)O)n1,0
protein101,1,CCS(=O)(=O)c1ccc(NC(=O)c2cc(OCC3CCCC3)c([N+](=O)[O-])cc2O)cc1,1
protein101,1,CCCNc1nc(NCc2cnc(Nc3ccc([N+](=O)[O-])cc3)nc2)c2ccccc2n1,1
protein101,1,CC(C)CCCCCC(N)C(=O)[O-],0
protein102,1,Cc1ccc(S(=O)(=O)C(C)CC(=O)Nc2ccc3c(c2)OCCO3)cc1,0
protein102,1,Cc1cc(C(=O)NCCCn2ccnc2)cc(C(F)(F)F)c1,0
protein102,1,Cc1nc(CCN2CCCCC2COc2cccc(-c3ccncc3)c2)oc1C(C)n1cccn1,0
protein102,1,CCCCCC1(CF)CN(c2cccc(O)c2O)C(=O)O1,0
protein102,1,O=C(Cc1ccc(-c2ccc(OCc3ccccc3)cc2)o1)NC1CCCC1,0
protein102,1,CCCC(=O)Nc1nc2c(C(F)(F)F)cc(F)cc2s1,0
protein102,1,COc1cc2c3c(c1O)C(CCn1ccc(Nc4cc(C)cc(C)c4)nc1=O)C=CC(CC2)C3,0
protein102,1,CC(=O)Nc1cccc(Oc2ccc(C(O)C(=O)NC3CCN(Cc4ccccc4)CC3)cc2)c1,0
protein102,1,O=C(Nc1ccc(F)c(Cl)c1F)c1ccn(-c2ccccc2)n1,0
protein102,1,CC1CN(C(c2ccccc2)c2cccc(F)c2)CCN1C(=O)Nc1ccccc1,0
protein102,1,CCN1CCn2cc(cn2)-c2c(OC)ccc(OC)c2-c2c([nH]c3ccccc23)C1=O,1
protein102,1,Cc1ccc(Sc2ccccc2C(=O)NO)c(Cl)c1,0
protein102,1,Cc1ccc(CCC(=O)NN=Cc2cc(-c3ccc(F)cc3)[nH]n2)cc1,1
protein102,1,Cc1cc(Nc2cc(C3CC3)[nH]n2)nc(N2CCC(C(=O)NC3CCC(C)CC3)CC2)n1,0
protein102,1,Cc1nn(CC(=O)N(C)c2cccc(F)c2)c(S)c1[N+](=O)[O-],1
protein102,1,CC(=O)N1CC=C(c2cnn3c2-c2cc(n(-c4cccc(OC(F)(F)F)c4)c(=O)c2NC(=O)Nc2ccc(=O)[nH]n2)C3CO)CC1,0
protein102,1,CCCC(CCC)CNc1cccc(C#N)c1,0
protein102,1,CCCC(=O)Nc1ccc2nc(NC(=O)C=C(C)C(=O)Nc3ccc(Cl)cc3)sc2c1,0
protein102,1,CC(C)C1Cc2cc(O)ccc2C=C1NC(=O)Nc1ccc(-c2nc3ccccc3s2)cc1,0
protein102,1,CC1CCC(C#N)(COc2cc(O)ccc2C=NNC(=O)c2ccccc2Cl)CC1,0
protein102,1,Clc1ccccc1CSc1nnc(-c2cccnc2)o1,0
protein102,1,CCOCC(=O)Nc1nn(-c2ccccc2)cc1-c1ccccc1,0
protein102,1,O=CNc1nc2ccc(C=C3Oc4ccccc4N3Cc3ccc(C(=O)O)cc3)cc2[nH]1,0
protein102,1,CC1CC(=O)C2C(C1)c1cc(O)cc(O)c1C(C)C2(C)O,1
protein102,1,CCC1CN(C(=O)C2CCNCC2)C2CCCC(=NOCc3ccccc3)C12O,0
protein102,1,O=C(Nc1ncccc1Cn1nc(-c2ccc([N+](=O)[O-])cc2)cc1C(F)(F)F)N1CCCC1,1
protein102,1,Nc1ncc(-c2sc(N3CCOCC3)nc2Cl)nc1-c1ccccc1CC(c1ccc(F)cc1)C1CCCC(O)(Cl)C1,0
protein102,1,Cc1ccccc1OC1(C#Cc2ccc3[nH]cc(C4CNCCO4)c3c2C)CCN(C(C)C)CC1,1
protein102,1,CC(C)NC(=O)C12CCC(CN3CCN(C(=O)c4ccccc4-n4cccn4)CC3)C(C1)c1ccccc12,0
protein102,1,O=C(Cn1cc(-c2ccc(OC(F)(F)F)cc2)ccc1=O)Nc1cc(F)c(O)c(F)c1F,0
protein102,1,CC(CN1CCC2(C=CC(CO)O2)CC1)c1ccccc1F,0
protein102,1,Cc1ccc2c(c1O)C(=O)CC(c1cc(-c3ccc(OC(F)(F)F)cc3)ccc1OC(C)(C)C)O2,0
protein102,1,CCN(CC)CCCNC(=O)c1ccc2c(c1)C(C)(C)CO2,0
protein102,1,CC(C)(CCN)C(O)c1cnn(-c2ccc(Oc3ccc(Cl)cc3)cc2)c1NC(=O)C(F)(F)F,0
protein102,1,CCC1CCN(c2nc(-c3cnn(CC(O)COC(C)C)c3)cnc2N2CCOCC2)CC1,0
protein102,1,Cc1nc2c(c(N(C)C)n1)C1CC(c3ccc(Cl)c(Cl)c3)C(=O)N1C(=S)N2,1
protein102,1,Cc1cc(-c2cc(Cc3cnc(-n4cc(C(F)(F)F)cn4)nc3)c3c(c2)CN(C)CC3)cnc1N,0
protein102,1,O=C(Cc1cccs1)OC1Cc2ccccc2CC1C(=O)NC1CCC(CCN2CCCN(c3ccccn3)CC2)CC1,0
protein102,1,Cc1cc(S(=O)(=O)N2Cc3nc4cc(C(F)(F)F)ccc4n3CCC(C)C2)no1,0
protein102,1,Cc1ccc2c(NCc3cc4cc(c3)-c3cc(-n5cnc(C)c5)ccc3C(=O)N4)ccnc2c1,1
protein102,1,CC(C)CCCCC(C)C1NC(=O)C2CCCN2C1=O,0
protein102,1,CC(C)c1cc(-c2ccc(-c3nc4cccc(C(N)=O)c4[nH]3)cc2)ccc1O,0
protein102,1,O=C(Nc1ccccc1C(=O)N1CCCC1)c1ccc(F)cc1,0
protein102,1,Nc1c(C(=O)NC2C(=O)N3CCCCCC3C3COCC23)cnc2sc(-c3ccccc3)cc12,1
protein102,1,Cc1ncc(F)c(NN=C(c2ccc(Cl)c(Cl)c2)C(F)(F)F)n1,0
protein102,1,CCc1ccc(C(=O)CN2CCCCC2Cn2ccccc2=O)cc1,0
protein102,1,CC1CCC2C(C#N)=C(N)OC(NS(=O)(=O)c3ccccc3)(OO)C2C1,0
protein102,1,O=C(CCCC(F)(F)F)N1CCCCC1Cn1nc(-c2ccc(C(F)(F)F)cc2)ccc1=O,0
protein102,1,O=C(Cc1ccc(F)c(Cl)c1)Nc1nnc(-c2ccccc2Cl)s1,0
protein102,1,CCN1CCCSc2ccc(S(=O)(=O)Nc3nccs3)cc21,0
protein102,1,CCOc1ccccc1-c1coc2ncc(-c3cnc4c(c3)CCC(C)(C)C4(O)C(N)=O)cc12,0
protein102,1,CCCCC1CN(c2ccc(C(C)C)cc2)NC1C,0
protein102,1,O=C1c2ccccc2S(=O)(=O)N1CCCCN1CCCC1,0
protein102,1,CCCCC(C)(C#N)N(C(=O)c1cc[nH]n1)c1cc(O)c2ccccc2n1,0
protein102,1,CC1CCNC1c1cccnc1Oc1cccc(C(F)(F)F)c1,0
protein102,1,O=C(NCC1CCCO1)Nc1nnc(-c2ccncc2)s1,0
protein102,1,Cc1ccc(C#N)cc1-c1cccc(C(=O)Nc2cc(-c3n[nH]c4ccc(C(=N)N)cc34)ccc2N2CCOCC2)c1,0
protein102,1,CC(Oc1ccc2c(c1)CCC(c1ccc(N(C)C)nc1C(F)(F)F)O2)C(=O)O,0
protein102,1,CC(C)CN(C)c1nc(N)n2c(O)c3cc(Cl)ccc3nc12,1
protein102,1,O=C1c2ccccc2CC(c2ccccn2)N1CN1CCN(C=S)CC1,0
protein102,1,CCc1ccccc1Nc1nc(OC)cc(-c2cn(C3CC(=O)N(C(C)=O)C3)nc2-c2ccccc2F)n1,1
protein102,1,Cc1ccccc1N1CCN(C(=O)C(CC#N)CC(=O)O)CC1,0
protein102,1,Cc1ccccc1-c1cccc(CNC2CCN(CC(=O)Nc3ccccc3N3CCOCC3)CC2)c1,1
protein102,1,O=C(Nc1cccnc1)c1ccc([N+](=O)[O-])o1,1
protein102,1,CC(C)C1CCN(C(=O)Cn2cccc2C(=O)NCc2ccc(F)cc2Cl)CC1,0
protein102,1,CCC(C)Nc1nc(N)nc2ccc(-c3[nH]nc(Cn4nc(OC)cc4-c4ccc(OC)cc4)c3C)cc12,1
protein102,1,CC(C)C1=Cc2cccc3c2c(C(=O)c2ccc(C(N)=O)nc2)cn31,1
protein102,1,CC1CCC(NC(=O)C2(Nc3cccnc3)CCCCC2)C1,0
protein102,1,CCCSc1nc(O)c2c3ccccc3n(CC(=O)Nc3ccc(N4CCOCC4)cc3)c2n1,1
protein102,1,O=C(Nc1ccc(-c2ccc3c(c2)C(=O)NCCO3)cc1)c1cccs1,0
protein102,1,CCOc1cc(-c2cc(NC)c3ncc(-c4ccncc4)n3c2)ccc1N,1
protein102,1,CCN(CC)C(=O)c1cc2ccc([N+](=O)[O-])cc2nc1N1CCN(C2CCCCC2)CC1,1
protein102,1,CC(=O)Nc1cnc(-c2ccccn2)cn1,0
protein102,1,CC1CCCC(N2CCCCC2CNc2cc(N(C)C(C)C)ncn2)C1,0
protein102,1,Cc1nc2sccn2c1C(=O)NC(=O)c1ccccc1F,1
protein102,1,O=c1[nH]c2cc(C3CCC3)nn2c(C(F)(F)F)c1Cc1ccccc1,0
protein102,1,O=C1C=C2c3nc4c(-c5ccncc5)c(F)ccc4c(O)c3CC2c2ccccc21,1
protein102,1,O=C(Nc1cnc(Cl)c(C(=O)c2cccnc2)c1)c1cc2ccc(Cl)cc2[nH]1,0
protein102,1,CC1C(=O)N2CCCC1Cc1cc3nc(-c4ccccc4)cc(n3n1)Nc1ccc2cc1,0
protein102,1,CCc1ccccc1C1c2cc(Cl)ccc2C(=O)N1C(C)C(=O)Nc1nnc(C)cc1Cl,0
protein102,1,Cc1nc(-c2c(Nc3cccc(C)c3F)sc3c2CCCC3)cc(N2CCC(O)C2)n1,0
protein102,1,[C-]#[N+]c1cc(-c2n[nH]cc2-c2cc(N)nc(-c3nnc4ccc(C(C)C)cn34)c2)ccc1F,1
protein102,1,CC(=O)OC1CCC(C)CCC=C(C)CCC(=O)NC1=O,0
protein102,1,Nc1cc([N+](=O)[O-])ccc1N1CCC(OCCc2cnc3ccc(F)cc3c2N2CCNCC2)CC1,1
protein102,1,O=C(NO)c1c(-c2ccccc2Cl)[nH]c2ccc(OC(F)(F)F)cc12,1
protein102,1,O=C1NC(=O)C2(CCCCC2)N=C1C1Sc2ccccc2-c2ccccc21,1
protein102,1,O=c1c(-c2ccccc2)cn(Cc2ccccc2F)c2cccc(O)c12,1
protein102,1,NC(=O)C1CN(C2CCN(Cc3ccccc3C(F)(F)F)CC2)C(=O)c2cccc(n2)C=N1,0
protein102,1,O=C(Nc1ccc(Cl)cc1-c1cn2c(-c3ccsc3)cc(Cl)cc2n1)C1CCCO1,0
protein102,1,CCn1ccnc1CN(C)C(=O)c1ccc(-c2ccccc2C)nc1,1
protein102,1,CCC(O)C#Cc1ccc2c(c1)CCCN2c1ccccc1,0
protein102,1,CCN=C(S)N(NC=O)C(C)C,0
protein102,1,Cc1cnc(-c2ccnc3c2C(CN2CCN(C(=S)NN)CC2)CCC3)c(C)c1,1
protein102,1,CCCn1cnc2c(N=CNC(=S)Nc3ccc(F)cc3)cccc21,1
protein102,1,CC1CCCC(C)N1C(=O)CNCc1ccc([N+](=O)[O-])cc1,1
protein102,1,CCC1CCCC2(C)C1O[NH+]1CCC(O)CC12,0
protein102,1,CCNC(=S)NN=C1CCCC1,0
protein102,1,CC(C)CC1CN(C(=O)c2cc3cc([N+](=O)[O-])ccc3[nH]2)CC(CCS(C)(=O)=O)C(=O)N1,1
protein102,1,Cc1c(C(=O)Nc2nnc(-c3ccccc3)s2)c2ccccc2n1CCCN(C)C1CCc2ccccc2C1,0
protein102,1,Cc1ccc(C)n1-n1nnc2ccc(-c3ccc(C(F)(F)F)cc3)cc21,1
protein103,1,CCC(c1nccs1)n1c2c(c3ccccc31)CCNCC2,1
protein103,1,NC(=O)C1CCN(Cc2cc(OC3CCN(c4ncccn4)CC3)ccc2F)CC1,0
protein103,1,CCN(CC)C(=O)C1=C(C)N(C(=O)c2ccc(F)cc2)c2ccccc2S1,0
protein103,1,O=C1c2ccccc2S(=O)(=O)N1Cc1ccc(Cl)c(Cl)c1,0
protein103,1,CCOC(=O)c1cnn(-c2cc(-c3cnc4ccccc4c3CN(CCO)C3CCC3)ccc2NC(=O)c2ccco2)c1C(F)(F)F,0
protein103,1,CCc1c(=O)c2cncnc2n2c(=O)c3ccccc3[nH]c12,1
protein103,1,Cc1cccc2c1CC(OC(=O)c1ccc(O)cc1O)C(O)C2,0
protein103,1,O=C(Br)C1=NNc2c3c1cccc3nn2Cc1ccccc1,1
protein103,1,Cc1ccccc1-c1nc(CN(C)C2CCCN(c3nccnc3C#N)C2)co1,0
protein103,1,O=C(Nc1ccc(OCCN2CCCC2)cc1C(F)(F)F)c1ccc(Cl)cc1,0
protein103,1,CC(=O)Nc1ccc2c(c1)Sc1ccccc1N2CCS(=O)(=O)[O-],0
protein103,1,CCCCC1C=C(c2nc3cc(O)ccc3[nH]2)C(P(=O)(O)O)CC1,0
protein103,1,O=C(NN=Cc1cccnc1O)c1cccc(O)c1O,0
protein103,1,Cc1ccnc(NC(=O)c2cccc(Nc3nccnc3C(F)(F)F)c2)c1,0
protein103,1,CC(C)C#CCN1CCCC1CCn1cnc2c1c(=O)[nH]c(=O)n2C,0
protein103,1,Nc1nc(-c2cc(Cl)ccc2CC2CCNCC2)c2cnccc2n1,1
protein103,1,Cc1c(Cl)cccc1NC(=O)c1ccsc1S(C)(=O)=O,0
protein103,1,Cc1cccnc1C(=O)N1CCN(Cc2cccn2C)CC1C,0
protein103,1,Cc1ccc(Nc2nccnc2N(C)C)cc1-c1c(C(=O)c2ccc([S+](C)[O-])cc2)nc2scc(C)n12,1
protein103,1,O=C1N(c2ccccc2C(F)(F)F)CCC12CCCCCCC2O,0
protein103,1,CC1(C)CC(=O)N(CC(NC(=O)c2cnn(Cc3ccc(F)cc3)c2C(F)(F)F)c2ccccc2F)C1=O,0
protein103,1,CCCC(C)(CC(=O)C1OC1(C)C)C1NCc2cc(-c3ncno3)ccc21,0
protein103,1,NC(=O)C(Cc1ccc(F)cc1)NC(=O)C1(N)CC1(Cl)Cl,0
protein103,1,FC(F)(F)c1ccc(C2C=CC(n3ccnc3)CC2)cc1,0
protein103,1,CCCC1C(=O)N(C)c2cc(-c3cnn(CC(=O)NC(C)(C)C)c3)ccc2N1S(=O)(=O)c1ccc(C)cc1,0
protein103,1,CC1CN(C)CCN1c1ccc2c(c1)C(=O)S(=O)(=O)N2C,1
protein103,1,CCCCN1CC(c2ccccc2)(c2cc(O)cc(OCC)c2)N=C1C,0
protein103,1,CC(C)C(CO)C(=O)NC(=Cc1ccc([N+](=O)[O-])cc1)C(=O)Nc1cc(C(N)=O)cc(C(C)(C)C)c1,1
protein103,1,CC(c1ccccc1[N+](=O)[O-])n1cnc2c(N)ncnc21,1
protein103,1,CC1CN2CCC1CC2c1cccc(NCC2CCCO2)n1,0
protein103,1,CCCP(=O)(O)C=Cc1ccc(OC(F)(F)F)cc1,0
protein103,1,O=C(NC(=S)Nc1ccc(Cl)cc1Cl)c1ccccc1F,0
protein103,1,CC(C)CC1COc2cc(-c3cc(O)nc(Nc4ccc(F)cc4)n3)cc(OC3CCCCC3)c2S1(=O)=O,0
protein103,1,CCOP(=O)(OCC)C(=O)NCc1ccc(C)cc1C,0
protein103,1,CC(C)Cc1nnc(NC(=O)c2cc(F)cc(F)c2)s1,0
protein103,1,O=c1c2ccc(F)cc2sn1CCCl,1
protein103,1,CCCCc1nc2c(c(C)nn2Cc2nc(-c3cccc(O)c3)c(-c3c(C)cccc3C)o2)n1C,0
protein103,1,COc1cc(C)cc2c1C(=O)C(C(O)(c1ccc[nH]1)C(F)(F)F)CC2,0
protein103,1,CCCn1c(=O)c2[nH]ccc2n(Cc2ccc([N+](=O)[O-])cc2C)c1=O,1
protein103,1,Cc1cc(CC2CC(O)CN2C(=O)C(N)Cc2ccccc2F)n(Cc2ccc(F)cc2Cl)n1,0
protein103,1,Cc1cc(Nc2cccc(C(F)(F)F)c2)c2cccc(O)c2n1,1
protein103,1,CC(C)C1CN(CC2CC2)CC(C(=O)NCCS(=O)(=O)N(C)c2ccccc2Cl)N1,0
protein103,1,CCN(CC)C(=O)c1cccc(OCCN2CCCC(O)(c3ccccc3)C2)c1,0
protein103,1,Cc1cc2nc(-c3cnc(N)cc3-c3ccc(F)nc3)c3ccccc3c2n1CCN1CCCNCC1,1
protein103,1,CCC(C)(C)COC(=O)c1ccccc1C=NNC(=O)COc1ccccc1,1
protein103,1,COc1ccc2c(c1)Oc1ccccc1C21NC(=S)NC1=O,0
protein103,1,CCOc1ccc2nc(C)c(-c3ccc(CCN(c4cccnc4N(C)C)C(C)C)cc3)c(N)c2c1,1
protein103,1,CCCCC1CN(Cc2cc(-c3ccc(Cl)cc3)ccc2N)CC1C(=O)N1CCN(C)CC1,0
protein103,1,O=C1CC2CNCCN2c2ncc(-c3cccc(C(F)(F)F)c3)cc21,0
protein103,1,CC1OCC2CCNc3nn(-c4ccc(N5CCC(NC(=O)CCC(=O)O)CC5)cc4F)c1c32,1
protein103,1,CC1CNCCC1NC(=O)c1cc(-c2ccccc2C(F)(F)F)n[nH]1,1
protein103,1,CC(=O)OC1=C(c2ccnc3c(OC(C)(C)C)ccnc23)c2c(ccc(O)c2C=O)Nc2ccc3c(c2)CCC(=C1)c1cccn1-3,0
protein103,1,CCC(=O)N(c1cc(F)c(-n2c(=O)cc(N3CCOCC3)[nH]c2=O)cc1F)C(C)C,1
protein103,1,CCN(CC)CCCNC(=O)c1cc(C(=O)N(C)c2ccccc2C(F)(F)F)n2c1OCC2,0
protein103,1,O=C(O)c1ccc2c(c1)CCC2N1CCCC(c2nc3ccccc3[nH]2)C1,0
protein103,1,CCC1CCC(=NNc2nn(-c3ccccc3)cc2-c2ccccc2)C1,0
protein103,1,CCc1ccccc1N1C(=O)c2cc(=O)[nH]c(NC(=O)c3ccccc3Nc3ncccn3)c2C1=O,1
protein103,1,CC(C)c1cc2c(s1)NS(=O)(=O)C2CCCCN1C(=O)c2ccccc2C1=O,1
protein103,1,CCS(=O)(=O)NC(=O)c1cc(-c2ccc(OC)c(OC)c2)n(-c2cccc(Cl)c2)c1C,0
protein103,1,CCn1c(-c2cccc(C)c2)nc2c(C(=O)Nc3ccc(C)cc3-n3cccn3)cccc21,1
protein103,1,Cc1ccc(N2CCC(CNC(=O)c3ccc(F)c(F)c3C(F)(F)F)CC2)nn1,0
protein103,1,CC12CCC(N1)C(C(=O)O)C2,0
protein103,1,O=C(CC1C=Cc2ccccc2O1)Nc1cnn(Cc2c(F)cccc2F)c1,0
protein103,1,Cc1c(C(=O)OCC(=O)N2CCN3CC(O)CC3C2)[nH]c2ccccc12,0
protein103,1,CC(C)NCC(OC(=O)CCC1CCCC(N2CCCCC2C(=O)NC2CCCCC2O)C1)c1ccccc1,0
protein103,1,O=C(Nc1ccccc1Cl)C1CCCN1C(=O)C1CC1c1ccc(OCCCN2CCOCC2)cc1,0
protein103,1,CC(C)(C)C(N)C(=O)NCC1CCC(CN2C(=O)CN(c3c(F)cccc3F)C2=O)CC1,0
protein103,1,CCCC=CCOC(=O)c1cn(CCS(C)(=O)=O)c2ccccc12,1
protein103,1,CCCn1nc(N)nc1-c1ccc(P(=O)(O)O)o1,1
protein103,1,Cc1cc(NC2CCCCC2)n2nc3c(c2c1)-c1cc(OC(F)(F)Cl)ccc1C(=O)C3=O,0
protein103,1,CCOC(=O)CC(=O)c1scnc1C,0
protein103,1,CCC(CCCO)=C(C)Sc1nc(O)c2c(C(C)C)cn(-c3nccs3)c2n1,0
protein103,1,CC(C)C1CN1CCN(CCO)Cc1c(-c2ccc(F)cc2)nn2c(N)cc(-c3ccccc3)nc12,0
protein103,1,CC1Cc2c(oc3cc(O)c(NC(=O)CCS(C)(=O)=O)cc23)C(C)C1,0
protein103,1,CC(C)CCN1CCC(c2ccc(C#N)cc2C(F)(F)F)C(NC(=O)c2cc(Oc3ccccc3Cl)ncn2)C1=O,0
protein103,1,CCOCc1cncc(F)c1NC(=O)Nc1ccc(F)cc1,0
protein103,1,CCCC1(C)CC(c2cncc(F)c2)N(c2ccc(Cl)c(Cl)c2)C1=O,0
protein103,1,CCC1CN2CCCC(c3ccccc3)C2CN1C(=O)CCN1CCC(C)CC1,0
protein103,1,CCOC(=O)c1cc(S(=O)(=O)N(C)c2ccccc2OCC)ccc1C,0
protein103,1,Cc1ccc(Cl)cc1Nc1nc(Cl)cc(N2CCCC(C)(C)NC2=O)n1,0
protein103,1,CC(C)Cn1c(=O)[nH]c2cccc(-c3cc(C(=O)Nc4ccc5c(c4)oc4ncccc45)ccc3F)c21,0
protein103,1,CC(=O)Nc1cc(C)nc(CCC(=O)Nc2ccc(F)cc2F)c1,0
protein103,1,Cc1nn(C)c2nccc(Sc3cnn(Cc4ccccc4I)c3)c12,1
protein103,1,Cc1cnn(CC2CNCC2(c2ccc(F)cc2)c2ccc(F)c(C(F)(F)F)c2)c1,0
protein103,1,CC(C)C(N)(C=CC(O)C1CC1)c1ccccc1,0
protein103,1,CCN(C(C)=O)c1sc(-c2ccc(OC)cc2)n[n+]1S(=O)(=O)c1ccccc1Cl,1
protein103,1,CCN(C(=O)C1(C)Cc2ccccc2C1=O)c1ccc(F)cc1,1
protein103,1,Cc1ccc(N(C)C)cc1C(Cc1cc(F)ccc1-n1cc(CC(=O)O)cn1)NC(=O)C(CS)NC(=O)OCc1ccccc1,0
protein103,1,Cc1ccc(-c2oc3ccc(OCC(N)=O)cc3c2C)s1,0
protein103,1,CCCCNc1nc2cc(-c3ccccc3CN3CCCC(N(C)C)C3)ccc2nc1C#N,1
protein103,1,Cc1cnn(CC2CCN(c3nc(N)nc4ccc(Cl)cc34)C2)c1,1
protein103,1,O=C(Nc1ccnc2cc(Cl)ccc12)c1ccc(F)cc1NC(=O)C1CCS(=O)(=O)C1,0
protein103,1,c1ccc(CN2CCN(C3Sc4nnc(n4-c4ccccc4)-c4ccccc43)CC2)cc1,1
protein103,1,Cc1csc(-c2nc3cc(CC(=O)Nc4cccc(F)c4Cl)ccc3[nH]2)n1,0
protein103,1,CCCCS(=O)(=O)N1CNc2ccc1cc2,0
protein103,1,CC(=O)N1CCc2cc(-c3cc(C(=O)NC4CC(O)CCC4C)c(N)cc3F)nn2CC1,1
protein103,1,CCCCOc1ccc(C(F)(F)F)cc1Cc1c(N)nc(N)nc1C(N)=O,0
protein103,1,CC(C)CC1=CC(NC(=O)c2cccc3cccnc23)CC1,0
protein103,1,O=C(c1c(-c2ccccc2Cl)nc2c(Cl)ccc(C3CC3)n12)N1CCOCC1,0
protein103,1,CCc1cc(Nc2ccccc2)c2c(C(=O)NCCN3CCOCC3)cccc2n1,1
protein11,1,O=C1c2ccccc2C(O)(Cc2nc3ccccc3c(O)c2S(=O)(=O)c2ccccc2)c2ccccc21,1
protein11,1,CC(C)Nc1cccc(C(=O)Nc2nc(S(=O)(=O)N3CCN(C)CC3)c(C3CC3)s2)c1,0
protein11,1,Cc1cc(-c2c[nH]nc2N2CCOCC2)nc2cc(Nc3cccc(Cl)c3)ccc12,1
protein11,1,Cc1nc(N)sc1-c1c(F)cccc1Cl,0
protein11,1,CCc1ccccc1CN1C(=O)CN=C(c2ccccc2)c2ccccc21,0
protein11,1,Cc1ccc(N2C(=O)CCC2=O)cc1S(=O)(=O)Nc1cccnc1Cl,0
protein11,1,O=C(c1cc(F)cc(OCC2CCNC2)c1)c1ncc([N+](=O)[O-])o1,1
protein11,1,CC1(c2ccncc2)OS(=O)(=O)C(N)=C1[n+]1ccccc1,1
protein11,1,CCC1CCN(CC(O)c2ccc(Cl)c(Cl)c2)C(C(N)=O)C1,0
protein11,1,O=Cc1cc(-n2c(S)nnc2-c2ccccc2Cl)ccc1O,0
protein11,1,Cc1cccc(Nc2ccc3s[n+](CC(=O)N(C)C)cc3c2)c1,0
protein11,1,CCC(=O)Nc1ccc(Nc2nc(C(F)(F)F)cc(S(=O)(=O)C(C)C)n2)c(C(F)(F)F)c1,0
protein11,1,CCCC1C(=O)NCc2ccc(c(F)c2)Oc2ccc(c(F)c2)CC(=O)NC12C(=O)Nc1cc(F)ccc12,1
protein11,1,Cc1ccc(NC(=S)NC2CCCCC2)c(C)c1,1
protein11,1,Clc1ccc(Nc2ccnc(N3CCNCC3)n2)cc1Cl,0
protein11,1,CCCCCOC1(C)NC2C(=NOCc3cn(C(C)(C)C)c4cc(c(F)cc34)NC(=O)C2OC(C)=O)CC1C,0
protein11,1,N#Cc1ccc(CN2CCc3ncc(C#CC=CC4CCOCC4)cc3C2=O)cc1,1
protein11,1,CC1CCc2cc(F)ccc2C1N1CCN(C(=O)c2ccc(Cl)nc2)CC1,0
protein11,1,CCOc1ccccc1C(=O)N1CCC2(CCCN(c3ccccc3)C2)C1,0
protein11,1,CC(C)(C)NC(=O)Nc1c(-c2cccs2)nc2n1CCCCC2,0
protein11,1,CC1CCC(NC(=O)CCn2c3cc(Nc4ccc(C(C)(C)C)cc4)c(N)cc3c3c2c(=O)ncn3CCO)CC1,0
protein11,1,CC1=C(C(=O)Nc2nnc(Cc3c(F)cccc3F)s2)C(C)c2ccccc2O1,1
protein11,1,Cc1cc(N(C)C)nc(N2CCc3ccc(CCC4CCC(CN5CCOCC5)CC4)cc32)n1,0
protein11,1,O=C(Nc1ccccc1N1CCCCCC1)c1cnccn1,1
protein11,1,CCCCNC(=O)Oc1cc(-c2ccccc2)ccc1N1CCN(C)CC1,0
protein11,1,Cc1cccc2c1c(C1CCCCC1NC(=O)C(O)c1ccncc1)cn2C,0
protein11,1,NC=CC(=O)CCCCCCF,0
protein11,1,CC1CCCC(C)C1NCCCCn1ccc(-c2cnc(N)cn2)n1,0
protein11,1,CC1(C)CCN(CCc2cccc(Nc3ccc(C4CNCCO4)cc3)c2)C1=O,0
protein11,1,Cc1cc(-c2ccc(OCCCN(C)C(C)c3cccnc3)cc2F)no1,0
protein11,1,Cc1csc(=O)n1CCCN1CCCCC1c1ccccc1C#N,0
protein11,1,CCNC(=O)CSc1nc(O)c(NC(=O)c2ccc3c(c2F)CCO3)cc1Cl,0
protein11,1,CC(C)n1nc(NC(=O)C2Cc3cc(F)ccc3NC2c2ccc(F)cc2)cc1C(F)(F)F,0
protein11,1,CCCCc1nc(CN(C)C)cs1,0
protein11,1,CC(OC(=O)C(NS(=O)(=O)c1c[nH]cn1)C(C)C)c1ccc(Nc2ccc3nc4c(c(N5CCOCC5)c3c2)CCCC4)cc1F,0
protein11,1,Cc1nc2cc(n1)Nc1cccc(c1)-c1nc(c(C#CCC(C)O)c3c1CCC(C)C3)C1CCC(=O)N1C2,0
protein11,1,CC(=O)n1c(CNC2CCc3nn4cccc4c(=O)n3C2)nc2ccccc21,1
protein11,1,CCCCCCn1cc(C(=O)O)c(=O)c2ccc(C(F)(F)F)nc21,0
protein11,1,O=C1Nc2cccc3c2OCC(COc2c1ccc1ncccc21)C3,1
protein11,1,CC1(C)C=CC(n2c(=O)[nH]c3c(-c4cccc(Cl)c4)cccc32)CC1,0
protein11,1,O=C(Nc1nc(-c2cnc3cc(-c4cccc(F)c4)ccn23)cs1)c1ccc(OC(F)(F)F)cc1,0
protein11,1,CCc1ccc(Nc2nccnc2-c2cc(-c3ccc(Cl)cc3)c(=O)n(C3CC3)c2)cc1,0
protein11,1,CC=CC(C)(C)N1C(=O)Cn2c3ccccc3c3cccc1c32,1
protein11,1,Cc1cc(C)cc(Oc2nc(C)ccc2C(=NO)NC23CCC(CC2)CC3)c1,0
protein11,1,CC1(C)NC(=O)NC1c1cc(C#CC2CCCC2)c(F)c(Cl)c1OCC(N)CC(N)=O,0
protein11,1,CC(C)Cc1cc(NC(=O)c2ccccc2C(F)(F)F)n(-c2cccc(S(=O)(=O)N3CCOCC3)c2)n1,0
protein11,1,O=C(c1ccc(NCC(F)(F)F)c([N+](=O)[O-])c1)c1ccccc1CN1CCOCC1,1
protein11,1,CCn1c(C)c(C(=O)N2CCCCC(c3ccccc3)(c3ccccc3)C2)c2ccccc21,1
protein11,1,NC(=NC(=O)COc1ccc(C2CCc3ccccc3N2C(=O)C2CCCCC2)cc1)c1ccc(Cl)cc1,0
protein11,1,CC(C)C(C)NS(=O)(=O)c1cccc2c1Cc1cc(O)ccc1C21CCN(CCN(C)C)CC1,0
protein11,1,Cc1ccc(N(C)C(=O)c2cc(-c3cnc4cc5c(c(F)c4n3)CCC5)sc2-n2cccc2)nc1,0
protein11,1,CCc1nc(-c2cccc(C3CCN(C(=O)Cn4cccn4)CC3)c2)no1,0
protein11,1,Cc1[nH]c2ccc(-n3ccnc3-c3ccccn3)cc2c1CC1CCC1,0
protein11,1,CCNC(C)C(=O)NC1CCN(Cc2ccccc2C(F)(F)F)CC1,0
protein11,1,CCC1CON(C)c2nccc(C)c21,1
protein11,1,CCC(Nc1cnc(N)nc1Cl)c1c(F)cnc(Nc2cnc(Cl)cn2)c1C#N,0
protein11,1,CC(=O)Nc1cc(-c2cccc3cc(C(=O)n4cc[nH]c4=O)nn23)cc(C(F)(F)F)c1,0
protein11,1,CC1(CCCC(N)C(F)(F)F)Oc2ccccc2C(=O)C1N1C(=O)c2ccc([N+](=O)[O-])cc2C1=O,1
protein11,1,CCN(CC)CCOC(=O)c1cc2ccccc2[nH]1,0
protein11,1,Cc1ccnc(Oc2cccc3c2CN(c2ccncc2)C3=O)c1,1
protein11,1,CC1CCc2nc3c(O)nc4cc(Cl)c(Cl)cc4n3c2C1,0
protein11,1,CCc1n[nH]c(=NC(=O)c2nn(C)c3ccc(S(=O)(=O)Nc4nc(C(=O)O)cs4)cc23)n1-c1ccccc1,0
protein11,1,COc1ccc(C)cc1S(=O)(=O)N1c2ccccc2Oc2nccnc21,0
protein11,1,CN(C)CCCC(CC#N)(c1ccccc1)C(C)(C)CO,0
protein11,1,CCNCC(=O)Nc1cccnc1O,0
protein11,1,CC(=CCCC(C#N)NC(=O)C(N)Cc1ccccc1F)CCC(F)(F)C(CF)CC#N,0
protein11,1,CCCn1c(-c2ccc3cc(C)cnc3c2)nc2cc(C(=O)OC)ccc21,0
protein11,1,CCOc1ccc(S(=O)(=O)Nc2cccnc2F)cc1,0
protein11,1,CCOC(=O)c1c(C)sc(Nc2cc3cc4c(cc3oc2=O)OCC4)c1C,0
protein11,1,CCc1ccc(Cn2cc(-c3cncc(NCC4CCCO4)n3)c3cc(S(N)(=O)=O)ccc32)cc1,1
protein11,1,Nc1nc(SCc2cccc(C(F)(F)F)c2)c2nc(-c3ccc(Cl)cc3)[nH]c2n1,0
protein11,1,CCn1c(=O)nc2cc(C=NNc3sc(-c4ccccn4)cc3C(=O)N(C)CC3CCCC3)ccn21,1
protein11,1,Cc1nc2ccccc2n(CCCCN2CCN(C)CC2)c1=O,0
protein11,1,CCc1cccc(C)c1Nc1ncnc2cc(Nc3cc(C)on3)c(S(N)(=O)=O)cc12,1
protein11,1,CC1=CC=CN2C=C(c3ccc([S+](=O)([O-])c4ccccc4)cc3)N3CC=CC123,0
protein11,1,CC(C)(C)N1CCC(c2cccc(Oc3ncccc3NC(N)=O)c2)CC1,0
protein11,1,CCCCNc1ccc(-c2ccc3c(c2)C(=C2NC=C(Cl)C=C2Cl)S(=O)(=O)C3)cn1,0
protein11,1,CC1CCN(c2c3c(c4nc5ccccc5nc4c2Cl)C(=O)Nc2ccccc2S3)CC1,0
protein11,1,Nc1ccc(Cl)cc1C(=O)Nc1ccc2[nH]c(=O)n(N)c(=O)c2c1,1
protein11,1,O=C(NC1CCN(C(c2ccc(Cl)cc2)c2cccnc2)CC1)c1ncccc1OC(F)F,0
protein11,1,Cc1csc2c1C(CC1CCN(Cc3ccccc3F)C1=O)C(=O)N(C)C2=NNC(C)(C)C,1
protein11,1,Cc1c(Cl)c2c(-c3ccc(C(=O)N(C)C)cc3)nn(C)c2c2cnccc12,0
protein11,1,Cc1c(C#N)cccc1NC(=O)c1ccccc1OC1CCN(Cc2cccc(Cl)c2)CC1,0
protein11,1,CCCN1CCc2ccc(OCCCN3CCN(C)CC3)cc2C1,0
protein11,1,Nc1nn(-c2ccccc2)c(-c2ccc(C=Nn3cnnc3)cc2)c1-c1ccccc1,1
protein11,1,CCc1cc2cc(C)c3c(-c4cccc(OC)c4)n[nH]c3c2[nH]1,1
protein11,1,CCCCc1nc2c(=O)n(C)c3cc(OCCN(CC)CCO)ccc3c2[nH]1,1
protein11,1,CCc1nc(C#N)c(NC(=O)c2cccc3c2c(C)c(Cl)n3CC)s1,1
protein11,1,O=Cc1sccc1NC(=O)c1cncc(Oc2cccc(F)c2)c1,0
protein11,1,Cc1cccc(CNC2CC(=O)N(c3ccccc3CC3c4ccc(C(=O)NCC5(C)CC5)cc4OC(=O)N3C)C2=O)c1Cl,1
protein11,1,CCCC(=O)N1CCCC(c2[nH]nc(C)c2-c2ccccc2)C1,0
protein11,1,O=C(O)C1CC1C(=O)Nc1cnn(Cc2cc(Cl)ccc2Cl)c1,0
protein11,1,CCn1cc(C(=O)O)c(=O)c2cc(F)c(N3CCN(C)CC3)c(F)c21,1
protein11,1,Cc1cnccc1-c1cc(C(=O)Nc2cccc(C(=O)N3CCCCC3)c2)ccn1,1
protein11,1,Cc1c(NC(=S)N2CCN(C)CC2)ccc2c1nc1n2CCCC1,1
protein11,1,O=CNc1cc(C(F)(F)F)ccc1S(=O)(=O)N1CCCCC1,0
protein11,1,CC1CN(c2cccc(F)c2)c2c(Cl)cc(C(F)(F)F)cc2C(S)=N1,0
protein11,1,O=S(=O)(CCC(F)(F)F)n1ccc(-c2cc(NC3CC3)c3ccccc3n2)n1,1
protein11,1,O=C1C(Sc2ccccc2F)c2cc(I)ccc2N1C1CCCCC1,0
protein11,1,NC(=O)C1=C(O)C(N2CCC(C(=O)Nc3cc(F)ccc3F)(S(=O)(=O)Cc3ccccc3)CC2)Cc2ccccc21,0
protein12,1,CCC1CCCCN1Cc1cc(Cl)ncn1,0
protein12,1,O=c1n(CC(O)CN2CCCCC2)cc2c3cnccc3cnn12,1
protein12,1,CCN1CCC(CNC(=O)Cn2cc(Cc3c(Cl)cccc3Cl)nn2)CC1,0
protein12,1,CCN(CC)CCc1ccc(-c2cc3cc(C)c4ccnc(N)c4c3o2)cc1,1
protein12,1,CC(C)C(c1ccccn1)N1CCN(C(=O)Nc2ccc(Cl)cc2)CC1,0
protein12,1,CCOc1ccc2nc(-c3ccc(OCCCC4CN5CCC4(O)CC5)cc3)sc2c1,0
protein12,1,Cc1nn(-c2ccccc2)c(=O)cc1-c1ccc(C#N)nc1,0
protein12,1,CN1CCN(c2ccc(C(F)(F)F)cc2-c2ccc3ncnc(Nc4cccc(F)c4)c3c2)CC1,0
protein12,1,CCCOc1ccc(-c2cc3c(C)c(C)cnc3o2)cc1,0
protein12,1,Cc1cccc(Cl)c1C(=O)NC(C)(C)c1cc2cc(C#N)ccc2[nH]1,0
protein12,1,NC(=O)c1cccc2ccc(Nc3cccc(-c4ccc(CCCO)cc4)c3)nc12,0
protein12,1,CC1(C)CC(c2ccccc2)C(C#N)(C#N)C2(CCCCC2)N1,0
protein12,1,CCN1CCN(c2nc3ncc(-c4cccc(C)c4)cc3o2)CC1,0
protein12,1,CCOc1cccc(CC2CCCCN2)c1,0
protein12,1,Cc1cccc(NC(=O)C=C2C(=O)n3ncc2c3-c2c[nH]c3ccccc23)c1,0
protein12,1,CC(=O)Nc1cnc(C)c(CN2CCCC(c3nc(N)n(-c4ccc(Cl)cc4)n3)C2)c1,1
protein12,1,CN1C(=O)c2ccccc2C1(C)CCC1CC2=NOC1C2,0
protein12,1,O=C(c1ccncc1)N1CCn2c(nnc2-c2ccc(F)cc2)C1,0
protein12,1,CCCCCC(=O)Nc1ccc(CCCCN2CCCCC2)cc1,0
protein12,1,O=C(NCC1CCCN1C(=O)C1CNC(COCc2ccc(F)cc2F)C(C(=O)O)C1)c1ccc(F)cn1,1
protein12,1,CC(C)CC1CN(C)C(=O)O1,0
protein12,1,Cc1ccc(NC(=O)C2CN(C3CCCCC3)CCN2C(=O)C(CSCCC(C)C)OC(=O)CC(C)C)cc1,0
protein12,1,CC1CCC(=O)N2CC(C1)N(S(=O)(=O)CCN1CCOCC1)C(=O)C2C(C)C,0
protein12,1,CC(C)c1csc(NC(=O)c2cc(S(=O)(=O)N3CCCCC3)ccc2F)n1,0
protein12,1,CN(C(=S)NC(=O)C1CCCN(S(=O)(=O)c2ccccc2)C1)c1ccccc1F,0
protein12,1,CC(C)CC(C=O)NC(=O)C(CC(C)C)N1CC(c2ccccc2OC(F)(F)F)OC1=O,0
protein12,1,CCN1C=NC2CCCC(F)C#Cc3cnc(cn3)-c3ccc(cc3)OCC21CCN(C)C,0
protein12,1,Cc1cncc(-c2ccc(CNC3CCN(CC4CC4)C3=O)cc2)n1,0
protein12,1,O=C(Nc1nncs1)c1c(O)cccc1Cl,0
protein12,1,CC(F)(F)c1ccc(C(=O)Nc2ccc(OCCN3CCCCC3)cc2)c(CO)c1,0
protein12,1,CCN(CC)c1ccc2c(c1)C(=O)c1nc3c(Cl)cnn3c(-c3ccc(OCCN4CCOCC4)cc3)c1-2,1
protein12,1,CCn1cc(C(=O)Nc2ccc3c(c2)CCC3=C(C#N)C#N)c(=O)c2cc([N+](=O)[O-])cc([N+](=O)[O-])c21,1
protein12,1,O=c1cc(-c2cccc(-c3ccnn3-c3ccccc3F)c2)[nH]c2c(N3CCCCC3)cnn12,0
protein12,1,CCc1ccccc1N1CCc2n[nH]c(C)c2N=C1SCC(=O)Nc1cc(S(=O)(=O)N2CCCCC2)ccc1OC,0
protein12,1,O=C(CCN1CCc2ccc(Oc3nncs3)cc2C1=O)N1CCCCCC1,0
protein12,1,O=C(Nc1ccc(Cl)cc1Cl)c1cccnc1-c1sc2c(F)cccc2[n+]1[O-],1
protein12,1,Cc1sc(NC(=O)CS(=O)(=O)c2cccc([N+](=O)[O-])c2)nc1-c1ccccc1F,1
protein12,1,CCc1ccccc1N1CCN(C(=O)C2CC2CN2CCN(Cc3ccc(F)cc3)CC2)CC1,1
protein12,1,CCC1C(C#N)c2cc(C(=O)O)ccc2N1CC(O)CN1CCC2(C(C(N)=O)N3C(=O)c4ccccc4C3=O)c3ccccc3CC12,0
protein12,1,CC(C)CCCCN1CCCC1=O,0
protein12,1,CCOC(=O)c1ccccc1NC(=O)c1cc(NCc2cccnc2)nc2ccccc12,0
protein12,1,CC(C)CCOc1ccc(-c2cncc(F)c2)cc1CN1CCCC(C)C1,0
protein12,1,CCCCCn1cc2nc1C1CCN(CC1)C(=NO)c1cccnc1Oc1ccc-2cc1,1
protein12,1,CC(C)N1CCN(C(=O)Oc2ccc3cc(-c4cn[nH]c4)ncc3c2)CC1,0
protein12,1,CC(=O)Nc1ccnc(Nc2c(F)cc(CC(CO)N3CCN(c4ccccc4C(F)(F)F)CC3)c(F)c2F)c1,0
protein12,1,O=C(C=NOCc1ccccc1)Nc1cccc(OCc2ccc(Cl)cc2Cl)c1,0
protein12,1,CCOc1cc(-c2cn3cc(-c4cccc(OC)c4)cc(NCC4CCOCC4)c3n2)ccc1O,1
protein12,1,COc1cc(C#N)c2c(c1)cc(C(=O)O)n2-c1ccc(C(C)NC(=O)c2ccc3c(c2)ncn3-c2cccc(C)c2)c(F)c1,0
protein12,1,Cc1cc(CC(C)(C)C)nn1CC(=O)Nc1cc(Cl)ccc1C(=O)O,0
protein12,1,CCC(=NO)C(CN(C(=O)Cc1ccc(Cl)cc1)c1ccc2c(c1)OCCO2)=NO,0
protein12,1,Cc1cc(Oc2ccc(F)cc2C(N)C2CCN(C)CC2)ccc1F,0
protein12,1,CC[N+]1(CCCS(=O)(=O)c2ccc(F)cc2)CCCC1,0
protein12,1,CCOC(=O)Nc1ccc2c(NC(=O)C3CCCCC3)c(C(=O)O)cnc2n1,0
protein12,1,O=C(CCCOc1ccccc1Cl)NC1(C(=O)O)CCCCC1,0
protein12,1,CCCC(C)(Cc1ccc(-c2cc(-c3ccccc3O)nc(N)c2C#N)cc1)C(=O)O,0
protein12,1,Cc1ccc(SCc2cc(C)nn2-c2nc(C)cc(N(C)Cc3c(O)cccc3O)n2)cc1,0
protein12,1,CCC1CCC(N)C(NC(=O)c2cccnc2)C1C1(C#N)CCCC1=O,0
protein12,1,O=C(CC1C(=O)NCCN1Cc1ccc(Cl)cc1Cl)NCc1ccccc1Cl,0
protein12,1,Cc1c(-c2ccc(Cl)cc2)nc2c(NC(=O)C3CC3)cc(CNC(=O)N3CCCC(C)C3)cn12,0
protein12,1,Fc1ccc(-c2cc(Nc3ccc(Cl)c(Cl)c3)ncn2)nc1,0
protein12,1,CCn1cc(O)c(=O)nc1-c1ccc(C(C)(C)C)cc1,0
protein12,1,Cc1ccc(C(=O)Nc2ccc(Cl)c3c(C)c4nc(N)nc(N)c4c(C)c23)cc1,1
protein12,1,CCOc1ccc(S(=O)(=O)N(C)C)cc1NC(=O)c1cc2cc(Oc3ccc(C(F)(F)F)cn3)ccc2[nH]1,0
protein12,1,CC12CCc3ccccc3C1N(C1=NCCN1)CCC2O,0
protein12,1,CC1(C)CC(=O)N(CCc2ccc(F)c(C(=O)NC3C(=O)c4c(ccc5c4OCC5)OC3(C)C)c2)C1=O,0
protein12,1,CC1NC(c2ccc(Cl)cc2Nc2cccc(C(=O)Nc3ccn(-c4ccccc4)n3)c2)=NC1=O,0
protein12,1,Cc1cc(S(=O)(=O)N(C)C)c2nc(C)cc(Nc3ccc(F)c(F)c3)c2c1,0
protein12,1,Cc1cc(O)cc2c1CCC(C)(CNC=CC(C)C)O2,0
protein12,1,CCc1ccc(CN2CCN(C(=S)Nc3ccc(NC4=NC(=O)C5CSCN45)c(Cl)c3)CC2)nc1,1
protein12,1,O=C(Nc1cc(-c2ccccc2)n(CCC(=O)N2CCCC2)n1)c1ccc(OC(F)(F)F)cc1,0
protein12,1,Cc1cncc(-c2cccc(NC(=O)Cc3cccnc3)c2)n1,0
protein12,1,CCC(=O)N1Cc2nc(Nc3cc(C)ccn3)sc2C(C)C1,0
protein12,1,CC(CNc1nccc(-c2ccccn2)n1)CN1CCCC1C(C)Oc1ccc(C(=O)O)cc1,0
protein12,1,O=C(CCCl)NC(c1ccc2c(c1)CCO2)c1nc2ccccc2cc1I,1
protein12,1,CCCCOC(=O)c1c(C)nc2cc(Nc3ccnc4cc(N(C)C)ccc34)ccc2c1C,0
protein12,1,CCCC1(N=C(c2ccccc2)N(C)C)CCN(CC(=NOC)c2ccccc2)C1,0
protein12,1,CC1(C)CN(N=Cc2c[nH]nc2-c2ccc(O)cc2O)C(=O)C1NC(=O)c1ccccc1,1
protein12,1,CCN(CC)S(=O)(=O)c1ccccc1NC(=O)c1ccc(C)c([N+](=O)[O-])c1,1
protein12,1,CC(C)CCn1c2c(c3cc(C(=O)N(C)C)ccc31)CCCC2,1
protein12,1,CCN(C)C(=O)c1ccc(-c2cnc3sc(-c4ccccc4F)nn23)cc1,1
protein12,1,CCN(CC)CC#CC1(NC(=O)c2ccc(C)c([N+](=O)[O-])c2)CCCC1,1
protein12,1,CNc1c(C(N)=O)c(CCC2(C)CCN(C)C2=O)nc2ccccc12,1
protein12,1,CCOc1cc(Cc2nccc3c2OCC(C)(C)N3)cc(OC(F)(F)F)c1C,0
protein12,1,CCOc1ccc(C=NN(CC)C(=O)c2cc(-c3cccc4c3N(C(=O)c3ccc(S(=O)(=O)N5CCOCC5)cc3)CCO4)c[nH]2)c(OC)c1,1
protein12,1,O=C(Nc1cc(S(=O)(=O)Nc2ccc(F)cc2)ccc1C(=O)O)c1ccc(N2CCOCC2)c([N+](=O)[O-])c1,1
protein12,1,CCC(C)NC(=O)c1sc2nc(N3CCN(C)CC3)c(C)c(OC(C)C)c2c1N,0
protein12,1,O=CC(Cl)=C1CS(=O)(=O)c2ccc(S(=O)(=O)NCc3cccc(Cl)c3)cc2N1,0
protein12,1,O=C(Nc1nc2ccccc2s1)Nc1cc(Cl)ccc1N1CCNCC1,0
protein12,1,CCNc1cccc2c1c[n+]1n2CCN(C)C2=C1C(=O)c1ccccc1C2=O,1
protein12,1,O=C(CSc1ccc([N+](=O)[O-])cc1)Nc1ccccc1OC(F)(F)F,1
protein12,1,O=C(Nc1ccccc1C(F)(F)F)Nc1ccc(Cl)c(C(=O)O)c1Cl,0
protein12,1,CCCCOc1ccc2c(c1F)C(C)(O)CCCCC1=CC(NC1=O)c1cc(O)ccc1-2,0
protein12,1,Cc1ccc(SCCN2CCN(C=Nc3ccc(Cl)cc3[N+](=O)[O-])CC2)cc1,1
protein12,1,O=C1C(N2CCCCC2)=CC(=O)c2ncccc21,0
protein12,1,CC(C)CCC(O)C(CS(N)(=O)=O)C(N)=O,0
protein12,1,CC(C)CC(C)Nc1nc(-n2c(SC(C)C)nnc2-c2ccc(N(C)C)cc2)[nH]c(=O)c1CCCl,1
protein12,1,CCCCOc1ccc(-c2csc(C3CCOCC3)n2)cc1NC(=O)c1ccc2c(c1)nc1n2CCCC1,0
protein12,1,O=C1OC(CBr)CN1c1nccc(N2CCCCC2c2c(F)ccnc2Cl)n1,1
protein12,1,CCC(C)Nc1ncc(N2C(=O)CCC2(CC2CC2)c2ccc(Cl)c(N)c2)c(N2C(=O)OCC2C(C)C)n1,0
protein12,1,CCN(CC)CC(=O)Nc1c(O)c(C(=O)C(F)(F)F)cc(Cl)c1OCc1ccccc1,0
protein13,1,CCN(CC)CCCCn1ncc2cnc(Nc3cccc(Cl)c3)nc21,0
protein13,1,CCn1c(Cn2nc(C)nc2C)nc2cc(-c3ccc(C4CN(C(=O)c5cnccn5)C4)cc3)ccc21,0
protein13,1,CCC(NC(=O)c1cc(Cl)c(N)c(Cl)c1OCCN1CCCC1)c1ccc(O)c2ncccc12,0
protein13,1,CCn1cc(I)c2nn(-c3ccc(S(=O)(=O)Nc4ncnc5[nH]cc(-c6ccccc6C(F)(F)F)c45)cc3)c(=O)cc21,1
protein13,1,COc1ccc(NC(=O)c2[nH]c3ccccc3c2C(C)=O)c(C=Nn2cnnc2)c1,1
protein13,1,CCc1cc(N)n2ncc(-c3cccc(C(=O)N(CC4CCCO4)c4cc(OC)ccc4OC)c3)c2n1,1
protein13,1,Cc1snnc1C(=O)NN=Cc1ccc(Cl)cc1Cl,0
protein13,1,CCCC(c1ccccc1)N(C)C(=O)C=C(C)C,0
protein13,1,Cc1c(-c2ccccc2)nc2c(c1NCCCN1CCCCC1)CCC(O)C2,0
protein13,1,CC1Oc2ccccc2C(OCC=O)C1(O)CCCc1cccnc1-c1ccccc1,1
protein13,1,CC1(C)Oc2c(cccc2-c2ccc(=O)n(Cc3ccccc3Cl)n2)OC1=C(C#N)C#N,0
protein13,1,COC1Cc2cccc3c2N(C(CCNS(=O)(=O)c2ccc(C#N)c4sc(C(=N)N)cc24)C#CC3)C1C,1
protein13,1,CCCNC(=O)C=C1C(=O)N(CCCN2CCCCC2)c2ccccc21,0
protein13,1,CC(CO)CCC1C(=O)N(c2ccc(C(=O)O)cc2)C(=O)C1(C)C,0
protein13,1,CC1(C)CC(=O)c2c(nc(O)c3oc4c(c23)CCCCC4)C1,0
protein13,1,O=C(Nc1ccncc1OC(F)(F)F)C1CCCN1c1cccc(Cl)c1,0
protein13,1,CCn1c(=O)c2c(c3cc(OC)ccc31)CC(C)(C)C(=O)C2=O,1
protein13,1,O=C(Nc1nccs1)c1ccc2c(c1)nc(CS(=O)(=O)c1ccccc1)n2Cc1ccccc1F,1
protein13,1,Cc1ccnc(C(=Cc2nc3cc(Cl)c(F)cc3n2C)C(C)C)n1,0
protein13,1,CC1=C(C)C2Cc3c1ccc(c3Cl)OC(C)(C)C(O)CCC1(CC(=O)N1)CC1CCCCN12,0
protein13,1,CC(=O)N(CC#Cc1ccccc1)CCC(C)C,0
protein13,1,Nc1ncc(-c2ccc3c(c2)nc(-c2ncc[nH]2)n3C2CC2)cc1OC(F)(F)F,1
protein13,1,CCCCCCCN,0
protein13,1,CCc1nc(-c2ccccc2)sc1C(=O)Nc1c(CS(=O)(=O)c2ccc(C)cc2Cl)noc1C,0
protein13,1,O=C(Nc1cccc(Nc2ncnc3c(CN4CCOCC4)cccc23)c1)c1ccccc1F,0
protein13,1,O=C(O)C(Cc1ccc(-c2cccnc2)cc1)NC(=O)C1CCCN1CC(F)C(F)C(F)(F)F,0
protein13,1,Cc1nccn1CC1CCCN1CC1C(C(F)(F)F)CCC(C)N1C(=O)OCc1ccccc1,0
protein13,1,O=CC1(C(=O)OCc2ccccc2)CC(=O)N(c2ccccc2)C1,0
protein13,1,CN(CCCNCC1CCCO1)Cc1nc(C(C)(C)C)cs1,0
protein13,1,CCOC(=O)c1[nH]c2ccccc2c1NC(=O)c1ccc2ccc(C)nc2c1,1
protein13,1,Cc1[nH]c2ccc([N+](=O)[O-])cc2c1C(=O)Nc1cc(S(=O)(=O)N2CCOCC2)ccc1Oc1ccccc1,1
protein13,1,O=C1c2cc(OC(F)(F)F)ccc2COc2ccc(O)cc21,0
protein13,1,CCCn1c(C)cc(C=NNC(=O)c2ccncc2)c1C,1
protein13,1,CC(C)N(C)c1nc(Cl)c(-c2cnn(C(C)C)c2)c(NC(C2CC2)C2CC2)n1,0
protein13,1,CCC1CN(CN2CCC2C)CC2=CC(O)CCC21C,0
protein13,1,CCN1CC(=O)N=C1C,0
protein13,1,Cc1cc2cc(S(=O)(=O)N3CCCCC3)ccc2nc1Nc1cccc2nccc(C)c12,0
protein13,1,CCn1cnnc1-c1ccoc1S(=O)(=O)N1CCCC(Oc2c(Cl)cnn2C)C1,0
protein13,1,CCCC1(CC)OC(=O)N(c2ccc3c(n2)N(CCCN(C)S(C)(=O)=O)CCO3)C1=O,0
protein13,1,Cc1cc2c(c(-c3nc4cnc(Cl)nc4n3Cc3ccc([N+](=O)[O-])cc3)c1)NC(=O)CC2,1
protein13,1,O=Cc1cccc(-c2cncc(CS(=O)(=O)c3cccc(F)c3)c2)c1F,0
protein13,1,O=[N+]([O-])c1ccccc1NC(=NOC1CCCC1)SCCCl,1
protein13,1,CC(C)Cc1nc(NC(=O)c2ccccc2)sc1-c1ccccc1,0
protein13,1,CCOc1cccc(-c2cn(Cc3ccc(OC)c(OC)c3)c3ncccc23)c1C#N,1
protein13,1,Cc1cc(-n2ccnc2C)ccc1C(=O)N1CC2(CCC(COc3ccc(C4CC4)cc3)C2)NC1=O,0
protein13,1,O=CCCCCCN1CCC2(c3ccccc3)CC1Cc1ccc(O)c(O)c12,0
protein13,1,Cc1ncoc1-c1cc(F)c2c(c1O)CCC(N(CC(=O)NCc1ccccc1)CC1COCC1C)C2,0
protein13,1,CC1CCC(NC(=O)CN2C(=O)c3ccccc3S2(=O)=O)CC1,0
protein13,1,Cc1ccc(Nc2cc(CC3CC3)nc3ccccc23)cc1C(=O)Nc1ccc2c(c1)OCCO2,1
protein13,1,Cc1ccc(NC(=O)CSc2nc3cccc(-c4ccsc4)n3n2)cc1N(C)C,0
protein13,1,CCCCc1nc2ccc(Cl)cn2c1C=Cc1ccccc1,0
protein13,1,CC(C)CC(Nc1nccc(-n2ccc(-c3ccc4c(c3O)C=CC(C)(C)O4)n2)n1)C(C)O,0
protein13,1,Cc1cc(NC(=S)N2CCC(=O)N(C)C(=O)C2C)ccc1F,0
protein13,1,CCC1=CN(C)CC1,0
protein13,1,Cc1nn(-c2c(Cl)ccc3ncccc23)c(C)c1CN1CCN(CCO)CC1,1
protein13,1,Cc1nc(NCCO)c(C#N)cc1-c1ccc(C(F)(F)F)cc1,1
protein13,1,CC1CCN(C(=O)Oc2cccc(-c3cnc(COc4ccc(OC(F)(F)F)cc4)s3)c2)CC1,0
protein13,1,CC(=O)Nc1ccc(C2CCN(c3nccc(=O)n3Cc3ccc(N(C)C)cc3)C2)cc1,1
protein13,1,Cc1c(F)ccc(CCc2c([N+](=O)[O-])nc([N+](=O)[O-])c3c2CC(C(C)(C)C)O3)c1[N+](=O)[O-],1
protein13,1,CCOC(=O)Nc1nc2ccccc2o1,0
protein13,1,Cc1cc2[nH]c(=O)n(CCCN(C(=O)Cn3cccc3C3=NCCCC3)C3CCCCC3)c(=O)c2c(C)c1O,0
protein13,1,O=C(Nc1ccc(N2CCCC2=O)cc1)c1cnn2ccc(Cl)cc12,0
protein13,1,Cc1nn(C)c2c1c(NC(N)=S)nc1c(Nc3ccccc3F)cccc12,1
protein13,1,O=C(Nc1ccc2c(c1)C1(CC2)CCN(c2ccccc2F)CC1)c1cnccn1,0
protein13,1,Cc1cc(OCCC(F)(F)F)c(F)cc1-c1cn(-c2ccc(C(N)=O)cc2C2(C)CCCN(CCC(F)(F)F)C2)cn1,1
protein13,1,O=C1NCCC(c2cccnc2Oc2ccc3cccc(F)c3n2)N1,1
protein13,1,CCN(CC)CC(=O)NCc1ccccc1C(F)(F)F,0
protein13,1,CCC1(c2cc(Cl)ncc2N)Cc2c(ccc(-c3cnc(N)nc3)c2F)C(=NO)N1,1
protein13,1,CC1(C)CC2C(=O)NCCC(C2c2cc(F)c(F)cc2F)N1C(=O)Nc1ccc(O)cc1,0
protein13,1,O=C(C1CN(C2CCCOC2)CC1CS(=O)(=O)c1ccc(Cl)cc1)N1CCN(Cc2ccccc2F)CC1,0
protein13,1,N#Cc1ccc(COc2ccc(N3CCc4ccccc4C3)cc2-c2cnc3cccc(C(=O)O)c3n2)cc1,1
protein13,1,CC(C)CC(Nc1nccnc1[N+](=O)[O-])c1cncc(-c2ccc(N3CCCC3=O)c(C#N)c2)c1,1
protein13,1,CC(C)CCNc1nccc(-n2cc(Cc3ccccc3-n3cccc3)nn2)n1,0
protein13,1,CCN(CC)CCCOC(=O)c1cc(C(F)(F)F)cc2c1NC(=O)CC2,0
protein13,1,CCN(CC)c1ccc2c(c1)Oc1ccc(CC3CCN(c4ccnc(N)n4)CC3)cc1C2N1CCN(C)CC1,0
protein13,1,CC(C)CNc1cc(-c2n[nH]c3ccc(-c4ccccc4)cc23)nc(N)n1,1
protein13,1,Cn1c(=S)oc2ccc(-c3ccccc3)cc2c1=O,0
protein13,1,CCN(CC)c1ccc(C(=O)NC2(C(F)(F)F)Nc3ccccc3N(C)C2=O)cc1,1
protein13,1,Cc1cccc(F)c1Cn1cnc([N+](=O)[O-])c1Sc1ccc(-c2ccncc2)cc1[N+](=O)[O-],1
protein13,1,NC(=O)c1nc2ccccc2n1CC(F)(F)c1ccccc1F,1
protein13,1,Nc1cc(-c2ccncc2)cc2c1C(=O)C=C(N1CC1)C2=O,1
protein13,1,CC(C)C1NCCCC1N1CCCCC1C1C(=O)N(C)C(=O)N2C(=O)c3ccccc3C12,0
protein13,1,Cc1ccnc(-n2nc(N(C)C)c(C(=O)N3CCC4(CCc5ccccc54)C3)c2C2CC2)c1,0
protein13,1,Cc1nc(N)n(C(=S)NC2CCCC2C)n1,0
protein13,1,CC(O)Cc1nc2c(c(N3CCCCC3)nn2-c2ccccc2)c2c1CCCC2,1
protein13,1,CCN(CC)CCCNC(=O)c1ccc(OCc2cc3c4c(cccc4n2)C(C)(C)CN3C)cc1,1
protein13,1,CC(C)COC1C(C(N)=O)=CCC2c3ccc(O)c(O)c3CCC12,0
protein13,1,O=c1cc2ncccn2c2cc(C(F)(F)F)ccc12,1
protein13,1,CN(CC1=CCCCC1)c1cccc(C=O)c1,0
protein13,1,Cc1ncc(-c2ccc(NC(=O)c3cc([N+](=O)[O-])ccc3O)cc2C)s1,1
protein13,1,O=C(Nc1ccccc1)c1nc(-c2ccncc2)sc1NC(c1cnn(CCN2CCCCC2)c1)C(F)(F)F,0
protein13,1,CCOC(=O)c1ccccc1NCC(=O)Nc1ccccc1C(=O)Nc1ccccc1OCC,0
protein13,1,CCCCC(C(=O)NC1CN2CCC1CC2)c1ccccc1,0
protein13,1,CC1COCCN1c1nc(Nc2ccc3c(c2)NC(=O)CO3)c2cc(F)c(Cl)cc2n1,1
protein13,1,CCC(=O)N1CCC2(NC(=O)Cc3cccnc3)CCCC1C2N(C)C(=O)c1c(O)cccc1O,0
protein13,1,ClC(Cl)c1nc2ccccc2n1CCN1CCCCC1,1
protein13,1,CCSc1cnn(CCc2ccncc2)c1,0
protein13,1,CCNC(=O)C1CCCCC1Oc1cc(S(=O)(=O)N2CCCC2C(=O)OC)c(C)c(C)c1O,0
protein13,1,Cc1cc(-n2c(C)cc3c(=O)c(-c4cccc(C(F)(F)F)c4Cl)c(C)[nH]c32)ccc1F,0
protein13,1,O=C(Nc1ccc2c(c1)oc(=O)n2C1CCNCC1)c1ccccc1F,0
protein14,1,Cc1cc(-c2cccc(N3CCS(=O)(=O)CC3)n2)nn1Cc1c(Cl)cccc1Cl,0
protein14,1,Cc1cc(Oc2cccc3c(C)nnc(C)c23)c(C#N)cc1F,1
protein14,1,CC(C)c1ccc(N2CCN(CC34CCCCC3C(=O)c3ccccc3C4=O)CC2)cc1,0
protein14,1,Cc1ccc(N)c(-c2cc(C(=O)Nc3ccccc3-c3ccccc3)[nH]n2)c1,1
protein14,1,CCOC(=O)c1c(C)[nH]c2c1CCc1ccc(CN3CCCC3)cc1-2,0
protein14,1,CCN1CCC2CN(c3ncc(-c4nc5c(C(F)(F)F)cccc5o4)c(Cl)c3F)CC2C1,0
protein14,1,CCC(c1ccc(C)cc1)n1c(=O)n(C)c2cnc(-c3ccc(C#N)cc3NC(=O)C(F)(F)F)nc21,0
protein14,1,Cc1ccc2c(c1)C(=O)OC1(CCN(C(C)(C)C)CC1)C2C,0
protein14,1,Cc1ccc(Cl)c(N(C)S(=O)(=O)c2cc(Nc3ccccc3C(=O)N3CCCCC3)ccc2Cl)c1,0
protein14,1,CCN(CC)C(C)CNC(=NC(=O)C1CCN(c2ncc(C(F)(F)F)cn2)CC1)N(C)C,0
protein14,1,CC(C)(C)OC(=O)NC1CCC(O)CC1COP(=O)([O-])O,1
protein14,1,CCOC1CCN(S(=O)(=O)c2ccc(-c3cnnc(N4CCCC(C)(N(C)C)C4)n3)cc2)C1,0
protein14,1,O=C(NCCN1CCOCC1)c1cc([N+](=O)[O-])ccc1N1CCOCC1,1
protein14,1,Cc1cc2c(cc1OC1CCCC1)C(=O)C(=O)c1nc(N)c(C(F)(F)F)cc1-2,1
protein14,1,O=C(c1cc2ccccc2[nH]1)N1CCN(Cc2cccc(Cl)c2)CC1,0
protein14,1,O=C1c2[nH]c3cccc(OCc4ccccc4)c3c2C(=O)c2cccc(O)c21,1
protein14,1,CC(C)CS(=O)(=O)c1ccccc1-c1c2n(CC3CCC3)c3nc(Cl)cc(c13)NC(C(=O)O)CC(CN)C2,0
protein14,1,CCCn1ncc(NC(=O)c2ccc3[nH]c(-c4nn(-c5ccc(N(C)C)cc5)c(C)c4CC)nc3c2)c1C,1
protein14,1,Cc1cc(-n2nc(O)nc2-c2ccccc2)nc(N(C)C2C=CCC2)n1,0
protein14,1,O=C(NC1C(=O)N(N=Cc2ccc(O)nc2)C(C(F)(F)F)c2ccc3c(c21)CCCC3)c1ccccc1,1
protein14,1,CCN(CC)c1ccc(C(=O)Nc2cn3c(-c4ccc(S(N)(=O)=O)cc4)c(-c4ccccc4)nc3c(C)n2)cc1,1
protein14,1,Cc1ccc(-c2ccc3nccn3c2)c(NC(=O)c2ccc(Cl)c(Cl)c2)n1,0
protein14,1,CCC1CN(Cc2ccccc2Cl)CC(P(=O)(O)OC)C1CC(C)C(=O)N1CCCC1C(=O)OC,0
protein14,1,CCC1C[S+]([O-])C(C)Cc2ccccc21,0
protein14,1,CC1Cc2ccccc2N1C(=O)c1cc2cc(C#CC3CC3)ccc2[nH]1,0
protein14,1,Cc1ccc([N+](=O)[O-])cc1Cn1cc(CN2CCN(C)CC2)c2ccccc21,1
protein14,1,CCC(=O)Nc1ccccc1-c1cc(C(=O)NC(C)c2ccccc2)n2c1CC1CCNCC1C2,0
protein14,1,Cc1ccc(C(=O)N2CCC(=CF)C2=O)cc1S(=O)(=O)NC(C)(C)C,0
protein14,1,CCC(C)Nc1nc(NC(=O)OCC(F)(F)F)cc(-c2cnn(-c3c(F)cccc3C(F)(F)F)c2)n1,0
protein14,1,CCCS(=O)(=O)Nc1cc(-c2ccccc2)c(Nc2ncnc3cc(OC)c(OC)cc23)c(C(C)(C)C)c1,1
protein14,1,CC(C)Cc1c(N)nc(N)nc1Cl,0
protein14,1,Cc1cc(N(C(=O)CCN)C(C)(C)C)ccc1-c1ccc(CN(C)CC(=O)O)cc1,0
protein14,1,Nc1ccccc1Sc1ccc(C=NO)cc1[N+](=O)[O-],1
protein14,1,CCn1c(C(F)(F)F)nc2cc(N(C)Cc3cccc(C(=O)N4CCSCC4)c3)ccc21,1
protein14,1,CC1CCCCN1CCC(=O)c1cccc2c1CCO2,0
protein14,1,CCCCN(CC)CCCOc1ccc(N(Sc2nc3nc(N)ccc3n2CC)C(C)=O)cc1,0
protein14,1,CCS(=O)(=O)Nc1ccc(-c2cn3c4c(cccc24)CC(NCC(F)(F)F)C3)cc1,1
protein14,1,CCCCCCC1CN(O)C(=O)C1c1ccc(OCC2CN(CCO)CCO2)c(C#CC2CCCCC2)c1,0
protein14,1,O=C(NCc1cn(-c2ccccc2F)nc1-c1cccc(F)c1)c1ccncc1,1
protein14,1,Cc1cc2c(cc1F)NC1c3[nH]c4ccccc4c3CN1C2=O,1
protein14,1,CCC1CCCCN1c1nccc(-n2cc(C(C)(C)C)c3nc(O)c(Cl)cc32)n1,0
protein14,1,CCC1(C(=O)Nc2cccc(-n3cc(C(=O)CN4CCCCC4C(N)=O)c4ccccc43)c2)CCN1C,0
protein14,1,CCn1cc(CNc2c3c(nc4ccccc24)Cc2ccccc2C3)cn1,1
protein14,1,CCc1ccc2nc(Nc3ccc(-c4nc(N)c5cc(N(C)C)ccc5n4)cc3)sc2c1,1
protein14,1,CC1(C)Cc2ccccc2C(NC2CC(NC(=O)C(F)(F)F)C(O)C3(C2)c2ccccc23)C1,1
protein14,1,NC1CCC(NC(=O)c2cnn(-c3cccc(F)c3)c2)C1,0
protein14,1,COc1cc(F)ccc1N1CC2(CCCCC2)NC1=NC(C)=O,0
protein14,1,CC(C)c1ncc(CN2Cc3cc(-c4ccc5[nH]ncc5c4)cnc3C2)cn1,0
protein14,1,CCn1ccc2ccc(CNC(=O)c3sc4nc(C)nc(N(C)C)c4c3C)cc21,1
protein14,1,Nc1ncc2c(=O)[nH]c3ccc(c(C(F)(F)F)c3)c3cccn3c2n1,1
protein14,1,COc1cc(C)c(NC(=O)c2cnn3c(C(F)(F)F)cc(-c4ccccc4)nc23)cc1C(=O)N(C)C,0
protein14,1,CN(Cc1nccs1)Cc1cncc2c1CC1CCCC2C1(C)O,0
protein14,1,CCNC(=O)C1CSC(C)(C)N1C(=O)c1cc(OC)cc(Oc2ccccc2)c1,0
protein14,1,CC1(O)CCC(=O)N1CC(=O)Nc1cc(F)cc(F)c1,0
protein14,1,CCC1CNCC2c3ccccc3Cc3c[nH]c(C)c3C12C,1
protein14,1,CC(C)CCNc1ncnc2ccccc12,0
protein14,1,Cc1cc(NC(=O)CSc2nc3ncccc3o2)no1,0
protein14,1,Cc1ncc(-c2cc(C(=O)Nc3cccnc3N3CCCCCC3)c3ccccc3n2)n1CCO,1
protein14,1,Nc1ccc(-c2cnc3c(c2)Cc2ccccc2N3CC2CCOC2)cn1,1
protein14,1,O=C(NN=C1SCC(=O)N1c1ccccc1C(F)(F)F)c1ccc(F)cc1F,0
protein14,1,Cc1csc(CNC(=O)c2ccc(-c3cccc(NC(CC(C)C)CC(O)C(O)CC=O)c3)cc2C(F)(F)F)n1,0
protein14,1,CC(CCO)OC(=O)Nc1ccc(O)c2c1c(=O)n(Cc1c(F)cccc1F)c1ccccc21,1
protein14,1,CC1(C)CC(NC(=O)c2cc(C(=O)[O-])nc3ccccc23)c2ccccc2N1c1ccccc1,1
protein14,1,O=C1NC(C2CC2)(C2COc3ccc(-c4cncc(F)c4)cc3C2)CC1n1ccnn1,1
protein14,1,Nc1nc(N)c2cc(NS(=O)(=O)c3ccc(Cl)cc3Cl)c(OC(F)(F)F)cc2n1,0
protein14,1,CCC1CCCC(=O)N1N=Cc1ccc(OC(F)(F)F)cc1,0
protein14,1,Cc1c(F)cc(F)cc1C1CC(=O)NC2Cc3ccc(cc3F)C#CC3(O)CN1CC3C1(COC2=O)CN(C)CCC1O,0
protein14,1,Cc1cc(-c2ccc(Cl)cc2Cl)cc2cc(N3CCCNCC3)nn12,0
protein14,1,O=C1CCSc2ccc(-c3cn[nH]c3)cc2N1,0
protein14,1,Cc1ccc(Nc2ncc3c(n2)Oc2cc(C)ccc2C32CCC(N(C)C)CC2)c(C)c1,0
protein14,1,CCCCN1C(=O)C(C(N)CN2CCCC2C)c2ccccc2-c2c1c(C(N)=O)c(OC)c1ccccc21,0
protein14,1,CC(C)c1ccccc1NC(=O)CCCn1nc(C(F)(F)F)c(C(=O)c2c(F)cccc2F)c1SCC(=NO)c1cccnc1,0
protein14,1,CC(C)C(CCC1Cc2cc(F)cc(F)c2S(=O)(=O)C1(C)C#N)C(=O)Nc1ccc(=O)n(C)c1,0
protein14,1,FCc1ccc(Oc2ccc(Nc3nccc4[nH]ccc34)cc2F)cc1,0
protein14,1,CCn1cc(NC(=O)COC)c(S(=O)(=O)c2ccc(OC(F)(F)F)cc2)n1,0
protein14,1,CCCCC1C=CC2CN(c3ccc(OC(=O)C(C)(C)C)c(Cl)c3)C(=O)OCCN1C2=O,0
protein14,1,Cc1cc(NC(=O)CC2CCCC2)cc(C(=O)O)c1,0
protein14,1,CCC(C)C(NC(=O)C(F)(F)F)C(=O)NC(CS(=O)(=O)C(C)(C)C)C(=O)O,0
protein14,1,CC(=O)c1cccc(C)c1NC(=O)c1cc(Nc2nccc(-c3cncn3C)n2)ccc1Cl,0
protein14,1,CCN1C(=O)SC(=Cc2ccc(Oc3cc(C(F)(F)F)c(Cl)cn3)cc2)C1=O,0
protein14,1,CC(C)=CCn1nc2c(cc1=O)CN(c1ncc(Cl)[nH]1)CC2,0
protein14,1,Cc1ccc(-c2cn(CC3CC3(C)C(N)=O)c3c(C(F)(F)F)nn(-c4ccccc4)c(=O)c23)cc1[N+](=O)[O-],1
protein14,1,CCC(C)Nc1ncnc2c3c4c(ccc(O)c4cc12)Oc1ccccc1-3,1
protein14,1,CCC(=O)N(Cc1cccc(Oc2ccccc2)c1)C1CN(Cc2ccccc2)C(=O)OC1C,0
protein14,1,Cc1ccc(-c2cc(C(=O)NCC3CCCCN3C)ccc2N2CCNCC2)cc1,0
protein14,1,CC(C)CCNc1nc(-n2cnc(C(=O)NC(C)C(C)(C)C)c2)c2c(C(F)(F)F)cccc2n1,1
protein14,1,CCCc1ccc(OCc2cccc(C(F)(F)F)c2)cc1,0
protein14,1,O=S(=O)(c1cccc(C(F)(F)F)c1)N1CCOCC1,0
protein14,1,CCC=C(C#N)C[S+]([O-])c1c(C)cccc1O,0
protein14,1,Cc1cnc(C)c2nc3nc4n(c3cc12)C1CCCCC1(C)CN4,0
protein14,1,CC1CCC(Nc2c(-c3ccccc3)cnc3c(-c4cccc(Cl)c4)cnn23)CC1,0
protein14,1,CC(=N)c1ccc(NC(=O)c2ccc(NC3CC3)c(OCC3CCCCC3)n2)cc1,0
protein14,1,CCC1CCC(O)CC1(c1cc(F)ccc1F)n1nc(-c2cc(F)cc(F)c2)c2c(N)ncnc21,1
protein14,1,CC1Cc2cccc(CNC(=O)c3cnn4c(C(C)(C)C)cc(-c5ccccc5)nc34)c2O1,1
protein14,1,CC(C)CC(CO)NCCCCC1c2ccccc2CCN1N,0
protein14,1,O=C(Nc1ccc(-c2ccccc2C(F)(F)F)cn1)N1CCOCC1,0
protein14,1,Cc1c(C(=O)O)c(=O)n(CCCC2CCC(C)(OC(=O)N3CCCC3)CC2)c2ccccc12,0
protein14,1,CCCCc1ccc(-c2cc(CNC(=S)Nn3c(C)nc4ccccc43)ccc2OC)cc1,0
protein14,1,CSc1nc(C)cc(N2CCCC(N)C2)n1,0
protein14,1,CC(C)CNc1ccccc1Nc1nc(NCCCO)nc2ccccc12,0
protein15,1,CCC1CCCC(CN2CCCC2Cn2cccn2)C1,0
protein15,1,COc1ccc(Nc2nc(C)nc3c4ccccc4n(C)c23)cc1,1
protein15,1,CCC(=O)N1CCc2cc(S(=O)(=O)N3CCc4c(-c5ccc(C#N)cc5)cccc4C3C)ccc21,0
protein15,1,Cc1ccc(NCc2cccnc2)n2c(-c3cccc(F)c3)cnc12,1
protein15,1,CC(=O)n1nc(C)c(-c2nc(-c3ccccn3)cc(N)c2Nc2cc(Cl)ccc2F)c1N,1
protein15,1,Cc1ccc(N2C(=O)CC(C#N)C2=O)cc1C,0
protein15,1,Nc1ccc2[nH]c(C(F)(F)F)c(C3CCCC3)c2c1,1
protein15,1,CCCCC1(O)C(=O)N(P(=O)(NC2CCCCC2)OC)c2c(C)cccc21,0
protein15,1,CCCS(=O)(=O)Nc1c(F)ccc(NC=C(C)C#N)c1F,0
protein15,1,Cc1c2oc(=O)n(c1=O)C(c1ccccc1C(F)(F)F)OCC(CO)CC2,1
protein15,1,Fc1cc(F)c(F)c(OCCC2NCC(OCc3c(Cl)cccc3Cl)Cn3ccnc32)c1,0
protein15,1,CCC(=O)CCn1nc2ccc(C(=O)N3CCc4ccccc43)cc2c1C,0
protein15,1,C=C(C)S(=O)(=O)CCc1nc2c(N)nccc2n1C(C)C1CCCCC1CC,1
protein15,1,CC(C)C(C)(C)CC(=O)N1CCCC(NS(=O)(=O)c2ccc(NC(=O)C3(c4ccccc4)CC3)cc2)C1,0
protein15,1,Cc1nocc1-c1ncnc2c1c1ccccc1n2-c1ccc(O)cc1,1
protein15,1,Cc1cc(CN2CCC(Nc3cc(C(F)(F)F)n(-c4ccc(Cl)cc4)n3)CC2)on1,0
protein15,1,O=C1c2ccccc2-c2c(-c3ccccc3Cl)nc(C3CCCCC3)n21,0
protein15,1,Cc1cc(C)n(-c2nc(Oc3c(C)cc(NC(N)=O)cc3C)cc(-c3ccncc3)n2)n1,0
protein15,1,Cc1c(-c2cc(SCC(N)Cc3cn(C)c4ccccc34)nc3ccccc23)[nH]c2ccc(F)cc12,1
protein15,1,CCCCOc1cc(O)c2c(c1)OC(c1ccccc1)C(C)C2=O,0
protein15,1,Cc1nc(Cl)c(Cl)c(NCc2ccc(-c3cccc(NS(=O)(=O)C(F)(F)F)c3)nc2)n1,0
protein15,1,O=C1Cc2ccccc2N1CCCCn1cc2ccccc2n1,0
protein15,1,CCC1=CC(=O)C(C)C(N(C(=O)Nc2ccccc2)c2ncnc3[nH]cc(-c4ccc(S(C)(=O)=O)cc4)c23)C1,1
protein15,1,CCC(=O)N1N=C(c2ccccc2OC)CC1(C)c1ccc(C)cc1,0
protein15,1,CC(C)N1CCC(NC(=O)c2ccc3c(c2)OC(C)(C)C3)CC1,0
protein15,1,CC1=CC(=O)C(c2ccccc2)N1c1ccc2nc(-c3cnn(C)c3)n(C3CCC(CN)CC3)c2c1,1
protein15,1,CCC(c1cncc(Oc2ccc(C#N)c(C(F)(F)F)c2)n1)N1CCOCC1,0
protein15,1,CCCCN(C)c1cc(-c2ccc(S(N)(=O)=O)cc2)nc(-c2cccc(C(=O)O)c2)n1,0
protein15,1,Cc1ccc(C(=O)N2CCCC(c3nc(-c4ccccc4)c4ncccn34)C2)[nH]1,0
protein15,1,CCC1Cc2cc(OC)ccc2-c2cc3nc(N)nc(N)c3cc21,1
protein15,1,Cc1cc(C(O)=CC(=O)C(I)c2ccc(Cl)cc2Cl)c(N)cc1C(C)(C)C,0
protein15,1,Cc1cn(CCC2(c3ccc(C#N)cc3C(F)(F)F)CCCC2)c(N)n1,0
protein15,1,Cc1ccc(NC(=O)c2sc3ncc(C)c(-c4ccc(F)cc4)c3c2N)cc1,1
protein15,1,Nc1nccc(OC2(c3ccccc3F)CCN(Cc3ccccn3)CC2)c1-c1ccncc1,0
protein15,1,O=C1N=C(Nc2ccc(O)cc2F)SC1Cc1ccccc1,0
protein15,1,O=C(Nc1cc(N2CCCCCC2)ncn1)c1ccccc1Cl,0
protein15,1,CCCC1CCN(C(=O)c2cc(-c3ccc(Nc4ccncc4)cc3C)n[nH]2)C1,0
protein15,1,CCN(CC)S(=O)(=O)c1ccc2c(c1)NC(=O)CN2c1cc(OC)cc2cccnc12,1
protein15,1,CCN(C)Cc1ccc(NC(=O)CSc2nc(O)c3c(O)nccc3n2)cc1,0
protein15,1,CC(C)CC(C)C1=CC2(c3c[nH]c4cc(OCC(F)(F)F)ccc34)CCN1C(=O)C2,0
protein15,1,C=CN(CC)C(C)=C(CC)c1cn(C(C)=O)c2cc3c(cc12)OCO3,1
protein15,1,CCn1c(=O)c2cc3c(cc2c2cccnc21)N(C)c1ccccc1C(=O)O3,1
protein15,1,CC1(C)CN2CCCCC2c2nc3ccc(F)cc3c(NS(C)(=O)=O)c21,0
protein15,1,CC1CCC(NCc2cc3c(cc2OCc2ccc(S(C)(=O)=O)c([N+](=O)[O-])c2)OCCC3(C)C)CC1,0
protein15,1,CCSc1nc2ccc(NC(=O)c3ccc(C=NO)c(Cl)c3)cc2s1,1
protein15,1,CCCC1CN(C(=O)c2cc3cc(Cl)ccc3o2)Cc2cc(-c3ccccn3)cn21,0
protein15,1,O=C(c1ccnc(-n2cc(-c3ccc(F)cc3)ncc2=O)n1)N1CC(N2CCOCC2)C1,0
protein15,1,OCc1cn(-c2cc(C3CC3)nc3nc(N4CCNCC4)c(-c4cccs4)cc23)nn1,1
protein15,1,Cc1cc(Cl)nn1CC(CN(C)C(=O)c1cccnc1Sc1ccccc1)OC(=O)NCC1CC1,0
protein15,1,Cc1cc(Nc2ccc(C(F)(F)F)cc2C)n2ncc(-c3ccccc3)c2n1,1
protein15,1,CCN(CC)c1ccc(C#CC(O)CN2CCCC2)cc1,0
protein15,1,Cc1ccc(-c2csc(C(=O)O)c2S(=O)(=O)NC2CCCCC2)c(OC2CCCC2)c1,0
protein15,1,O=C1CN(Cc2ccccc2)c2ccc([N+](=O)[O-])cc2N1,1
protein15,1,CCN(CC)C(=O)c1[nH]c2ccccc2c1S(=O)(=O)N1CCCCCCC1,0
protein15,1,CCC(CN1CCOCC1)C(=O)Nc1nc(C)cc2ccccc12,1
protein15,1,CCCC(C=C(c1ccccc1)c1c[nH]c(C(=O)O)c1)=NO,0
protein15,1,NCC(F)(F)F,0
protein15,1,CC1CCN(C=Nc2ccccc2C(F)(F)F)CC1,1
protein15,1,CC1=C(OS(=O)(=O)c2ccc(N3CC(O)CC3=O)cc2)CCC(c2nc(-c3cccc(F)c3F)c(-c3ccccc3)[nH]2)C1,0
protein15,1,Cc1cccc(C)c1OCCCOc1ncc(F)c(N2C(=O)NCC2C(C)(C)C)n1,0
protein15,1,CCc1ccc2c(N)cc(C(C)(C)C)nc2c1,1
protein15,1,O=C1COC(=O)c2cc(Cl)ccc2N1,0
protein15,1,O=C(NN=Cc1cccc(F)c1)c1c(-c2ccncc2)csc1Cl,0
protein15,1,CC1=C(c2ccc3c(=O)[nH]n(-c4ccc(Cl)cc4)c(=O)n23)CC=CC=C1,0
protein15,1,Nc1nc2n(n1)-c1cc(C(=O)N3CCCC3)ccc1CN2Cc1cccc(F)c1,0
protein15,1,COc1cccc(-n2c(-c3ccc(Cl)cc3)c(C=C(C)C(=O)N3CCCC(C)CC3)c(=O)n2C)c1,0
protein15,1,CCC1COc2ccc(C#CCN3CCCCC3)cc2C1O,0
protein15,1,O=C1C2CCCN2CCN(c2ccc([N+](=O)[O-])c(C(F)(F)F)c2)CCCN1C1CCCCC1,1
protein15,1,CC(C)NC(=O)CN1CCc2c(n(Cc3ccccc3C(F)(F)F)c3ccc(NS(C)(=O)=O)cc23)C1,0
protein15,1,Cc1cc(C)cc(Nc2nnc(CCC(=O)O)cc2-c2ncc3n2CCCCC3)c1,0
protein15,1,Nc1cccc(S(=O)(=O)F)c1,0
protein15,1,Cc1cc(-c2nc(Nc3ccncc3)cc(C(F)(F)F)n2)cc(C(F)(F)F)c1,0
protein15,1,CCC(=O)c1cc(O)c(O)cc1-c1cc2cc(OC)ccc2nc1O,1
protein15,1,O=C(Nc1ccc(F)cc1)Nc1ccc(C(=O)NC2CCCC2)cc1Oc1cccnc1,0
protein15,1,Cc1cc(C(=O)Nc2ccccc2C(=O)N(C)C2CCCC2)no1,1
protein15,1,O=C(CC1CCCN(c2nc(-c3ccccc3)nc3ccccc23)C1)N1CCNCC1,1
protein15,1,Cc1nnc(CNC2=C(O)c3ncnn3C2)s1,0
protein15,1,CC1c2nc3ccccn3c2N1C(=O)C1CCCC1,0
protein15,1,Cc1cc(S(=O)(=O)N2CCCC2)ccc1NC(=O)c1cnn2cc(-c3ccccc3)c(-c3ccccc3F)nc12,0
protein15,1,CCOc1ccc(C=C2NC(=S)N(C)C2=O)cc1OCC,0
protein15,1,CCN1CCCc2cc(-c3cnn4c(NC5CCC(N)C5)c(-c5cccc(C(F)(F)F)c5)cnc34)ccc21,0
protein15,1,CCOc1cc(C)cc(OC)c1C(CC(=O)c1c(F)cccc1F)OCc1ccccc1,0
protein15,1,CCN(CC)C(=O)c1cnc2cccc(-c3ccc(Cl)cc3)n2c1=O,0
protein15,1,CCCCCN1C(=O)C(NC(=O)OC(C)(C)C)N=C(c2ccccc2N(C)C(C)=O)c2ccccc21,0
protein15,1,CC(C)C(=NO)c1cnc(Nc2cc(C#N)c(Cl)cc2N2CCCC2)cc1-n1cnc2c(F)c(F)ccc21,0
protein15,1,Cc1cccc(-n2cc(C=NC3CCN(c4nc(C)nc5scc(-c6ccccc6)c45)CC3)cn2)c1,1
protein15,1,O=C1C(=Cc2ccccc2)CNCC1C1c2ccccc2OC1CO,0
protein15,1,CCS(=O)(=O)N(C)c1ccc(C(=O)Nc2ccc(C(F)(F)F)cc2[N+](=O)[O-])cc1,0
protein15,1,Cc1cc(C(F)(F)F)c2c(-c3ccc(C#N)cc3)nn(-c3ccccc3)c2n1,1
protein15,1,[C-]#[N+]c1c(F)ccc2c1CC(C(N)(CCCC(=O)O)CCC(N)C(=O)NC1CC1)C2c1ccc(-c2cc(=O)c(C(=O)NO)c[nH]2)cc1,0
protein15,1,CCC#CCCCNC12Cc3ccc(OCC(C)CO)c(c3C(c3ccnc4ccccc34)CC1SCC#N)C2=O,0
protein15,1,CC(=O)Cc1c(C#N)c(-c2ccc(F)cc2)c(-c2ccncc2)n1C,0
protein15,1,CC1(c2ccccc2C(=O)N2C(=O)C(C)(CNc3ncccn3)c3ccccc32)CCNC1=O,0
protein15,1,CC(=O)Nc1cccc(Cl)c1C(=O)Nc1ccc(OC2CCN(C)CC2)cc1,0
protein15,1,Cc1ccccc1NC(=O)c1cnc(-c2ccc(F)cc2)c2c1N(C)C(=O)c1cc-2cc(N(C)C)c1,1
protein15,1,CC(C)CC1NC(=O)C2NC1CN(Cc1cc(-c3nc4cc(Cl)ccc4[nH]3)ccc1F)C(=O)C21CCCC1,0
protein15,1,Cc1nc2c(-c3ccc(CCN(C)Cc4ccccn4)cc3)c(Cl)cnc2[nH]1,0
protein15,1,O=C(NC1CC2CCC(C1)N2C(=O)c1cc(-c2ccccc2)on1)C1CCNC1,1
protein15,1,CC(C)Oc1ccccc1-c1cn2ccc(COC3CN(C(=O)CC(C)(C)C)CC3O)cc2n1,0
protein15,1,COc1cc(SCCCN2CCCC2)nc(N2CCC(NC(C)=O)CC2)n1,0
protein16,1,O=C(c1cc(C(F)(F)F)c(Cl)cc1F)N1CCN(Cc2ncco2)CC1,0
protein16,1,CC(C)CC(NC(=O)C1CC2CN(C1)S(=O)(=O)CCC21OCCO1)c1ccccc1,0
protein16,1,CC(=O)Nc1ccccc1N(Cc1ccccc1F)C(=O)c1cccc2[nH]c3c(c12)OCCC3,1
protein16,1,CCCC1CN(c2c(N)ncnc2NS(=O)(=O)c2ccc(Cl)cc2Cl)C(=O)O1,0
protein16,1,Cc1ccnc(Nc2nccc(NC(=O)C(C)(C)C)n2)c1C,0
protein16,1,Cc1cc(OC(C)CCC2CCC(=O)N2)n2nc(-c3cccc([N+](=O)[O-])c3)cc2n1,1
protein16,1,CC(C)CCCCN=C(S)N1CCN(C(=O)C(C)O)CC1,0
protein16,1,CCNc1nc2ccccc2c(C#N)c1C#N,1
protein16,1,CC(C)c1nc(-c2ccc(Oc3ccc(C(=O)O)cc3N3CCSCC3)cc2)no1,0
protein16,1,Cc1ccc(C)n1-c1nc(N)c2c(-c3ccccc3)nn(C)c2n1,1
protein16,1,CC(C)NC(C)(C)C(C)(C)N,0
protein16,1,Cn1cc(C2CN(C(C)(C)C)C(=O)N2Cc2cc(-c3cccnc3)ccc2OC(F)(F)F)cn1,0
protein16,1,O=C(CCCn1nccc1-c1cc(Cl)ccc1OCC(F)(F)F)Nc1cnn(CC2CCCCC2)c1,0
protein16,1,Cc1ccc(C)c(NC(=O)C2CC(=O)N(c3cccs3)C2)c1,1
protein16,1,CC(=NOC(=O)N1CCC(CC#Cc2c(C)oc3c(C(F)(F)F)cccc23)CC1)c1ccccn1,0
protein16,1,O=C1C2=C3C(=C1SN3c1ccccc1F)N(CCCCl)C=C2,1
protein16,1,CC=NOc1ccc(-c2ccccc2CNc2nnc(SC)s2)cc1,0
protein16,1,CCNC(=S)N1CC=C(c2ccccc2)CC1,0
protein16,1,CCOP(=S)(NCCCNCc1cc(-c2ccccc2)ccc1F)OC(C)C,0
protein16,1,CC(C)n1cc(C(=O)N2CCN(c3ccc(-c4cnccn4)cc3N)CC2)c2nccnc21,1
protein16,1,CC(=O)Nc1cc(C(=O)OCc2ccccc2)cc(-c2cnc(Nc3ccc(Cl)cc3)[nH]2)c1,0
protein16,1,CCS(=O)Cc1c(-c2ccccc2)nc(C)c2c1COC2=O,1
protein16,1,CC1CCC(NC(=O)c2cc(-c3ccc(Cl)c(S(N)(=O)=O)c3)on2)CC1,0
protein16,1,Cc1cc(N)c(-c2nc3cncc(-c4cc(F)cc(F)c4)c3n2CC2CCCO2)c(NC(C)C)n1,1
protein16,1,CC(C)n1nc(C(=O)N2CCS(=O)(=O)N(C)C2)c2ccccc21,0
protein16,1,CC(C)CCN1CCC(NC(=O)Nc2ccc(F)cc2)c2ccc3c(c21)OCCO3,0
protein16,1,Cc1nc2nc(-n3nc(C(N)=O)c(Cl)c3C)ccc2c(N)c1C,1
protein16,1,CC(=O)NC1Cc2ccccc2C(Nc2nc(-n3ccnc3)ncc2C(F)(F)F)C1,1
protein16,1,Cc1cc(C(=O)Nc2ccc(OS(=O)(=O)O)cc2)ccc1F,0
protein16,1,O=Cc1cnc2c(-n3cncn3)cccc2c1N1CCN(Cc2c[nH]c3cc4c(cc23)CCC42CCCOC2)CC1,0
protein16,1,CC(C)(C)NC(=S)NN=C(O)C(c1ccccc1)(c1ccccc1)C1CCNC1,0
protein16,1,CCCCC1CN=CN1,0
protein16,1,Cc1ccc(CCSc2nc(CC(=O)Nc3ccccc3N3CCSCC3)cc(=O)n2C)cc1,1
protein16,1,CC1(C)Cc2cc(O)ccc2C1=NNC(=O)CCN1CCOCC1,1
protein16,1,CC(C)OC(=O)c1cnn(-c2cc(F)ccc2F)c1N1CCCc2ccccc2C1,0
protein16,1,CCCS(=O)(=O)Nc1cccc(-c2cc3ccc(N4CCOCC4)nc3nc2Cl)c1,0
protein16,1,NC(CC(=O)NC(Cn1cnc(-c2cccc(C(F)(F)F)c2-c2ccc[nH]2)c1)C1CC1)Cc1cccc2c1OCCCC2,0
protein16,1,CC(=O)Nc1ccccc1NC(=O)c1cn(-c2ccc(Oc3ccccc3)cc2)c2ccccc2c1=O,1
protein16,1,CCS(=O)(=O)N1CCCCC(Nc2nc(N(C)C)ncc2Cl)C1,0
protein16,1,CC(=O)c1cccc(OCCCOc2cccc(S(C)(=O)=O)c2)c1,0
protein16,1,O=C(NC1(c2cc(-c3nc4ccccc4[nH]3)[nH]n2)CCCCC1)c1ccccc1C(F)(F)F,0
protein16,1,CCc1cnc(Nc2ccc(Cl)cc2CNC(=O)c2ccncc2O)nc1-c1cccc2c(CC)coc12,0
protein16,1,CCCC(C)(C)c1ccc(C2CN3CC(C)CC(C3)N2)cc1,0
protein16,1,Cc1c(Cl)cccc1NC(=O)c1ccccc1NC(=O)C(C)N1CCN2CCCCC2C1,0
protein16,1,CCn1c([N+](=O)[O-])cnc1C=Cc1ccccc1,1
protein16,1,CCCC(C)(C(=O)NCC1(N(C)CCN(C)C)CCCCC1)c1ccccc1,0
protein16,1,CC(C)C1CC(F)C(COCC2CC2)N(C2CCN(C(=O)c3ccccc3CN3CCN(C)CC3)CC2)C1,0
protein16,1,Nc1cc([N+](=O)[O-])cc(S(=O)(=O)NO)c1F,1
protein16,1,CCCNC(=S)Nc1nc(O)c2c3c(ccc2n1)CCCC3,1
protein16,1,CCc1nc(-c2ccc3c(c2)N(c2ccc(OCC(=O)O)cc2)C(C)CC3)cs1,0
protein16,1,CCCC1CCN(C(=O)Cn2nc(C)c3cnc(N)c(OC(F)(F)F)c32)CC1,0
protein16,1,CC(=O)OC1CCCC(CNC(=O)C2CN(c3ccccc3)C(=O)C2CCCN2CC=C(c3ccc(F)cc3)CC2)C1,0
protein16,1,CCOc1cc2cc3c(nc2nc1NN=C1C=C(CC)Cc2ccsc21)CCC3,1
protein16,1,Cc1ccncc1Nc1nc(N)c2c3c(ccc2n1)Oc1c(ccc(O)c1Cl)C3,1
protein16,1,Cc1nnc(C(C)Nc2ccc(C(=O)NCc3ccc(F)c(F)c3F)cc2Cl)s1,0
protein16,1,O=C(Nc1cn(C2CCN(C(=O)c3c(F)cccc3Cl)CC2)cn1)c1cccs1,0
protein16,1,CCN1CCN(c2c3c(nc4cc(-c5ccccc5O)nn24)CCCC3)CC1,1
protein16,1,CC(C)CC1NC(=O)C(Cc2ccc(-c3ccc(F)cc3)cc2CN2CCC(CO)C2)NC1=O,0
protein16,1,O=C1Nc2cc(c(Cl)cn2)-c2c1n(CC1CCCNC1)c1ncccc21,0
protein16,1,O=C(CC1CCCCN(C(=O)c2cccs2)C1)Nc1cccnc1,0
protein16,1,O=C(O)C1CCCCC1CCC=Cc1cc(Cl)ccc1O,0
protein16,1,Cc1ccccc1C(C)Nc1nc(NC(=O)OC(C)(C)C)c(F)c(-c2csnn2)n1,0
protein16,1,O=C(C1CCC(c2ccccc2)N1S(=O)(=O)c1ccccc1)N1CCCC(O)C1Cc1ccccc1,0
protein16,1,CC(C)CC(=O)N1N=C(c2ccccc2OC2CCOCC2)CC1c1cccc([N+](=O)[O-])c1,1
protein16,1,Cc1ccccc1NS(=O)(=O)c1cccc2nsnc12,0
protein16,1,CCc1nc(C)sc1C(=O)N1CCCC(CCNC(=O)C=C(C)C)C1,0
protein16,1,CC(C)Cn1c(=O)cnc2c(Nc3nc4ccccc4cc3C(N)=O)cccc21,1
protein16,1,CCCCc1nc(Nc2ccc(Cl)cc2OC)c2ccc(C(=O)O)cc2n1,0
protein16,1,CC[S+]([O-])c1ncc(C(C)C)n(Cc2ccc(C(N)=O)cc2)c1=O,0
protein16,1,CCNC(=O)C1C(c2ccccc2)C(C)CN1C(=O)C1CCCCC1,0
protein16,1,CCc1ccccc1NC(=O)c1cc(-c2cccc(OC(F)(F)F)c2)on1,0
protein16,1,Cc1sc2ccc(NC(=O)COc3ccc(C(F)(F)F)cc3[N+](=O)[O-])cc2c1C,1
protein16,1,CCN(C)c1ccc(-c2nc3c(OCc4ccccc4)nn(Cc4cccs4)c3c3cc(OC)ccc23)cc1,1
protein16,1,O=c1[nH]c2cc3c(cc2c2cc(-c4cccs4)nnc12)OCCO3,0
protein16,1,CCN(CC)CCNC(=O)c1cccc(OCCC(CF)(C(N)=O)N2CCCCC2)c1,1
protein16,1,CCCCCCNC(=O)CC(N)C(=O)O,0
protein16,1,O=C(NC1CCC(CCNc2ccnc3ccncc23)CCS1(=O)=O)c1ccc(Cl)c(C2CCCCC2)n1,0
protein16,1,CC(C)CN1CCCC1CC1CN2CCN(CC2)c2sc3cc(F)ccc3[n+]2C1,0
protein16,1,CCC1CCC(NC(=O)C2CCN(C(=O)c3c(C(F)(F)F)n[nH]c3N)CC2)CC1,0
protein16,1,Cc1nc2ccccc2cc1NC(=O)c1ccc(-c2nc(NCC3CC3)c3cc(C(C)(C)C)sn3c2=O)c(Cl)c1,0
protein16,1,CC(C)CC#CCCN1CCCC1CN(C)C1Cc2ccccc2CC1O,0
protein16,1,CCC(C1CCCO1)N(C)C(=N)NC1CC2CCC(C(C)(C)NC(C)C)CC2C(Cn2nc(-c3ccccc3)ccc2=O)C1,0
protein16,1,Cc1ccc(Nc2nccc(-c3cc(C(=O)NC4CCCC4)sc3C)n2)cc1,0
protein16,1,Cc1cccc(-n2c(CC#N)nc3c(Nc4ccccc4N(C)C)c(C)ncc32)c1,0
protein16,1,Cc1ccsc1-c1nccc(C(=O)NC2CC3CCC2(c2ccc(F)cc2F)CN3CC2CCOCC2)n1,1
protein16,1,CC(=O)Nc1c(C)c2c(Oc3cccc4c3CCCC4)cccc2n(C)c1=O,1
protein16,1,CCCn1cc(F)c(C(=O)c2cn(-c3ccccc3)nc2C)c1C,0
protein16,1,CCCCOc1c(Cl)cc2c(c1[N+]#N)Cc1c(N)nc(N)nc1C2,0
protein16,1,CC(C(=O)Nc1cc(F)cc(F)c1)N1CCC(n2c(=O)[nH]c3c(Cl)c(Cl)ccc32)CC1,0
protein16,1,Cc1ccc(Oc2cccc3nc(-c4ccnc(N(C)C)c4)sc23)cc1,1
protein16,1,CCCCCC1(C(F)(F)F)c2nnc(Cl)cc2C(=O)N1c1ccc(F)cc1,0
protein16,1,CC(C)c1cc(CN(C)CCC2CC(c3nnc4sccc4n3)CCC2NC(=O)OC(C)(C)C)c(O)c2c1OCCC2(C)C,0
protein16,1,Cc1ccccc1NCCNC(=O)N1CCC(c2ccccc2)CC1,0
protein16,1,COc1cccc(CC(C)(O)CS(=O)(=O)c2ccc(F)cc2)c1OS(N)(=O)=O,0
protein16,1,Cc1ccccc1S(=O)(=O)N1CCN(Cc2ccc(N(C)C)c([N+](=O)[O-])c2)CC1,1
protein16,1,CCc1noc(C)c1C(=O)N(C)C,0
protein16,1,CC1=CC(=O)N(c2ccc(-n3c(C)c(C)c4cnc(N)nc43)c(F)c2)C1=O,1
protein16,1,CC1c2nccc(-c3cccc(CN4CCC(O)(C(C)(F)F)CC4)c3)c2OC1C(=O)Nc1ccccc1C(F)(F)F,0
protein16,1,O=C(Nc1nncs1)c1ccc(OCc2ccccc2)cc1,0
protein16,1,Nc1ccc(N2CCN(S(=O)(=O)c3ccc4nccc(OCC(F)(F)F)c4c3)CC2)nn1,0
protein17,1,O=C1CC(c2nc3cc(Cl)ccc3n2Cc2ccccc2)CN1S(=O)(=O)c1ccc2cccnc2c1,0
protein17,1,NC1(C(=O)Nc2cc(C(F)(F)F)ccc2N2CCCCC2)CCSC1,0
protein17,1,CCCC(=O)Nc1nnc(Nc2cc3cc(C)ccc3nc2OC)s1,1
protein17,1,O=C(Nc1cc([N+](=O)[O-])ccc1N1CCOCC1)c1ccc(F)cc1F,1
protein17,1,CC1CCC(C2=CS(=O)(=O)N(CC3c4ccc(-c5cccnc5F)cc4NC3(C)C)C2=O)CC1,1
protein17,1,CCNC1CCN(c2c(F)cc3c(=O)c(C(=O)O)cn(CC(=O)N4CCN(C)CC4)c3c2F)C1,1
protein17,1,Cc1cccc(NC(=O)CCC(=O)NC2Cc3cccc(C)c3-n3c(C)ccc32)c1F,0
protein17,1,CC(C)CNCC1COc2ccc(Nc3c4cccc(F)c4nc4cc(=O)n(Cc5ccc(C#N)cc5)c(=O)n34)cc2O1,1
protein17,1,CC(C)(C)CC(=O)Nc1ccc(CN2C(=O)c3ccccc3C2=O)nc1,1
protein17,1,Nc1ncc2c(-c3ccncc3)cn(Cc3nc4c(Cl)cccc4cc3O)c2n1,1
protein17,1,NC(=O)C1CCC(C(F)(F)F)n2c(nc3ccccc32)N1CCC(CN1CCCCC1)NC(=O)c1cccs1,0
protein17,1,CCCCCC(C)CN1OC(c2ccccc2)CC1=O,0
protein17,1,O=C(Nc1cccc(Oc2ccc(-c3cnco3)cc2)c1)C(Cl)Cl,0
protein17,1,CCCCCc1ccc(I)c(OC(C)c2cccc(-n3ncc(C(=O)O)c3C)c2)c1,0
protein17,1,CCCn1c(=O)c(-c2ccccc2OC)nc2cccnc21,1
protein17,1,CC(C)S(=O)(=O)NC1CCC(O)CC1CNc1ccc(F)cc1-c1ccnc(-n2c(C(F)(F)F)nc3cccnc32)n1,0
protein17,1,CCN1CCN(Cc2cc(Cl)ccc2O)CC1,0
protein17,1,Cc1cnccc1-c1nc(-c2ccccc2O)cs1,0
protein17,1,O=C(Nc1ccccc1Cn1c(C(F)(F)F)nc2ccccc21)c1cccc(F)c1,1
protein17,1,O=C(OCc1ccccc1F)c1sc(-c2cccnc2)nc1C(F)(F)F,0
protein17,1,CCC1CC(Nc2nc3c(c(N4CCC4)n2)CC(C)C(C)(C)C3)CN(CC2CC2)C1,0
protein17,1,CCN(CC(=O)Nc1ccccc1C(=O)O)C(=O)CS(=O)(=O)c1ccccc1,0
protein17,1,CCCCCC1NCCN1c1c(C)cc(=O)n2c1c(-c1ccc([N+](=O)[O-])cc1)cn2C,1
protein17,1,CN(CCc1ccc(F)cc1)C1CCN(C(=O)C2N3C(=O)C(O)CC3CC2(C)C)CC1,0
protein17,1,COC1COCC2C(=O)N(C=C(C)N3CCCCCC3)C(=O)CC12,0
protein17,1,NC(=O)c1cccc2[nH]c(-c3cnc(C(F)(F)F)c(N4CCCC(N)C4)c3)nc12,0
protein17,1,CC(C)CN1CCC(C)C(CCCCOc2c(C#N)cnc(N3CCC(OCCN4CCCCC4)C3)c2Cl)C1,0
protein17,1,CCCn1cc(-c2cnn3c(N=C4CC(CC)CN4)c(-c4ccccc4Cl)ccc23)cn1,0
protein17,1,Cc1ccc2c(n1)C(=O)CC(c1cc(O)c(O)cc1C)N1CCN=C21,1
protein17,1,CCc1nc2ccccc2n1S(=O)(=O)c1ccc(N2C(=O)c3ccccc3C2=O)cc1,0
protein17,1,CCn1cc(-c2ccnc(Nc3ccc(OCC4CC4)cc3)n2)cn1,1
protein17,1,Cc1cccc2c(S(=O)(=O)Nc3c(C(=O)N(C)C)ccc(Cl)c3Cl)ccnc12,0
protein17,1,NC(=O)c1cc(F)c(F)c(CC(=O)c2cc(-c3cccc(F)c3)on2)c1N,0
protein17,1,Cc1c(C(=O)O)oc2cc(Oc3ccc(C(N)P(=O)(O)O)cc3)ccc12,0
protein17,1,O=C(CCCCC(=O)N1CCNc2ccccc21)NCc1ccc(Cl)cc1Cl,0
protein17,1,O=C1CCN(C(=O)c2ccccc2)c2ccccc2N1,0
protein17,1,FC(F)(F)Oc1ccnc2c(CN3CC(n4ccnc4)c4cccc3c4)cccc12,1
protein17,1,CC1Cc2ccc(C(F)(F)F)cc2CC1N(Cc1ccc([N+](=O)[O-])cc1)C(=O)C(C)(C(C)CO)N(C)C,1
protein17,1,Cc1ccc(NC(=O)c2cccc(NC3CCN(C)C(C)C3)c2)cn1,0
protein17,1,Cc1c(-c2ccccc2)nc(-n2c(C(F)(F)F)nc3ccc(C(N)=O)cc32)c(C)c1-c1cccs1,1
protein17,1,Nc1nc(N)c2c(n1)-c1cc(OC(F)(F)F)ccc1OCC2NCC(F)(F)F,1
protein17,1,[C-]#[N+]c1cc(C2Cn3c(C#N)ccc3C(c3ccccc3)N(S(C)(=O)=O)C2=O)c(F)cc1F,0
protein17,1,CCN(CC)CCn1c2cc(C)ccc2c(=O)c2c3c(cnc21)CCCC3,1
protein17,1,CCN(CC)CCNc1ncccc1-c1nc(O)c2c(COc3ccc(C)cc3)nc(O)nc2n1,1
protein17,1,CC(C)CC1NCCc2cc(C(=O)Nc3nnc(-c4ccc(C#N)cc4)o3)ccc21,0
protein17,1,O=C1CC(c2ncc3n2CC(c2ncc(N4CCCC4)s2)C3)N1,0
protein17,1,CCn1cc(C(=O)O)c(=O)c(O)c1Cc1ccccc1OC,0
protein17,1,Cc1ccc(OCC(=O)NC2CCCCC2)c(Cl)c1Cl,0
protein17,1,O=c1[nH]c2ccc(F)cc2n1-c1ccc(Cl)cc1C(O)P(=O)(O)O,0
protein17,1,CCOC(C)(OC)C(C)n1cc2c(=O)nc1c1cc3c(cccc3n(C)c1=O)[nH]c2=O,0
protein17,1,O=C1OCC(c2ccccc2)=C2C(=O)N1c1ccccc12,1
protein17,1,O=Cc1c(C(F)(Cl)Cl)[nH]c2ccccc12,0
protein17,1,CC(CS(=O)(=O)N1CCOCC1)C(=O)NCc1cccnc1N(C)c1ccc(F)cc1,1
protein17,1,CCC(O)Cn1cc(-c2nc3nc(Nc4cc(-c5cncnc5)n(C)n4)ccc3[nH]2)c2cccc(F)c21,1
protein17,1,COc1ccc(C(C)n2c([N+](=O)[O-])cnc2C)cc1,1
protein17,1,CCCCC1=C(NC(N)=O)CCC1,0
protein17,1,COc1cccc2c(-c3cncc(NCCOc4ccc5c(c4)CC(C)(C)CC5)n3)cn(C(=O)CCO)c12,0
protein17,1,CCN1C(=O)c2ccccc2S1(=O)=O,1
protein17,1,Cc1ccc(Cn2cc(-c3ccccn3)c3cc(C)nc(C(=O)Nc4ccc(C)c(F)c4)c32)cc1,1
protein17,1,CCN1CCN(c2nc(C)nc3c(OC(F)(F)F)cccc23)CC1,1
protein17,1,Cc1ccc(C(=NO)NC2CCC(C)CC2)cc1COc1cccc2c1C(=O)N(C)C2=O,1
protein17,1,CC1(CN)CCCCc2c1ccc(O)c2CCN1CC=CC1=O,1
protein17,1,Cc1ccnc(CN2CCCC2)c1-n1c(-c2c(F)cccc2F)cc(OCC(C)C)nc1=O,0
protein17,1,CN1CCC2(C)CCC3CN(CC(NC(=O)c4cccnc4)C(=O)Oc4ccc(OC(F)(F)F)cc4)CCC3C12,0
protein17,1,CC1(NC(=O)c2cccc(NC(=O)c3ccc(N4CCCCC4)c([N+](=O)[O-])c3)n2)CCCCC1,1
protein17,1,Cc1c(C)n(C)c2cc(-c3ccc(NC(C)CO)cn3)cc(NC3CCNC3)c12,1
protein17,1,CC(C)CC(N)Cc1ccc(=S)n(C)c1,0
protein17,1,CCOC(=O)C1c2ncccc2-c2cc(Cl)c(cc2F)OCCSC1CP(=O)(O)O,0
protein17,1,CCON=C1CCN(c2cc(Cl)c(C(=O)Nc3ccc(S(=O)(=O)Nc4ncc(F)cc4F)cc3)cc2F)CC1,0
protein17,1,O=c1c(C(=S)NCc2ccccn2)cn(C2CC2)c2c(C(F)(F)F)cccc12,0
protein17,1,CCC1CCCCN1c1c(Sc2ccccc2)c(O)nc2ccccc12,1
protein17,1,CC(C)CCNC(=O)C1CCC(CS(=O)(=O)c2ccccc2)CN1,0
protein17,1,Cc1cccc([N+](=O)[O-])c1NC(=O)c1ccc(Nc2nccc(NCCO)n2)cc1,1
protein17,1,CCC1CN(c2cccc3cc(C4CCC5(CCN(C(=O)COc6ccccc6)CC5)O4)sc23)CCN1C,0
protein17,1,CCCn1ncc(-c2cc(F)c(C(=O)NC(C)c3c(C)n(C)c4ccc(S(C)(=O)=O)cc34)c(F)c2)c1N,1
protein17,1,O=C(c1c(F)c2cccc3c2n1CCC3C(F)(F)F)N1CCCCC1,1
protein17,1,CCS(=O)(=O)NCC1CCCN(Cc2ccccc2)C1,0
protein17,1,CNc1ncc2c(Nc3ccc(OC(F)(F)F)cc3)c(Oc3cccc(C(C)=O)c3)ccc2n1,0
protein17,1,CC(C)CC(NC(=O)N1CCCN(c2cccc(C(F)(F)F)c2)CC1)C(N)=O,0
protein17,1,CC(C)Oc1cccc2c1CCC1=NOC3(CCN(C)CC3)CC12c1ccccn1,0
protein17,1,CC(C)CCNCC(N)CO,0
protein17,1,CCCCC1CCCN(C(=O)c2c(NC(=O)CSc3nc(C)c4ccccc4n3)sc(C)c2C)C1,0
protein17,1,CCN(CC(=O)Nc1ccccc1-c1ccccc1)CC(F)(F)F,0
protein17,1,Cc1ccc(Nc2nnc(C3CC3)s2)cc1Cl,0
protein17,1,CC(C)CNC(=O)c1cc(-c2cc(Oc3ccc(N4CCN(C5CCCC5)CC4)cc3)ncn2)ccc1N,1
protein17,1,CCn1nc(Oc2ccc(F)cc2Cl)c(CC(=O)Nc2cc(C)on2)c1C,0
protein17,1,CCOC(=O)c1c(C)n(-c2ccccc2)c2ncccc12,0
protein17,1,Fc1cccc2nc(Nc3cccc(C(F)(F)F)c3)n(Cc3cccc(OC(F)(F)F)c3)c12,0
protein17,1,CC(=O)CC1c2cnn(-c3ccccc3)c2C2=CCN1C(=O)Nc1ccc(Cl)cc12,0
protein17,1,CC(C)C(C(=O)N(CC#CCl)CC1CNCCN1C)C(O)C#Cc1c(Cl)ccnc1Cl,0
protein17,1,Cc1ncc([N+](=O)[O-])n1CCN1CCC(C)CC1,1
protein17,1,CC(=O)OC1c2cc(C(F)(F)F)ccc2NC(c2c(C)cccc2C(F)(F)F)C1C1(CC(=O)O)CCC[N+](C)(C)C1,1
protein17,1,Cc1ccc2c(=O)n(C)nc(CC(=O)OCC(=O)N(C)c3ccccc3C)c2c1,0
protein17,1,CC(C)CCn1cccc(Nc2ccncc2Nc2nc3c(NC=CC(=O)O)cc(Cl)cc3s2)c1=O,0
protein17,1,CC(C)n1ncc2cc(NC(=O)Cc3ccc(C#N)cc3)c(-c3ccsc3)cc21,0
protein17,1,Cc1c(Cc2n[nH]c3c(F)cc(Cl)cc23)c(=O)n(-c2ccccc2)n1C(F)(F)F,0
protein17,1,Cc1nc(C(C)(C)C)c(F)cc1Oc1nc(N)nc(NC(=O)C2CCCCC2)c1F,0
protein17,1,COc1cnc(-c2cccs2)nc1Nc1cc(C(C)(C)O)nc2ccccc12,1
protein17,1,CCOC(C)c1ccc(C(=O)N2CC(C)c3c2cnn3C)cc1,0
protein17,1,COc1cc(C(=O)N2CC3c4cc([N+](=O)[O-])c(N(C)C)nc4OCC3(C)C2)cc(-c2ccccc2F)c1,1
protein18,1,Cc1ccc2nc(NC(=O)C3CSC(=O)N3C(=O)CC(C)(C)C)sc2c1Cl,0
protein18,1,CCCN1CCC2Cc3ccc4c(c3N(C)C2C1)CN(CC1CCCCC1)C4=O,0
protein18,1,O=C1C(=Cc2ccccc2)NCC1Oc1ccccc1Cl,0
protein18,1,CNC(=O)CN(C(=O)c1sc2c(c1C)C(=O)CCC2)C1CCCCC1,0
protein18,1,CC(C)n1cc(C(=O)Nc2ccc(C(=O)c3cn4ccccc4n3)cc2)c(C(F)(F)F)n1,0
protein18,1,NCc1ccc2c(N3CCCCC3)nc(Nc3cccc(-c4ncccn4)c3)nc2c1,1
protein18,1,O=C(NC(=S)N1CCN(c2ccccc2Cl)CC1)c1cccc([N+](=O)[O-])c1,1
protein18,1,CCC1C(NS(=O)(=O)c2ccc(C)cc2)CCCC12NC(=O)NC2=O,0
protein18,1,CC(=O)Nc1ccc2c(S(C)(=O)=O)nc(-c3ccc(N4CCNCC4)c(F)c3F)cc2c1,1
protein18,1,O=C(NC(=S)N1CC=C(C(F)(F)F)CC1)c1c(O)n(-c2ccccn2)c2ccccc12,0
protein18,1,CCc1cccc(C(F)(F)F)c1NC(=O)CS(=O)(=O)c1cn(C)nc1-c1cccc(C)c1,0
protein18,1,CC1Oc2c(ccc(-c3cnc(N)c(-c4cccc(CN5CCCN(C(=O)Nc6ccccc6)CC5)c4)c3)c2F)C1C,1
protein18,1,CN1CCCCC1CNC(=O)c1ccc(N2C(=O)C3CCC(N)CC3(COCc3ccccc3)C2=O)cc1,0
protein18,1,CCOc1ccccc1-c1nc2cc(OCc3cccc(OC(C)=O)c3)c(C(C)=O)cn2c1CN1CCOCC1,1
protein18,1,CCc1sccc1OCc1cn(O)c2ccccc12,1
protein18,1,Cc1nn(C)c2cc(S(=O)(=O)N3CCCCC3Cc3ccc(F)cc3)cnc12,0
protein18,1,Nc1c(-c2cccc(OC(F)(F)F)c2)c(O)nc2ccccc12,1
protein18,1,Cn1cc(CN2CCC(CC(C)(C)C(O)c3ccccc3)C(Oc3cc(C(F)(F)F)ccn3)C2)cn1,0
protein18,1,CC(=O)Nc1ccc2c(C(=O)N3CCC(N4CC(=O)Nc5cc(Cl)ccc54)CC3)coc2c1,0
protein18,1,CC(C)(CNS(C)(=O)=O)c1cn(-c2ccccc2C(=O)n2c(=O)[nH]c3cccnc32)c2ccc(F)cc12,0
protein18,1,CCC1OCC(Cc2ccc(-c3cc(-c4cccc(OC)c4)cc4ncnc(N5CCOCC5)c34)cc2)N(C)C1=O,0
protein18,1,O=C1COC(=O)C1c1ccccc1,0
protein18,1,Cc1ccc2nccc(S(=O)(=O)c3ccccc3)c2c1-c1ccc(N)cc1C1=NCCN1,1
protein18,1,CCCCNC(=O)C1(N2CCCCC2)CCN(C(=O)OCc2ccccc2)CC1,0
protein18,1,CCN(CC)c1nc2sc(CSC)nc2c2ccccc12,1
protein18,1,NC1=C(c2nc3cc(Cl)ccc3[nH]2)C(c2ccccc2)c2ccc(Br)cc2O1,0
protein18,1,Cn1c(-c2ccc(N3CCOCC3)cc2)c2c3cc(ccc31)Oc1ccc(O)c(c1)CNC(=O)C2,0
protein18,1,CCCCP(=O)(O)CC1OC(C)C(c2ccc(OC)c(OC)c2)c2ccccc21,0
protein18,1,O=C(Nc1cccc(F)c1)C(c1ccccc1)N1C(=O)Cc2ccccc21,0
protein18,1,CCCN1CCC(CC)(C(=O)OC)C(c2ccccc2)C1,0
protein18,1,CC(C)CC(CO)NCC1CCC(O)CCCC(=O)NC23CN(CCS1(=O)=O)C(=O)C2Cc1ccccc13,0
protein18,1,CCn1cc(-c2ccc(C3(C(=O)NC(C)C(=O)O)CC3)cn2)cc(C#CC2(NC(=O)C3CCCCC3)CCCC2)c1=O,0
protein18,1,O=C(NC1CCCCC1)c1cncc([N+](=O)[O-])n1,1
protein18,1,COc1ccc(-c2nc(Nc3cnn(C)c3)cc(-c3cc4c(cc3OC)N(C)CCO4)n2)cc1NC(C)=O,1
protein18,1,CCOCCN1CCC(c2oc(-c3ccc(OC)cc3)cc(=O)c2O)CC1,0
protein18,1,CCSc1c(I)cc(N)c2c(CN)c(Cl)ccc12,1
protein18,1,Cc1cc(C)c(S(=O)(=O)N(C)C)cc1NC(=O)CNc1ccc2c(c1)nc(C)n2C,0
protein18,1,CCCCC1CCc2cc3c(cc2N1C(=O)CNC(=O)c1ccc(F)cc1)C(=O)N(CCC#N)C3=O,0
protein18,1,NC(=NO)NC1CCCCC1CC(O)C1Cc2c([nH]c3ccccc23)-c2ncccc21,0
protein18,1,Cc1ccccc1Nc1nc2cc(C(F)(F)F)ccn2c(=O)c1C=CC#N,1
protein18,1,Cc1ccc(Nc2cccc(C(=O)Nc3cccc(C)c3I)c2)nc1C,0
protein18,1,CCn1c2ccc(S(=O)(=O)NCCC#N)cc2c2c(C)ncnc21,1
protein18,1,O=C(Nc1cc([N+](=O)[O-])ccc1N1CCOCC1)c1ncccc1F,1
protein18,1,O=c1c2ccccc2c2c(n1-c1nc3ccccc3[nH]1)-c1ccncc1CC2,1
protein18,1,Cc1ccc2nc(O)c(S(=O)(=O)N3CCN(C(c4ccccc4)c4ccccc4F)CC3)nc2c1,0
protein18,1,Cc1cc(CN2CCC(CCNS(=O)(=O)c3c(Cl)cccc3Cl)CC2)no1,0
protein18,1,O=C1c2cc(OCCCNCC(O)COc3ccccc3)ccc2-c2[nH]c3ccncc3c21,1
protein18,1,CC(C)CC(=O)N1CCN(c2ccccc2OC2CCS(=O)(=O)C2)CC1,0
protein18,1,Cc1cc2c(n1S(=O)(=O)c1ccccc1C(=O)N(C)C)-c1ccccc1CC2,0
protein18,1,O=C(CCCn1ncc2cccnc21)NC1CCCCC1,0
protein18,1,O=C(NCc1ccc(S(=O)(=O)N2CCOCC2)cc1)c1c(F)cccc1Cl,0
protein18,1,CCN(CC)C(=O)c1ccccc1NC(=O)c1csc2c1CCCC2,0
protein18,1,CC1CCC(NC(=O)C2CCN(c3nnc(-c4c(-c5ccc(F)cc5)nc5ccccn45)s3)CC2)CC1,1
protein18,1,CC1(C)CC(n2c(=O)[nH]c3cccc(-c4ccc(-c5c(C(N)=O)nc6ccc(F)cn56)s4)c32)C1,0
protein18,1,CC(C)(C(=O)Nc1nccs1)c1ccc(NC(=O)c2cccnc2O)cc1,0
protein18,1,CC(C)(C)NC(=O)N=c1c(Sc2ccccc2Cl)nc2cc(Cl)ccc2n1O,1
protein18,1,CCC(CC(=O)N1CC=C(c2ccc(-c3cc4c(N)nnc(N)c4s3)cc2)CC1)CC(F)(F)Cl,1
protein18,1,O=Cc1cc([N+](=O)[O-])ccc1N1CCN(C(=O)OC2CCCCC2)CC1,1
protein18,1,O=C(NC1CCCN(Cc2ccc(F)cc2)C1)c1cc2cccnc2n1Cc1ccc(Cl)cc1Cl,0
protein18,1,Cc1nc2cc3c(cc2cc1C(=O)O)Nc1ccc(Cl)cc1C(=O)N3C1CCCC1,0
protein18,1,O=C(CCN1CCCCCC1)NN=Cc1ccccc1F,1
protein18,1,CCCC(C)NC(=O)C1CCC(=O)N1c1ccc(OCC)cc1,0
protein18,1,Cc1[nH]c2c3c(N(C)C)nnc-3ccn2c1-c1cccc(Cl)c1,0
protein18,1,CC=CCOC1(CO)CS(=O)(=O)C1,0
protein18,1,Cc1ccc(Oc2ccc(NS(=O)(=O)c3ccc(F)cc3)cc2)cc1,0
protein18,1,CCCc1nnc(NC(=O)c2cc(S(=O)(=O)N(C)C)ccc2Cl)s1,0
protein18,1,CC=C(C)S(=O)(=O)Nc1ccccc1C=Nc1nc(N(C)C)nc2c(C)cccc12,1
protein18,1,CC(C)CC(=O)N1CCC2(CCc3ccc(O)cc3C2(C#N)CC#N)CC1,0
protein18,1,CCCn1ccc2ccc(OCCN(CC)CC)cc21,0
protein18,1,CCCCN1C(=O)CC(c2cc(C(C)(C)C)ccc2OCC)c2c1nn(-c1ccc3c(O)nc(O)nc3c1)c2C,1
protein18,1,CCOC(=O)c1sc(=S)n(-c2ccc3c(c2)CCC3)c1C,0
protein18,1,O=C(CCc1cn2ccccc2n1)NCc1ccc(-c2c(F)cccc2F)s1,0
protein18,1,CC(C)C(C#N)S(=O)(=O)Cc1cc2c(cc1Nc1cc(N3CCCCC3)nc3ccccc13)OCCO2,1
protein18,1,Cc1ccc2[nH]c3c(c2c1)CCN(C(=O)c1ccccc1S(=O)(=O)Nc1ncccc1C)C3(C)C,0
protein18,1,O=c1cc(Nc2ccc(F)cc2)n2nccc2[nH]1,0
protein18,1,CC(C)CC1CCN(C(=O)Cn2cc(C(=O)COc3ccccc3)c3ccccc32)CC1,0
protein18,1,CC(C)Cn1cccnc1=O,0
protein18,1,CC(C)Oc1cc(C2=C(N(C)C)C(=O)CC(c3ccccn3)C2)ccc1-c1cccnc1,1
protein18,1,O=C1Nc2ccccc2SC1CCC(=O)N1CCN(c2nc3ccccc3s2)CC1,0
protein18,1,CCc1ccc2[nH]c(C3(NC(=O)c4cnccc4C(=O)O)CCCCC3)c(C#N)c2c1,0
protein18,1,Cc1cccc(-c2cncc(NCCCCN3CCN(c4noc5cc(CC(N)=O)ncc45)CC3)c2)c1,0
protein18,1,O=C1N(c2cc(Cl)ccc2F)C2CC3CCCC2(CCc2ccc(cc2)O3)N1c1ncccn1,0
protein18,1,CCNc1nc2c(nc1Nc1cc(F)c(C)c(F)c1)CCNC2=O,0
protein18,1,CCOC(=O)c1c(C)n(NC(=O)CC2CCN(S(=O)(=O)CC)CC2)c2ccccc12,0
protein18,1,O=C1Nc2nn3cc(-c4ccccc4)c(OC(F)(F)F)c(-c4ccc(F)cc4)c3c21,1
protein18,1,Cc1ccc(-c2cc3c(-c4c(Cl)cnn4C)n(CCCl)nc3c(N)n2)cc1Cl,1
protein18,1,CCc1nn(CC(=O)NCCN2Cc3ccccc3N=C2S)c(-c2ccccc2)c1Cl,0
protein18,1,Cc1c(CCl)nc2c(cnn2-c2ccccc2)c1S(=O)(=O)N1CCCCC1,1
protein18,1,Cc1ccc(NC(=O)Cn2c(=O)c3c(N)c4c2cccc4n3C)cc1F,1
protein18,1,CCCCN1CCN(C(=O)c2cc3c(s2)CCCC3)c2ccccc21,0
protein18,1,Cc1ccc(NC(=O)c2ccco2)cc1CC(C)N1CCN(Nc2ccccn2)CC1,0
protein18,1,CCc1nn(CCC#N)c2cccc(c2)c2c(-c3ccccc3)c(=O)n(C)n12,1
protein18,1,CC(C)C(Cn1cc(-c2cccc(Cl)c2C(F)(F)F)cn1)Nc1c(F)ccc2cccnc12,1
protein18,1,O=C(Nc1ccncc1)c1ccc2c(c1)NC(=O)c1ccccc1S2,0
protein18,1,Cc1cccc(C)c1Nc1nc(S)nc2c1c(-c1cc(F)nc(C(C)(C)C)c1)c(O)n2C,0
protein18,1,Cc1cc(O)cc(C)c1OCC(=O)Nc1cc([N+](=O)[O-])cc([N+](=O)[O-])c1,1
protein18,1,Cc1ccc(Nc2ncc(-c3nc(N)c(Cl)c(N4CCN(C)CC4)n3)c(C)n2)cc1,1
protein18,1,CC(C)n1nc2c(N)c(C#N)c(-c3ccc(-c4ccnc(N)c4)cc3)c(Cl)c2n1,0
protein18,1,[O-][n+]1c(-c2ccc(Cl)cc2)n(Cc2ccc(Cl)c(Cl)c2)c2cc(NCCCO)ncc21,0
protein18,1,CCc1nc2c(C(F)(F)F)cc(-c3cnn(CCNC(=O)CCn4cc(C)cn4)c3)cn2c1N,0
protein19,1,Cc1noc(NS(=O)(=O)c2ccc(Cl)cc2)c1C(=O)O,0
protein19,1,Cc1ccnn1C1CCN(C(CN(C)C)C(C)C)CC1,0
protein19,1,CC(C)CCN1CCN(C(=O)c2cc(S(=O)(=O)N3CCOCC3)ccc2Nc2ccccc2)CC1,0
protein19,1,CCC(=O)N(CCc1ccc(O)c(OC)c1)c1cccc(C)c1C,0
protein19,1,O=C(NO)c1ccccc1CN1CCOCC1C1CCCc2ccccc21,1
protein19,1,CC(C)CC1CCCCN1C(=O)C1CC(CO)N(C(=O)c2ccccc2N)C1,0
protein19,1,CCC1CCC(Nc2onc3c2C2(CCN(C)CC2)c2c(OC)cccc2-3)CC1,0
protein19,1,ON=C(c1ccco1)c1c2ccccc2c(Cl)n1Cc1cccc(Cl)c1,1
protein19,1,Cc1cc(C)nc(SCC(=O)Nc2nc(C)c(CN3CCCCCC3)s2)n1,0
protein19,1,Cc1nc2c(cnn2C=C2CC2(CO)C(O)Cc2ccccc2)c(=O)[nH]1,0
protein19,1,CCN(CC)CCS(=O)(=O)Nc1cc(C(=O)O)ccc1N1CCCC1=O,0
protein19,1,CCC1C(N(C)C2CCCCC2)CCN1c1nccc(N2C(=O)OCC2C(C)C)n1,0
protein19,1,ON(CCCBr)c1ccccc1,0
protein19,1,CC(C)Nc1nc(C#CC(C)(C)O)nc2cccnc12,0
protein19,1,CC(C)CC(NC(=O)C(C)Oc1ccc([N+](=O)[O-])cc1[N+](=O)[O-])C(=O)O,1
protein19,1,Cc1cc(N2CCN3Cc4ccccc4CC3C2)ccc1C(=O)N1CCCCCC1,0
protein19,1,CCNCCc1nnc(O)c2ccc(-c3ccc(F)cc3)cc12,0
protein19,1,Cc1cccc(CC(C)(C)NC(=O)C(=NNc2ccc(C(=O)O)cc2)c2ccccc2)c1,0
protein19,1,CCOc1ccc2c3c1C(CNC1=Nc4ccc(C(F)(F)F)cc4S(=O)(=O)N1)(CC3)C2=O,0
protein19,1,Cc1cc2n(c1C=Nn1cnnc1-c1ccccc1)CC(C)CC2,1
protein19,1,CC(C)CCNC(=O)C(C#N)Cc1c(Cl)cccc1Cl,0
protein19,1,CCc1nnc(NC(=O)C2CCCC2C)s1,0
protein19,1,Cc1nn(CC(=O)N2CCC(Cc3nc4ccccn4c3CC(CCl)C(=O)O)CC2)c(C)c1[N+](=O)[O-],1
protein19,1,CC1C=C(c2ccc3c(n2)-c2[nH]nc(c2Cl)O3)CC2(CCN(c3ncccn3)CC2)C1,0
protein19,1,O=C(Nc1cc(C(F)(F)F)c(Cl)cc1C(F)(F)F)N1CCc2cccn2C1C1CC1,0
protein19,1,O=C(Nc1cnn(Cc2ccccc2)c1)c1ccc(-c2ccc(NS(=O)(=O)C(F)(F)F)cc2F)s1,0
protein19,1,CC(C)N1CCCCCCC1CCN=[N+]=[N-],1
protein19,1,CCCCc1ccc(-c2csc(Nc3cccc(C(=N)N4CCCNCC4)c3)n2)cc1,0
protein19,1,Cc1[nH]c2cc(-c3c(F)cccc3Cl)nn2c(=O)c1S(=O)(=O)Nc1ccc(F)cc1F,0
protein19,1,CCOc1ccc(NC(=O)Cn2nc(-c3ccccc3S(=O)(=O)Nc3nnc(CC(C)C)s3)n3cccc3c2=O)c(OC)c1,1
protein19,1,CCn1ncc2c1S(=O)(=O)C1(CCCCC1N1CCCCC1)C(=O)N2,0
protein19,1,CCN(CCCNC(=O)c1sc2nc(C)ncc2c1C)S(=O)(=O)c1cccc(Cl)c1Cl,0
protein19,1,CC(C)CC(NC(=S)Nc1ccccc1C(=O)Nc1ccc2cccnc2c1)C(=O)O,0
protein19,1,CCN(CC)C(=O)C1C=CC(NC(=O)c2ccc(C(=O)OC)c(C)n2)C1,1
protein19,1,Cc1ccccc1N1CC(C(=O)Nc2ccc(S(=O)(=O)Nc3nccs3)cc2)CC1=O,0
protein19,1,O=C(Nc1cccc(-c2cc3ccccc3nc2Sc2ccc([N+](=O)[O-])cc2)c1)c1ccccn1,1
protein19,1,O=c1cc[nH]c2c1c(-c1ccccc1)cn2-c1cn(-c2ccccc2)nc1-c1ccncc1,1
protein19,1,CCc1ccccc1C(=O)Nn1c(-c2c(Cl)cccc2Cl)nc2ccn(C)c2c1=O,1
protein19,1,CCCc1ccc(CC(C#N)N(C(=O)C(NC(=O)OC(C)(C)C)c2ccc(F)c(F)c2)C(C)C(=O)N2CCOCC2)cc1,0
protein19,1,CCN1CCN(c2nc3c(c(=O)n2C)CCCC3)CC1,1
protein19,1,CCCCCc1cn(OS(=O)(=O)c2ccccc2)c(N)n1,0
protein19,1,CC(C)C(CO)NS(=O)(=O)c1ccc([N+](=O)[O-])cc1[N+](=O)[O-],0
protein19,1,COc1ccccc1C(=O)C1=CN(C)CC(C)N1C(=O)c1ccccc1,0
protein19,1,CC(=O)NC1Cc2ccc(NC(=O)CCCN3CCCC3)cc2C1NC(=O)C1CCCCC1,0
protein19,1,O=C(Nc1ccccc1)C(CO)OCCN1CCc2ccccc2C1,0
protein19,1,CC(C)S(=O)(=O)NC(=O)Cc1cc(OCC#Cc2ccc(CCC(C)(C)C)nc2)cc(C(F)(F)F)c1,0
protein19,1,CCC1Cc2ccc(O)cc2CC1NCCc1ccc(F)cc1,0
protein19,1,Cc1ccc(C)c(NC(=S)NCc2cc(-n3cccn3)ccc2C)c1,1
protein19,1,O=C1CC2OCC(c3ccc(-c4ccccc4)cc3)C2C(=O)N2C(CC3OCC4(CCNC4)CN13)c1ccccc1S2(=O)=O,0
protein19,1,CC(C)CCn1c(SCC(=O)N(CCN(C)C)c2ccc(F)cc2)nc2ccccc21,0
protein19,1,Cc1ccc(S(=O)(=O)N(C)C)cc1-c1ccn2c(N(C)C)nc(-c3cccs3)c2n1,1
protein19,1,CCC1=NCCN1C(C(=O)N(C(=O)C1CCC1)c1ccccc1)c1ccc(C(C)(C)C)cc1,0
protein19,1,Cc1cc(C)c(NC(=O)c2c(O)[nH]c3ccc(F)c(Cl)c23)c(C)c1,0
protein19,1,CCN(CC)c1nc2cccc(-c3cnc(NC(C)c4ccccc4)s3)c2nc1N1CCN(C)CC1,1
protein19,1,Cc1ccc(-c2ccccc2)cc1NC(=O)CS(=O)(=O)c1ccccc1,0
protein19,1,Cc1ccc(NC(=O)C2(N(C)C(=O)c3ccncc3O)CCCCC2)cc1,0
protein19,1,Cc1cc(F)cc(-c2cc(CN3CCOCC3)nc(Nc3nc(C)cn3C)n2)c1,0
protein19,1,Cc1ccc(Cc2cncn2C2CCN(CCOc3ccccc3C#N)CC2)o1,1
protein19,1,CCCCC(O)CC1CCN(C(=O)OCc2c(C)noc2C)CC1,0
protein19,1,O=C(Nc1cccc(-n2ccnc2)c1)c1cnn(C2CCOCC2)c1-n1ccc2cccc(F)c21,0
protein19,1,CC(C)c1ccccc1N1C(=O)CCC12CCCN1CCc3cc(ccc3C1=O)OC(=O)CC2,0
protein19,1,CCCCNC(=O)C1(C#Cc2cccc(C(=N)N)c2)CCCN1C(C)=O,0
protein19,1,CC(C)N(C)c1nccc(-c2cnc(N)cc2-c2cc(C(N)=O)c(N)c(C(C)(C)C)c2)n1,0
protein19,1,Cc1nc2c(OCC(F)(F)F)cc(Nc3nnc(-c4ccccc4S(=O)(=O)N4CCCCC4)s3)cn2c1C,0
protein19,1,CCCCCOc1ccc2ncc(CN3CCC(NC(=O)Nc4ccc(F)cc4F)CC3)cc2c1,0
protein19,1,O=C1Nc2cc(C(F)(F)F)ccc2C1=NNc1ccc([N+](=O)[O-])cc1,1
protein19,1,Cc1ccc(OCCn2ccc3c(-c4cccc5c4SCO5)c(-c4ccccn4)ccc32)cn1,1
protein19,1,Cc1ccc(-c2ccc3nn(-c4ccc(S(N)(=O)=O)cc4)cc3n2)cc1F,0
protein19,1,CC(C)CC(=O)NC(=O)N1C(c2ccc(F)cc2F)CCC2OC3(CCCCCCC(C(=O)O)SC3)NC21,0
protein19,1,CCOc1cc(CN2CCC3(CC2)Nc2ccc(C(F)(F)F)cc2NC3=O)ccc1OCc1cccnc1,0
protein19,1,NC1=NCC(COc2cccnc2)N1CCc1ccccc1,1
protein19,1,CC(C)CCN=C(S)CC1CCC(NC(=O)C2CCN(c3c(C#N)c(CC4CCC4)nc4ccccc34)CC2)S1(=O)=O,1
protein19,1,CCCCN(N=C(O)CN1C(=O)CSc2ccc(Cl)cc21)c1ccccc1Sc1ccccc1,0
protein19,1,CCn1c(CNC(=O)c2ccccc2Sc2ccc(C)cc2)nc2ccccc21,1
protein19,1,O=C(CCl)Nc1ncc(-c2nc(NCC(F)(F)F)ncc2-c2ccncc2)cc1OC(F)(F)F,1
protein19,1,O=C(CC(c1ccccc1)c1ccccc1)N1CCN(Cc2ccco2)CC1,0
protein19,1,CCCCCC1c2cc([N+](=O)[O-])ccc2N(C2CC(C)(C)S(=O)(=O)C(O)C2F)C(=O)C1N,1
protein19,1,CC(C)CCn1c2c(c3cccc(Cl)c3c1=O)CS(=O)(=O)NC2,0
protein19,1,Cc1cc(C(=O)NN=C2CCCC3CCN(C)CC23)[nH]n1,0
protein19,1,CC(=O)Nc1cc(-c2cnccn2)ccn1,0
protein19,1,CC1CCCN(C(S)=Nc2ccc(C#CC3CCCC3)cc2S(=O)(=O)N2CCCCC2)C1,0
protein19,1,O=C1NC2CN(c3nc(Nc4cccc(Cl)c4)ncc3Cl)CCCC2n2cccc21,0
protein19,1,CC1CCc2cc(Cl)ccc2N1S(=O)(=O)c1ccc2c(c1)oc(=O)n2C,0
protein19,1,O=c1c(-c2cccc(C(F)(F)F)c2)c(Cn2ccnc2)n(C2CC2)c2ccc(F)cc12,0
protein19,1,CC(C)Oc1cccc(CC2C=CC(O)C(O)C2)c1,0
protein19,1,O=C1CCC(=O)N1c1ccc(F)c(C(F)(F)F)c1,0
protein19,1,CCCCNC(=O)c1cn(Cc2cccc(F)c2)nc1C(F)(F)F,0
protein19,1,CCCCc1nc2ccccn2n1,0
protein19,1,Cc1cccc(-c2nc(N3CCN(C4CCCC4)CC3)n3c(=O)c4ccccc4[nH]c23)c1,0
protein19,1,CCOC1CCCc2ccc(-c3ccc4c(N5CCOCC5)nc5c(C#N)cnn5c4c3)cc21,1
protein19,1,CC1(C)CC(=O)c2c(nc3ccccc3c2C2CNCCO2)C1,1
protein19,1,Cc1nc(Cl)ccc1Nc1ncnc2c(Oc3ccccc3F)n(C3CCOCC3)cc12,1
protein19,1,O=c1[nH]c(-c2ccc(F)cc2)nc2ccccc12,1
protein19,1,CCN(CC(=O)Nc1ccccc1C(=O)N1CCCC1)C(=O)CC(C)(O)c1ccc(F)c(F)c1,0
protein19,1,Fc1cccc(CCCN2CCNCC2)c1,0
protein19,1,CCCCn1nc(-c2ccc(F)cc2F)c(C#N)c1O,0
protein19,1,CCCCC(Nc1nccc(-c2cccc(S(C)(=O)=O)c2)n1)c1cncc(F)c1,0
protein19,1,CC=CCN(Cc1ccc2cccnc2c1O)CC1CN(C)c2ccccc2O1,1
protein19,1,Cc1nnc(Nc2ccc(Cl)c(Cl)c2)c(F)c1-c1cccc(C(=O)O)c1,0
protein19,1,O=Cc1cccc(S(=O)(=O)N2CCCCC2)n1,0
protein2,1,Cc1ccsc1-c1nnc(SCc2ccc([N+](=O)[O-])cc2)o1,1
protein2,1,Cc1cc(-c2cc(OC3(C)C=CCC(C)C3)c(C(=O)N(CC3CCOC3)C(C)C(C)O)cc2F)on1,0
protein2,1,CCCCCCC#CC1CCCCN1C,0
protein2,1,Cc1ccc(-c2nc(-n3nc(C(F)(F)F)nc3C(F)(F)F)cc(C(=O)O)c2C)cc1,0
protein2,1,CC(C)C(C)CN1C(=O)C(C(C)C)N(c2ccc(F)cc2F)C1=O,1
protein2,1,O=C(O)C1Cc2c([nH]c3ccccc23)CN1C(c1ccccc1)c1ccccc1,0
protein2,1,CC(C)CCNC(=O)Nc1ccccc1,0
protein2,1,O=C(Nc1cccc(Nc2ccccc2)c1)c1ccccn1,0
protein2,1,Cc1cc(Nc2ccc(F)cc2)nc(-n2ccnc2N)n1,1
protein2,1,CC(=O)c1ccc(-c2ccc(CC(C#N)NC(=O)C(N)C(C)(C)C)cc2)cc1NC(=O)C1CCCC1,0
protein2,1,Cc1n[nH]cc1-c1cc2ccc(-c3ccc(-c4cccnc4)cc3)cc2[nH]1,0
protein2,1,Cc1cc(S(=O)(=O)NC2CCCCC2)ccc1Nc1c(-c2ccccn2)cnc2c(C#CCN(C)CCO)cnn12,0
protein2,1,CCCC1CC(=NN2C(=O)CCC2=O)c2ccccc21,1
protein2,1,CCCN(CCO)CCOc1ccc(-c2nc(C)c(N(CC)CC)o2)cc1,1
protein2,1,CCN(CC)Cc1coc2c1C(=O)c1cc(OC)ccc1-2,1
protein2,1,Cc1oc(-c2cn(C(C)(C)C)nc2NCCCN2CCC3(CCC(O)CC(=O)C3)CC2)c2ccc(C#N)cc12,0
protein2,1,CCNc1[nH]c2ncnc(N3CCN(C)CC3)c2c1C(=NO)c1noc(C)c1C,1
protein2,1,CCN(CCO)P(=S)([S-])S,0
protein2,1,Cc1cc2cccc(OC3=C(Cl)C(=O)CC(c4ccc(F)cc4)C3)c2nc1C,1
protein2,1,O=C(O)COc1c(Cl)cc(CNCCC2=CCCCC2)c(F)c1Cl,0
protein2,1,CC(=O)c1ccccc1Nc1oc2cnccc2c1C(=O)NCc1ccccc1C(F)(F)F,1
protein2,1,CC1(C)Cc2c(-c3ccccn3)ccc(O)c2C(=O)C1N=C1NC(=O)c2sccc21,1
protein2,1,NCc1ccccc1Sc1ccc(-c2ccc(C(=O)O)o2)c(OCCN2CCOCC2)c1,0
protein2,1,CCn1cc(S(=O)(=O)C2(C)CCN(CCc3ccncc3)CC2)c2ccccc21,1
protein2,1,CC=CC(C)Nc1ccccc1P(=O)(O)O,0
protein2,1,CC(C)CN(CC(O)c1ccccc1-c1c(Cl)cccc1Cl)S(C)(=O)=O,0
protein2,1,Cc1cccnc1-c1cccc(C(=O)Oc2cncc(CN3C(=O)CCC3=O)c2)c1,0
protein2,1,CCn1cc(CNCc2c(-c3ccc(C#N)cc3)nn(C)c2NC)cn1,0
protein2,1,Cc1ncsc1C(=O)N(C)CC1CCN(Cc2cncc(Cl)c2)CC1,1
protein2,1,O=Cc1nccc(C2CC2)c1OC1OCCC2CCN(Cc3cc(C4CN5CCC4CC5)ccc3F)CC21,0
protein2,1,Cc1cc(C(=O)NCc2c(C(F)(F)F)nn(C)c2Cl)n(C)n1,0
protein2,1,Cc1nc(Nc2ccccc2F)nc2c(Oc3ncccc3C(=O)N(C)C(C)(C)CC(C)O)cccc12,0
protein2,1,CCCCc1nc2c(n(-c3cccc(C(F)(F)F)c3)c1=O)CCN(C)C2,0
protein2,1,O=C(CC(NS(=O)(=O)c1ccc(OC(F)(F)F)cc1)C(=O)NO)Nc1ccccc1Cl,0
protein2,1,CC(C)CCN1CCCC(n2nc3ccccn3c2=O)C1,0
protein2,1,CC(C)=CCOc1ccc2c(c1)cc(C(=O)NC1CN3CCC1CC3)n2C,0
protein2,1,CC(C)C1=Cc2c(cnc3ncccc23)Oc2ccccc21,1
protein2,1,Cc1ccc2oc(C(=O)NC3CCCC3)c(C)c2c1N1CCCC1,1
protein2,1,CC(CN)C(=O)OC1C(C)CCN(Cc2coc(-c3ccc(Cl)cc3)n2)C1C,0
protein2,1,CC(=O)NC(c1ccccc1Cl)=[N+]([O-])CCC(C)C,0
protein2,1,CC1(C)CC1(Cl)Cl,0
protein2,1,Cc1nc(SCC(=O)Nc2ccc3c(c2)OCCO3)c2c(-c3ccccc3C=C(C#N)c3sccc3C)n(C)cc2n1,0
protein2,1,CCC1CNc2cc(-c3cnc(C)s3)ccc2N1CC(=O)N1CCc2ccccc2C1,0
protein2,1,CC1=C(c2ccc(O)cc2)C(c2cccs2)Oc2cc(C)cc(O)c21,0
protein2,1,Cc1cc(-c2ccccc2C#N)ccc1Nc1ncnc2c1C1=C(N)N=C2C1CN1CCOCC1,1
protein2,1,Cc1ccc(-c2cc(CC(C)(C)C(=O)c3ccccc3C(=O)N(C)C)on2)cc1,0
protein2,1,CCCCCC(C)NC(=O)CNC(=O)c1ccc(C)o1,0
protein2,1,CCn1c(C2=C(C)C(=O)NC2=O)nc2ccccc21,1
protein2,1,FC(F)(F)c1ccc2c(-c3ccccc3)n(CCCCOc3ccc(CN4CCNCC4)cc3)nc2c1,1
protein2,1,Cc1nc(N)sc1C(=O)CC1Cc2cccc1c2,1
protein2,1,CCn1cc(CN(C)C(=O)c2nc[nH]c2C)cn1,1
protein2,1,CCc1ccccc1[S+]([O-])Cc1cc(C(=O)N2N=C(C)CC2c2ccccc2OC)c2c(C)cccc2n1,1
protein2,1,CCCCCCCCCNC(=O)C1CSC(c2ccccn2)=N1,0
protein2,1,O=C1CCCC1=Cc1ccccc1,0
protein2,1,CCN(C(=O)c1ccc(Cl)c(Cl)c1)c1nc(C)c(C#N)s1,1
protein2,1,Cc1c(F)cccc1NC(=O)c1cnn2ccc(Nc3cccc(C(C)(C)C)c3)nc12,0
protein2,1,CC(C)CC(=O)N(c1ccc2c(c1)CCCCC2)C1CC(O)(C2CCC(N3CCN(C(=O)C(N)C(C)C)CC3)CC2)CO1,0
protein2,1,Cc1cc(C(=O)Nc2nnc(-c3ccccc3)o2)ccc1NC(=O)C1CCc2ccccc2C1C,0
protein2,1,CCN(C)C=NS(=O)(=O)c1ccc(NC(=O)c2ccccc2F)c2ccccc12,1
protein2,1,CC(=O)CC1(Cc2ccccc2)CCN(Cc2cnc3ccc(CCC(=O)O)cc3c2O)CC1,0
protein2,1,CCC1OC(=O)C(Cc2ccc(-c3cc(CNC(=O)c4ccccn4)cc(C(F)(F)F)c3)cc2)NC1=O,0
protein2,1,Cc1ccc(Nc2nc(C)c3cc(C(N)=O)cc(-c4ccncc4)c3n2)c(C)c1Cl,0
protein2,1,CC(C)CC(=O)Nc1ccccc1C(=O)NC1CCCCC1,0
protein2,1,CCCn1cc(-c2nc(NC(=O)C(C)(C)C)ccc2OC)c(=O)c2c3c(sc21)CN(C(C)C)CC3,1
protein2,1,CCC(=O)Nc1cccc(NC(=O)C(CC)CC)c1,0
protein2,1,CCCc1cc(CN2CCC3=C(C2)C(c2ccc(Cl)cc2)NC(=O)N3C)nn1C,0
protein2,1,O=C(NN=C(c1ccc(F)cc1)c1nc2ccccc2[nH]1)c1cccc([N+](=O)[O-])c1,1
protein2,1,O=c1c2cc(OC3CCCC3)ccc2ncn1-c1cccc(O)c1,0
protein2,1,CCN(CC#N)CCC1(C(C)=C(C)N=c2s[s+]([O-])nc2SC)Cc2ccccc2C1,1
protein2,1,CCCCNCc1cccc(O)c1N,0
protein2,1,CCn1nccc1C(=O)Nc1ccc(S(N)(=O)=O)cc1Cl,0
protein2,1,O=C(Nc1cccnc1)C(Cc1ccc(Oc2ccccc2)nc1)=C(O)C1CC1,0
protein2,1,CCCS(=O)(=O)Nc1ccc(Cc2cc(F)c(F)cc2F)c2ncccc12,1
protein2,1,Cc1ccc([S+](=O)([O-])c2ccc(N3C(=O)CN4CCOCC4c4ccccc43)s2)cc1F,1
protein2,1,Cc1cncc(Oc2cc3cc4c2C(=O)N(C(c2cccc(F)c2)CCN2CCC(CC2)CO3)C2CCCC42)n1,1
protein2,1,Cc1occc1CCC1Oc2cc(C(C)(C)C)cc(O)c2C(=O)C1(C)C,0
protein2,1,O=C(NCC1CCCO1)c1cn(-c2ccc(Cl)c(Cl)c2)c2cnc(-c3cccc(Cl)c3F)nc12,1
protein2,1,O=C(CSc1nnc(Cc2ccccc2F)c2ccccc12)Nc1cccc(Cl)c1,0
protein2,1,CC1(OC2CCN(C(=O)c3cc(C(C)(C)C)on3)C2)CCC(Nc2ncnc3[nH]cc(-c4ccccc4)c23)CC1,0
protein2,1,FC(F)(F)c1ccccc1C=Nc1ccccc1C1=NCCCN1,0
protein2,1,CCC1COc2ccc(C(C)(C)C#Cc3ccc(C(=N)NO)cc3)cc2C1=CCN(C)C,1
protein2,1,Cc1coc(C(Cc2ccccc2)N2CCC(N(C)C)CC2)n1,0
protein2,1,O=C(Nc1ccc(F)c(Cl)c1)c1nnc(-c2ccccc2)o1,0
protein2,1,CC(C)c1cccc2c(=O)cc[nH]c12,0
protein2,1,CCn1cc(Cn2c(=O)n(C)c3ccccc32)nn1,1
protein2,1,O=C1SSCC1=Cc1ccccc1,0
protein2,1,Nc1ccn(CC2OC2CS(=O)(=O)F)c(=O)n1,1
protein2,1,CCOc1cc(CNC(=O)C(C2C=COC2)N(C)C)nc2ccccc12,1
protein2,1,NC(=O)C1CCNC(c2ccc(Cl)cc2)C1CCN(Cc1ccccn1)Cc1ccccc1F,0
protein2,1,Cc1cc2nc(NCc3ccccc3)c(C[N+](=O)[O-])nn2c1-c1cccc(F)c1,1
protein2,1,CCN(CC)CCCn1cc(NC(=O)c2cc(S(=O)(=O)NCC3CCCCC3)c(Cl)cc2Cl)c2cccnc21,0
protein2,1,CCc1cc(C=CC(=O)NC2CCCCC2C)n(-c2cccc(S(=O)(=O)N(C)C)c2)n1,0
protein2,1,CCn1nc(C(=O)NCc2ccccc2C(F)(F)F)nc1-c1ccccc1F,1
protein2,1,Cc1nn(C)c2c1C(Nc1ccccc1OS(=O)(=O)C(C)C)c1ccccc1-2,1
protein2,1,O=C(CCOc1cc(Cl)cc(Cl)c1)NCCc1ccccc1,0
protein2,1,CC(C)(C)NC(=O)NC1CCC(CC=CC(=O)N2CC(O)CC2C(=O)N2CCc3ccccc32)CC1,0
protein2,1,CCCCOc1cccc(C#N)c1,0
protein2,1,Cc1[nH]nc(Sc2ccc(S(=O)(=O)N3CCN(C4CCCCC4)CC3)cn2)c1C,0
protein2,1,Cc1cccc(Nc2ncc(F)c(N3C(=O)OCC3C(C)CCC3(O)CCCCC3C)n2)c1,0
protein2,1,CC(C)C(=O)Nc1nc(-c2ccccc2)c2cn(C(C)C)nc2n1,0
protein20,1,CCOc1ccc(N(C)C(=O)Nc2nnc(C)nc2Nc2ccccc2)cc1,1
protein20,1,Cc1oncc1C(=O)Nc1ccc(C2CNCCN2C(=O)C2CCCC2)cc1,0
protein20,1,O=S(=O)(NCc1ccc(Cl)cc1)C1CCCCC1,0
protein20,1,CS(=O)(=O)N(CC1(O)CCCc2cc(OC(F)(F)F)ccc21)c1ccc(Oc2cc(C(F)(F)F)nc(N)n2)cc1,0
protein20,1,CCc1ccccc1NC(=O)c1noc(C(C)(C)C)c1Nc1ccc(OCC(=O)c2cccc(F)c2)cc1,0
protein20,1,Cc1nc2ccccn2c1-c1cccc(C(=O)NCCN2CCCC2)c1,0
protein20,1,Cc1c(F)cccc1-n1cc(CCN2CCOCC2)c2ccccc2c1=O,1
protein20,1,CC1CCCCC1C(=O)Nc1nnccc1N1CCN(S(=O)(=O)c2cccc(F)c2)CC1,0
protein20,1,Cc1c(Oc2cncc(Cl)c2)c2c3c(c(N)n[n+]([O-])c3c1C)CCC2,1
protein20,1,CCCn1nc(-c2ccncc2)c2c(c(N)nc3ccccc32)c1=O,1
protein20,1,Nc1ccnc(Oc2ccc3c(c2Sc2cccnc2)CCCC3)c1,1
protein20,1,CC(=O)OC1CCCC(n2ncc3cnc(N4CC5Cc6ccc(OC(F)(F)F)cc6CN5C4=O)nc32)C1,0
protein20,1,Cc1nc2ccccc2c2c1C(CCN1CCCC1)N(Cc1ccccn1)C2,1
protein20,1,CCC1NC(C)COc2cccc(OC)c21,1
protein20,1,CC(C)CC(CO)N1C(=O)C2CCCN2C12CCCCC2,0
protein20,1,CCCCC(NC(=O)CCc1cccc(-c2ccc3c(c2)C(C)CC3)c1)C(=O)O,0
protein20,1,CCCNC(=O)C1(N(C)C)CCN(Cc2ncccn2)CC1,0
protein20,1,CC(C)CCOC(=[N+]=O)c1nc2ccccc2c(=O)n1-c1cc(F)ccc1F,1
protein20,1,CC1CC=C(C(C)C)C(NC(=O)Cc2c(Cl)cccc2Cl)C1,0
protein20,1,CCCCN1C(=O)CP(=O)(O)C1C,0
protein20,1,Cc1ccc(C)c(NC(=O)c2cccnc2OCc2cc(Cl)c(Cl)cn2)c1,0
protein20,1,Cc1cccc(-n2c(C)ccc2CS(=O)(=O)c2cccc(-c3cccc4nc(C(N)=O)cn34)c2)c1,0
protein20,1,Cc1nn(C)cc1S(=O)(=O)Nc1cccc(F)c1F,0
protein20,1,O=c1cc(NCc2cccc(C(F)(F)F)c2Cl)n2ncc(-c3ccc(F)c(F)c3)c2[nH]1,0
protein20,1,Cc1c(O)cnc2c3c(c(-c4cccc(Cl)c4)cc12)C(O)(CCc1ccncc1)C1CCN(C)CC1C3O,0
protein20,1,Cc1ccc(-c2csc(NC(=O)c3ccc(N4C(=O)COc5ccccc5C4=O)cc3)n2)cc1,1
protein20,1,CCCNC(CCSCC(=O)NCC)=C1CCCCC1=O,0
protein20,1,Cc1cc(NC(=O)Cc2ccc(NC(=O)c3scnc3C)cc2)c(Cl)cn1,0
protein20,1,CN1CCC(Nc2nc(Nc3cccc(C(N)=O)c3)nc3c(C(F)(F)F)c(F)ccc23)CC1,1
protein20,1,Cc1cc(C(=O)Nc2nnc(-c3ccccc3[SH+](=O)[O-])s2)c(C)o1,1
protein20,1,CCC1CCCN(c2cnc(C(F)(F)F)c(C#CCN3CCNCC3)n2)C1,0
protein20,1,O=Cc1ccccc1OCCN(C(=O)c1ccccc1Cl)C1CCCCC1,0
protein20,1,Cc1c(CC(=O)N(C)Cc2cc(C(F)(F)F)n(C(C)C)n2)c2ccc(Cl)cc2n1C,0
protein20,1,Cc1cc(Oc2ncnc3c2cnn3C(CO)c2ccc(F)cc2)c(C)cc1F,1
protein20,1,CN(C(=O)CCC(=O)N1c2cc(C#N)ccc2CC1(C)C)c1ncccn1,0
protein20,1,CC1=CC2C3CC1Cn1c(C4CCCCC4)nc(-c4ccc(F)cc4)c(c1=O)OC(=O)N2C(C(=O)N1CCN(C)CC1)C3,0
protein20,1,CCC(C)C1Cc2nc3n(c2N(C)C1)CCN(Cc1ccc(C)cc1)C3,0
protein20,1,CC1CCCCC1CNC1(C)c2ccc(CCCC3CCNCC3)cc2CCC1NCC(N)=O,0
protein20,1,CCc1cnc(Nc2ccc(N(C)c3ccccc3)cc2)nc1,0
protein20,1,CC(C)n1cc(-n2c(=O)n(C(C)C)c3ccccc32)c(-c2ccccn2)n1,0
protein20,1,CCc1ccccc1Nc1nc(C)c(C#N)s1,0
protein20,1,O=C(C1=C(S(=O)(=O)Nc2ccccc2)CCCC1)c1ccc(F)cc1,0
protein20,1,CC(N)(C(=O)O)C1CC1COc1ccc2c(c1)C(c1ccccc1)N(C(=O)Cc1cscn1)CC2,0
protein20,1,CCc1nc(COc2ccc(Oc3ccccc3)cc2)c(C)s1,0
protein20,1,CCCN(CCOC(=O)c1cnn(-c2ccccc2)c1)C(C)C,0
protein20,1,CCCN1CCC(c2cc(N)nc(N)n2)CC1,1
protein20,1,Cc1onc(Cl)c1C(=O)N=CNc1ccc2c(c1)OCCO2,0
protein20,1,CCCS(=O)(=O)Nc1ccc2c(=O)n3c(nc2c1)CCCCC3,1
protein20,1,CCCC=C1CS(=O)(=O)c2ccccc2C1=O,0
protein20,1,COc1cccc2cnc(SCc3cccc(C)n3)nc12,1
protein20,1,O=C(Nc1cn[nH]c1C(=O)N1CCN(CC2CCC2)CC1)c1cc(F)c(Cl)cc1F,0
protein20,1,CCOC(=O)C1(S)CC(C(=O)[O-])N(C=O)C1Cc1ccccc1O,0
protein20,1,Cc1nc2ccc(CC[S+]([O-])CC#N)cc2c(O)c1C(=O)N1CCOCC1,1
protein20,1,CC(C)CC(O)C(C(=O)OCc1ccccc1)c1ccccc1,0
protein20,1,Nc1ncc(-c2ccc3c(c2)CCC3CCN2CCOCC2)cn1,0
protein20,1,CCCCCCC1C=NN(C(C)=O)C1C(=O)N1CCCCCC1,0
protein20,1,CCN(CC)CCC(=O)Nc1ccc(-c2c3ncccc3c(C)n2Cc2ccc(O)c(C)n2)c2ccc(OC)cc12,1
protein20,1,CCCn1cc(CNC(=O)c2cccc3c2C(=O)C(=C(C)N(C)C)CC3)cn1,1
protein20,1,CCNC(=O)C(CS(=O)(=O)O)N1CCCC(C)C1,0
protein20,1,O=C(O)c1ccc(Nc2cc(C(F)(F)F)c3ccccc3n2)cc1[N+](=O)[O-],1
protein20,1,OCCC1CN(CC2CCNCC2)CCN1c1ccc(F)cc1,0
protein20,1,Cc1cc(N)nc2ccc(C(=N)NCc3cc(-c4cnc(N)nc4)ccc3F)cc12,1
protein20,1,CCc1cc(C[n+]2ccc(CCC3CN(CC4(c5ccncc5)CCC(N)CC4)CCO3)cc2)no1,0
protein20,1,CC(C)CC1CN(c2ccc3c(c2)OCCO3)C(Cc2ccc(C#CCN3CCOCC3)cc2)O1,0
protein20,1,CC(C)(C(OCCCC(=O)O)P(=O)(O)O)C(F)(F)F,0
protein20,1,CC(C)Nc1cc(-c2nc(Nc3ccccc3)c(N)oc2=O)ccc1SCCCCCC(=O)NO,0
protein20,1,S=C=Nc1cccc(-c2ccc(C3CCNCC3)cc2)c1,1
protein20,1,CN(C)S(=O)(=O)c1ccc(F)c(C(=O)Nc2ccccc2C(C)(C)CO)c1,0
protein20,1,Cc1cc(Nc2nccc(N3C(=O)OCC3C(C)C)n2)cc(C(F)(F)F)c1,0
protein20,1,CCCC#Cc1c2ccccc2n2c(NCCN3CCC(C)CC3)c(-c3cccc(OC)c3)cnc12,0
protein20,1,CCCN1CCN(c2ccccc2Oc2ccccc2)C1=O,1
protein20,1,CC(C)Oc1ccc(-c2ccnc3c(O)c4cccc(CN5CCCCC5)c4nc23)cc1,1
protein20,1,COc1ccc2c(c1)C(Nc1c(C#N)c(N)c(-c3cncc(C(F)(F)F)c3)c3c(=O)n(CCO)ncc13)CC(C)(C)O2,1
protein20,1,O=C(Nc1cccc(-c2cc3ccccc3c(N3CCNCC3)n2)c1)C1CCC(CO)N1,1
protein20,1,O=C(NO)C1CCN(c2nnc3c(n2)NCc2ccccc2-3)CC1,1
protein20,1,Cc1cc(C)c(NC(=O)O)c(C)c1,0
protein20,1,CCCn1c(=O)c2ccccc2n(Cc2ccc(Cl)cc2F)c1=O,1
protein20,1,CC1CCC(Nc2nccc(-n3ccc(-c4cccc(C(N)=O)c4)c3)n2)CC1,0
protein20,1,CCN(CC)CC#CCCCC(C(F)(F)F)C(F)(F)F,0
protein20,1,CCCCN(CCCC)CCCn1ccnc1,0
protein20,1,Cc1c(-c2ccccc2C(F)(F)F)nc2sc(NC(=O)c3ccc(F)cc3)nn12,0
protein20,1,CSc1ccc(C2=C(C)C(=O)NC2)cc1,1
protein20,1,CC#CC(COc1ccccc1-c1ccccc1)c1ccc(OCC(CC)C(=O)O)cc1,0
protein20,1,CC(=O)c1ccc2c(c1)nc(-c1ccc(Cl)cc1)n2CC(=O)N1CCCC1,0
protein20,1,NC(=O)COc1cccc2c1nc(-c1ccc(Cl)cc1)c(=O)n2CCCC(F)(F)C1CCCC1,0
protein20,1,O=C(CCCCN1CCSC(N2CCOCC2)C1)c1c[nH]c2c(-c3ccccc3)cccc12,0
protein20,1,CC(=O)Nc1ccc(-c2nc[nH]c2-c2cccnc2)cc1,0
protein20,1,CCCC=CCC1C(=O)SCC1c1ccccn1,0
protein20,1,CCNCc1cccc(C(=O)NCc2ccc(C)cc2C)c1,0
protein20,1,CCNc1nc(-c2cccc(Cl)c2)cc(N(C)C)n1,0
protein20,1,CC1CCCCC12CC(C)(C)c1cc(Cl)cc(C(=O)Nc3ccnn3C)c1O2,0
protein20,1,CC1(Nc2cc(F)ccc2Oc2ccccc2)CCCC1NC(=O)c1cccnc1NCCO,0
protein20,1,CCN(CC)S(=O)(=O)c1cccc(C(=O)Oc2c3ccc4c2c(cn4C)SC3(C)C)c1,1
protein20,1,CCOc1cc(NC(=O)c2cccc3cc(-c4n[nH]cc4F)nc(N(C)C)c23)ccc1N1CCN(C)CC1,1
protein20,1,CCN(CC)S(=O)(=O)N1CCc2ccccc2C(C)C1,0
protein20,1,O=c1c(O)c(C2CCCCC2)[nH]c2cccc(O)c12,0
protein20,1,Cc1cc(-c2c[nH]c3ccc(-c4ccncc4)cc23)ccc1O,0
protein20,1,CCN(C(=O)c1c(O)c(Cc2ccccc2)nc2ccccc12)c1ccccc1OC,1
protein20,1,CCc1onc(-c2ccc(OC(=O)c3cccc4nc(N)c(C)c(C)c34)cc2)c1CO,1
protein20,1,CCCCn1c(CN2CCCC2C(=O)Nc2ccc(OCCF)c(Cl)c2)nc2n[nH]c(-c3ccccc3Cl)c2c1=O,0
protein21,1,Cc1ccc2nc(S)[nH]c2c1C1(C)CCC(C)C1,1
protein21,1,Cc1cccc(NS(=O)(=O)c2ccc(Cl)cc2)c1C,0
protein21,1,CC(C)n1ccc(CN(C)Cc2nc3ccccc3[nH]2)n1,0
protein21,1,O=S(=O)(Nc1ncn[nH]1)c1ccc(Cc2cc(-c3cc4nc(n3)N(C3CCC3)C4)cnc2Cl)c(Cl)c1,0
protein21,1,CCOc1ccc(-c2cc(-c3nc[nH]n3)nc(Nc3ccc(S(C)(=O)=O)c(Oc4ccccc4)c3)n2)cc1,0
protein21,1,CC(=O)OC1c2cc(C)c(c(C(=O)c3ccc(Cl)cc3)c2)NC(=O)CC(C)C2=C(C)C1N(S(=O)(=O)N1CCN(CC(C)C)CC1)C2,0
protein21,1,O=C1c2cccc3c(O)cc4[n+](c23)Cc2ccccc2C4N1Cc1ccccc1,1
protein21,1,CC(=O)Nc1ccc2c(n1)C(c1ccccc1)=CC2=O,0
protein21,1,CC(C)=CCC(O)C1(C)CCc2c(ccc(C)c2C)O1,0
protein21,1,Cc1nc(-c2ccncc2)c(Oc2ccc(N3C(=O)C4CN5CCC(O)CC5CN4C3(C)C)cc2F)s1,0
protein21,1,CC(=O)NCC1CN(c2ccc(-c3ccc(F)cc3)c(F)c2)C(=O)O1,1
protein21,1,Cc1ccc(C=NNC(=O)C2CCN(S(=O)(=O)c3cccc4nsnc34)C2)cc1,1
protein21,1,CCc1ccc(Cl)c(S(=O)(=O)NCCCN2CCC(C)CC2)c1,0
protein21,1,CC(C)CN1C(=NS(=O)(=O)c2ccccc2)Nc2ccc(Cl)cc2S1(=O)=O,0
protein21,1,O=C1C=CCC(NC(=O)Nc2ccc(Oc3ccccc3Cl)cc2)C1,0
protein21,1,CC(C)c1ccc(NS(=O)(=O)c2cccc3cncc(F)c23)cc1,0
protein21,1,CCCC1CN(C(C)Cc2ccccc2)CCN1C(=O)c1ccc(N2CCC(C)CC2)nn1,0
protein21,1,CC(C)Oc1cc(C(=O)NC2CCCC2)cc2c1CCC2,0
protein21,1,CCCC(C)(C(=O)Nc1nc(C)cs1)N1C(=O)c2cccnc2Oc2ccccc21,0
protein21,1,CC(C)CC1CN(C(=O)C(O)C2CCCC2)Cc2cc3onc(N)c3c(CO)c21,1
protein21,1,Cc1cccc(-c2nc3cnc(Nc4cccnc4)cc3n2C2CCCCC2)c1N,1
protein21,1,CCCC1c2ccc(C)c3c2CCC1N(O)C(=O)C1CC(C(=O)O1)N1CCCC(C(=O)NC(CC)c2ccccc2)(CCC(=O)N3)C1,0
protein21,1,CCN1CCCC1c1nc2c(-c3ccccc3)cc(OC)cn2n1,1
protein21,1,O=C(c1ccncc1)N1CCC2c3c(cccc3OC(F)F)CCN2CC1,0
protein21,1,CCCc1ccc(CCCn2cnc3ccccc32)cc1,0
protein21,1,CCN(CC)CCNC(=O)c1cn2c3c(cnc2c1N)Cc1cc(SC)ccc1-3,1
protein21,1,CCc1c(C(=O)Nc2ccc(Oc3ccc([N+](=O)[O-])cc3C#N)cc2)c(N)nn1-c1ccccc1,1
protein21,1,Cc1ccccc1NC(=O)CCN1CCN(c2ccccc2OC(F)F)CC1,0
protein21,1,CCCc1nn(-c2ccc(CS(=O)(=O)c3ccccc3NC(=O)C(C#N)=C(C)O)c(C)c2)c(C)c1CC,0
protein21,1,CCC1CCN(CCn2cc(CN3CCCC3)c(-c3cccnc3)n2)C1=O,0
protein21,1,CNC(CC(C)C)c1nc(-c2cnnc(N3CCCC3)c2)cc(N(C)C2CCCCC2)n1,1
protein21,1,CC(C)CCNc1[nH]c2ncnc(Nc3ccc4c(c3)CCC(C)(C)O4)c2c1C#N,0
protein21,1,NC(=O)c1cnc(N2CCOCC2)nc1N,0
protein21,1,O=C(Nc1ccccn1)c1ccc(-c2cc(Cl)ccc2S(=O)(=O)N2CCN(CCO)CC2)o1,0
protein21,1,CCOC1OCn2c(=O)c3ccc2c1c3,1
protein21,1,Cn1c(C(N)=O)c(NC(=O)CSc2scc(-c3ccc(Cl)cc3)c2C#N)c2ccccc21,1
protein21,1,CCCN(CC(=O)O)c1ccc(O)cc1,0
protein21,1,Nc1nc(-c2ccc3nccn3c2)nc(O)c1Nc1ccc(Cl)c(C(F)(F)F)c1,0
protein21,1,O=C1CNC(c2ccncc2)N1CCS(=O)(=O)Oc1ccccc1,0
protein21,1,CCC(CC(=O)O)NC(=O)c1ccc(-n2c(-c3ccccn3)nc3cccc(C(F)(F)F)c32)c(OC)c1,0
protein21,1,Cc1ccc(-n2nc(C)c(C(=O)O)c2Nc2ccccc2C)cc1,0
protein21,1,CC(C)c1nc(CC2CNC(=O)C(C)(C)N(Cc3ccccc3Cl)C2=O)no1,0
protein21,1,O=C(O)c1cc(NCc2ccc(C(F)(F)F)cc2)c2cc(Oc3ccccc3)cn2c1,0
protein21,1,CC(=O)N1CC(O)CC1C(=O)N(CCCN(C(=O)Cc1cccc(OC(F)F)c1)c1ccccc1)C(C)(C)C,0
protein21,1,CCCCC(=O)C(C)(C)C1CN(CC2=Cc3cc(-n4ccnc4)ccc3C2(O)C(F)(F)F)CC1C(=O)O,0
protein21,1,CCCN(C)C1Cc2cc(CC(O)c3ccccn3)cc(OC)c2C1,0
protein21,1,CCCC(CO)NCc1cc(-c2ccnc(NCC3CCCO3)n2)cnc1Cl,0
protein21,1,CCC1C(=O)N(C)c2ccccc2C1N=C(S)Nc1ccc2ccccc2n1,0
protein21,1,CC1CC(c2nc3cc(C(F)(F)F)ccc3s2)CCC1N1CCN(C)CC1,0
protein21,1,NC=CC(=O)C1CCCCC1Cc1ccc(-c2ccccc2)cc1,0
protein21,1,Cc1cc(C(=O)Nc2nc(NC(C)c3ccccn3)c(-c3ccccn3)cc2C#N)c2cc(C)ccc2c1,1
protein21,1,Cc1cc(Nc2nc3cc4c(cc3[nH]2)C23C=C(C4=O)N(C)C(CCC2)C3)nnc1C,0
protein21,1,CCn1c(C)c(C)c2cc(S(=O)(=O)Nc3cc4ccc(C(C)(C)C)cc4nn3)ccc21,0
protein21,1,Cc1ccc(NC2=NC(=O)CC(C)(C(F)(F)F)C2)cc1Cl,0
protein21,1,CCN(CC)c1ccc2c(CC(=O)Nc3ccccc3)csc2c1,1
protein21,1,CC1(C)C(OCC2=NC(=O)N2CC2CCCCC2)c2c(oc3ccccc23)C(=O)N1O,1
protein21,1,O=C1CCCC1C(=O)Nc1cccc(Cl)c1Cl,0
protein21,1,O=C(Nc1cccnc1)c1ccc(C(c2ccc(O)cc2)c2cc(F)cc(F)c2)nc1Cl,0
protein21,1,CC(C)CC(=O)N(C)C=S,0
protein21,1,NC(=O)CCC1c2ccccc2N(Cc2cc(F)cc(F)c2)CC1NC(=O)Cn1cccc1,0
protein21,1,CCCCCCC#CCn1cc2c(N3CCCCC3)nccc2n1,0
protein21,1,Cc1ccc2cnc(NC=C3CCCCC3=O)cc2n1,0
protein21,1,O=C(c1ccc(Nc2ccc(F)cc2F)nc1)N1CCOCC1,0
protein21,1,CC(C)CC(NC(=O)c1ccc2c(c1)Cc1n[nH]c(=O)cc1C2=O)C(=O)N1Cc2ccccc2C1,0
protein21,1,Cc1ccc(-c2cnn(CCN3CCCC3)c2)cc1Cl,0
protein21,1,Cc1c(C(=O)N2CCC(C(C)(C)S)CC2)cnc(SCCCC=CCO)c1C#N,0
protein21,1,CCOC1CCN(C(=O)c2cc(-c3ccc(F)c(F)c3Cl)no2)CC1,0
protein21,1,CCS(=O)(=O)N(C)c1ccc(C(=O)Nc2ccccc2N2CCN(C)CC2)cc1,1
protein21,1,Cc1cc(C)c2nc3sc(N)[n+]([O-])c3cc2c1,1
protein21,1,O=C1CCCCC1c1cccc(Nc2nnc(-c3c(F)cccc3Cl)s2)n1,0
protein21,1,Cc1cc2ccccc2n1-c1cccc(C(=O)Nc2[nH]nc(N)c2-c2nc3ccccc3n3ccc(F)c23)c1,0
protein21,1,Cc1nnc(C(=O)NC(=Cc2ccc(Cl)cc2)c2ccccn2)s1,0
protein21,1,CCN(CC)CC=C1CCN(C)c2ccccc2-c2c1c1ccccc1n2C,1
protein21,1,O=Cc1ccc(N2CCN(COC(CO)c3ccccc3)CC2)c([N+](=O)[O-])c1,1
protein21,1,O=C(NC1CCCCC1)NC1CCN(CCC2CCc3ccc4c(c32)C(N2CCCCC2)CO4)C1,1
protein21,1,CCCNc1c2cccnc2c(-c2ccc(C)cc2)c2c1[nH]c1c(O)n[nH]c(=O)c12,1
protein21,1,CC(C)CC#CCN1CCC(c2nc(Nc3ccccc3)nc3ccsc23)CC1,0
protein21,1,Cc1ccc(NC(=O)Nc2ccc(C(=O)O)cc2)nc1,0
protein21,1,O=C(CC12C=CC(C1)n1c2nc2ccccc21)Nc1ccc(Cl)cc1Cl,0
protein21,1,Fc1cnc(NCc2cc(OC(F)F)c3c(c2)N2CCCC2CO3)nc1Cl,1
protein21,1,CC(C)n1cc(C(=O)C(=O)N2CC(C)(C)Oc3ccccc32)c2ccccc21,0
protein21,1,O=C(Nc1ncc(C(F)(F)F)cc1NCc1ccccc1)c1ncc([N+](=O)[O-])o1,1
protein21,1,NC(=O)c1cccc2cc(C(=O)O)c(Nc3c(F)cc(F)c(F)c3F)nc12,0
protein21,1,O=c1n(-c2ccccc2OC(F)(F)F)c2nncc-2c(COc2ccccc2OC(F)(F)F)n1C1CC1,0
protein21,1,CCN=C(N)C(F)(F)P(=O)(O)O,0
protein21,1,O=CCN(C(=O)Nc1ccc(Cl)c(S(=O)(=O)C2CCCC2)c1O)c1ccccc1,0
protein21,1,CCCc1cc(C(=O)NC(=S)NC(=O)CC(F)(F)F)sc1Nc1cccc(C)c1C,0
protein21,1,CCC(C)C(=O)CCC1(c2ccc(C#CC(C)(C)O)cc2)CCN(S(C)(=O)=O)CC1,0
protein21,1,Cc1cc2c(C)cc3c(c2nc1C)CC[N+](C)(C)C3,1
protein21,1,Cc1cc2cc(CNC(=O)Nc3cc(Cl)ccc3Oc3ccc(C(F)(F)F)cc3)[nH]c2c(C)c1C,0
protein21,1,O=Cc1ccc(Oc2cc(-c3ccncc3)nc3ccc(F)cc23)c([N+](=O)[O-])c1Cl,1
protein21,1,CCC(N)CNc1nc2nc(C)c(C)cn2c1C(=CC(C)C)c1ccccc1,0
protein21,1,O=C(NS(=O)(=O)c1ccc(F)c([N+](=O)[O-])c1)c1cccnc1Cl,1
protein21,1,CC(Nc1nc2cc(-c3cnn(CCC(=O)NC4CCCC4)c3)ccc2n1C)c1ccccc1,0
protein21,1,O=C1c2ccccc2C(=O)N1c1cccnc1,0
protein21,1,Cc1ccccc1Nc1ccnc(N2CCCC2C(=O)NCc2ccccc2)c1,0
protein21,1,Cc1ccc(C2=NC(C)C(=O)N(CC#CCC3CCCC3)C3CCN2C3)cc1,0
protein21,1,CCOc1ncc(-n2nc(C(N)=O)cc2C2CC2)cc1NC(=O)c1cccc(C(F)(F)F)c1Cl,0
protein21,1,COc1cccc(N(CCCN2CCOCC2)c2nc3c(C(F)(F)F)cccc3cc2C#N)c1,1
protein21,1,CCC(C)(CC)OC(=O)c1cnc2ccc(F)cc2c1Nc1ccc(OC(F)(F)F)cc1,0
protein22,1,CCC(=O)n1c(Cc2ncc(C(C)(C)C)nc2N2CCCC(C)C2)nc2ccccc21,0
protein22,1,CC1CN(c2ccccc2[N+](=O)[O-])N=C1N1CCN(C)CC1,1
protein22,1,CCNC(=S)Nc1cc(Cl)cnc1N1CCN(S(=O)(=O)c2ccc(Cl)s2)CC1,0
protein22,1,CCC(C)C(N)C(=O)Nc1nc(C(=O)c2cc(C(F)(F)F)cc(C(F)(F)F)c2)cs1,0
protein22,1,CCCCC1CN(CCC(=O)Nc2cc(OC)ccc2Cl)CCC1N,0
protein22,1,CCN1CCN(Cc2c(OC)cccc2OC)CC1,0
protein22,1,Cc1c(CN2CCC(CCO)C(C)C2)c2ccccc2n1C,1
protein22,1,CCC1CC(=O)c2sc(NN=C(C)c3ccccc3)nc2C1=O,1
protein22,1,Cc1ccccc1C(=O)ON=C1CC(C)CC(C)(C)C1,0
protein22,1,Nc1nc2ccncc2c2c1CCCC2,1
protein22,1,CCC1(c2ccccc2)C=Cc2c(F)cc(-c3c(C)nc(N)nc3N)cc2O1,1
protein22,1,CCN1CC(CC2CCC34CC2CN(C3)C(=O)C2COC(c3ccccc3)CN2C4)OC1=O,0
protein22,1,Cc1nc(N)nc2c1C(NCCO)c1cc3cc(-c4cnn(C)c4)cnc3cc1N2,1
protein22,1,CC1CCCC2(C)C(=O)C=C(N)N12,0
protein22,1,NC(Cc1ccccc1CO)C(=O)N1CCCC1C(=O)O,0
protein22,1,CCc1nn2c(C(F)(F)F)c(-n3ccnc3)ccc2c1NCc1cccnc1,1
protein22,1,Cc1ccc(C(=O)NC(=S)Nc2cccc(NCc3ccccc3)c2)cc1,0
protein22,1,Cc1ccc(CN2CCC(NS(=O)(=O)c3ccc([N+](=O)[O-])cc3)CC2)s1,0
protein22,1,CC(C)CCc1n[nH]c(=O)c2ccc(C(=O)NC3Cc4cccc(O)c4CC3O)cc12,0
protein22,1,CCC1CNCCN1c1nc2c3c(c(CN(C)C)cc2[nH]1)-c1ccccc1C3=O,1
protein22,1,CC(C)C=CCN(C(=O)C1CCS(=O)(=O)C1)C1CCC(O)(c2cccc(Cl)c2)C1C(=O)N1CCCCC1,0
protein22,1,CC1(C)CCN(c2nc(NCCN3CCOCC3)c3cc(-c4cccnc4)ccc3n2)C1,1
protein22,1,CNC(=NCC1CC2CCc3c(ccc(O)c3O)C2C(ON)C1)C(C)C,0
protein22,1,Cc1ccc(C)c(NC(=O)c2cccc3c(N)c(C(=O)N(C)c4ccccc4)sc23)c1,1
protein22,1,O=C(Nc1ccc(OC(F)(F)F)cc1C(=O)Nc1ccccc1C(F)(F)F)c1ccncc1,1
protein22,1,NC(=O)C(F)CC1CCN(S(=O)(=O)c2cccc(CO)c2F)C1CCC(=O)Nc1cc(F)c(F)cc1F,0
protein22,1,Cc1cc2c(cc1N)nc(CSC(=S)N1CCN(C)CC1)n2Cc1cccc(Cl)c1Cl,1
protein22,1,CC1CCC(=NNc2nc(-c3ccco3)nc3ccccc23)c2c1nn(C)c2Cl,1
protein22,1,CC(C)(C(=O)O)C1c2ccc(Cl)cc2C(N)C1C(=O)OCc1c(F)ccc2cc[nH]c12,0
protein22,1,CCn1nc(-c2ccccn2)c2c1C(O)CN(C(=O)CCCc1ncccc1-c1ccccc1C(F)(F)F)C2,0
protein22,1,O=C(CC1CCN(c2ccccc2F)C1=O)Nc1ccccc1N1CC=CC1=O,0
protein22,1,CCN(CC)CCn1ccc2c(=O)n(C)c3ccc(C)cc3c21,1
protein22,1,Cc1cccc2c(Sc3cc(F)cc(Cl)c3)cc(O)nc12,1
protein22,1,CC1(C)CCCC(C)(C(N)C(=O)N2CC(S(=O)(=O)O)CC2C#N)C1,0
protein22,1,O=C(COC(CO)C1Cn2c1nc1c(=O)[nH]cnc12)Nc1ccc(NCc2ccc(Oc3ccccc3)cc2)c(Cl)c1,1
protein22,1,CCC(=C(C#N)C#N)c1coc2ccccc12,0
protein22,1,CCn1c(=O)c2c(c(C(=O)Nc3ccccc3C(=O)O)c(O)n2CC(C)C)c2ccccc21,1
protein22,1,c1ccc(-c2cc(Nc3nc(NC4CCCC4)nc4ncccc34)n[nH]2)cc1,1
protein22,1,Cc1cccc(C(C#N)N2CCC(C(=O)NCc3coc(C)n3)CC2)c1,0
protein22,1,CC(C)(C)OC(=O)N1CCC(NC2CC(n3cnc(-c4nccs4)c3)C3C(C)(C)CCCC3(C)C2)C1,0
protein22,1,CC(C)c1cccc(NC(=O)c2c3c4c([nH]c2=O)CCC(C)(C)C4CN3C(C)C)c1,0
protein22,1,CCn1cnc2c(C#N)c(N)c(-c3ccnc(-c4ccccn4)c3)c(-c3cccc(F)c3)c21,1
protein22,1,CC(NC(=O)N1c2ccc(F)cc2COc2ccc(Cl)cc21)c1ccc(C(N)=O)cc1,0
protein22,1,CCOc1cc(C2=Nc3ccccc3N(C)C(=O)C2C#N)ccc1OC(F)(F)F,0
protein22,1,CC1CC(C)(C)N(c2ncc(C(F)(F)F)nc2Cl)C1=O,0
protein22,1,CCC1CCN2CCCCC2C1OCN1CCNc2ccc(S(C)(=O)=O)cc21,0
protein22,1,CCCN1Cc2cccc3cc(-c4cccc(O)c4)c1nc23,1
protein22,1,Nc1c(C(=O)O)[nH]c2c(Cc3c(Cl)cccc3Cl)cccc12,0
protein22,1,CC(=O)c1c(C)nn(Cc2ccc(CCSC(c3cccnc3)c3cccc(F)c3C)cc2)c1C,0
protein22,1,Cc1nc2ccc[n+](C)c2cc1-c1ccc(O)c(O)c1,0
protein22,1,CC1CCCN(C(=O)c2cc(-c3ccco3)nc3ccc(CNC(=O)Nc4ccncc4)cc23)C1,0
protein22,1,FC(F)(F)Cc1ccccc1N1CCC(COc2ccc(Cl)c(Cl)c2)CC1,0
protein22,1,O=C1CC(c2ccc3oc(CCCCCNC(=O)c4nccc5ccccc45)cc3c2)=NO1,1
protein22,1,CCn1cc(C(=O)O)c(=O)c2cc(C)c(OCc3ccccc3C(F)(F)F)cc21,0
protein22,1,CC1CN(S(=O)(=O)c2cc(C(=O)NCc3ccccc3F)ccc2-c2ccccc2)CCO1,1
protein22,1,CCCCC(NS(=O)(=O)Oc1ccccc1)C(N)C(=O)OCc1ccccc1,0
protein22,1,CC(C)C1NC(=O)CN(C2CCN(c3c(F)cc4c(=O)n(C)ncc4c3F)CC2)C1=O,1
protein22,1,Cc1cc(=O)[nH]c(N2C(=O)CC3(O)CC=C2S3)n1,0
protein22,1,Nc1ncc(-c2ccn3c2CN(C(=O)C2CCOC2)CCC3)cc1OC(F)F,1
protein22,1,Cc1c(Cc2ccc(S(N)(=O)=O)cc2F)cccc1OCCN1CCCCC1,0
protein22,1,CCN1CCCN(c2cc(-c3cccnc3)c(Cl)cc2C#N)CC1,1
protein22,1,CCC1CC(C)CCC1NC(=O)c1ccco1,0
protein22,1,Cc1ccc(C(=O)Nc2nnc(-c3ccc(Cl)cc3)o2)cc1C,0
protein22,1,Cc1ccc2c(c1)c(-c1nc3ncccn3c1NCCCl)cn2C1CCC(CN)CC1,1
protein22,1,O=C(Nc1ccc(Cl)c(C(F)(F)F)c1)c1ccccc1Sc1cccnc1N1CCN(C2CCCCC2)CC1,0
protein22,1,Cc1cc(O)ccc1C(O)CC1CNC1,0
protein22,1,Nc1ncnc2c1c(C(O)c1ccc(F)cc1)cn2-c1ccc(F)cc1,1
protein22,1,CCC(C)CNC1CCN(C)CC1C(=O)OC,0
protein22,1,Cc1occc1S(=O)(=O)N1CCN(Cc2c(F)cccc2Cl)CC1,0
protein22,1,O=C(Nc1ccc(Oc2ccc3cccnc3c2C2CNCCO2)cc1F)c1ccccc1F,1
protein22,1,Cc1c(F)cc(Nc2nnc(N(C)C(=O)c3ccc(OCC(F)(F)F)cc3)s2)cc1F,1
protein22,1,Nc1nccc(Oc2cc3ccnn3c3c2-c2cnc(N4CCCC(CO)C4)c(-c4cccc(Cn5cccn5)c4)c2CC3)n1,0
protein22,1,Cc1ccc(C)c(NC(=O)c2cnc3cc(NC(=O)c4cc(Cl)c5c(c4)OCC(=O)N5)ccc3c2O)c1,1
protein22,1,COCC(CC1CCCN(CC=C(C)C)C1)Cn1oc(-c2ccccn2)cc(=O)c1=O,0
protein22,1,CCNc1nc2ccccc2cc1-c1nnc(C)c2ccc(Cl)cc12,1
protein22,1,CCC1C(=O)N(C(=NC)NC)c2c(Cl)cc([N+](=O)[O-])cc2S1(=O)=O,1
protein22,1,CCn1ccnc1CNC(=O)c1ccccc1-n1nccn1,0
protein22,1,Cc1ccc2[nH]cc(C(=O)NCc3cc4ccccc4n(C)c3=O)c2c1[N+](=O)[O-],1
protein22,1,Cc1cncc(C(=O)Nc2noc(C(F)(F)F)n2)c1,0
protein22,1,Cc1ccnc(Sc2nc3ccccc3cc2-c2cccc(O)c2)n1,1
protein22,1,Cc1cc(NCc2cccc(Cl)c2)nc(NC2C=CCC(C)C2)n1,0
protein22,1,O=C(Cc1ccccc1F)NC(CC1CCN(C(CCN2CCCc3ccccc3C2=O)C2CC2)CC1)C(=O)O,0
protein22,1,NC(C(=O)NCC(=O)Nc1cc([N+](=O)[O-])cc(Cl)c1Nc1ccc(OC(F)(F)F)cn1)C1CCCC1,0
protein22,1,CC(=O)Nc1nnc(SCc2ccccc2)s1,0
protein22,1,Cc1nc(S)n(-c2ccc(N3CCOCC3)cc2)c1-c1ccccc1,0
protein22,1,CC(C)(C)N=C1N2CCCC(C2)CC1(c1ccccc1)c1nccs1,0
protein22,1,COc1cccc(-c2cc(O)n3ncc(C(=O)NC4C(C)CCCC4C)c3n2)c1,0
protein22,1,CC(C)CCCN(CC(OCc1cncc(F)c1)C(C)(C)F)C(C)CN1C(=O)c2ccc(Cl)cc2C1=O,0
protein22,1,CCOC(=O)c1nc(-c2ccccc2C(=O)N(C)C)n[nH]1,0
protein22,1,Cc1ccc(C)c(NC(=O)c2ccc(NC3CCCCC3C)nc2)c1,0
protein22,1,CC1=CC(C(OCC(F)(F)F)C2CCN(Cc3cccc(-c4ccc5c(c4)CCC(C)N5)c3)C2=O)Oc2ccccc21,0
protein22,1,CCn1cc(CCO)c(N)nc1=O,1
protein22,1,CC(=NOCc1cnn(-c2ccccc2)c1Nc1ccc(C(C)(C)C)cc1)c1ccc(C)nc1,0
protein22,1,CC1(c2cc(-c3c(F)cccc3Cl)nc(N)n2)CCC(CN2Cc3cccc(O)c3C2=O)OC1,0
protein22,1,CCN(CC)CCC#Cc1ccc(CN2CCCCC2)cc1,0
protein22,1,CC(C)CNC(=O)c1cccnc1C(=O)NC(c1cccnc1)c1cc(C(F)(F)F)ccc1F,0
protein22,1,CCN(CC)Cc1nc2ccccc2c(=O)n1-c1ccc(OC)cc1,1
protein22,1,CC(C(=O)N1CCN(c2ccccc2Oc2ccccc2)CC1)C(C)(C)C,0
protein22,1,CC1C(=O)Nc2cc(Oc3ccc([N+](=O)[O-])cc3)c(F)cc2N1C,1
protein22,1,Cc1ccccc1-c1nc(N2CCN(C)CC2)c2ccccc2n1,1
protein23,1,NC(=O)c1cccc(-c2c(C(F)(F)F)nn(CC3CCCC3)c2C(F)(F)F)c1,0
protein23,1,CCOc1ccc2c(c1)N(c1nc(NC(=O)c3cccc(F)c3)n3ccccc13)CC(C)O2,0
protein23,1,Cc1ccc(NC(=S)NC(=O)c2cccnc2C(F)(F)F)cc1Cl,0
protein23,1,Cc1cccc(F)c1S(=O)(=O)N(CC1CCCNC1)c1ccc2c(c1)CCC2,0
protein23,1,Cc1nn(C)c2c1CCN(C(=O)c1oc3ccc(O)cc3c1Cc1ccccc1C=O)C2,1
protein23,1,NCCCn1c(NS(=O)(=O)c2ccc(F)cc2)nc2cc(-c3cncc(Cl)c3)ccc21,0
protein23,1,O=C(CCc1ccccc1[N+](=O)[O-])Nc1c(-c2ccc([N+](=O)[O-])cc2)cccc1C(F)(F)F,1
protein23,1,O=C(CCS(=O)(=O)c1ccc(Cl)c(Cl)c1)Nc1ccc(Cl)cn1,0
protein23,1,CCN(CC)C1CCN(C(=O)c2cccc(Oc3cncc(Cl)c3)c2)CC1,0
protein23,1,CCN1C(=O)C(CCC(CN2CCN(C)CC2)N2C(=O)c3ccccc3C2=O)c2ccccc21,1
protein23,1,O=C(Cc1nc2ccccc2s1)Nc1nc2c([S+]([O-])c3cccc(C(F)(F)F)c3)cccc2s1,0
protein23,1,Cc1nc(-c2ccn(CCN3CCc4ccccc4C3)c2)c2cccnc2n1,1
protein23,1,O=C(Cn1ncc2c(S(=O)(=O)N3CCCCCC3)cccc21)Nc1ccccc1C(F)(F)F,0
protein23,1,O=C(NCc1ccc(Oc2ccccc2)cc1)c1cccs1,0
protein23,1,Cc1ccc(-n2ncc3c(NC(=O)c4cccnc4)nc(-c4ccccc4O)cc32)c(C)c1,1
protein23,1,CCN1CCN(c2nc(O)c3ccccc3n2)CC1,1
protein23,1,O=C(NS(=O)(=O)c1cc(C(=O)Nc2ccc(F)cc2F)c(O)c2ccccc12)c1cccnc1,0
protein23,1,CCC(NC(=O)C1C=CCC1)c1nc2ccccc2[nH]1,0
protein23,1,Cc1ccc(CSCc2c(CC(=O)C3CCN(C)CC3)noc2C)cc1,0
protein23,1,Fc1ccc(NC(=S)Nc2cccc(C(F)(F)F)c2)cc1,0
protein23,1,COc1ccc(Cl)cc1C(=O)NCC(=O)OCCCc1ccccc1N(Cc1ccco1)C(C)=O,0
protein23,1,CCn1c(C(=O)O)c(-c2ccnc(Cl)c2)c2ccccc21,1
protein23,1,Cc1cc(Cl)ccc1-n1ccnc1SCC(=O)N1CCCCC1(C)C,0
protein23,1,CCCCC(=O)c1cccc2c1OC1Cc3ccccc3C1(O)C2,0
protein23,1,O=CN1CCC(NS(=O)(=O)c2ccc3c(c2)OCCO3)C1,0
protein23,1,Cc1ccc(C)c(NC(=O)c2cc(OCCC3CCCN(Cc4ccccc4)C3)c(N3CCNCC3)cn2)c1,0
protein23,1,CC1NC(=O)C2CCN(CC2)C(c2ccccc2)c2ccccc2C(c2ccc(CC(C)(C)C)cc2)=NNC1=O,1
protein23,1,Cc1ccc(Nc2nc(C(CCCN3CCN(C=Nc4sc5c(c4C(N)=O)CCCC5)CC3)c3ccccc3)ns2)cc1,1
protein23,1,COc1ccc(S(=O)(=O)NC2CC(C)(c3ccc(C#N)cc3)Oc3cc(-c4ccccn4)ccc32)cn1,1
protein23,1,CC(c1ccc(C(F)(F)F)cc1[N+](=O)[O-])N1CCN(C)CC1,0
protein23,1,Cn1c(=O)c2c(c3c(n2Cc2ccco2)CCC(C(=O)O)C3)c2ccccc21,1
protein23,1,CCC(C)C(C(=O)NC)N1C(=O)NC(C)C1=O,0
protein23,1,Cc1ccc(-c2cn3ccccc3n2)cc1NC(=O)c1ccccc1Nc1cc(Cl)ccn1,0
protein23,1,CCc1ccccc1NC(=O)c1c(C)nn(-c2ccccc2)c1C(F)(F)F,0
protein23,1,CCCC(O)(C(=O)N1CC1)C1C(n2cncn2)C(O)C(c2cccc3occc23)CC1(O)Cn1ccnc1,0
protein23,1,CCC(=O)Nc1cccc2c(NCCN3CCN(C)CC3)ccnc12,1
protein23,1,CCC(C)C(N)CNC(=O)c1ccc(C)c2c1nc1cc(CN3CCOCC3)ccn12,0
protein23,1,CCOCc1ccc(-c2cc(C=NNC(=O)c3ccncc3)cc([N+](=O)[O-])c2O)cc1C(C)C#N,1
protein23,1,CCCCN(C(C)C)S(=O)(=O)c1cccc(C=CC(=O)Nc2ccccc2N2CCOCC2)c1,0
protein23,1,CCC(CC)C(=O)Nc1nnc(-c2ccc(OC)cc2F)s1,1
protein23,1,CC1CCN(c2cc(NC(=O)c3ccco3)n(-c3cccc(OC(F)(F)F)c3)n2)CC1,0
protein23,1,O=S(=O)(c1ccc2c(c1)CCCC2)N(Cc1ccccc1)c1ncccn1,0
protein23,1,CN1C(=N)COc2cc(C(=O)N3C(C(C)(C)C)C(=NNC(N)=O)CC3(C)C)ccc21,1
protein23,1,CCc1cccc2c1N1C(=O)C2CC2CCC3(CCN(C(=O)c4ccccc4)CC3)OC21,1
protein23,1,CN1C(=O)c2ccc(OCC3CCN(C(=O)C4CC5CCC4N5)CC3)cc2C1(C)CC1OC1(C)C,1
protein23,1,O=C(O)Cn1ccc2c(N3CCCC3CN3CCCCC3)ncnc21,0
protein23,1,Cc1cccc2c1S(=O)(=O)N(CCC1CN(C(=O)C(F)(F)F)C(CO)C1(C)C)C2=O,0
protein23,1,CC=CCn1c(-c2ccc(Oc3ccccc3)cc2)nc2cc(Cl)ccc21,0
protein23,1,Cc1ccnn1-c1nc2c(nc1-c1ccc([N+](=O)[O-])cc1)C(=O)CCC2,1
protein23,1,CCN(CC)CCC1(C(F)(F)F)Nc2nc(S(=O)(=O)C(F)(F)F)ccc2-c2ccccc21,1
protein23,1,Cc1nn(-c2ccc(N)nn2)c2cccc(CCc3ccc(Nc4ccc(F)c(Cl)c4)nc3)c12,1
protein23,1,Cc1nc(-c2cc(C(=O)NC(CO)C3CCC4CNCC4C3)ccc2C(F)(F)F)cs1,0
protein23,1,CCc1ccc2nc(NC(=O)Cn3cnc4c(Cl)cccc43)sc2c1,1
protein23,1,Cc1ccc(C(C)C)c(NC(=O)N2CCCS2(=O)=O)c1,0
protein23,1,NC(=O)c1cccc(Nc2nc(-c3cccc(Cl)n3)cs2)c1,0
protein23,1,O=C1C=CCc2nc3c(Nc4cccc(F)c4)c(C4CCNCC4)ccn3c21,0
protein23,1,NCCCn1cc(-c2ccc(F)c(F)c2F)c2cc(NC(=O)c3ccccc3S(=O)(=O)N3CCOCC3)ccc21,0
protein23,1,O=C(Nc1nc(-c2cccnc2)cs1)c1cnccn1,0
protein23,1,Cc1ccc(CS(=O)(=O)c2ccc([N+](=O)[O-])s2)cc1,1
protein23,1,Nc1ncc2c(-c3ccc(Cl)cc3)cn(C(CCS(=O)(=O)c3ccccc3)C(F)(F)F)c2n1,0
protein23,1,CCn1c(NC(=O)C2CCCO2)nc2ccc(-c3cnn4c3CCCCC4)cc21,1
protein23,1,CCCCC(C)NC(=S)NN=C(C)C(C)(C)C,0
protein23,1,CCC1CN(C(=O)c2ccc(C(F)(F)F)c([N+](=O)[O-])c2)Cc2cncn21,0
protein23,1,CCn1ccnc1CN1CC(C)(C)c2ccccc2C12CCNCC2,0
protein23,1,Cc1cccc(N(C2=CCN(C)C2)c2ccc(Cl)c(Cl)c2)n1,0
protein23,1,CCn1c(-c2ccc(C(=O)Nc3ccc(C#N)c(OC)c3)cc2)nc2ccccc21,1
protein23,1,Nc1nc2c(-c3ccc(F)cc3)nc(C3CCNC(=O)C3)cc2n1O,1
protein23,1,CC(C)CCC(=O)N1C(C)CCC1C(=O)Nc1nn2c(C(F)(F)F)c(Cl)cc2s1,0
protein23,1,CC(=O)c1c(C(F)(F)F)n[nH]c1Nc1nc2ccc(Cl)cc2nc1-c1ccncc1,0
protein23,1,CCN(CC)C(=O)c1cc(-c2ccccc2)c2c(Nc3cccc(OS(=O)(=O)O)c3C)cccc2n1,1
protein23,1,CC(C)CNc1ncc(C(=O)O)c(=O)n1Cc1ccc(Cl)cc1Cl,0
protein23,1,Cc1ccsc1C(=O)NN=C1CC(C)(C)Oc2cc3c(N)c(-c4ccccc4)cnc3cc21,0
protein23,1,Cc1cccc(NC2=NCC3(CCCCC3)N2C)n1,0
protein23,1,O=C(NCCCl)c1ccccc1-n1c(-c2ccc(Cl)cc2)nc2ccccc2c1=O,1
protein23,1,CCC1(CCCO)CCN(C(=O)CC2SC(c3ccccc3C)N(C)C2=O)CC1,0
protein23,1,Cc1nc(C(=O)O)sc1C(Nc1cccc(C#N)c1)(c1cccc(OC(F)F)c1)c1cccnc1-n1ccnc1,0
protein23,1,CCC(CO)Nc1nc(O)sc1C,0
protein23,1,CCC(CNC(=O)c1cccc(C(F)(F)F)c1N(C)C)NC(=O)c1ccc(N)cc1-c1cccs1,1
protein23,1,Cc1ccc(N2CCN(c3cn4cc(-c5cncc(Oc6cccc(F)c6)c5)cc(C(F)(F)F)c4n3)C2=O)cc1,1
protein23,1,CC(C(=O)Nc1cccnc1OCC(F)(F)F)N(Cc1ccc(C(F)(F)F)cc1)S(C)(=O)=O,0
protein23,1,CC=C(NCCNC(N)=O)c1cccc(O)c1,0
protein23,1,CCC1CN2CCCC2CCNCCC2CCCC1N2S(C)(=O)=O,0
protein23,1,CC1CCCc2c(I)ncc[n+]21,0
protein23,1,CC(C)n1cc(-c2c(O)n(-c3ccccc3)c3ccc(S(=O)(=O)NCCN4CCOCC4)cc23)cn1,0
protein23,1,CC1(C)CC2c3ccccc3CCN2c2ccccc21,0
protein23,1,CCCCC(CNC(=O)c1ccccc1NC(=O)C=Cc1ccc(Cl)cc1)NC(=O)OC(C)(C)C,0
protein23,1,NC(=O)C(CCc1c(Cl)cc(Cl)cc1Cl)N1CCCC(Cc2ccc(NC=O)cc2)C1,0
protein23,1,Cc1ccccc1NC1=NC(c2cccc3c2nc(C2CCCCC2)n3C)(C2CC2)CO1,0
protein23,1,Cc1ccc(C)c(-c2cc3cc(C(=O)N4CCN(CCO)CC4)ccc3nc2N2CCNCC2)c1,1
protein23,1,CCN(CC)CC1COc2c(Cn3cnc4cccc(-c5cccnc5)c43)cccc2O1,1
protein23,1,FC(F)(F)c1cc(-c2ccncc2)ccc1C#CC1CCCC1NC1CCCNC1,0
protein23,1,NC(=O)c1ccccc1N(C(=O)c1cccc2cccnc12)C1=NCCN1,0
protein23,1,CCC1(C)OC(CS(=O)(=O)OCc2ccc(C(F)(F)F)nc2)C(C)CC1N(C)CCC1CC(O)CCN1C,0
protein23,1,O=C(Nc1ccc(N2CCCC2)cc1)OC(C(F)(F)F)(C(F)(F)F)C(F)(F)F,1
protein23,1,CCCCCCCN1CCC1(C)C(=O)Nc1c(N2CCCC2)ccc2c(C)nn(CC)c12,0
protein23,1,CCOc1ccccc1C(=O)Nc1cc([N+](=O)[O-])ccc1N1CCCCC1,1
protein23,1,CC(C)CC(NC(=O)NCC(F)(F)F)c1ncc(C(=O)NC2CCCC2)o1,0
protein23,1,Cc1cc(-c2ccc(Cl)c(F)c2)n2ncc(C(=O)N3CCc4ccccc43)c2n1,0
protein23,1,Cc1nnc(N2CCC(C)CC2)nc1O,0
protein23,1,CC(C)C12c3ccnn3-c3ccccc3C1N(CC1CC1)CC2C1=NNC(=O)CN1,0
protein24,1,CC1N=C([O-])CC12CC(=O)N=C(N1c3c(c(Cl)c(O)c4ncccc34)CC1(C)C)O2,1
protein24,1,CC#CCn1cc(NC(=O)c2ccc(C)cc2Nc2ccc(C(F)(F)F)cc2)cn1,0
protein24,1,CC1CC2CN(S(=O)(=O)Oc3cccc(C(C)(C)c4ccccc4)c3)CC(C)C2NC1=O,0
protein24,1,Cc1ccc2nc(Nc3ccc(C#N)cc3F)n(Cc3ccccc3)c(=O)c2c1,1
protein24,1,O=C(NCc1ccccc1Cl)C1CCN(S(=O)(=O)c2cccc(OC3CCOCC3)c2)C1,0
protein24,1,Cc1cc(NC(=O)C(F)(F)F)ccc1Nc1ncnc2cc(-c3ccnc(N4CCOCC4)c3)ccc12,0
protein24,1,CC(C)=CCn1ccnc1-c1ccc2cc(C#N)ccc2n1,1
protein24,1,Cc1cc(C)n2nc(-c3cccc(OCC(F)(F)F)c3F)c(NC(=O)C3CCNCC3)c2n1,1
protein24,1,CC=C(C)C(=O)N1CCN(c2ccc(F)cc2C#N)CC1,1
protein24,1,NCCC(=O)Nc1cc(C(F)(F)F)c2c(n1)NC(=O)CC2=C(OCc1ccccc1)C1CCc2cc(Cl)ccc2C1CN1CCNCC1,0
protein24,1,Cc1cccc(S(=O)(=O)N2CCC(CCN3CCNCC3c3ccccc3)CC2)c1C,0
protein24,1,CC1(C)Cc2c(C(F)(F)F)cc(C#N)nc2C(NC(=O)c2cccc(OCc3ccccc3)n2)C1,0
protein24,1,CC1CCCCN(C(=O)c2ccnn2C(C)(C)C)C1,0
protein24,1,CCc1cccc(C(C)C)c1NC(=O)CS(=O)(=O)c1cccc([N+](=O)[O-])c1,0
protein24,1,CC(C)CC(Cn1c(C2CC2)nc2cc(C(=O)NC(C)CC3CC(O)CCN3C)ccc21)NC(=O)Nc1cccc(Cl)c1,0
protein24,1,CC(C)=CCNc1cnccc1Nc1ccc(C(=O)O)c(C)c1,0
protein24,1,CCn1cc2c(c1C)-c1ccccc1C(CNS(=O)(=O)c1cc(C)ccc1C)C2,1
protein24,1,CCn1c(CSc2ccccc2C)nc2ccccc21,1
protein24,1,C=C(C1CCC(C)CC1)C1NCCC2(C3CCCCC3)C1OC(=O)N2C,0
protein24,1,O=C(Nc1ccccc1[N+](=O)[O-])c1ccc(S(=O)(=O)Nc2ccc(O)cc2)cc1,0
protein24,1,NC1c2cc(F)c(F)cc2Oc2cc1c1oc3ccccc3c1n2,1
protein24,1,CC(C)(Cc1ccccc1)NCC(O)COc1cc(O)ccc1-c1cnco1,0
protein24,1,O=C(c1cccc(F)c1)N1CCCC2C1Cc1ccc(O)cc1C2(Nc1ccccn1)C(F)(F)C(F)(F)F,0
protein24,1,Cc1ccc(C(=O)Oc2cnn(CC3CCCCC3)c2)cc1-n1nc(O)c2cc(F)ccc2c1=O,0
protein24,1,O=C1CCCCN1n1cnnc1Sc1cccc(F)c1Cl,0
protein24,1,CC#CCN1CCC(S(C)(=O)=O)CC1,0
protein24,1,CCCN(CC(C)CC)c1nc2cc(Cl)c(OC3(C)CCN(Cc4ccccc4)CC3)cc2o1,1
protein24,1,Cc1ccc(Cn2c3c(c4cc([N+](=O)[O-])ccc42)CN(CCO)CC3)cc1,1
protein24,1,CC(=O)Nc1ccccc1N1CCC(C2(N)C3CCCCC3OC(=O)N2c2ccccc2)CC1,1
protein24,1,CCCC1(c2ccc(F)cc2)CCCN(Cc2cc3c([nH]2)CCNC3=O)C1,0
protein24,1,CCCC1(C)CC(=O)c2cc3c(cc2C1=O)CC(C)C(C)O3,0
protein24,1,CCN1CCC(c2nc3c(C(=O)Nc4cccc(-n5cccn5)c4)cccc3o2)CC1,0
protein24,1,CC1(C)CC(C(=O)Nc2ccc(S(=O)(=O)Nc3nccs3)cc2)CC(C)(C)C1,0
protein24,1,Cc1cccc(-n2cc(-c3ccc(NC(=N)N)cc3)nc2S)c1,0
protein24,1,Cc1ccc2ncc(-c3cc(CC(C)(C)CC(=O)O)cc(N4CCOCC4)n3)n2n1,0
protein24,1,CC(C)(C)C(=O)NCC1CN(CCCC(=O)CC(C)(C)C(C)(C)C)CC(c2ccccc2C(F)(F)F)O1,1
protein24,1,CC(C)CC1CN(c2nc(NC(=O)c3ccccc3)nc3c2c(C(C)C)nn3C)CCN1C,0
protein24,1,CC(C)C(CP(N)(=O)O)=C(C#N)C#N,0
protein24,1,O=C(Nc1cc(-c2cnc3c(N4CCCCC4)cccn23)ccc1F)c1ccccc1F,1
protein24,1,CCc1cc(OCC(=O)NCCc2cccc(C)c2)ccc1C(C)(C)C,0
protein24,1,CCCCC1(C(=O)OCc2c(C(=O)c3ccccc3)n(Cc3nnc(S)n3C)c3ccccc23)CCS(=O)(=O)N1,0
protein24,1,CC(=NNc1ccc2ccccc2n1)c1ccc(N(C)C)cc1,1
protein24,1,O=C(Nc1ccc(-c2ccccc2)cc1SCC(=O)N1CCC(O)C1)C1CC1c1ccccc1,0
protein24,1,CC(C)CC(C)Nc1nc(-c2ccncc2)nc2ccc(C(F)(F)F)cc12,0
protein24,1,Cc1[nH]n(-c2ccc([N+](=O)[O-])cc2C#N)c(=O)c1C(C)C,1
protein24,1,Cc1cc2cnccc2nc1O,0
protein24,1,Cc1cc(C)c2cccc(NC(=O)C(C)(C)C)c2n1,1
protein24,1,Cc1cccc(C)c1NC(=O)c1ccccc1N1C2CC3(CCCC3N(C)C2=O)S1(=O)=O,0
protein24,1,CCc1cc(C(=O)NO)ccc1-n1c(CCCN2CCN(C)CC2)nc2c(Cl)cccc21,0
protein24,1,CC1(C)CCN(c2nc(CS(=O)(=O)c3cccc(OCC4CC4)c3)no2)C1,0
protein24,1,Cc1cccc(C)c1NC(=O)CSc1ccccn1,0
protein24,1,CC1CCN(C(=O)c2cccc3c2OCCN3c2ccnc3nc(N)ccc23)CC1,1
protein24,1,CC(C)CC(C1=NN(c2ccc(Cl)cc2)C(C(C)O)C1=O)c1ccccc1,0
protein24,1,Cc1nc2c3c4cc(c(nc4-c4ccccc4)c3c1O)CC2,1
protein24,1,Cc1c(Cl)cccc1-n1nccc1C(=O)OCC(=O)NC1CCC(C(=O)O)CC1,0
protein24,1,CCCN1CCN(C(=O)c2cc(C)ccc2-c2nc3ccccc3s2)CC1,0
protein24,1,CCN(CC)CCn1c(NC#N)nc2cc(Cl)cc(Cl)c21,0
protein24,1,CC(C)CC1CC(c2ccc(F)cc2)=NN1C(=O)OCc1ccccc1,0
protein24,1,Cc1ccccc1NC(=S)NC(=O)C(Cl)(Cl)Cl,0
protein24,1,Cc1ccc(Cl)cc1NC(=O)c1cnc2nc(N(C)C)nc(O)c2c1,0
protein24,1,CCS(=O)(=O)NC1CCC(COc2cccc3c2CCCC3)C1,0
protein24,1,Cc1onc(OCC(Cl)(Cl)Cl)c1C1=NCCCC12C(=O)Nc1ccc(OC(F)(F)F)cc12,1
protein24,1,COc1ccc(C=Nc2cc(F)ccc2NC(C)=NOC2CNC(=O)C2c2c(Cl)cccc2Cl)c(O)c1,1
protein24,1,CC=CC(=O)NCC#Cc1cn(C)c2ccc(Oc3cc(O)nc(N)n3)cc12,1
protein24,1,NCCCNc1cnc(-c2ccccn2)n1Cc1ccccc1,1
protein24,1,CCC1CN(CCOc2ccc(F)cc2C(C)(C)C)C(=O)c2cnc3cccc(C)c3c2N1,0
protein24,1,CCn1cc(N2CCN(C)CC2)c(=O)n(CCCN2CCOCC2)c1=O,1
protein24,1,CCCCOc1cocc(-c2ccccc2)c1=O,0
protein24,1,CCN1C(=O)c2cc([n+]([O-])c3ccccc23)C1=O,1
protein24,1,Cc1cccc2[nH]c(-c3cc(-c4cc(NC(=O)C(N)CC(=O)O)nn4-c4ccc(C#N)cc4)cc(N4CCOCC4)c3)nc12,0
protein24,1,Cc1noc(C)c1C(=O)Oc1cc2c(cc1OC(F)(F)F)CN(C(C)c1nc3c(-c4ccccc4F)ccnc3[nH]1)CC2,0
protein24,1,CC1CCc2ccc(NC(=O)C[S+]([O-])Cc3nc4ccccc4o3)cc2C1(C)C,0
protein24,1,CCCC1CC2C(=O)C=CCC2ON1c1ccccc1Cl,0
protein24,1,CCn1c(N2CCc3ccccc32)c2nc(-c3cccnc3)cc-2n(CC2CN(C(C)C)CCO2)c1=O,1
protein24,1,Cc1ccc(C(NC(=O)C(=O)O)C2CCCO2)cc1,0
protein24,1,CCCc1cc(CN2C(=O)C3(CCN(C)CC3)c3ccccc32)sc1C,0
protein24,1,CCC(CC)Cn1ccnc1[N+](=O)[O-],1
protein24,1,CC#CC1(NC(=O)C2CCCN(S(=O)(=O)c3ccc(C(F)(F)F)o3)C2)CCCC1,0
protein24,1,CC(=O)Nc1cccc(C(=O)NC2c3ccccc3COc3ccc(F)cc32)c1,1
protein24,1,CCn1cc(C(N2CCN(c3nnc(C)[nH]3)CC2)C(C)(C)C)cn1,0
protein24,1,CC(C)N=C(N)S,0
protein24,1,CCN(CC)CCn1c(Sc2cccc3c2C(=O)NC3=O)nc2ccccc21,1
protein24,1,CC1OCCN1c1nc2c(Cc3ccc(F)c(F)c3)cnnc2s1,1
protein24,1,Cc1ccc(CC(CN2c3ccccc3CC3CCCCC32)n2cc(C(C)C(=O)NC3CCC(C)(C)C3N3CCC3=O)c3cccnc32)cc1,0
protein24,1,CCC1CN(Cc2cnc(NC3CC3)c3c(Nc4c(Cl)cncc4C(F)(F)F)cccc23)CCN1C,0
protein24,1,CC(C)(CC(=NNC(=O)c1ccccc1)C(=O)c1cc2ccccc2[nH]1)C1CC1,0
protein24,1,C=C(C(=O)c1[nH]c(C)c(C(=O)OCC)c1C)N1CCOCC1,0
protein24,1,O=C1CN(c2ccc3c(c2)OCc2cc4n(c(=O)c2O3)-c2ccccc2CC4)CCN1,0
protein24,1,O=C(O)c1cncc2c1C(=O)Nc1cccnc1O2,0
protein24,1,CC(C)C1C=C2C(C=[SH]C2(C)C)C2C(=O)N(Cc3cccnc3)C(=O)N12,0
protein24,1,O=C1C2OC2(c2c[nH]c3ncccc23)c2ccccc2N1c1ccc(F)c(F)c1,1
protein24,1,CCCCC(C)NCC(O)COc1ccc(C(C)(C)C)cc1,0
protein24,1,O=C(O)c1ccccc1C(=O)Nc1ccc(C2=NCCc3ccc(Cl)cc32)cc1,0
protein24,1,O=C(c1cc2cc(C(F)(F)F)nc(-c3ccc(Cl)c(Cl)c3)n2c1)N1CCNCC1,0
protein24,1,O=CCCCCN=C1c2ccccc2C(=O)N1c1nnc(-c2ccccc2)o1,0
protein24,1,Cc1ccc2nc(C(=O)Nc3cc(-c4cccc(Cl)c4)nn3CCC(N)=O)cc(C)c2c1,0
protein24,1,CCn1cnc2c(NC(=O)Nc3cc(Cl)ccc3OC)cccc21,0
protein24,1,CCC(C)(C)c1ccc(COc2cc(F)ccc2CCC(=O)O)cc1,0
protein24,1,CCOc1cc2cccnc2cc1N1CCN(CC(O)Cc2ccccc2C)CC1,1
protein24,1,O=C(Nc1ccc(F)c(F)c1)OC1CN(c2ncnc(N3CCCC3)c2F)CC1CO,0
protein25,1,O=c1nc(OCCCCN2CCN(c3ccccc3Cl)CC2)c2ccccc2[nH]1,0
protein25,1,Cc1ccc(-c2nc3ccccc3nc2Nc2ccc(N3CCCCC3)nn2)cc1,0
protein25,1,CCS(=O)(=O)NC(=O)c1cc(C(C)C)nn1C(C)(C)C,0
protein25,1,CCN1C2=NCCCN2c2cc(C(=O)Nc3ccccc3-c3ccccc3)ccc21,1
protein25,1,CCn1c(=NC(C)=O)oc2c3c(ccc21)N(C(C)=O)CCC3,1
protein25,1,Cc1cnc(N)c(-c2cc(Cl)c(OCC(C)(C)C)cc2-c2ccc(NC(=O)C(CS)NC(=O)OC(C)(C)C)cc2)n1,0
protein25,1,O=C1C=C2NCC(CCCc3ccc4c(c3)NC(=O)CS4)C2C1,0
protein25,1,Cc1nc(-n2ncc3c2CN(C(=O)c2ccc(-c4cc(C(F)(F)F)n(C)n4)o2)C3)ncc1F,1
protein25,1,CCN1CCN(c2nc(C(F)(F)F)cc3c2nc(C)n3Cc2ccccc2Cl)CC1,1
protein25,1,Cc1ccc2ccc(C3CCCN3C(=O)c3cnc(Cl)c(F)c3)c(O)c2n1,0
protein25,1,CC(C)NC(=O)c1ccncc1Oc1ccc(CNC(=O)C(C)N)cc1F,0
protein25,1,O=Cc1cccc(-c2cnc(NCc3ccc(F)cc3C(F)(F)F)s2)c1O,0
protein25,1,O=C(O)CCC(=O)Nc1ccc(OCC2CC2)cc1,0
protein25,1,CC(C)CC(N)C(N)=O,0
protein25,1,CCCCCC(O)CC,0
protein25,1,Cc1ccc(C)c(OCC(=O)n2nc(C)c3c(C)nn(-c4ccc5c(c4)OCCCO5)c32)c1,1
protein25,1,CC(C)C1COCCn2cc(C(=O)NC3CCCCC3)c(n2)C(CNC(=O)c2ccccc2C#N)O1,1
protein25,1,CCNC(=O)c1ccc2c(=O)n(-c3ccc(-c4[nH]nc(-c5ccncc5)c4-c4ccc(OC)cc4)cc3)c(=S)[nH]c2c1,0
protein25,1,CC(=O)C1CN(Cc2ccc(C#N)cc2C(F)(F)F)C1=O,0
protein25,1,CCC(C(=O)O)N(C)C(=O)C1N(Cc2csc(-c3cc(F)ccc3F)n2)CC1(C)C,0
protein25,1,CC(=O)c1cccc(Nc2nccc(-c3cnc(N)c4c3CCc3cccnc3-4)n2)c1,1
protein25,1,CCCCCn1cc(-c2cc3c(nc2N2CCCNCC2)CCCC3=O)cn1,0
protein25,1,Cc1ccc(Nc2nc(N)c(C(=O)Nc3ccccc3N)c(-c3ccc(O)cc3)n2)cc1,1
protein25,1,CCOc1nn(-c2ccc(Cl)cc2)c(=O)c(-c2cccc(F)c2)c1OCC,0
protein25,1,CCN(CC)c1ccc(C=C2C(=O)Nc3ccc([N+](=O)[O-])cc32)cc1,1
protein25,1,CC(F)(F)c1ccccc1-n1sc2ccccc2c1=O,0
protein25,1,CCOc1ccc(C(=O)NC2CCN(Cc3ccccc3)CC2)cc1OCC,0
protein25,1,CC#CCOc1ccccc1C(Cc1ccccc1)C1([N+](=O)[O-])CCN(CCC#N)CC1,0
protein25,1,O=c1cc2c3cn1CCCC3c1cccnc1N1CCN(CC1)C2,1
protein25,1,O=CCNc1cc(-c2cc3cc(Cl)ccc3o2)cc2c1OCC(C(F)(F)F)O2,0
protein25,1,CC(=O)Oc1cccc(-c2ccc(-c3nc(NCc4ccccc4C(F)(F)F)cc(C4CC(O)C4)n3)nc2)c1,0
protein25,1,Cc1ccc(-c2c(C(F)(F)F)[nH]c3c2C(=O)C(=Cc2ccccc2)C2C3CCCN2C)cc1,0
protein25,1,CCONC(=O)C(C)P(=O)(O)Oc1ccccc1OCC(F)(F)F,0
protein25,1,CC(C)(C)N=C(S)NNC(=O)C1Cc2c(cc(C(C)(C)C)cc2C(F)(F)F)CN1S(C)(=O)=O,0
protein25,1,O=C(Nc1ncccc1Oc1ccc(N2CC3CCCNC3(CCO)C2=O)cc1F)c1ccco1,0
protein25,1,Cc1c2c(c(O)c3ccc(-c4ccccc4)nc13)CCCC2,1
protein25,1,Cc1cc(CNc2nc3c(c(N)c2C(N)=O)CCCC3)n(CCC(F)(F)F)n1,0
protein25,1,CCCN=C(S)CCCCCNc1nncc2c3c(sc12)CCCC3,0
protein25,1,CC(C)(C)c1c(N2CCN(Cc3ccccc3)CC2)[nH]c2ccccc2c1=O,0
protein25,1,CCCCC(Nc1cc(C(=O)O)ccc1[N+](=O)[O-])c1cc(C(F)(F)F)cc(C(F)(F)F)c1,0
protein25,1,Cc1cnn(-c2ccccc2)c1-c1ccccc1,0
protein25,1,CC(C)(n1cc(C(=O)NCCN2CCOCC2)c(=O)c2cc(F)c(F)cc21)C(F)(F)F,1
protein25,1,Nc1nc2cc(Oc3ccc(C(F)(F)F)cn3)ccc2n1Cc1ncc(C(F)(F)F)cc1F,1
protein25,1,CC(=O)N1c2ccccc2C(=O)NC12CCNCCS2,0
protein25,1,Cc1noc(C)c1CN(C)C(=O)c1c(-c2cccc(C(=O)O)c2)noc1C1CC1,0
protein25,1,CCn1c(C)c(-c2ccc(F)cc2)c2cc(NC3=NCCO3)ccc21,1
protein25,1,Cc1cc(Cl)c(O)c(Cn2cnc3c(-c4ccc(Cl)c(N(C)C)c4)nc(N)nc32)c1,1
protein25,1,CSC1N=C(c2cccc(Cl)c2)N(c2ccccc2C)C1=O,0
protein25,1,Cc1ccc(CN2C(=O)CC(C)(S)C2=O)s1,0
protein25,1,CCn1c(=O)c2c(c3ccncc31)OC1CCC3(CC1)CCN(C3)C2=O,0
protein25,1,Cc1cccc2c1N(C(=O)C(C)N1CCCCC1)c1ccccc1OC2,0
protein25,1,CC(C)CCCCCC(C)N1CCN(CC(F)(F)c2ccccn2)C(CC(N)=O)C1CO,0
protein25,1,Nc1onc2c(O)c(-c3c(O)cccc3S(=O)(=O)N3CCCCCC3)cc(C(F)(F)F)c12,0
protein25,1,CCC(C)C1(C)C(=O)N(C)c2c(N)nc(N(C)Cc3nc4ccc(Cl)cc4[nH]3)nc21,1
protein25,1,CC(=O)Nc1ccc(S(=O)(=O)c2ccccc2)c(NN=C(C)c2cccs2)c1,0
protein25,1,O=C([O-])c1ccnc(-c2ccccc2OCC2CCC(C3CSC(=O)N3c3ccccc3)CC2)c1,1
protein25,1,O=C(OCCN1CCOCC1)c1oc2ccccc2c1O,0
protein25,1,Cc1ccc(-c2ccccc2)cc1Nc1nccc(N2C(=O)OCC2C(C)C)n1,1
protein25,1,CCn1cc(C(N)=O)c(=O)c2cc(F)c(N3CCOCC3)nc21,1
protein25,1,CC1=CCC(COc2ncccc2C(=O)Nc2ccccc2Cl)CC1,0
protein25,1,Cc1nn(Cc2ccccc2)c(C)c1[S+]([O-])c1c(F)cccc1F,1
protein25,1,Cc1ccc(C)c(C(C)CCC(C(=O)N2CCCC2)N(C)CC(O)Cc2ccccc2CCCCN2CCN(C)CC2)c1O,0
protein25,1,Cc1ccc2c(c1CO)COc1cc3c(cc1O2)C(=O)C1(C2=NCCN2)CCCN3C1,1
protein25,1,CC(=O)NC1CCN(c2c(-c3cccnc3)nc3ccc(-c4ccccc4)cn23)CC1,1
protein25,1,CC(=O)OCC(CO)Nc1ncc(C(F)(F)F)cc1N1CCC(C(O)c2ccccc2)CC1,0
protein25,1,CC1(C)CC(=O)Nc2ccc(Oc3ccc4c(c3)CCCC(CC(=O)NO)C4)cc21,0
protein25,1,Cc1ccc(NC(=O)C2CCc3[nH]c4ccccc4[n+]3C2)cc1C,0
protein25,1,Cc1ccc(S(=O)(=O)N2CCCCC2)cc1Nc1nc(C(C)C)cc(-n2cc(C(F)(F)F)nn2)n1,0
protein25,1,Cc1cncc(OC2CN(S(=O)(=O)c3ccc(O)cc3)C3(CSc4ccccc4C3)C2)n1,0
protein25,1,O=C(Cc1nnc(NC(=O)C2CCCC2)s1)NCc1cccc(F)c1,0
protein25,1,CCS(=O)(=O)N(c1cccc(Nc2ncc(C)c(-c3cncc(C4CCCCC4)c3)n2)c1)C1CCCCC1,0
protein25,1,O=C1C(=Cc2ccc(Cl)c(Cl)c2)NCCN1c1ccccc1,0
protein25,1,Cc1nc([N+](=O)[O-])cn1-c1ccc(Nc2ccc(Cl)c(C3CCCN(C)C3)c2)nc1,1
protein25,1,COc1ccc(Cl)c(Cc2c(O)c(=O)c(Oc3ccc(C#N)cc3F)c3n2CCC3)c1,0
protein25,1,CC1CCN2C(=O)C(C)CC2C1,0
protein25,1,O=C(Nc1ccc(Cl)cc1I)c1cnc(O)nc1O,0
protein25,1,CC(C)(C)NC(=O)Cc1nn(-c2ccccc2)c(=O)c2ccc3c(c12)OCCO3,1
protein25,1,CCCCNc1ccccc1C(=O)NC(C)CCc1ccccc1C,0
protein25,1,CCCC1NCc2oc3ccc(cc3c2C)CNCCc2c1[nH]c1ccccc21,0
protein25,1,CCN(C)c1cc(C)c2c(ccc3c(O)ccc(CN(C)C(=O)C4CCN(c5nnc(-c6ccc(F)cc6)s5)CC4)c32)n1,1
protein25,1,O=CCC1C(=O)N(Cc2cccs2)CC(=O)N1C1CCCCC1O,0
protein25,1,O=C(NCC#Cc1ccncc1)C1Cc2ccccc2CN1C(=O)c1ccccc1C(F)(F)F,0
protein25,1,Cc1ncccc1-c1nc(Nc2cn3c(n2)CN(C)CC3)ncc1N1CCCCC1,0
protein25,1,CC(=O)Nc1ccc(-c2cnsc2Cc2ccccc2[N+](=O)[O-])cc1,1
protein25,1,FC(F)(F)c1c(N2CCCC2)nc2cc(Cl)nc(-c3ccccc3Cl)n12,0
protein25,1,CC1Cc2c(N3CCCC(N)C3)c3cc(-c4cnn(C)c4)cnc3n2C1,1
protein25,1,CCCN(C)Cc1cccc(C23CCCCCC2OS(=O)(=O)C3)c1,0
protein25,1,CCOc1cc(C2=NN(C(=O)c3ccccc3F)CC2)ccc1O,1
protein25,1,CCc1cc(Cl)cc2c1N(C)N=CC2,0
protein25,1,CC(C)=CCN1C(=O)CC(=O)CC1(C)c1ccccc1,0
protein25,1,O=C(Nc1ccccc1OC(F)(F)F)c1ccc(C(F)(F)F)c(-c2ccc3c(c2)[nH]c(=O)n3CC(F)(F)F)c1,1
protein25,1,NCc1c(-c2cccnc2)nn(-c2cccc(Cl)c2)c1OCC1CCC(NC(=O)c2cccnc2N)C1,0
protein25,1,CCC1(c2ccc(Cl)c(C(=NNC(=O)C3CC3(C)C)c3cc(OC(C)=O)ccc3O)c2)CCN(C)CC1,0
protein25,1,CCCS(=O)(=O)NC(=O)c1ccc(OCC(N)=O)c(Cl)c1F,0
protein25,1,CCC1CCC(Nc2nc(N3CCNCC3CCO)ncc2F)c2ccccc21,0
protein25,1,Nc1nc(N)c2c(C(F)(F)F)c(S(=O)(=O)Nc3ccc(F)cc3F)ccc2n1,1
protein25,1,CC(=O)N(CCCN1CCCC(c2ccccc2)C1)C1CCCCC1,0
protein25,1,CC1(C)COC(O)(C(Nc2cc(C(F)(F)F)cnc2-c2ncccn2)C(F)(F)F)C1,0
protein25,1,CCCCCCc1nnc(NC(=O)CCc2cccc(C(F)(F)F)c2)s1,0
protein25,1,CC(C)CC(NC(=O)C1Cc2ccccc2CN1C(=O)C1CCN(S(=O)(=O)c2ccccc2)CC1)C(N)=O,0
protein26,1,CC(C)(CNC(=O)c1cc(-c2ccccc2)ccc1Cl)N=[N+]=[N-],1
protein26,1,Cc1noc(C)c1CN1CCCN(c2ncnc3c2c(C)cn3CC2CC2)CC1,1
protein26,1,CCCCCN1CC2CC(C1)C(CC(O)=CC1(O)c3ccccc3C(=O)N1C(C)C)O2,0
protein26,1,Cc1ccccc1NC(=O)c1cccc(OCC2CCC3(CCCNC3=O)CC2)c1,0
protein26,1,Cc1cc(Nc2c(C)n(C)n(-c3cc(CCCO)c4c(c3)CCCO4)c2=O)ccc1F,0
protein26,1,CCCCC(CO)=NOc1ccc2c(c1)C(=O)c1ccc(S(=O)(=O)N3CCCC(C)C3)cc1-2,0
protein26,1,Cc1nc2c(Oc3ccc(C4=NNC(=O)CC4)cc3)ccc(-c3ccncc3)c2n1C,1
protein26,1,c1ccc(-c2csc3nc(-c4ccncc4)nc(N4CCCCC4)c23)nc1,1
protein26,1,Cc1nc(O)c2cc(NC(=O)COC(=O)Cc3cc(Cl)c(Cl)cc3Cl)ccc2n1,0
protein26,1,O=C(NC(=S)Nc1ccc(F)cc1)c1cccs1,0
protein26,1,CCc1ccc(-n2ncc3ccc(C)c(S(=O)(=O)Nc4ccc(OC)cc4[N+](=O)[O-])c3c2=O)cc1,1
protein26,1,Cc1oc(Nc2ccc(NC(=O)c3cnn4c(C(F)(F)F)cc(-c5cccnc5)nc34)cc2)nc1C#N,0
protein26,1,CC#Cc1ccc(CN(C)C(=O)Nc2ccc(-c3ccccc3)nc2)cc1,0
protein26,1,S=C1N=C(c2ccccc2)CC(c2cccs2)N1,0
protein26,1,CCC(CNC(=O)c1cn(COC(C)CO)nnc1=O)c1ccccc1F,0
protein26,1,CCN(CC)CCNC(=O)c1cc(-c2ccc(OC)cc2)nn1-c1ccccc1,0
protein26,1,CC(=O)Oc1cc2c3c(cccc3n1)-c1cccc[n+]1C2=O,1
protein26,1,CCS(=O)(=O)Nc1ccc(-c2cc(-c3ccc(OC)cc3)n(CC3CC3)c2C(C)(C)C)cn1,0
protein26,1,Cc1nc2c3cc(N4CCN(C)CC4)ccc3n(C)c2c(=O)n1CC(=O)Nc1ccccc1,1
protein26,1,CCS(=O)(=O)c1cn(CC(C)(C)C)cc1C1(C(=O)Nc2ccccc2C(=O)O)CC1,0
protein26,1,Cc1cnn(Cc2nc(O)c3sccc3n2)c1-c1cn(-c2ccc(Cl)cc2)c(=O)[nH]1,1
protein26,1,O=C(Nc1nnc(-c2ccncc2)s1)c1ccc(F)c(F)c1,0
protein26,1,CC(C)CC(NC(=O)C1OCC(C)NCC1CCCNC(=O)c1cccs1)C(=O)O,1
protein26,1,CC12C(=O)N(C(=O)C1C(c1ccccc1)N1CCNCC1)c1cc(Cl)ccc12,0
protein26,1,COc1cc(C(=O)Oc2ccc(Cl)c(C)c2)nc2ccccc12,1
protein26,1,CCN(CC)CCNC(=O)c1cc(NC(=O)c2cc(Cl)cc(OC)c2)ccc1C,0
protein26,1,COc1ncnc(N2CCC(C(=O)Nc3cncc(-c4ccccc4)n3)CC2)c1[N+](=O)[O-],1
protein26,1,O=C(O)CN1C(=O)C2CC=CCC2C1=O,0
protein26,1,N#Cc1ccccc1CN1CCCC1C1CCCCN1Cc1cn(-c2cccnc2)nc1-c1cccc(C(F)(F)F)c1,0
protein26,1,CC(C)CC(NC(=O)Nc1ccccc1Nc1ccccc1F)C(=O)O,0
protein26,1,CC(C)C(CO)NS(=O)(=O)c1ccccc1C1CCN(c2ncnc3ccc(C#CCO)cc23)CC1,0
protein26,1,Cc1ccc(C(=O)Nc2ccc(OC(F)(F)F)cc2)cc1-c1nc(CO)cc(N2CCCC2)n1,1
protein26,1,O=C(Nc1ccccc1N1CCCC1)c1ccncc1O,1
protein26,1,O=C(NCCCN1C(=O)Cc2ccccc21)c1ccccc1N1CCOCC1,0
protein26,1,NC(=O)C(Cc1ccccc1Cl)NC(=O)c1sc2c(c1[N+](=O)[O-])CCCC2,1
protein26,1,O=C1CC(c2ccccc2OCc2ccccc2)=NO1,0
protein26,1,CCCc1nn(C)c2ncc(C)c(N3CCCCC3COCC)c12,1
protein26,1,Cc1ccccc1C(C)(C)Oc1ccc(C(=O)CSc2nc3cc(OC(C)C)ccc3[nH]2)cn1,0
protein26,1,Cc1ccccc1-n1nc(-c2ccc3c(c2)oc(=O)n3C)cc1C(F)C(F)(F)F,1
protein26,1,CC1C(C)(C)CCCC1(C)n1cc2c(n1)C1CC(C)(C)C(=O)N1N=C2,0
protein26,1,CCc1ccccc1NC(=O)c1cnn2c(-c3ccc(C(C)(C)C)cc3)cc(-c3cccc([N+](=O)[O-])c3)nc12,0
protein26,1,CCC=C(C)CC(C#N)n1cc(-c2cn(C)nc2OC)c2cc([N+](=O)[O-])ccc21,1
protein26,1,CCNC(=S)Nc1cccc(NC(=S)N2CCN(c3ncccn3)CC2)c1,0
protein26,1,Nc1nc(O)cc(-c2ccccc2C2CCCCC2)n1,1
protein26,1,COc1ccc(-n2nc(C)c(-c3nc(C(C)CCn4nccc4N)c(N(C)C)[nH]3)c2C)cc1,1
protein26,1,CCCn1c(-c2cscc2C)c(OC)cc(C(=O)O)c1=Nc1ncc(C)cc1C(F)(F)F,0
protein26,1,CC(C)c1ncc(C(=O)C=C(Nc2ccc(C(F)(F)F)cc2F)C2(c3ccc([N+](=O)[O-])cc3)CC2)n1C,1
protein26,1,CC(CC(=O)Nc1nnc(-c2ccccc2OCC(N)=O)s1)c1ccccc1,0
protein26,1,CCCCC(=O)Oc1cccc(CCNC(=O)C2CCN(C(=O)OC(C)(C)C)CC2)c1,0
protein26,1,Cc1c(O)cc2c(nc(Cn3nc(C(F)(F)F)c4scnc43)n2CC=C2CC(O)CCC2C)c1C,0
protein26,1,CCCC(Cc1ccccc1-c1cnc(Cl)c(C(F)(F)F)n1)N1CCCC1,0
protein26,1,Cc1c(C(Cl)(Cl)Cl)cc(-c2cnc(N)nc2-c2ccc(C#N)cc2)nc1C1(C#N)CC1,0
protein26,1,CC(C)CC(SC(=O)Nc1ccc(C#N)c(C(F)(F)F)c1)C(=O)NC1CN2CCC1CC2,0
protein26,1,CCN=c1sc(-c2ccccc2)nn1Cc1ccccc1,1
protein26,1,Cc1cnc2c(c1CC(C)(C)O)NC(=O)c1cc(F)ccc1N2c1ccc(C#N)cc1,0
protein26,1,O=C1CCn2c(=O)cnc3cc(O)c(NCc4ccccc4Cl)c1c32,0
protein26,1,CCN(CC)c1ncc(-c2ccncc2)n1Cc1ccc(F)cc1OCCCCN1CCCCC1,0
protein26,1,CCN(CC)CC(=O)Nc1cccc(CCCN(CCOC)Cc2cc(O)c3ncccc3c2)c1,1
protein26,1,CC(=O)Oc1cc(C2CCN(CC(=O)Nc3ccc4c(c3)OCCO4)CC2)ccc1-c1ccccc1,0
protein26,1,CCn1nc(Cl)c(NS(=O)(=O)c2cc(C(F)(F)F)ccc2Nc2ccncc2)c1C,0
protein26,1,COc1ccc(-c2cc3c(N4CCOCC4)ncnc3n(-c3ccc4c(c3)C(N)CO4)c2=O)cc1,1
protein26,1,O=CNC(=O)C=C(CN1CCN(Cc2ccccc2)CC1)c1ccc(F)cc1,0
protein26,1,CCCC1CCN(c2ccc(C(=O)Nc3ccc(S(=O)(=O)C(F)F)cc3)c(O)c2)C1,0
protein26,1,O=C(O)CCN1CCN(c2ccccc2F)CC1,0
protein26,1,O=C(Nc1ccc2nc(-c3ccccc3Cl)nn2c1)c1cccs1,1
protein26,1,CCCS(=O)(=O)N(CC1CC1)c1cc(-c2ccc(C(F)(F)F)cc2)c(F)cc1-c1cc(N2CCOCC2)c2nn(C)cc2n1,1
protein26,1,Cc1cc(NC(=O)c2sc3ncnc(NC(C)C)c3c2-c2ccccn2)ccc1F,1
protein26,1,CCCCC(CS(=O)(=O)C(C#N)=Cc1ccc(O)cc1)NC(=S)OC,0
protein26,1,CC(C)Cn1c2nc3ccccc3c(C(F)(F)F)c2c2cccc(N)c21,1
protein26,1,CCn1c(-c2cc(C(=O)Nc3sc(C)c(C)c3C(N)=O)c(C)s2)nc2ccccc21,1
protein26,1,CCCCC(CC(=O)N(C)C1CCC(O)(C(C)C)CC1)N1C(=O)C2Cc3cc(Cl)ccc3CN2C1(C)C,0
protein26,1,N#Cc1cccc(-c2cc3oc(N)nc3c(C(F)(F)F)n2)c1,1
protein26,1,CC(C)c1ccc2sc(C(=O)NCCN3CCC(=O)CC3)nc2c1,0
protein26,1,O=C(c1cc(-c2ccc3c(c2)CCC(=O)N3c2ccccc2)c[nH]1)N1CCNCC1,0
protein26,1,CCOc1ccc2c(c1)oc(=N)n2Cc1ccc(OC)cc1,0
protein26,1,CCN(CC)Cc1cn(C)nc1-c1ccc(N2CCN(CC3CC3)C(CO)C2)cc1F,0
protein26,1,CCN(CC)S(=O)(=O)c1cc2c(=O)n3ccccc3nc2cc1N1CCCC1,0
protein26,1,CC1(C)CC(=O)NN=C1Nc1ccccc1Cl,0
protein26,1,CCn1nc(-c2cnc(OC)nc2Cl)cc1C(=O)NCc1cccc(F)c1,1
protein26,1,NC(=S)NC(=O)c1ccc(Cl)cc1Cl,0
protein26,1,CCN1CCN(c2cccc3ccc(-c4ccc(OC)cc4O)nc23)CC1,1
protein26,1,CCCC1=C(C(=O)Nc2cccc(C)c2)NCCCCCCC1=O,0
protein26,1,CCCC1CC(C)CN(C(=O)c2ccc3c(c2)C=C(CO)CO3)C1,0
protein26,1,CC1(CC(=O)Nc2ccc(Cl)c(-c3csc4cnc(S(C)(=O)=O)cc34)c2)NCCS1(=O)=O,0
protein26,1,CCCCn1cc(C(N)=O)c2c(NC3=NCCN3)cc(OC)cc21,0
protein26,1,CCN(CC)CC(COc1ccccc1)=NOCCn1c(C)cc2cc([N+](=O)[O-])ccc21,1
protein26,1,Cc1nc2ccccn2c1S(=O)(=O)Cc1cccc(-c2ccc(C(C)(C)C)cc2)n1,0
protein26,1,CCCN1CC(C)N(C(=O)CNC(=O)c2cc3cc(C)ccc3o2)c2ccccc21,0
protein26,1,CCS(=O)(=O)N1CCC2(CCCN(c3ncncc3S(=O)(=O)Nc3c(C)cc(C)cc3C)C2)CC1,0
protein26,1,O=CN1CCN(c2ccc([N+](=O)[O-])cc2S(=O)(=O)Nc2ccccc2)CC1,1
protein26,1,CCC(O)C1(C)Oc2ccc(CN)cc2C1CCN1CCN(C)CC1,0
protein26,1,CCN(CC)CCn1nc(NC(=O)c2ccccc2O)cc1-c1ccccc1,0
protein26,1,CCC1CNCC2CCCOc3cc4c(c(c3)C(c3ccccc3)=CCC12O)CCCN(C)C4,0
protein26,1,O=C1Cc2c([nH]c3cc(-c4ccc(Cl)cc4)ccc23)C(=O)N1c1ccccc1,0
protein26,1,Cc1nn(C(C)(C)C)cc1-c1ccnc(NN=Cc2cccnc2)n1,1
protein26,1,Cc1cncc(Oc2ccnc3nc(C4CCN(C(=O)c5cc(F)cc(Cl)c5)CC4)n(C)c23)c1,0
protein26,1,CC(C)N1CCN(C(=NO)c2cccnc2)CC1,0
protein26,1,NC(=O)c1ccc(Nc2ccc(F)c(-c3scnc3S(=O)(=O)N3CCOCC3)c2F)nc1,0
protein26,1,CCC1(C(C)O)CCN(Cc2cc3ccccc3nc2O)CC1,0
protein26,1,NC(=O)c1c(O)c(-c2ccc(Cl)cc2)nc2cc(F)cc(F)c12,1
protein27,1,CC1=NNC(=O)c2cc(C)sc2CC(O)CCCCCC1,0
protein27,1,Cc1cccc(NC(=O)c2ccc(Cl)c(Nc3nc4c(C(=O)NC5CCNCC5)cc(C)nc4s3)c2)c1,0
protein27,1,CCc1ccccc1NC(=O)C1(C)c2ccccc2N(C(C)=O)C1C,1
protein27,1,O=C(NC(=S)Nc1nc(-c2cccc(Cl)c2)cs1)c1ccc(O)c(O)c1,0
protein27,1,CC(=O)NC(C=C(c1ccc(NC(=O)c2c(-c3c(F)cccc3Cl)noc2C)cc1)c1ccccn1)C(=O)O,0
protein27,1,Cc1ccccc1-c1cc(-c2ccc3ccnc(N)c3c2)nc2c1c(NCC(C)C)nn2C,1
protein27,1,CC1CCN1c1ccc(C(=O)Nc2nc3c(F)cc(C(F)(F)F)cc3s2)cc1,0
protein27,1,CC(C)c1nc(CN2CCN(CC3CCc4cc(NC(=O)c5ccccc5)ccc43)CC2)no1,0
protein27,1,O=C(CCn1c(=S)[nH]c2ccccc21)N1CCCCC1,1
protein27,1,Cc1c2c(nn1-c1ccccc1)CCCC2=O,0
protein27,1,Nc1nc(O)c2nc(-c3cccc(F)c3)c(=O)n(C3CCC4CC=CC3C4)c2n1,0
protein27,1,O=C(NCCN1CCCC1)c1cc(-n2ccnc2-c2ccccc2)ccc1Cl,0
protein27,1,Cc1cc(-c2cc(NC(c3cccc4c3OCC4CO[N+](=O)[O-])C3CC3)n(C)n2)cnc1N,1
protein27,1,Cc1cc(N(C)C)nc(N2CCC(N(C)c3ncccn3)CC2)n1,1
protein27,1,O=C(Nc1ccc(Cl)cc1C(F)(F)F)c1cn(C2CC2)c2c3c(c(F)cc2c1=O)N(Cc1ccccc1F)CO3,0
protein27,1,CCCCC1CCc2ccc(O)c3c2C1N1c2sc4ccc(O)cc4c2C(=O)C1OC3,0
protein27,1,Cc1cc(C(C)(C)C)n(C(=O)c2ccc3[nH]nc(CC4CCNCC4)c3c2)c1C(N)=O,0
protein27,1,Cc1cc(F)ccc1Nc1nc2ccc(C#N)cc2[nH]c1=O,1
protein27,1,Cc1cc(-c2ccccc2)cc2sc(NC(=O)N3CCN(C)CC3)nc12,0
protein27,1,COc1cc2cc3c(nc2cc1O)Cc1nc(NC2(C)CC2)sc1-3,0
protein27,1,Cc1cc(C)cc(N2CC(C(=O)N(C)c3ccccc3)CC2=O)c1,0
protein27,1,CC1CCCCC1CSc1cccc2[nH]c(=O)[nH]c12,0
protein27,1,CCCCNC(=O)c1cccc(-n2cc(-c3cc(F)cc(F)c3)c3c2CN(C(C)=O)CC3)c1,0
protein27,1,CN1C(=O)C(=NOCC[S+](C)[O-])c2cc(S(=O)(=O)N3CCCCC3)ccc21,0
protein27,1,CCC(NC(=O)CS)C(=O)N1CCC2(CC1)OCCO2,0
protein27,1,CC(C)CCCCOC(=O)C(=O)Nc1ccc(I)cc1,0
protein27,1,Cc1cccc(N2CCC(n3nccc3NC(=O)c3cccs3)CC2)c1C,0
protein27,1,Nc1ccc2[nH]c(-c3ccccc3)c(C(=O)c3ccncc3)c2c1,1
protein27,1,O=C1Nc2ccc([N+](=O)[O-])cc2C1=C(O)c1ccc(O)c(O)n1,1
protein27,1,Cc1ccc(-c2cnc3ccc(-c4ccccc4)nn23)cc1NC(=O)c1ccncc1,0
protein27,1,CC(C)CCc1nc2c(cnn2CC(F)(F)F)c(=O)[nH]1,0
protein27,1,CC1=C(NC(C)c2ccc(F)cc2)COC1=O,0
protein27,1,CC(C)C(C)(C)C1C(=Cc2cccnc2)C(O)C(=O)N1c1ccc([N+](=O)[O-])cc1-c1cn2cccnc2n1,1
protein27,1,CCN(CC)CCCn1ncc2c(C(F)(F)F)cc(-c3cc4c(cc3NC(C)=O)-c3ccncc3CC4)nc21,1
protein27,1,O=C1c2ccccc2CN1c1nccc(-c2sc(CN3CCCCC3)cc2Cl)n1,1
protein27,1,CCOc1ccc(-c2nn(CCN3CCCCC3)c3nc(O)cc(O)c23)c(C)c1,1
protein27,1,CCCN1CCN(C(=O)c2c(F)ccc3c2-c2ccccc2C3NC2CCN3CC(C(C)C)CCC3C2(O)C(N)=O)CC1,0
protein27,1,CC(C)c1ccc2nc(-c3ccccc3)c(Nc3ccncc3)n2n1,0
protein27,1,CCNc1nnc(-c2ccc(OC)c(OC)c2)s1,0
protein27,1,Cc1nc2ccc(Cl)cc2c(Nc2ccc3c(c2O)CCCC3)c1C,0
protein27,1,CCN1CCN(c2ncnc3ccc([N+](=O)[O-])cc23)CC1,1
protein27,1,CC1CC(NC(=O)c2ncccc2Cl)C(=O)N1,0
protein27,1,O=C(CSc1nn(CC(O)C(Cc2cc(F)cc(F)c2)NC(=O)c2ccccc2F)c2ccccc12)Nc1nccs1,0
protein27,1,CCCC1C(=O)Nc2ccc([N+](=O)[O-])cc2N(C(=O)c2cccs2)C1C(N)=O,1
protein27,1,Cc1nc(CCC(C)C)sc1S(=O)(=O)Nc1ccccc1N1CCOCC1,0
protein27,1,Cc1ccc(NC(=O)c2cnn(C3CCCCC3)c2NS(=O)(=O)c2ccc(O)cc2)cc1,0
protein27,1,Cc1cc(-c2ccc(C(=O)O)s2)cnc1-c1cc(F)c(Cl)c2c1C(CC(N)=O)N(C)C2,1
protein27,1,Cc1cc(COc2ccc3c(c2)OC(CN2CCOCC2)C3)n(C)n1,0
protein27,1,O=C(O)c1ncsc1C(=O)Nc1ccc(Cl)c(F)c1Cl,0
protein27,1,CCC(C)N1CCN(C(=O)c2cc([N+](=O)[O-])c3ccc(I)nc3c2)CC1,1
protein27,1,CC(C)CCN1CC2(CCC(C(=O)N(C)c3ccccc3N)C2)C(NS(=O)(=O)c2cc(C(=O)N(C)C)ccc2Cl)C1=O,0
protein27,1,CCN(CC)C(=O)c1cc(NC(=O)C=CS(=O)(=O)Cc2c(F)cccc2F)ccc1OCCOC,0
protein27,1,CCN(C)CCN(Cc1ccccn1)c1ccc(Cl)cc1C(=S)N1CCN(CCO)CC1,0
protein27,1,N=C1NC(CCCCc2nc3c(ccn3-c3ccccc3F)c(=O)[nH]2)CN1c1ccccc1,0
protein27,1,CN1CCC(Nc2cc(C(=O)Nc3ccccc3)ccc2Sc2ccccc2C(N)=O)CC1,0
protein27,1,O=CC(Cc1ccccc1)NC(=O)CC(O)CN1CCN(C2CCCC2)CC1,0
protein27,1,CCn1cnc2c(NC(=O)c3cccc(OC(F)(F)F)c3)ccc(-n3c(C)cc4c(c3=O)OC(C)(C)C4)c21,0
protein27,1,CC(C)=CCc1c(O)c(C)cc2c(CNC(=O)CN3CCCCC3)c3ccccc3nc12,1
protein27,1,CC(C)(C)c1nnc(NC(=O)c2ccc(N3CCCC3)c(Oc3ccc(F)c(F)c3F)c2)s1,0
protein27,1,CC(C)N(C(=O)c1cnc2c(c1)COc1ccccc1C2=O)c1cncc(C(F)(F)F)c1,1
protein27,1,Cc1c(NS(=O)(=O)c2ccccc2)c(=O)n(-c2ccccc2S(C)(=O)=O)n1C,0
protein27,1,Cc1cccc(-c2nc(C(=O)Nc3cnccc3Nc3ccnnc3Cl)c3ccccc3n2)c1,0
protein27,1,CC(C)(C)[N+]([O-])=C1CCCC2(CCC(c3cccc(C(=O)O)c3)N(c3ccccc3[N+](=O)[O-])C2=O)n2cccc21,1
protein27,1,CCOc1cc(Cc2coc(CC3CCC(CN)CC3)n2)ccc1O,0
protein27,1,CCn1c(C=NOC)nc2ccc(NC3=NC4CC(C(=O)O)N(C4=O)C3(C)C3CCCCC3)cc21,1
protein27,1,N=C(N)c1cn(C2CC2)c2c(N(CC3CC3(F)F)C(=O)Nc3ccc(-c4cccc(C(F)(F)F)c4)cc3)ccnc12,0
protein27,1,CC(C)c1nc2sc3c(c2c(=O)n1O)CCCCC3,1
protein27,1,Cc1cc2c(cn1)C(=O)N(Cc1cc(S(=O)(=O)N3CCOCC3)ccc1OC1CCCC1)C2=O,0
protein27,1,Cc1ccc2c(N3CCN(CCO)CC3)ncnc2c1-c1cccs1,1
protein27,1,CCC1CSC2(C(N)=O)C(=Cc3ccnc4ccccc34)C(=O)N12,0
protein27,1,Cc1ccccc1C(=O)N(C)C1C(C(=O)N2CCN(c3cccc(Cl)c3)CC2)CC(C)NC1C(C)C,0
protein27,1,Cc1ccc(C(=O)N2CCC(C(=O)NCCN3CCOCC3)CC2)s1,0
protein27,1,CCOc1ccc(CC(C)C)c(C)c1CON,0
protein27,1,CC(C)(CO)CNCCCNCc1ccccc1SCc1ccccn1,0
protein27,1,Cc1ccc([N+](=O)[O-])cc1N=C(S)NCC1CCC(C(=O)O)C1,1
protein27,1,Cc1ccccc1Nc1c(C(=O)Nc2ccccc2N2CCCNCC2)c(C)nc2ccccc12,1
protein27,1,Cc1c(C=NNC(=O)c2ccncc2O)c2ccccc2n1Cc1ccccc1Cl,1
protein27,1,CC(C)(C)OC(=O)N1C2CCCCC2CCC1(c1ccncc1)S(=O)(=O)NCCC1c2cccc(F)c2CN1CC(F)(F)F,0
protein27,1,O=C1c2ccc3ncccc3c2OC2CN1C(C1CC1)c1ccc(Cl)cc12,1
protein27,1,CCn1c2ccc(N)cc2c2cc([N+](=O)[O-])ccc21,1
protein27,1,CCn1c(SC2CCCCC2)nc2ccccc21,0
protein27,1,CCN(CC)CCn1c(N)nc2c(N(C)c3ccccc3)cccc21,1
protein27,1,CCCC=CCC1CCN(c2cnccn2)CC1C,0
protein27,1,Nc1ccccc1COc1ccc2c(c1)C1(CCC2)CCNCC1,1
protein27,1,CC(C)CCNC(=O)C1=CCC(O)C(COc2ccc(-c3ccc(C(F)(F)F)nc3)cc2CN2CCCC2C(F)(F)F)C1,0
protein27,1,CCC1CCCN(Cc2coc(-c3ccc(Cl)cc3)n2)C1,0
protein27,1,Cc1ccccc1-c1nc2c(Nc3ncnc4[nH]cc(F)c34)cccc2cc1C,1
protein27,1,CC(C)c1cccc2c1N(C(=O)COc1ccc3c(c1)OCCCO3)CC2C,0
protein27,1,CC1CCCCC1N(C(=O)C1CNCCO1)c1ccc([S+]([O-])Cc2nc3ccccc3c3c2CNC3=O)cc1,1
protein27,1,Cc1ccc2c(N)c(C(=O)Nc3ccc(C(=O)N4CC(c5ccccc5)C4)cc3)sc2c1,0
protein27,1,Cc1cncc(CNc2c(C#N)c(N)nc3cc(C(F)(F)F)ccc23)n1,1
protein27,1,Nc1ccccc1-c1nnc2ccc(-c3cncc(Cl)c3)cn12,1
protein27,1,Cc1cccc(Oc2c3c(nc4c2cnn4-c2cnn(C)c2)CCCC3)c1F,1
protein27,1,CC(C)CC1N=C(N)OC1C(=O)NCC(=O)c1c(F)c(F)cc(F)c1F,1
protein27,1,CC1(C)N=C(c2ccncc2)c2ccccc2N1C(=O)Nc1cn(C2CCCCC2)n(-c2ccc(Cl)cc2)c1=O,0
protein27,1,CC1CCC([S+]([O-])c2ccccc2C(=O)OC2CC(C)(C)CCC2=O)C(=O)C1,0
protein27,1,Cc1ccc(C(=O)n2nc(C(F)(F)F)cc2-c2cccs2)o1,0
protein27,1,CCC1CCN(CCn2cc(-c3cccnc3)c(-c3ccccc3C(=O)O)n2)CC1,0
protein27,1,O=C(NN=C1CCCC1)c1ccncc1,0
protein27,1,CCCCC(=O)OCCCC1(C)Nc2cc3c(cc2C1=O)OC(C)CO3,0
protein28,1,CCn1c(Nc2cccc([N+](=O)[O-])c2)nc2ccccc21,1
protein28,1,Cc1noc(C(F)(F)F)c1-c1nc(-c2ncc[nH]2)c2ccccc2c1C,0
protein28,1,CCc1ccc(C(=O)N2CCC2C(=O)NCc2cccc(OC(F)(F)F)c2)s1,0
protein28,1,CC(C)(O)Cc1ccc(NC(=O)c2c(-c3cccc(C#N)c3)nn(-c3ccc(Cl)cc3)c2N)cc1,0
protein28,1,CCOc1ccc2nc(-c3ccccc3)[nH]c(=O)c2c1N,1
protein28,1,Nc1nc(-c2ccc(C(=O)Nc3ccccc3OC(F)(F)F)s2)cs1,1
protein28,1,NC(=O)c1nn(-c2cccc(S(=O)(=O)N3CCCCCC3)c2)c(=O)c2ccc3ccc(C(F)(F)F)n3c12,0
protein28,1,CC(C)CCn1cnc2c(N3CCC(CO)(CCN)CC3)nc(-c3cccc(C(N)=O)c3)cc21,0
protein28,1,O=C1C(Cc2cccc(Cl)c2)N(C(=O)Cc2c[nH]c3cccc(Cl)c23)CC2CCCN12,0
protein28,1,O=C(Nc1ncc(-c2ccncc2F)s1)C1CCCC1,0
protein28,1,CC(C)CCC1=CCN(S(=O)(=O)c2ccc(Cl)cc2)C(C(=O)O)C1,0
protein28,1,CCC(CC)C(=O)O,0
protein28,1,O=C1C=C(N2CCCCC2)C(=O)c2ccccc21,1
protein28,1,CC1CNCCOCC(C(C)(C)C)OP(C)(=O)C(c2ccccc2)C(C#N)C(=O)N1,1
protein28,1,Nc1cc(O)cc2oc3c(c(=O)c12)CC(O)CC3,0
protein28,1,CC(O)(CO)CCC1CC(=O)c2c(O)cccc2O1,1
protein28,1,CCn1c(=O)c(CNC2CCOCC2)cc2c(-c3c(OC)nc4ccc(N(C)C)cc4c3COC)cccc21,1
protein28,1,CCOc1cc2cc(C(=O)Nc3ccc(-c4nc5cc(C(F)(F)F)ccc5o4)cc3)oc2cc1N1CCNCC1,0
protein28,1,CCc1ccc(C=NNc2nc(C)c3c(n2)sc2c(C)ccnc23)cc1,1
protein28,1,CCCCCN1CC2CC=CCCCC1C1C(=O)NC(=O)C1C1CCN2C1,0
protein28,1,O=C(NCC1CCCCC1)c1cccnc1,0
protein28,1,CCc1nc2cc(OC)c(N3CCN(C)CC3)cc2n1-c1ccc(F)cc1CN(CC)CC,1
protein28,1,CCCCOc1nc(N(C)C)nc(N2CCC(F)CC2)c1F,0
protein28,1,CC1(C)Cc2c3c4cc(ccc4[nH]c2=O)C2=CC4CCC4NC2C(=O)N(C(=O)Nc2ccc(F)cc2F)C3O1,1
protein28,1,Cc1nc2c(Nc3ccc(F)c(Cl)c3)nc(N)nc2c(C#N)c1O,0
protein28,1,CCCCCn1c(N)c(N(C)c2ccccc2)c(=O)[nH]c1=O,0
protein28,1,CC(C)n1cc(N2CCC(CCCCNc3ncncc3C(F)(F)F)CC2)c2nc(C(F)(F)F)cc(C(F)(F)F)c21,0
protein28,1,CCOc1c(C2CC(=O)Nc3c2c(=O)n(C)c2ccccc32)cc([N+](=O)[O-])cc1C(C)(C)C,1
protein28,1,CC(=O)OC1CCN(CC#Cc2ccc(N3CCCC3C)nc2)CC1,0
protein28,1,CC1(C)Cc2c(-c3ccccc3)cccc2-c2cncn21,0
protein28,1,CCCN1CCC(c2cccc(O)c2O)c2ccccc21,0
protein28,1,Cc1cnc(-n2nc(C3CCN(C(=O)c4ncoc4C)CC3)cc2C(F)(F)F)c(C)c1,1
protein28,1,CCC(=NNc1nc(O)cc(CSc2cccc(F)c2C)n1)c1ccccc1,1
protein28,1,O=CN1CCc2c(ccnc2Nc2ccc(N3CCCCC3)c([N+](=O)[O-])c2)C1,1
protein28,1,CC1c2nc3c(N(C)c4cccc(C(C)(C)C)c4)cccn3c2CCc2nc[nH]c21,0
protein28,1,O=C(Nc1ccccc1N(O)CCCl)c1cccc(Cl)c1,1
protein28,1,CC1CCCC(NS(=O)(=O)c2ccc(Oc3ncccc3CN3CCCC3)c(C(F)(F)F)c2)C1,0
protein28,1,Cc1ccccc1CNc1cc2c(NCc3cccnc3)ncnc2c(C(C)(O)C(F)(F)F)n1,0
protein28,1,CCN(C(=O)Nc1cccc(C(=O)C(F)(F)F)c1)c1nc2cc([N+](=O)[O-])ccc2n1C1CCCC1,1
protein28,1,CCN1c2ccc(C#N)cc2C(C#CCC(O)CCC(F)(F)F)(OC)c2cccnc21,0
protein28,1,O=C(NCc1cccnc1)c1ccc(-c2nc(C=NO)c[nH]2)cc1Cl,0
protein28,1,Cc1ccccc1Nc1nc(-c2cccc3[nH]nc(C(C)(C)O)c23)ncc1N1C(=O)c2c(O)cccc2C1C,1
protein28,1,CC1CC2CC(C)C(=O)N(C)c3nccc(n3)-c3c(sc4c(-c5cc(N(C)CCCO)ncn5)cnc(N)c34)C(C1)C2,1
protein28,1,Cc1cc(C(=O)N(c2cc(-c3ccc(C#N)nc3)cc(C(F)(F)F)c2)C2(c3cc(F)ccc3F)CCN(CCO)CC2)no1,0
protein28,1,CCc1cccc(C)c1N1C(=O)CN(C)CC1=O,0
protein28,1,Cc1c(S(N)(=O)=O)ccc(Nc2cncc(-c3ccc(Cl)cc3)n2)c1-c1c(C(C)C)nc2cccnn12,0
protein28,1,O=C(CN1C(=O)C(O)(C(F)(F)F)c2ccccc21)N1CCCc2ccccc21,0
protein28,1,CC(C)c1cc(C(=O)NCCCOc2ccc(C#N)cc2F)[nH]n1,0
protein28,1,CCc1cccc2c1C(=Nc1cc([N+](=O)[O-])ccc1N1CCN(C)CC1)CCC2,1
protein28,1,Cc1ccc([N+](=O)[O-])c(C)c1NC(=O)CS(=O)(=O)c1ccccc1Cl,1
protein28,1,Cc1c(C(=O)Nc2cccc(-c3ccnc(SCC(N)C(=O)O)n3)c2)c2ccccc2n1Cc1ccccc1,1
protein28,1,CCS(=O)(=O)Nc1ccc2c(c1)c(C(C)(C)C)cn2C(N)=O,0
protein28,1,CC(C)c1ccccc1OCCN1CCC(c2cc3nc(N4CCOCC4)ccc3[nH]2)CC1,0
protein28,1,CCOc1cc(-c2nnc(NC(=O)c3ccccc3O)s2)c(OCC)cc1NCC(C)C,0
protein28,1,Cc1ccc2c(c1)CCC2Nc1cc(-c2ccc(Cl)nc2)n(C)n1,0
protein28,1,Cc1c([N+](=O)[O-])c(=O)c(C(=O)O)cn1Cc1ccccc1,1
protein28,1,CC1CN(C)CC2(C1)CC(C)S(=O)(=O)C(P(=O)(O)O)O2,0
protein28,1,CC(C)=CCn1cc(C#N)c(N2CCCCCC2)n1,0
protein28,1,CC(=O)c1cccc(NCC(=O)Nc2ccc(I)c(Cl)c2F)c1,0
protein28,1,Cc1noc(C)c1C1=C(c2ccccc2)C(=O)NC1=O,0
protein28,1,CC(=NNc1cccc(Oc2cc(C)cc(C)c2)c1)c1ccc([N+](=O)[O-])o1,1
protein28,1,Cc1ccc(N2CNc3ccc([N+](=O)[O-])cc3S2(=O)=O)cc1,1
protein28,1,O=C1CC(=O)c2cc(N=Nc3ccccc3)ccc2N1,1
protein28,1,CC(C)Nc1c2ccc([N+](=O)[O-])cc2nc2cc3c(cc12)OCCO3,1
protein28,1,CCC(C)NCc1cc2cc(OC)ccc2n1C(=O)c1ccc(C(F)(F)F)cc1,0
protein28,1,CCC(C(=O)NC(C)(C)C)C1CCC(C)(C)CO1,0
protein28,1,CCN(C)C1=NC(C)(C(=O)NCCc2ccncc2)Sc2cccc(F)c21,0
protein28,1,CCCc1ccccc1NC(=O)Oc1ccc([N+](=O)[O-])cc1,1
protein28,1,Cc1ccc(Nc2ncnc3c(O)ccc(Cl)c23)cc1S(=O)(=O)N1CCCCC1,0
protein28,1,O=C(NCc1ccccn1)c1cccc(-c2cnc(Nc3ccnc4ccc(Oc5ccccc5)cc34)s2)c1,0
protein28,1,O=C1CC2COCN2S(=O)(=O)c2ccc3c(c2)C(CC(F)(F)F)CN13,1
protein28,1,COc1ccc(Nc2ncnc3sc(C)c(C)c23)c(C(F)(F)F)c1,1
protein28,1,O=C(Nc1cccc(Nc2nc(N3CCCCC3)c3c(Cl)cccc3n2)c1)C(F)(F)F,0
protein28,1,CC(NC(=O)C1(C(N)=O)CN2C(=O)CC#CC(C)(C)CCc3cccc2c31)C(C)(C)C,0
protein28,1,Cc1cc(C)n(-c2nc(Nc3ccc(C#N)cc3)c3sccc3n2)n1,1
protein28,1,Nc1cc(Cl)ccc1N1CCN(CC2CCc3ccccc3C2=O)CC1,1
protein28,1,Cc1nc2c(Nc3ccc(CN4C(=O)c5ccccc5C4=O)cc3)nccc2c(=O)[nH]1,1
protein28,1,COc1c2cccc1NC(=O)N(CCCC(=O)Nc1cncc(C)c1)CCN(C)C2,0
protein28,1,CCCC(=O)Nc1ccc(N2CCOCC2)cc1S(=O)(=O)N(C)C,0
protein28,1,Cc1c(Cl)cccc1N1CC(C(=O)Nc2ccc(S(=O)(=O)N(C)C)cc2)CC1=O,0
protein28,1,O=C(CCNS(=O)(=O)c1ccc(OCc2ccccc2)cc1)N1CCCC1,0
protein28,1,CCCC(=O)N(Cc1ncccc1C)c1ccc(OCCOc2ncccc2-c2cnn(C)c2)cc1,1
protein28,1,Cc1ccc(OCc2nc3ccccc3c(=O)n2Cc2ccc(C#N)cc2)c([N+](=O)[O-])c1,1
protein28,1,CC(C)(C)OC(=O)N1CCC2(C=CSCCC2)CC1,0
protein28,1,CC(=O)NCC1Cn2cnc3c(ccnc32)CCCN2CCCCC12,0
protein28,1,NC1=NCc2cc(Cc3ccc(F)cc3F)ccc2OC1=O,1
protein28,1,CC(C)C1(O)CCC(C)(C)C(=O)N(C)CCc2c(Cl)ccc3[nH]c(nc23)-c2ccc(cc2)NC1=O,0
protein28,1,CC(C)(CNC(=S)NS(=O)(=O)c1ccc(F)cc1F)OP(=O)(O)O,0
protein28,1,O=C(O)c1cccnc1Oc1c(F)cc(CCCCCC=Cc2cccnn2)cc1F,0
protein28,1,NCc1ccccc1-c1cccc(OS(=O)(=O)c2cccc(CSc3ccccn3)c2)c1,0
protein28,1,CCC1CCC(NS(=O)(=O)c2cc(N3C(=O)SC(C4CCC(OC(=O)C5CCC5)C4)C3=O)ccc2OC)CC1,0
protein28,1,Cc1ccc2nc(NCCN(C)C3CCNCC3)c(-c3ccc(F)cc3C)nc2c1,1
protein28,1,CCCCC(NC(=O)c1ccccc1)C(=O)NN=CC(=O)NC1CCCCC1,0
protein28,1,CC(C)NC(=O)Cn1c(-c2ccc(-n3ccnc3)cc2)nc2ccccc21,0
protein28,1,CC1CC(C)(C)OC1C#CCN1C(=O)CSC1=O,0
protein28,1,CC(C)CN1CCC(c2nc(-c3ccc(F)cc3)no2)CC1=O,0
protein28,1,CC(C)CCNC(=O)c1cn2cc(-c3cccc(-n4c(C(F)(F)F)nc5cccnc54)c3)ccc2n1,0
protein28,1,CC(=O)Nc1cc(CC(NS(C)(=O)=O)C2CCCN(Cc3cc(C)ccc3C(F)(F)F)C2)ccn1,0
protein28,1,Cc1cc(Cl)cc2c(C)[n+]3c(c(C)c12)C1(N=CN(c2ccncn2)C1=O)C(c1ccccc1)CC3,1
protein28,1,CCOCCN1CCCCC1CN(c1ccccc1C(=O)NCc1ccc(F)c(F)c1)S(C)(=O)=O,0
protein29,1,Cc1cc(CN(C)C)c2ccccc2n1,1
protein29,1,O=C1CC2(CCc3ccccc3N2)C(CCCCN2CCOCC2)=NN1c1ccccc1,0
protein29,1,Cc1ncsc1C(=O)Nc1cc(-c2cc(C(=O)Nc3cn4c(n3)CCCC4)c3cccnc3c2)ccc1F,1
protein29,1,CCN1CN=C(c2noc(-c3ccccc3C(F)(F)F)n2)NC1,0
protein29,1,CCn1nc(C)c(N2CCN(S(=O)(=O)c3cccs3)C2)cc1=O,1
protein29,1,CC1CCC(NC(=O)Oc2ccc(O)c3ccc(O)nc23)CC1,1
protein29,1,Cc1ccccc1Nc1ncc(C(F)(F)F)cc1N(C)CC(=NO)c1[nH]ncc1CC1CC1,1
protein29,1,Cc1nc2c(C(=O)Nc3cccc(F)c3)cc(C#CCCO)nc2s1,0
protein29,1,O=C(C=Cc1ccc(CN(c2ccccc2F)C2C(=O)Nc3ccccc32)cc1)NO,0
protein29,1,Cc1nc(-c2c3n(c4ccccc24)CCCN3CC2CC2)cc(N2CC(Oc3ccccc3F)C2)n1,1
protein29,1,CN(C)C(=O)c1csc(CN2C(=O)C3CCCCCC(=O)N3c3ccccc32)n1,0
protein29,1,CC(C)CCn1cnc2c(NC(=O)C3=C(c4ccc(S(C)(=O)=O)cc4)OC4(CCNCC4)C3)cccc21,0
protein29,1,Nc1ccc(-c2ccc(NC(=O)c3ccccn3)cc2C(F)(F)F)c(F)n1,1
protein29,1,CCCCC(C)(C)C1NC(=O)N(Cc2ccccc2)C1=O,0
protein29,1,Nc1ncnc2cc(OCCCO)c(-c3ccnc4ccc(F)cc34)cc12,1
protein29,1,Cc1c(C#N)cnn1-c1ccccc1,0
protein29,1,CCCCN1C(=O)CSc2ccc1c(-c1ccc(C(N)=O)nc1)c2,0
protein29,1,Cc1cccc(C)c1N1CC2CCCCC2C1=O,0
protein29,1,CCC1CN2CCC13C(=O)N(c1cc(-c4ccccc4C(=N)N)nc4c(C(N)=O)cccc14)CC3C2,1
protein29,1,CCN(C(=S)NCc1ccccc1Cl)S(=O)(=O)c1ccc(C)c(F)c1,0
protein29,1,CC(=O)Nc1cccc(Oc2cccc(CC(=O)O)c2)c1,0
protein29,1,CCC1CCn2c(c(C(=O)N3CCN(C(c4cc(C(C)(C)C)ccc4SC)C(C)O)CC3)c3cc(OC)c(OC)cc32)C1,0
protein29,1,O=C(Cc1ccccc1C(F)(F)F)Nc1ccccc1-c1cccnn1,0
protein29,1,CCc1noc(C)c1CN(C)C(=O)Nc1ccc(-c2nc3c(C4(O)CCC4(F)F)cc(C#N)cc3[nH]2)cc1,0
protein29,1,CCC(NC(=O)C(N)C(=O)O)C(=O)O,0
protein29,1,CC12Cc3cnc4nc(ccc4c3O)C3CCN(CC3)CCN1c1ccc(I)cc1C2=O,1
protein29,1,O=C1CC(N2CCN(C(F)(F)F)CC2)c2cc(-c3cccnc3)ccc2N1,1
protein29,1,O=C(C1CCCN(c2nc(N3CCNCC3)ncc2F)C1)N1CCc2ccccc21,0
protein29,1,O=c1cc(-c2ccccc2)[nH]c2ccc(N3CCNCC3)cc12,0
protein29,1,CCN(CC)CCn1cnc2cc(Nc3ccc(CCc4ccnc(NC(=N)N)c4)cc3)ccc21,0
protein29,1,CCCn1c(C)nc2cc(OCCCCN3CCN(c4nsc5ccccc45)CC3)ccc21,0
protein29,1,O=C(NN=C1CCCCC1)c1c(Nc2ccc(F)cc2)c2c([nH]c1=O)CCCC2,0
protein29,1,CCn1cc(C(=O)Nc2cncc(F)c2)c2cc(S(=O)(=O)N(c3ccccn3)C(C)C)ccc21,0
protein29,1,CC1CCN(C(=O)Cc2cccc3c(=O)n(C)c(N)nc23)CC1,1
protein29,1,CCN(C(C)C)C(C)Cn1cc(CCN2C(=O)c3ccccc3C2=O)c2ccccc21,1
protein29,1,Cc1cnc(Nc2cccc(Cl)c2C#N)cc1-c1cccc(S(=O)(=O)N2CCOCC2)c1,1
protein29,1,CC(C)(C)OC(=O)NCc1cnc(-c2nc3c(o2)C(C)(C)C=CC3=O)cc1F,0
protein29,1,CCOc1ccccc1C=NNC(=O)CC(C)C,1
protein29,1,CCCCCCCC(N)=C(C(=O)OCC)c1nnc2ccn(C(C)(C)C)cc1-2,0
protein29,1,CC1CC(N)C(=O)N1CCC1CCCn2c(N(C)CCS)nc3cc(cnc32)-c2cnn(c2)CC1,0
protein29,1,Cc1ccc2nc(NS(=O)(=O)CCc3ccccc3)[nH]c2c1C,1
protein29,1,CCn1c(-c2ccccn2)nc2cc(NC(=O)c3cccc(C)c3O)ccc21,1
protein29,1,C=C(C)C(O)C1c2cc(OCC(F)(F)F)ccc2CC(CF)N1C(=O)c1cnc2n(c1=O)CCC2,0
protein29,1,CCCCc1cn(C)c2c(C(=O)Nc3ccc(C(=O)O)c(NC(=O)c4cccs4)c3)cccc12,0
protein29,1,CCN(CC)S(=O)(=O)c1cccc(NC(=O)c2ccc(=O)n(-c3ccccc3)n2)c1,0
protein29,1,CCS(=O)(=O)NCc1cc(O)c2nc(-c3ccccc3)ccc2c1O,1
protein29,1,Cc1nc(-c2cccnc2)sc1CCN1CC2CCC(C1)C(C)(CO)C2,0
protein29,1,Cc1cncc(-c2cc(C3CCCCN3)cnc2N2CCC(CNC(=O)C3CCCCC3)C2)n1,1
protein29,1,Cc1[nH]c(-c2ccccc2)c(C)c1C(=O)OC(C)C,0
protein29,1,Cc1ccc2ncnc(NC(=O)CCCc3nc4ccccc4[nH]3)c2c1,0
protein29,1,O=C(NC1CCNCC1)c1ccc(N2CCCC2)c([N+](=O)[O-])c1,1
protein29,1,c1cncc(NCC2=C(CN3CCCCC3)c3ccccc3OC2)c1,1
protein29,1,O=CN1c2ccccc2CCc2ccc(Nc3ccnc4ccccc34)cc21,1
protein29,1,Cc1ccc(C(=O)N(Cc2ccccn2)c2nc3ncc(-c4cnn(C(C)(C)C)c4)cc3s2)c(C)c1,0
protein29,1,CC(Cl)Cn1c(C=Cc2ccccc2)nc2ccc(C(N)=O)c(C(F)(F)F)c21,0
protein29,1,CC(=O)c1cn(-c2ccc(F)c(C3(C4CC(=O)N(C(C)C(=O)O)C4)CCCCC3)c2)c2ccccc12,0
protein29,1,CCS(=O)(=O)N1CCc2c(c(C(=O)N3CCc4ccccc4C3)nn2C)C1,0
protein29,1,NCCOC(c1ccc(Cl)cc1)c1cc2cc(Cl)ccc2[nH]1,0
protein29,1,Cc1noc(C)c1C(=O)N1CC(Oc2cccc(C#N)c2)CC1C(=O)NCc1c(Cl)cccc1Cl,0
protein29,1,Cc1cc(=O)n(C)c2cc(C(=O)NC(C)CN3CCCC3)c(O)cc12,0
protein29,1,Cc1cccc(NC(=O)c2ccc(Cl)c(S(=O)(=O)N3CCOCC3)c2)c1C,0
protein29,1,Cc1cc(NC(=O)NC2C(=O)N(C)CCC23CCN(c2ccc(C#N)c(C(F)(F)F)c2)CC3)ccc1Cl,0
protein29,1,CCCS(=O)(=O)Nc1cc(C(=O)Nc2cccc(OC(F)F)c2)ccc1Cl,0
protein29,1,CCCCCC(C)C(C#N)NC(=O)C1CCC(CON=Cc2cn3ccccc3n2)N1,0
protein29,1,CCC(O)CCNCc1c(-c2ccccc2)[nH]c2ccc(Cl)c(Cl)c12,0
protein29,1,Cc1ccc(-c2nc(N(C)c3cccc(C)c3)c3ccc(C(=O)O)cc3n2)cc1,0
protein29,1,COc1ccc(-c2ccc(OC)c(Cc3nc4c(c(N5CCN(C)CC5)n3)NC(C)C4)c2)cc1,0
protein29,1,Cc1ccccc1-c1c2nc3ncccc3c1C(=O)N2CCCCOS(=O)(=O)C(F)(F)C(F)(F)F,1
protein29,1,CC(=O)Nc1sc2c(c1C(=O)N1CCN(c3ccc(F)cc3F)CC1)CCCCC2,1
protein29,1,Cc1ccc(NC(=O)CCN2CCN(c3ccc(Cl)c(Cl)c3)CC2)cc1F,0
protein29,1,CCC(C(=O)N1CC(c2cccc(C(F)(F)F)c2)CC1C#N)N(Cc1cnn(C)c1)S(=O)(=O)c1ccc(Cl)cc1N(C)C,0
protein29,1,CCOC(C)(C)C12CC3CCCCC3C3NC1=NN3c1cccc(C)c12,0
protein29,1,CCN(c1cc(C(F)(F)F)ccc1F)S(=O)(=O)c1ccc2c(c1)C(=O)N(C(C)c1ccsc1)C2=O,1
protein29,1,CCOc1ccc(C(=O)CCN2CCOCC2)cc1,0
protein29,1,Cc1ncc(O)c2c(N)cccc12,1
protein29,1,O=C(O)CN(C(=O)c1ccncc1)c1ccc(Cl)c(Cl)c1,0
protein29,1,Cc1nc(C)c2c(n1)CN(S(=O)(=O)c1cccc(F)c1C(=O)NC(C)(C)C)CC2,0
protein29,1,CCC1CCCCN1C(=O)c1ccc(Cl)cc1,0
protein29,1,CC(C(=O)O)c1ccc2c(-c3ccc(CCC#N)nc3)c3ccccc3nc2c1O,1
protein29,1,Cc1cccc2c1CCC([N+](=O)[O-])C2,1
protein29,1,CCCCc1ccc(N(C)c2cc(CCOC(C)=O)nc(S(C)(=O)=O)n2)cc1,0
protein29,1,O=C(NCC1CN(Cc2ccc(F)cc2)CCO1)c1cc(Nc2nnc(-c3ccncc3)s2)ccc1F,1
protein29,1,Cc1ccc(C)c(NC(=O)c2cc(S(=O)(=O)F)c(N3CCC(C)CC3)nc2C)c1,0
protein29,1,CCN(CC)C(=O)c1ccc(-n2ncc3c2C2(CCN(C)CC2)N(C)C3)cc1,0
protein29,1,O=C1C2CN(CCC(CNc3ccc4[nH]cc(-c5cncc(F)c5)c4c3)C2c2ccccc2)CCN1c1cc(F)cc(F)c1,0
protein29,1,COc1ccc(NC(=O)NC(=O)c2cccc(Nc3ncnc4ccc(C)cc34)c2)cc1,0
protein29,1,CCn1c(C(=O)Nc2ccc(NC(=S)N3CCCCCCC3)cc2)cc2c(Cl)cc(Cl)cc21,1
protein29,1,CC(C)(C(F)(F)F)C(Cl)(Cl)Cl,0
protein29,1,CCCCCc1nnc(Nc2nc3ccccc3[nH]2)s1,0
protein29,1,CCCCn1c(=O)cnc2cc(F)c(F)cc21,0
protein29,1,Cc1ncc(C)n2nc(Nc3ccc(F)c(C(=O)N4CCC(Nc5ccc(F)c(F)c5)CC4)c3)c(C)c12,0
protein29,1,CCC(CCC1(C)CO1)C(=O)Nc1ccc(NC(C)=C2C(=O)CC(C)(C)CC2=O)cc1,0
protein29,1,CCOC12CCCCC1N(C(=O)c1sc(N(C)c3ccc(C4(C(N)=O)CCCC4)cc3)nc1C)CCC2,1
protein29,1,O=C(O)C1CCCC(Cc2ccccc2)C1S(=O)(=O)[O-],0
protein29,1,CC(n1cc(-c2ccc(NC(=O)CSc3nc4ccsc4c(=O)n3Cc3ccccc3[N+](=O)[O-])cc2)cn1)C(F)(F)F,1
protein29,1,Cn1nc(-c2ccc(Cl)cc2)c2c(N3CCN(CC4CCC(NC(=O)OC(C)(C)C)CC4)CC3)ncnc21,1
protein29,1,Cc1cc(O)nc2ccc(C#CC3CNCc4nn(-c5ccc([N+](=O)[O-])cc5)c(O)c43)cc12,1
protein29,1,O=C1Cc2ccc(Cl)c(Cl)c2N1CC(O)CN1CCCCC1,0
protein29,1,CCCCC1CNc2cc(OC)c3cc4ccc(O)cc4nc3c21,1
protein29,1,CCOc1ccc(Nc2ncnc3cc4c(cc23)NC2CN4CC(C(CC)CC)C2=O)cc1,0
protein3,1,Cc1ncc2c(-c3cnc(-c4cccs4)nc3N(C)CCCl)snc2c1N,1
protein3,1,Cc1ccc(C2CC(=O)N(Cc3ccccc3)C(=O)N2)cc1,0
protein3,1,CCC1CCCCN1c1ncc(C(=O)OC(C)(C)C)c(-c2cccs2)n1,0
protein3,1,CCC(NC(=O)C(N)CC(N)=O)C(=O)O,0
protein3,1,CCCc1nnc(C(=O)NCc2cccc(C(=O)O)c2)s1,0
protein3,1,CCc1cc(O)c(C=NN2CCN(Cc3ccccc3)CC2)cc1OC,0
protein3,1,CC1=CC(C)(c2ccccc2)N(c2ccccc2)C1=O,0
protein3,1,CC1(C)Cc2c(-c3cc(Cl)ccc3N)noc2C(c2csc(S(C)(=O)=O)n2)C1,1
protein3,1,CCC=CCC(C)C(=O)Nc1ccc(Nc2ccc3c(c2)OCCO3)cn1,0
protein3,1,CCCCC(=O)Nc1cccc(-c2nc3c(-c4ccccc4OC)ccnc3[nH]2)c1,0
protein3,1,Cc1ccnc(-c2ncc(OC3CCN(c4ccc([N+](=O)[O-])cc4F)C3)cn2)c1Cl,1
protein3,1,CCc1cc2c(nc1C)nc(N1CCC(CC(=O)N(CC)CC)(S(=O)(=O)O)C(c3cc(F)ccc3F)C1)n2C,0
protein3,1,CCCCc1ccc2c3c1CCCN3C(=O)c1ccccc1NS(=O)(=O)C2=O,0
protein3,1,CCCCCC(P(=O)(O)O)P(=O)(O)O,0
protein3,1,Cc1nc(C2CCN(CCN3c4ncccc4CC3C)CC2)no1,0
protein3,1,CC(O)(c1ccccc1)c1ccccc1NC(=O)c1cc(NC(=O)c2cc3cccnc3n2CCC#N)ccc1Cl,0
protein3,1,[N-]=[N+]=NOC1CCC2CN(CCO)C1CN2C(=O)N1CCCC1,1
protein3,1,CCn1cc2c(c(-c3cn(-c4[nH]ccc4C(=O)O)cn3)c1=O)CCCCC2,1
protein3,1,Cc1cc(O)cc(Nc2ccnc3c(O)c4c(cc23)CC(C)(C)c2nc(N)nc(N)c2-4)c1,1
protein3,1,CC(C)Oc1ccc(C#CCN(C)Cc2cnccn2)cc1,0
protein3,1,CC(C)(C)NC(=O)NS(=O)(=O)c1cc(F)cc(F)c1,0
protein3,1,CCC(NC(=O)C1CCCCC1)C(=O)NC1CCC(C(=O)N(C)C)C1,0
protein3,1,O=C(NN=Cc1ccc([N+](=O)[O-])s1)c1ccccc1[N+](=O)[O-],1
protein3,1,Nc1ncc(-c2c(F)cc3c(c2F)-n2cc(c(=O)[nH]c2=O)O3)cn1,1
protein3,1,CCc1cc(C(F)(F)F)c2c(N)c(C(=O)NCC3(c4ccc(C)cc4)CCC3)sc2n1,1
protein3,1,CC(C)(c1cccc(OC(F)(F)F)c1)C(N)C=CCC1OS(=O)(=O)OC(=O)C1Cc1ccccc1,0
protein3,1,Cc1cccc(CN(C)CC(=O)NC23C(=O)CC(CC2(C)C)c2ccc(C)cc23)c1,0
protein3,1,Cc1ccc2nc(Nc3cnc(-c4cc5c(nc4C)C(O)(C(F)(F)F)C(C)(C)CO5)cn3)ccc2c1,1
protein3,1,CCn1c(C(F)(F)F)nc2cc(OC)c(OCC(N)Cc3nc4ccccc4s3)cc21,1
protein3,1,Cc1n[nH]c(C)c1-c1cc(C(N)=O)cc(Nc2ncc(C(F)(F)F)s2)n1,0
protein3,1,NCn1c(CNC(=O)Nc2ccc(F)cn2)nc2cc(Cl)ccc2c1=O,1
protein3,1,CCC1(C)C(=N)N(Cc2ccccc2C(F)(F)F)C(Cn2ccnc2)CS1(=O)=O,0
protein3,1,CC(=O)N(c1ccc(NC(=S)NC(=O)C(C)(C)C)cc1O)C(C)C,0
protein3,1,CCc1[nH]c(-c2cccs2)nc1CN(C)C(=O)Nc1ccc(C(F)(F)F)cc1,0
protein3,1,CN(C)c1nc2cc3ccc(OC4CCC4)cc3nc2n1C1CC1(C)C,0
protein3,1,CNc1cc(-c2ccc3c(CC(NC(=O)C4CCCCC4C)C(=O)O)c(O)ccc3c2)nc2ccc(OC)cc12,0
protein3,1,CC1Cc2c(N3CCCCC3)ncc(c2F)C(=O)NCc2cc(N)ncc2-c2ccc1cc2,1
protein3,1,CC=C(C)C(=O)Nc1cc(Nc2ncnc3sc(C)cc23)c(C)cc1[N+](=O)[O-],1
protein3,1,COc1ccc(C#N)c(OCCC(=O)N2CCCN(Cc3cccc(C)c3)C2)c1,0
protein3,1,CC(=O)Nc1cccc(CCNc2cc(C)nc(NS(=O)(=O)c3ccc(Cl)cc3)n2)c1,0
protein3,1,Cc1ncccc1N1Cc2ccccc2CC12CN(CCCCNc1ccncc1)C2,0
protein3,1,CCc1cccc(Nc2nc3c(c(SCC(=O)N4CCCCCC4)n2)CC(C)(C)OC3)c1,0
protein3,1,CC(=O)Nc1ccc(C(=O)Nc2cc(OC(F)(F)F)ccc2-n2ccnc2)cc1,0
protein3,1,Nc1ncnc(O)c1N=C(c1ccc(C(F)(F)F)c([N+](=O)[O-])c1)c1ccccc1F,0
protein3,1,CCC(CC)Cn1nc(C)nc1N,0
protein3,1,CCCc1cnc(-n2c(=N)n(-c3ccc(F)cc3C#N)c3ccccc32)c(F)n1,1
protein3,1,CCC1CN(CCN(C)C)C(=S)N1C(=O)OCc1ccccc1,0
protein3,1,O=C(NCCO)c1sc2ncnc(N3CCCCC3)c2c1-c1ccc(N2CCNCC2)cc1,1
protein3,1,Cc1ccc2c(c1)C(=O)NN=C1C(C)CCC3CC(CCC4Cc5ccccc5N4S(=O)(=O)c4ccccc4)CC(O2)C13,0
protein3,1,CCC1(CC)C(=O)OCc2c(OCCN(C)C(C)C)cccc21,1
protein3,1,Cc1cc(C2(O)CCN(CC(F)(F)F)CC2)n(-c2nc(Cl)cc(-c3ccccc3C)n2)n1,1
protein3,1,O=C(CN1C(=O)c2ccccc2C1=O)Nc1ccccc1,0
protein3,1,CC1(C)CCc2ccccc2C1N1CCN(C(=O)c2ccc(C=CS(=O)(=O)N3CCNCC3)cc2)CC1,0
protein3,1,CCc1nc2c(OCc3ccccc3)ccc(C3CC3)n2c1Nc1ccc([N+](=O)[O-])cc1,1
protein3,1,CC1CCN(c2ccc3c(c2)NC(=O)C(Cc2ncccc2C2CCCC2)N(C(C)(C)C)C3=O)CC1,0
protein3,1,CCN(CC)CCn1ncc2ccc(Nc3cc(OC)ccc3OC)cc21,1
protein3,1,O=C1C2CCCCC2=NN1C(=S)c1cccs1,0
protein3,1,CCn1cc(C(=O)O)c(=O)c2cc(F)c(N3CCN(C(=O)C4CCC(=O)N4C)CC3)nc21,0
protein3,1,COc1cc(N(C)c2nc(-c3cccnc3)nc3ccccc23)nnc1C,1
protein3,1,CC(C)CCn1cc[n+](Cc2ccc(C(C)NC(=O)c3ccno3)c(OCc3c(F)cccc3F)c2)c1,0
protein3,1,CC(=O)n1c(C)cc2cc(S(=O)(=O)N3CCCCCC3)ccc21,0
protein3,1,CCOCCNC(=O)c1occc1C(=O)O,0
protein3,1,Cc1sc2ncnc(NN=Cc3ccccc3O)c2c1C,1
protein3,1,Cc1ccc(N2C(=O)c3ccccc3C2O)cc1C,1
protein3,1,CCn1nc(C)c(NC(=O)CCc2cnc3cc(F)ccc3n2)c1C,0
protein3,1,CC1(C)CCCc2cc(NC(=O)c3cccnc3Cl)ccc21,0
protein3,1,CCN(CC)c1cc(-c2cnc3ncccc3c2)ccc1S(=O)(=O)Nc1ncncc1F,0
protein3,1,O=C(c1cccc(F)c1F)N1CC(C(F)(F)F)CC1Cn1cnc2s[nH]c(=O)c21,0
protein3,1,CC#CCCOC(=O)Cc1ccsc1,0
protein3,1,O=C(NC(Cc1ccccc1)C(=O)NO)c1cccc(Nc2nccc(-c3ccc(OC(F)(F)F)cc3)n2)c1,0
protein3,1,CCCC(=O)N1CCN(c2nc(Nc3cccc(NC(C)=O)c3)c3ccccc3n2)CC1C,0
protein3,1,O=C(c1cc([N+](=O)[O-])c(C(F)(F)F)cc1F)N1CCc2cn[nH]c2CC1,1
protein3,1,Cc1cc(Nc2cc(Nc3cc(C(C)(C)C)ccc3C)c([N+](=O)[O-])cn2)no1,0
protein3,1,O=C(O)CN1C(=O)SC(=C(C2CN2c2ccccc2)N2CCCCC2)C1=O,0
protein3,1,Cn1cc(-c2ccc3nc(Cn4nc5ccccc5n4)nc(N4CCCC5CNCC(C)(O)C5C4)c3c2)c(C#N)c1C#N,0
protein3,1,CC(C)CCN(C)Cc1c(-c2ccc(C=CC(O)(C(F)(F)F)C(F)(F)F)cn2)[nH]c2c(O)cccc12,0
protein3,1,Cc1ncc([N+](=O)[O-])n1Cc1ccccc1,1
protein3,1,Cc1cnccc1CNC1=NC(=O)C(C(c2cccs2)N2CCCCC2)S1,0
protein3,1,Cc1c(C(C)(C)C)ccc(C(=O)Nc2ccccc2CN2CCCCC2)c1O,0
protein3,1,O=C(C(=Cc1ccc(O)cc1)N1CCCCC1)N1CCN(c2ncccn2)CC1,0
protein3,1,CCCCCC(=O)NCc1ccc2c(c1)-c1cc(OC)c(O)cc1CN(C)C2=O,0
protein3,1,CCc1ccccc1NC1Cc2ccccc2CC1N(C(=O)c1cc(OC)ccc1CN1CCOCC1)C1CCC(N)CC1OC(C)(C)C,0
protein3,1,O=C1NCCCN1c1ccc(-c2nc3ccccc3s2)cc1,1
protein3,1,CCCN1CC=C(C(=O)Nc2cccc(C(N)=O)c2)OC1,0
protein3,1,CCNc1nc2c(nc(-c3ccc(OC)cc3O)c(=O)n2C)n1-c1ccc(OC)cc1,1
protein3,1,CON=Cc1ccc2c(N3CCN(C4CC(C)(C)Oc5ccc(Cl)cc54)CC3)noc2c1,1
protein3,1,Fc1ccccc1C1(Oc2ccc(C(F)(F)F)nc2)Cc2nc[nH]c2C1,0
protein3,1,Cc1nc2c(N3CCOCC3)ccc(Cl)n2c1-c1ccc(-c2ccccc2)cc1,0
protein3,1,Nc1ncc(-c2cncc3c2cnn3CC2CCN(Cc3cccnc3)CC2)cc1OC(F)(F)F,0
protein3,1,Cc1ccc2nc(O)c3c(c2c1)CCc1ccccc1C3n1cncn1,1
protein3,1,CC1CCC(Nc2nc(SC3CCCC3)nc3c2ccn3C2CCCCC2)CC1,0
protein3,1,Cc1noc(CN2CCCC(C)(C(=O)NCc3ccc4c(c3)OCCCO4)C2)n1,0
protein3,1,Cc1ccnc(N2CCN(C(=O)CCCc3noc4c(Cl)c(Cl)c(Cl)cc34)CC2)n1,0
protein3,1,Cc1cc(Cc2cc(C(=O)Nc3cccc(C)c3C)cc([N+](=O)[O-])c2)sc1C(=O)O,1
protein3,1,O=C(NN=C(c1ccccc1)C1CCCCC1)c1ccsc1,0
protein3,1,CCCCCC(C)CNC(=O)c1cccc(O)c1O,0
protein3,1,CC(=O)N1c2ccc(Nc3ncc(C#CC4(NC5CCCC5)CCCC4)cn3)cc2CCC1c1cccc([N+](=O)[O-])c1,1
protein3,1,CCOc1ccc(-c2cc(=O)c3cc(CN(C)C)ccc3[nH]2)cc1Cl,0
protein3,1,CCCCN1C(=O)C(N2CCN(Cc3cccc(C)c3)CC2)c2ccccc21,1
protein3,1,CC(C)N1CCN(C(=N)Nc2cc(F)ccc2COc2cccc(Oc3cccc(C#N)c3)c2C#N)CC1,0
protein30,1,CCCCNC(=O)C(CC#N)N1C(=O)c2ccccc2Oc2ccc(Cl)cc21,0
protein30,1,CC(=O)OC(C)C(=O)Nc1cc(C(=O)N2CCCC2C)cc(C(F)(F)F)c1,0
protein30,1,CC1(C)CCC(C=C(C#N)c2ccc(F)c(N3CCC3)c2)S1,0
protein30,1,Cc1cc(N2CCC(C3CN=C(S)N3c3ccccc3)CC2)nnc1O,0
protein30,1,O=C(Nc1ccc(NC(=O)C2CCCCC2)c(C(F)(F)F)c1)c1ccc(Cl)c(F)c1,0
protein30,1,Cc1ccc(NC(=O)c2ccc(-c3cnn4c3COCC4)cc2Cc2ccccc2)nc1,0
protein30,1,CCC(CC(=O)Nc1ccc(Cl)cc1Cl)C(=O)NC(C(=O)O)c1ccccn1,0
protein30,1,OCCC(C(F)(F)F)(C(F)(F)F)C(F)(F)Cl,0
protein30,1,CCCCC1Nc2cc3c(cc2NC(=O)c2cccc(C)n2)CCCC31,0
protein30,1,CC(NC(=O)C1CCN(c2ccc(N3CCCCC3)cn2)CC1)(C(F)(F)F)C(F)(F)F,0
protein30,1,CCCN(CCC)S(=O)(=O)c1cccc(CC(C)C)c1,0
protein30,1,Nc1nnc(-c2cccc(-c3cccc(Cl)c3F)c2)s1,0
protein30,1,Cc1non(CCN(CC2CCN(c3nc4cccc(C)c4s3)CC2)C(C)C)c1=O,0
protein30,1,CCNC(=S)Nc1ccc(-c2ncc(C=C3C(=O)N(C)c4ccc(C(=O)OCC)nc43)n2C)cc1,0
protein30,1,Cc1cccc(-n2c(CCCNCC(C)C(=O)NC(Cc3ccccc3)C(=O)N3CCN(Cc4ccsc4)CC3)nc3ccccc32)n1,0
protein30,1,COc1c(O)c(C(=O)NC2Nc3ccccc3SC23CCCCC3)c2cc(-c3ccccc3F)ccn2c1=O,0
protein30,1,Cc1ccc2c(c1Cl)C(Oc1cccc3c1ccn3CCN1CCCC1)C(=O)N2,0
protein30,1,O=C(Nn1cc(-c2ccccc2)nn1)c1cccc([N+](=O)[O-])c1,1
protein30,1,O=C(O)CC(c1ccccc1)c1[nH]c(=O)c(CCO)c2cc(Cl)ccc12,0
protein30,1,CC(=O)Nc1cccc(Nc2nccc3nc(CNc4ccccc4S(C)(=O)=O)n(C)c23)c1,0
protein30,1,Nc1ccc2ccc(-c3cncc(C(F)(F)F)c3)c(O)c2n1,1
protein30,1,Cc1cc(C(=O)N2CCN(C)CC2)ccc1NC(=O)c1cccc(N(C)C)c1,0
protein30,1,CCN(CC)C1CCN(C(=O)C(C2CCCCC2)n2ccnc2)C1,0
protein30,1,NC(Cc1cc(Cl)c(Cl)cc1Cl)C(=O)O,0
protein30,1,CCn1cc(-c2cc(C(=O)O)cc3nc(C)cc(Nc4ccc(F)c(F)c4)c23)cn1,1
protein30,1,Nc1ncnc2[nH]cc(CN(c3ccc(F)cc3)c3ccc(F)cc3F)c12,1
protein30,1,O=C(NC1CCN(c2nc(-n3ccnc3)ncc2F)C1)c1cc2cc(OCc3ccc(C(F)(F)F)cc3)ccc2[nH]1,0
protein30,1,CC(C)CCCCC(C)C(=O)NC(CCN1CCN(C)CC1)c1ccc(-c2ccccc2C#N)cc1,0
protein30,1,CCn1nc(C)c2c([N+](=O)[O-])cc(-c3ccnc(Nc4cccc(C)c4)n3)nc21,1
protein30,1,O=C(Nc1nc2ccccc2s1)c1ccccc1Nc1ccc([N+](=O)[O-])cc1Cl,1
protein30,1,CC(C)Cc1cc2scnc2c(C(=O)Nc2cccc(S(N)(=O)=O)c2)c1Cl,0
protein30,1,CC(C)=CC(C)N(c1cc(NC(=O)c2ccc(Cl)cc2)ccc1[N+](=O)[O-])C(C)Cl,1
protein30,1,Cc1ncsc1CCN1CCC(C(=O)Nc2nc3c4c(ccc3s2)C2CC(C#N)=C4OC2(C)C)C(CC(C)C)C1=O,0
protein30,1,CC(C)c1cccc2c1OC1CC2CN(CC2CN(c3ccc(Cl)c(C(F)(F)F)n3)C(=O)O2)C1,0
protein30,1,O=C(Nc1ccccc1N1CCNCC1)c1cccs1,1
protein30,1,O=C1Cc2cc(-c3cnc4nc(N5CCCCC5)[nH]c4c3)ccc2N1,1
protein30,1,CC1CC2(C(=O)O)N=C(NC(=S)Nc3ccc(I)cc3)C1c1sc3ccccc3c12,1
protein30,1,CC1(c2ccccc2O)COC(=O)N1,0
protein30,1,CCCCCCOc1ccc(-c2c(Cl)ncc3c2COC(C(=O)N(C)C)O3)cc1,0
protein30,1,CCc1ccc(CNC(=O)C2CC=CCC2C(=O)N(CCCC#N)C2CC(C)(C#N)c3ccccc32)s1,0
protein30,1,CCOc1cc(-c2ccc(NC(=O)C(OC(=O)C(C)(C)C)C(C)C)cc2)cnc1C(C)(C)C,0
protein30,1,CCS(=O)(=O)c1cc2c(cc1-c1csc3c1CCCC3)OCCO2,0
protein30,1,CCn1cc(CCCCCCN2CC(C)OC(C)(C)C2=O)c(-c2ccccc2C)n1,0
protein30,1,CCCC#CCN(C)CCc1ccc(OC)c[n+]1[O-],0
protein30,1,Cn1ccc2c(O)c(NN3C(=O)C(C)(C)C(C(=O)O)C3c3ccccc3)nc(Cl)c2c1=O,1
protein30,1,Cc1nn2c(c1[N+](=O)[O-])Nc1ccc(Nc3ccccc3F)cc1CC2,1
protein30,1,CCn1cnc2c(-c3nnc(Nc4ccc(OC)cc4OC)s3)c3ccc(Cl)cc3nc21,1
protein30,1,CC(C)CCN1CCC#CC1Cc1ccccc1,0
protein30,1,Cc1cc([N+](=O)[O-])ccc1NC(=O)c1cnc(N2CCN(C)CC2)nc1C(F)(F)F,1
protein30,1,Cc1ccc(NC(=O)c2ccncc2-n2cccn2)cc1Cl,0
protein30,1,O=C(CCl)Nc1cn(Cc2ccc3nccc(Nc4cccc(Cl)c4)c3c2)c2ccc(Cl)c(F)c12,1
protein30,1,CCN(CC)c1cccc(CC(=O)N2CCN(c3ncccn3)CC2)n1,0
protein30,1,CC1CC(C)(C)C(O)(c2ccccc2)C(C#N)N1C(=O)C1CCN(c2nccc(-c3cc(C(F)(F)F)cnc3N)n2)CC1,1
protein30,1,CCOc1ccc(C=C2C(=O)Nc3ccc(OC(F)(F)F)cc32)cc1S(N)(=O)=O,0
protein30,1,COc1cccc2c1OC1(C)COc3ccccc3C1C2,1
protein30,1,CC(C)C(CO)N(CC(F)(F)F)S(=O)(=O)c1cc(C(=O)O)ccc1OC(F)(F)F,0
protein30,1,CCOC1CCN(CCc2ccccc2CCCC(=O)N2CC(OC)CCC2C)CC1,0
protein30,1,CCCN1CC=C(C2C(=O)c3cccc(C)c3N(c3ccc(OC(F)(F)F)cc3)C2=O)CC1,0
protein30,1,CCNC(=N)NCc1ncccc1Cc1ccc(C(N)=O)cc1Cl,0
protein30,1,Cc1nc([N+](=O)[O-])cn1C(CCO)c1nc2ccc(F)cn2c1Nc1cccc(OC(F)(F)F)c1,1
protein30,1,CCn1ccnc1Cn1nnc2ccccc21,0
protein30,1,CCC(=O)N(Cc1ccccc1-n1cccn1)c1nnc(O)c2ccccc12,0
protein30,1,CC(C)CC(C(=O)N(C)CC1Cc2cc(F)c(F)cc2C(=O)O1)N1CN2CSCC2C1=O,0
protein30,1,Cc1cccc2nc(N(CCc3ccccc3)C3CCCC(C)C3)nc(N)c12,1
protein30,1,CCC(C)Cc1nc2cc3c(cc2n1C)N(CCCN(C)C)c1ccccc1C3N1CCN(C)CC1,0
protein30,1,O=C(O)CSc1nc(SCC(=NO)c2ccc(F)cc2F)nc2ccccc12,1
protein30,1,Cc1ccc(Cl)cc1N=C1NCC(C2CCCCC2=O)CS1,0
protein30,1,Cc1ccc(-c2cc(C(=O)Nc3c(C)ccnc3C)c(F)cc2OCC2(C)CCC2)o1,0
protein30,1,O=C(Nc1cc(Cl)cc(Oc2ccc([N+](=O)[O-])cc2)c1)c1cn(C2CC2)c2cc(F)c(O)cc2c1=O,1
protein30,1,CCNc1ncc(-c2cccc3c(Cl)ccc(NC(=N)N(C)C)c23)cc1F,1
protein30,1,Cc1cc2cc(Cc3cn(CC4CCCCC4)nc3-c3ccncc3)oc2cc1C#N,1
protein30,1,CCCCCCC1NC(=O)c2cc1ccc2O,0
protein30,1,Nc1cc(N)c2c(n1)-c1cccc(OCCCN3CCNCC3)c1CC2,1
protein30,1,CC[N+]1(CC)CCC(O)CC1,0
protein30,1,Cc1c(C(F)(F)F)cc(C)c2[nH]c(C3COC4(O)CCN(CCc5ccc(C(F)(F)F)nc5)CC4C3)cc12,0
protein30,1,Nc1nc2cc(C(F)(F)F)c(C(=O)Nc3cccc(-c4nc5ccccc5o4)c3)cc2[nH]1,0
protein30,1,Nc1cnccc1C(=O)N1CCc2cc(-c3ncn(-c4ccccc4C(F)(F)F)c3NCc3ccccn3)ccc2C1,0
protein30,1,CCC1CNCCC1(O)C1c2ccc(OCc3cccnc3)cc2-n2c1nc1ccccc1c2=O,0
protein30,1,CC(=O)c1ccc(N2c3ccccc3C(N)P2(=O)CF)cc1,0
protein30,1,O=C(NC1Cc2cc(F)ccc2NC(C(=O)N2CCCC2C(=O)Nc2ccccc2Cl)C1)c1cccc([N+](=O)[O-])c1,1
protein30,1,CC1CC1C(=O)O,0
protein30,1,O=C1Nc2ccc(Cl)cc2C1=NOC1CCCCC1,0
protein30,1,CC(=NNC(=O)c1sccc1C)c1ccccc1,1
protein30,1,CCc1ccc2c(c1C(C(=O)OCc1c3c(Cl)cc(C)c1OC3)c1ccccc1OC)N1CCN(CC2)CC1,0
protein30,1,Cc1nnc(CC2CN(C(=O)c3ccccc3S(=O)(=O)c3ccc(Cl)cc3)CCO2)[nH]1,0
protein30,1,CCOc1ccccc1Nc1cc(-c2cccc(CN)c2)nc(-c2ccccc2OC(C)=O)n1,0
protein30,1,O=C1c2[nH]c3ccccc3c2N(Cc2cccc(Cl)c2Cl)C(=O)C12CCN(CCCCCO)CC2,0
protein30,1,CCOc1cc(Nc2nccc(-c3cncn3C(C)C)n2)ccc1-c1cccnn1,0
protein30,1,Cc1cnc2c3c(c4ccccc4c2c1)S(=O)(=O)c1nccnc1N3,1
protein30,1,Cc1ccc(Nc2noc(-c3ccncc3)n2)cc1[N+](=O)[O-],1
protein30,1,CC(C)NC(=O)N1CCSc2ccc(S(=O)(=O)N3CCCC3)cc21,0
protein30,1,CCC(CN1c2ccc(Cl)cc2C(C)(C)CC1c1ccc(C(=O)N2CSCC2=O)cc1)NCC(C)O,0
protein30,1,CCNC(=O)c1cc(Oc2ccc(OC(F)(F)F)cc2)c2ccccc2n1,1
protein30,1,CC#CC12C=CC(CCC(=O)N(C(C)C(=O)Nc3cccc(C#N)c3)CCN1c1ncccc1-c1cccnc1)CC2,0
protein30,1,Cc1nc2c(c(Nc3cccc(C(F)(F)F)c3)n1)CNC(C)C2,0
protein30,1,CC(C)(S)C#Cc1ccc(C2=C(N3CCCCC3)C(=O)OC2)cc1,1
protein30,1,CCCCc1c(O)oc2cc(O)c(Cl)cc2c1=O,0
protein30,1,O=CC1Nc2cccc(O)c2SC1P(=O)(O)O,0
protein30,1,Cc1cccc(Cn2c(CCO)nc3cc(C(=O)Nc4ccc(F)cn4)ccc32)c1,0
protein30,1,CC(=O)N(C)c1ccc2c(c1)Nc1c(cnc3cc(Cl)ccc13)C(N1CCNCC1C)=N2,0
protein31,1,FC(F)(F)c1ccccc1C1Cc2c(cc(C(F)(F)F)c3ccccc23)O1,1
protein31,1,CC(=O)N(c1cccc(C)c1)C(C)c1nc(-c2cccc([N+](=O)[O-])c2)no1,1
protein31,1,Nc1ncc(Cl)cc1-c1cnccc1-c1ccc(C(=O)N2CCCC2)c(Cl)c1,0
protein31,1,CC(C)CN(CCN1CCOCC1)c1cnc(-c2ccncc2F)cn1,0
protein31,1,O=C(NC1CCCCCC1)C(F)(F)F,0
protein31,1,CCC1c2ccccc2-c2ccc(CN3CCN(C)CC3)cc21,1
protein31,1,CCN(C1CC1)S(=O)(=O)c1ccc2c(c1)C(=Cc1c(C(F)(F)F)nn(C)c1Cl)C(=O)N2,0
protein31,1,CCN(CC)Cc1ccc2c3c(c(=O)oc2c1)CCC3,0
protein31,1,CCOc1ccc(-c2nc3c(cnn3C)c(=O)[nH]2)cc1,1
protein31,1,CC1CN(c2ccc(Nc3ncnc4c3cnn4Cc3c(F)cccc3F)cc2)CCO1,1
protein31,1,Cn1nc(-c2ccccc2OCCOC(=O)C(C)(C)N)c2ccccc21,1
protein31,1,CC[N+]1(C)c2cccnc2OCc2c1[nH]c(=O)c1sccc21,1
protein31,1,CCC#CC1(O)CCCC(CS(=O)(=O)N2CCC(OCC(C)C)C2)C1,0
protein31,1,COC(=O)C1c2c(NC(=O)Nc3ccc(OC(F)(F)F)cc3)cccc2C(=O)N1CC(C)(CO)c1ccccc1,1
protein31,1,CCCN1CC(C)(C(=O)Nc2ccc3c(c2)OCCO3)OC1=O,0
protein31,1,CCCCCC(C)C(=O)Nc1cccc(C)c1C,0
protein31,1,CC(C)N1CCCC(c2ccnc3c(-c4nc5ccccc5s4)ccc(N)c23)C1,1
protein31,1,Cc1ccccc1-c1ccc2nc(-c3ccccc3)c(O)n2n1,0
protein31,1,CCC(=O)Nc1nnc(-c2ccc(Cl)cc2)s1,0
protein31,1,Cc1nc(Nc2cc(F)c(C(O)CNC(=O)c3cn(-c4ccc(F)cc4F)cn3)cc2F)cc(-c2ccco2)n1,1
protein31,1,CC(C)CC(CN1CCc2nn(-c3ccccc3)cc2C1)N(C)C,1
protein31,1,CCC(C)C12OC=C(C)C(CN=C(N)NP3(=O)OCCN3CCCl)=C1c1cccc3c2cc(C)nc13,1
protein31,1,O=C(NCc1ccc(C2NC(c3ccccc3)Cc3ccccc32)cc1)C1CCOCC1,0
protein31,1,CC1(C)C(N)=NS(=O)(=O)c2ccc(NC(=O)c3cn(O)c4ccc(F)cc4c3=O)cc21,1
protein31,1,Cc1ccc2nc(-c3ccncc3)cc(C(=O)N3CCOc4ncc(-c5cccnc5)cc4C3)c2c1,0
protein31,1,Cc1c(C(=O)Nc2ccc(F)cc2)c2nnc(-c3ccccc3)n2c2ccc(Cl)cc12,0
protein31,1,CCOC(=O)C1NC(=O)C(N)CC(=O)Nc2ccc(Cl)cc21,0
protein31,1,O=C1CCN(S(=O)(=O)c2ccccc2C(F)(F)F)CC1=O,0
protein31,1,Nc1ncc(NC(=O)c2cnc3ccc(F)cn23)c(Oc2cc(F)cc(Cl)c2F)n1,0
protein31,1,Cc1occc1C(=O)Nc1c(C(F)(F)F)nn(Cc2ccc(F)cc2)c1C1CCC(N)CC1,1
protein31,1,Cc1cc(Nc2cccc(NC(C)C)n2)nc(C)n1,0
protein31,1,O=C(COC(=O)c1ccc(N2CCOCC2)cc1)NCc1ccc(Cl)cc1,0
protein31,1,CCN1C(=O)c2cccc(c2)C1CCCNC(=O)c1cccc(C(F)(F)F)c1,0
protein31,1,N#CC1CCCCN1C1CCc2ccccc2C1NC(=O)c1cc(Cl)cc(C(F)(F)F)c1,0
protein31,1,Cc1onc(O)c1C(c1ccc(Nc2cc(N(C)C3CCN(C)C3)ncc2Cl)cc1Cl)N1CCC(C)CC1,0
protein31,1,Cc1ccc(OCc2nnc(Nc3ccccc3[N+](=O)[O-])s2)cc1C,0
protein31,1,Cc1c(C(F)(F)F)cnn1-c1ncc2c(n1)N(c1ccccc1)C(=O)NC21CCCCC1C,0
protein31,1,CCCc1ccnn1-c1nc(C)nc(OCC2COc3ccccc3O2)c1F,1
protein31,1,CCn1cc(CN2C(=O)C(=Cc3ccc([N+](=O)[O-])cc3)SC2=S)cn1,1
protein31,1,Clc1ccc(CN2CCNCC2)cc1,0
protein31,1,CCCCOc1ccc2nc(-c3ccccc3)cc(-c3c(C(N)=O)nn4ccc(C)nc34)c2c1,1
protein31,1,CC(=O)Nc1cc2c(cc1C#N)SC(c1ccc(OC(F)(F)F)cc1)C(=O)N2CC(C)C,0
protein31,1,Cc1cc(Nc2ccc(F)c(F)c2)c2nc(-c3c(C)nn4c3NCCC4)ccc2n1,1
protein31,1,O=C(O)CCNc1nc(-c2cccnc2)cc(-c2ccccc2Cl)n1,0
protein31,1,CC=CC(CC(=O)O)c1ccccc1,0
protein31,1,CN(C)c1ccc(N=C2NC(=O)CC(CCC3CC(=O)C4CCCN4C3)O2)cc1,0
protein31,1,O=C1C=CC2(CCOCC2)N1c1ccc2c(c1)CCC2,0
protein31,1,O=C(NC1CCCC1Cl)c1cc(-c2ccc(F)c(Cl)c2)n(-c2cccnc2)n1,0
protein31,1,COc1ccc(Cc2ccccc2)cc1C(=O)N(Cc1c[nH]c2ccccc12)C(C)C,0
protein31,1,Cc1cc(S(=O)(=O)NC2=NCCCCC2)cc(F)c1Cl,0
protein31,1,CC(C)(C)C1CCC(N)CC1Oc1ncnc2c1NC(=O)c1ccccc1N2,0
protein31,1,CC1(C)CC(O)CN(C(=O)C(=O)NC2CCCCC2)C1C(O)c1ccc(O)cc1,0
protein31,1,Fc1ccc(-c2n[nH]cc2-c2ccc(Oc3ccnnc3N3CCOCC3)c(F)c2)cc1Cl,0
protein31,1,CC1CCC2C(CCCN2CC#CCO)C1,0
protein31,1,Nc1nc(CCc2ccc(Cl)c(Cl)c2)nc2ccccc12,1
protein31,1,CCNC(S)=Nc1ccc(F)c(F)c1,0
protein31,1,Cc1c(-c2cc(Cl)ccc2S(=O)(=O)N2CCCCC2)c2ncccn2c1C,0
protein31,1,CC(=NS(=O)(=O)c1ccc(Cl)cc1)c1cn2c(n1)CN(CCO)CC2,0
protein31,1,O=C1C(=Cc2ccc3ncccc3c2)Oc2ncccc21,1
protein31,1,O=C1CCC(=Cc2cccnc2)N1Cc1cc2cc([N+](=O)[O-])ccc2nc1O,1
protein31,1,CC=C1CCC(O)CC1C(=O)N1CCCC1c1nc(-c2ccc(Cl)c(F)c2)cs1,0
protein31,1,Nc1cnc(-c2ccc(-c3cccc(Cl)c3C(=O)O)cc2F)cn1,1
protein31,1,CC1=C(NC(S)=Nc2ccc([N+](=O)[O-])cc2[N+](=O)[O-])CC2(CN3CCC(N)C3)CC1CCC2O,1
protein31,1,Cc1nc(SCC2CCCCC2)ncc1F,0
protein31,1,CCCCC1(C(O)c2ccccc2N)COc2ccc(O)cc2C1=O,0
protein31,1,CCCS(=O)(=O)N1CCN(c2cccc(C(=O)O)c2N(C(=O)c2cccc(OCCC(F)(F)F)c2)c2ccc(O)cc2)CC1,1
protein31,1,COc1cc2[nH]c(C(CO)OC)c(C(C)(C)C)c2cc1NCC1CCC(O)CC1CN=C(N)N,0
protein31,1,Cc1cccc(N(C)c2nc(Cl)cc(S(=O)(=O)CC34CCC(CC3)O4)n2)c1,0
protein31,1,CC=CC(C)(O)CCCC(CN1CCN(C(=O)Nc2cccc(F)c2)CC1)C(C)C,0
protein31,1,CC1(C)C=C(Nc2ccc(Cl)nn2)CN1,0
protein31,1,CCc1[nH]c2ccccc2c1CCN1C(C)(C)CCCC1(C)C,1
protein31,1,O=C1CC(NS(=O)(=O)c2cccc(Cl)c2)CN1c1cnn2ccccc12,0
protein31,1,Cc1occc1C(=O)NC1CCC(CC(=O)N2CCN(c3ncccn3)CC2)CC1,1
protein31,1,COc1cccc2ncnc(NCc3ccccc3C)c12,1
protein31,1,Cc1ccc2c3cc4ccc3c(nn2c1=O)Nc1cc(-c2cnc3ccccn23)ccc1NC4=O,1
protein31,1,CC(C)NC(=O)C(C)n1c(=O)c(-c2ccc(CO)cc2)c(C(=O)O)c2ccccc21,0
protein31,1,CCCS(=O)(=O)Nc1ccc2c(c1)CC(CN(CC)C(=O)C1CC1(C)c1cccc(OC)c1)CCCC2,0
protein31,1,CCN(CC)CCn1ccnc1CNCc1ccc(-c2ccc(OC)cc2)cc1,0
protein31,1,CC(C)c1cccc(Nc2nc(N)c3c(-c4ccccc4)cn(COCCO)c3n2)c1,1
protein31,1,CCN1C(N2CCc3c(cccc3OC)C2)=CCc2ccccc21,1
protein31,1,Cc1cc2nn3c(c2c2cccc(O)c12)C1COC(N)=C(C#N)C1c1ccc(F)cc1-3,1
protein31,1,CC(C)N1CCN(c2ncccc2C(=O)N2CCCCCC2)CC1,0
protein31,1,CC#Cc1nn(-c2ccccc2)c2scc(-c3cccnc3)c12,1
protein31,1,COc1cccc(CNC2=NC(C)(c3cc(OCc4nn(C(C)(C)C)c(=O)[nH]4)ccc3F)CCC2)c1C,0
protein31,1,CCc1ccc(Nc2cc(C)nc3c(-c4cccc(OC(F)(F)F)c4)cnn23)cc1,0
protein31,1,CC(CN1CCCCCC1)n1cc(N2C(=O)c3ccccc3C2=O)cn1,0
protein31,1,O=C1CC(=Cc2ccccc2)C(=O)N1CNS(=O)(=O)c1ccccc1F,0
protein31,1,CCc1cc(N2CCCC2)nc(Nc2cccc(C(F)(F)F)c2C)n1,0
protein31,1,CC(C)CC(NC(=O)CC(CC(=O)O)c1ccccc1)C1=Nc2ccc(Cl)cc2S(=O)(=O)N1,0
protein31,1,CC1CC(O)CC(C)(C)C1C(=O)Nc1ccccc1Cl,0
protein31,1,CC(=O)N1CC(c2nccn2-c2ccccc2OC(F)(F)F)Cc2ccc([N+](=O)[O-])cc21,1
protein31,1,CCCc1c(C)cc2oc(N3CCN(C)CC3)nc2c1C,1
protein31,1,Nc1nc(NC2CCCC2)c2nc(-c3ccc(Cl)cc3F)sc2n1,1
protein31,1,O=C1C(=Cc2ccc[nH]2)SC(=S)N1c1ccccc1F,0
protein31,1,Cc1ccc(S(=O)(=O)Nc2ccccc2NC(=O)c2cncs2)cc1C,0
protein31,1,NC(=O)N1C2=C(C(=O)O)C(c3ccc(F)cc3F)C(CC2)C1c1ccc(Cl)c(Cl)c1,0
protein31,1,O=C(Nc1ccc(C(=O)NCc2cccc(C(F)(F)F)c2)c2cccnc12)c1cccc([N+](=O)[O-])c1,1
protein31,1,CCCC12CCCCC1N1C(=O)CN(c3ccc(S(=O)(=O)N4CCOCC4)cc3)C(=O)c3ccc(cc31)C2=O,0
protein31,1,Nc1nc(-c2ccccc2)cc(S(=O)(=O)[O-])c1S(=O)(=O)c1ccccc1F,0
protein31,1,CC1OC(C(=O)Nc2c(Cl)cccc2Cl)CC1(C)CC1=CC(C)(C)NC(=S)N1C,0
protein32,1,O=C(CN1C(=O)Cc2cc(S(=O)(=O)NCC3CCCCC3)ccc21)NCc1ccco1,0
protein32,1,CCN1CCN(c2cc(NCC(F)(F)F)c(S(N)(=O)=O)cn2)CC1,0
protein32,1,O=C1C2C(CCCN2C(=O)c2ccncc2O)CN1Cc1ccc(Cl)cc1,0
protein32,1,CCC(C)C1=CC=C2C3=CCN(C(=O)COC(=O)C4CCNCC4)C3c3c(ccn3C)C2(C)C1O,1
protein32,1,NC(=O)C1CCCC1C(=O)N1CCOc2ccc(F)cc21,0
protein32,1,Cc1nccnc1C(=O)CC1CCN(C(=NO)c2cccnc2Oc2ccccc2Cl)CC1,0
protein32,1,Cc1ccc(C(=O)Nc2cc(Nc3n[nH]c4ncc(C(F)(F)F)cc34)ccc2Cl)s1,1
protein32,1,CCC(c1ccc([N+](=O)[O-])cc1)n1cc(C(=O)NCC(O)CNC(C)=O)c2ccccc21,1
protein32,1,Cn1c(=O)c(C(=O)NC(=O)c2ccc(CN3CCCCC3)cc2)cc2cc(C(C)(C)C)ccc21,0
protein32,1,NC(=O)c1cc(Nc2ccc(Cl)c(Cl)c2)nc2ccccc12,0
protein32,1,CCOCCOc1ccc(C2NC(=O)c3nc4c(c(Cl)c32)OCC4)c(CC)c1,1
protein32,1,Cc1ccccc1Cn1cc(C(=O)CSCC(=O)NCc2ccccn2)c2ccccc21,1
protein32,1,CC1CCCCN1C(=O)COC(=O)c1cn(Cc2ccccn2)c2ccccc12,0
protein32,1,CCCCn1c(SCc2nc(O)c3c(C)cccc3n2)nc2ccccc2c1=O,1
protein32,1,Cc1ncc(Cl)c(-c2c(C(C)n3cnc4ccc(O)cc43)nc(-c3ccncc3F)[nH]c2=O)c1Cl,0
protein32,1,CCn1cc(-c2cnc3c(C(=O)Nc4cccc(-n5c(C(F)(F)F)nc6cc(F)ccc65)c4)cccn23)cn1,0
protein32,1,Cc1noc(N2CCN(Cc3cccc(C(N)=O)n3)C(C)C2)n1,0
protein32,1,Cc1cccc(Cn2c(C(O)c3cc(Cl)cc(Cl)c3)nc3ccccc32)c1,0
protein32,1,O=C(NN=C1CC(O)(c2cccc(F)c2Cl)c2cnc3ccccc3c21)c1ccncc1,1
protein32,1,CCCCCNc1nnc(-c2ccc([N+](=O)[O-])cc2)s1,1
protein32,1,CC(CC(=O)N1CCN(C)CC1)c1nc(-c2cccc(NC(=O)c3ccc(Cl)cc3)c2)no1,0
protein32,1,CC(C)C1=CC2NC(=O)C3CCN(CC3)CC(=O)N3c4ccccc4C(C1)C23,1
protein32,1,CCCCC(NC(=O)c1ccncc1)C(=O)N1CCC(Oc2nc(Nc3ccnc(C)c3)nc3c(C(F)(F)F)cccc23)C1,0
protein32,1,CCOc1cccc(N2C(=O)C(C(N)CC(C)N(CC)Cc3nccs3)C(C)C(C3CCCN3Cc3ccccn3)C2=O)c1,0
protein32,1,CCCCn1c(N)c(-c2ccc(C(F)(F)F)cc2)c(=O)[nH]c1=O,1
protein32,1,CC(=O)Nc1ccc(NC(=O)c2ccc3c(c2)CCC(C)(C)N3C(=O)c2ccc3c(c2)COCO3)cc1,0
protein32,1,O=C(N(CCc1ncc(-c2ccccc2C(F)(F)F)o1)Cc1ncccc1F)C1(c2ccc(F)cc2)CCC1,0
protein32,1,CC(=O)n1cc(C(=O)C(C(C)C)n2nc3ccccc3cc2=O)c2ccccc21,1
protein32,1,CC1COC=C2C(=O)N(CC(=O)N3CCc4c([nH]c5ccccc45)C3C(C)(C)C)CC21,0
protein32,1,CC(=O)N1CCC(CCn2cccn2)(c2ccccc2)CC1,0
protein32,1,CC(C)N(CCNC(=O)c1cnc2c(F)cc(F)cc2c1OCc1ccccc1Cl)c1ccccn1,0
protein32,1,CCOc1cc(-n2nc(CS(=O)(=O)c3ccc(OC)cc3)c(C)c2C)ccc1C,0
protein32,1,CC(C)(C)c1ccc(Nc2ncnc3c(CN4CCCCC4)cccc23)cc1,1
protein32,1,CCn1ncc(C(=O)Nc2ccc(Oc3ccccc3)cc2)c1C,0
protein32,1,COc1cc(OC)nc(Nc2c(C(=O)NC(C)C)[nH]c3cc(Cl)c(SCc4ccccc4)cc23)n1,0
protein32,1,O=C(c1ccc(O)c([N+](=O)[O-])c1)c1nc2cc(Nc3ccccn3)ccc2[nH]1,1
protein32,1,CC1(C)CN=C(N2CCN(C(=O)c3cc(F)ccc3OCCC#N)CC2)S1,0
protein32,1,Cc1cc2nnc(O)c(C)c2cc1F,0
protein32,1,Cc1cc(CN2CCCCC2Cn2cccn2)c2ccccc2n1,1
protein32,1,CC1(C)CC=CC(CC(N)=NOC(=O)c2ccc([N+](=O)[O-])cc2)C1,1
protein32,1,CC1=S2C3=C(C(=O)C(=O)N2N=C1)c1ccc(Cl)cc1C3(C)C,1
protein32,1,Cc1cccc2cc(C(=O)Nc3[nH]c(C(F)(F)F)nc3C#N)oc12,1
protein32,1,CCN(CC)C(=O)Oc1cccc(N(Cc2ccc(OC(F)(F)F)cc2)C(=O)c2cc3cc(OC)ccc3o2)c1,0
protein32,1,CCN1CCN(C2=Nc3cc(OC)c(OC)cc3Cc3ccccc32)CC1,1
protein32,1,O=C(Nc1ccccc1C(F)(F)F)C1CC(=O)N(c2ccc(O)cc2)C1,0
protein32,1,Cc1cc(C(=O)CSc2nc3cccnc3o2)c(C)n1CC(F)(F)F,1
protein32,1,COc1ccc(-c2nc3cc(-c4ccccc4)nn3c3c2CCC(C(=O)NCCC2=CCCCC2)N3)cc1,0
protein32,1,NCC1CC2(CCCN(c3ncccn3)C2)c2ccccc21,1
protein32,1,O=C(Nc1ccccc1F)c1cccc2c(-c3ccc(F)cc3)noc12,1
protein32,1,O=C(c1ccncc1Cl)N(O)c1ccccc1-c1ccccc1,0
protein32,1,CC=C(Cc1ccc(-c2cccc(O)c2)s1)C(=O)NC(N)=S,0
protein32,1,CCn1c(-c2ccccc2Cl)ncc(C(=O)N2CCN(C)CC2)c1=O,0
protein32,1,CC1COCCN1c1nc(-c2cccc3scnc23)cc(N2CCC(CC(N)C(=O)O)C2)n1,1
protein32,1,Cc1ccccc1NC(=O)Cc1ccc(S(=O)(=O)NC2CCCCC2C)cc1[N+](=O)[O-],1
protein32,1,CCN(CCN(c1nc2ccccc2s1)c1ncccc1Nc1cccc(OC)c1)C(C)C,0
protein32,1,O=C1CC(CC(=O)Nc2ccc3c(c2)CCC3)C(=O)N1,0
protein32,1,CCN(CC)CCn1nc2cc(Nc3nccc(OC4CCC(C)CC4)n3)ccc2c1C,1
protein32,1,CC1CCN(c2ccc(S(=O)(=O)Nc3csc(-c4ccccn4)n3)cc2)CC1,0
protein32,1,Cc1cc2n3ccnc3c3c(-c4ccccc4)ccc(CC(=O)O)c3n2n1,1
protein32,1,CCc1cnn(C(=O)c2ccn3c(Nc4ccc5ncccc5c4)c(C)nc3c2)c1,1
protein32,1,CC1CCN2CC3CCc4cc(N5CCC(CC(N)=NO)CC5)ccc4N3CC2C1,0
protein32,1,CCC(CC)CCN1C(=O)c2cc(C(C)C)ccc2S(=O)(=O)C2CC(C(=O)O)CCC21,0
protein32,1,Clc1ccc(N2CCOCC2)c(C(c2ccccc2)n2ccnc2)c1,0
protein32,1,Cc1cc(C(=O)OCC(=O)N(C)c2nccs2)c(C)o1,0
protein32,1,Cc1ccsc1CNC(=O)C(Cl)(Cl)C(F)F,0
protein32,1,O=C(Nc1ccccc1C(F)(F)F)c1cc2ccccc2o1,0
protein32,1,Cc1c(-c2cccc(Nc3cc(Cl)ccc3C#N)c2)cn2c(N(C)C(CN)CCN(C)CCO)ccnc12,0
protein32,1,CCOc1ccccc1NC(=O)C(CC(C)C)NC(=O)c1cccs1,0
protein32,1,CCCCNC(=O)CNc1cc2nc3c(C(F)(F)F)cccc3nc2cc1OC,0
protein32,1,CC1(C)c2sc(-c3cccnc3)cc2C(c2cccnc2)N1C=S,1
protein32,1,Cc1cc(-c2cccnc2)nnc1Nc1cccc(N2C(=O)C(C)C(CO)C2=O)c1,1
protein32,1,Cc1nc(-c2ccccc2C(F)(F)F)cc(N2CCOCC2)n1,0
protein32,1,CCSC(=O)CCCC(C)=O,0
protein32,1,CC(C)C#Cc1ncccc1-c1cccc(Cn2ccnc2)c1,1
protein32,1,CC(C)N(CC#Cc1ccc(C(F)(F)F)nc1)CCO,0
protein32,1,CCn1c(SCC(=O)Nc2ncn(-c3ccc(C)cc3)n2)nc2ccccc21,1
protein32,1,NC(=O)c1c[nH]nc1SC1(c2c(F)ccc(F)c2F)CCCCC1,0
protein32,1,CCC(C)(C(=O)O)N1CCC(n2ncc3cnc(Nc4cc(F)c(F)cc4F)nc32)CC1,0
protein32,1,CCn1nc(-c2c(C)cc3[nH]ccc3c2N2CCCC(NC(=O)c3cn(C)nc3C(F)(F)F)C2)cc1C,0
protein32,1,Cc1cc(=O)oc2cc(C(=O)OCC(=O)Nc3ccccc3C(C)C)ccc12,0
protein32,1,Cc1n[nH]c(NC(N)=O)c1S(=O)(=O)c1c(Cl)ccc(Cl)c1Cl,0
protein32,1,O=C1CC2CCN1c1nc3cnccc3n12,0
protein32,1,O=CCC1CC(c2cccc(OC(F)(F)F)c2)=Nn2c1nc1ccccc12,0
protein32,1,COc1ccc2c(C(=O)N3CC(n4cccc4)C3)[nH]c(C(C)C)c2c1,0
protein32,1,CCOCC1CCCN(C2=NCCS2)C1,0
protein32,1,Cc1c(C(=O)N2CCN(Cc3ccccc3C(F)(F)F)CC2)c2ccccc2n1C,1
protein32,1,CCCCCCC(C)n1cc(-c2cccc(NC(=N)N)c2)c2ccccc21,0
protein32,1,ON=C1CCCC1=Cc1ccccc1O,0
protein32,1,CCC1C(=O)NC1CC1(CO)CC2Cc3cc(C(=O)O)ccc3-c3c(Cl)ccc(c3C(=O)O)N21,0
protein32,1,Cc1cc(Oc2cnc3c(n2)CCOC3(C)C)nnc1-c1ccccc1,1
protein32,1,Cc1ccccc1Nc1cc(=O)oc2c(CNC(=O)C3(C(=O)NO)CC3)nccc12,1
protein32,1,CCc1cc(C(=O)N2CCN(c3nc4ccccc4n3CCC(C)C)CC2)cs1,0
protein32,1,CCn1cc(C=NC2(C(=O)Nc3ccc(C(=O)OC)cn3)CCCC2)c2c(-c3cncc(C)c3)cccc21,1
protein32,1,NC(=O)n1c(O)nc2cccc(Cl)c21,0
protein32,1,Cc1c(Cn2cc(NC(=O)c3ccc([N+](=O)[O-])cc3[N+](=O)[O-])cn2)cnn1C,1
protein32,1,CCN1CCC(C(=O)Nc2ccc(S(=O)(=O)N3CC(NC(=O)C(C)C)CC3C(C)C)cc2)CC1,0
protein32,1,O=C(Cc1cscn1)OC(c1ccccc1)c1ccccc1,0
protein32,1,N#Cc1ccc(Nc2ccc(I)c(N)n2)cc1C(F)(F)F,1
protein32,1,CC(C)(C)c1ccccc1-c1cc(C(=O)Nc2ccc(C#N)cc2)no1,0
protein32,1,CCCCCCNc1nnc(-c2cc3cnc(N)nc3cc2OC=NN)s1,0
protein33,1,Cc1nc(O)c([N+](=O)[O-])c(SCC(=O)N2c3ccccc3Sc3cccc(O)c32)n1,1
protein33,1,Cc1ccc(C(F)(F)F)cc1NC(C)c1ccncc1,0
protein33,1,CCn1c2c(c3ccccc31)CC(N1CCN(C)CC1)CC2,1
protein33,1,O=CN1C(=O)C(=Cc2nc3c(O)cccc3s2)c2ccccc21,0
protein33,1,COC(=O)C1CC(CC(C)C)CN1C(CN)C1CC(C)(O)Cc2cc3c(cc21)OCO3,0
protein33,1,CCCNC(=O)C1C(C)=CCC2COC(=O)NCC21,0
protein33,1,Cc1ccc(NC(=O)CC2CN(c3noc4ccc(O)cc34)CCN2CCc2ccccc2)c(C)c1,0
protein33,1,Cc1[nH]c(=O)c(CS(=O)(=O)CC(=O)Nc2cc([N+](=O)[O-])ccc2N2CCC(CCC(N)=O)CC2)nc1CC(C)C,1
protein33,1,CCN(CC)CC(=O)Nc1cc(-c2ccccc2)ccc1Cc1ccccc1,0
protein33,1,CCN(CCNc1ccccc1C#N)Cc1c(O)c2ccccc2n(C(C)C)c1=O,0
protein33,1,Cc1ccc(CNC(=O)c2cnc(Nc3ccccc3-c3ccc(N)nc3)s2)cc1,1
protein33,1,O=C(O)c1cccnc1OC1C(=O)N(C2CCC(Oc3ccccc3-c3ncccc3Cl)CC2)c2ccccc21,0
protein33,1,CCc1cc(Oc2c(F)cc(CC3SC(Nc4ccc(Cl)cc4)=NC3=O)cc2Cl)nc(N)n1,1
protein33,1,CCC1Cc2ccccc2N1C(=O)CSc1[nH]c2ncnc(N3CCOCC3C)c2c1Cl,1
protein33,1,Cc1c(CC2C(=O)Nc3ccccc32)cccc1-n1c(=O)[nH]c2ncc(-c3ccc(F)c(C(=O)O)c3)nc21,0
protein33,1,CCCn1ccnc1C1=C(c2cccc(OC3CCN(C)C3)c2)C(=O)N(CCO)C1=O,0
protein33,1,Cc1cccc(N2CCN(C(=S)Nc3cccc(CN(C)S(=O)(=O)c4ccc(F)cc4)c3)CC2)c1,0
protein33,1,NC(=O)c1cccc(-c2cn(C(c3nc(C(N)=O)co3)C3CC3)c3ccc(C(F)(F)F)cc23)c1,0
protein33,1,O=C(NC(CN1CCC(F)C1)C(C(=O)O)c1ccccc1)c1csc(-c2ccc(F)cc2)n1,0
protein33,1,O=Cc1cc(-c2cc(-c3cc(C(=O)O)c4ccccc4n3)ccn2)ccn1,0
protein33,1,CC1CCCCC1NC(=O)Nc1cnc2[nH]cc(Cc3ccccc3)c2c1,0
protein33,1,CCCc1c2cccc1Cn1c(nc3cc(S(=O)(=O)NC(C)c4ccccc4)ccc3c1=O)C2,0
protein33,1,CCCNC1CCCCC1NC(=O)c1ccc(Cl)cc1OC1CCCC1,0
protein33,1,CCCCCCCNCc1cccs1,0
protein33,1,O=C(NCC(CO)S(=O)(=O)c1nc2ccccc2c(=O)n1-c1cccc(F)c1)Nc1ccc(F)cc1,0
protein33,1,CC(=O)Nc1ccnc(Nc2cc(-c3ccc(Cl)cn3)nc3ccccc23)c1,0
protein33,1,CCOc1ccc2nc(C(=O)C=C(O)C(=O)Nc3cccc(Cl)c3Cl)[nH]c2c1,0
protein33,1,CCOCOc1ccc2nc(C(C)N3CCCNCC3)cc(C)c2c1,1
protein33,1,O=C1C2=NC(C(=O)N3CCCCC3)(CCCC2)CN1c1ccc(N2CCOCC2)cc1,0
protein33,1,CCOc1ccc2cc1CCCCN=CNS2(=O)=O,0
protein33,1,Nc1cccc2nc(Cn3ncc4ccc(F)cc43)n(CC3CCCCC3)c12,1
protein33,1,CC1(c2nc3ccccc3n3cc(-c4cncc(C#N)c4)nc23)CCc2ccccc2O1,1
protein33,1,CC(C)CN(C)c1nc2n(c(=O)c1N)CCCC2,0
protein33,1,Cc1cccnc1CN1CCN(c2nn3cc(-c4ccc(C(F)(F)F)cc4)cnc3c2C#N)CC1,1
protein33,1,CCCn1cc(C(=O)Nc2ccc(OC)cc2)c(C)n1,0
protein33,1,Cc1nc2c(NCCN(CC(=O)Nc3cccc(F)c3F)CC3CC3)cc(N(C)C)cn2c1C,1
protein33,1,CCCCCn1c(=O)n(CC2CCCO2)c(=O)c2cccnc21,0
protein33,1,O=C1CC(Cc2cc([N+](=O)[O-])ccc2OCC2CC2)C(=O)N1CCCN1CCOCC1,1
protein33,1,CCC1(c2ccccc2)OCCN(NC(=O)c2c(C)n(C)c3ccccc23)C1=O,0
protein33,1,CCCC1CS(=O)(=O)CC(=O)N1CC1(S(=O)(=O)c2ccccc2F)CCS(=O)(=O)CC1,0
protein33,1,CCN1CCN(c2nc3c(-c4ccccc4)cccc3o2)CC1,1
protein33,1,CCS(=O)(=O)N(C)c1cccc(COc2cc(C(F)(F)F)n3ncc(-c4ccc(F)cc4F)c3c2)n1,1
protein33,1,CCc1cn(CCNC(=O)C(CC)n2cc(C(C)C)c3ccccc32)cn1,0
protein33,1,Cc1cc(N2CCN(C(=O)CC(C)(C)C(F)(F)F)CC2)n[nH]1,0
protein33,1,Cc1nc2ccccc2c(-c2ccccc2CNCc2cccnc2)c1NCCO,1
protein33,1,Cc1cccc2[nH]n(-c3nnc(NC(=O)c4cc(N5CCN(C)CC5)ccc4Cl)s3)c(=O)c12,0
protein33,1,Cc1c(C(N)=O)n(Cc2c(Cl)cccc2Cl)c2ccccc12,1
protein33,1,CCCCCCC1CNCC1CCN1CCN(c2ncccc2C(F)(F)F)CC1,0
protein33,1,CCn1ncc(C#N)c1C[N+]1(C)CCC(Cc2ccccc2F)CC1,1
protein33,1,CCC1CCC(O)CC1C(=O)N1CCCC1c1nc(-c2ccc(N(C)C)cc2)cs1,0
protein33,1,N#CCCCCON=C(COCC(F)(F)F)c1cc2ccccc2n1-c1ncc(Cl)c(N)n1,0
protein33,1,O=C(Nc1cnn(-c2ccccc2Cl)c1)c1nc2cccnc2[nH]1,0
protein33,1,Cc1cccc(Cl)c1-c1cccc(C(=O)Oc2ccnc3c(CCCNCC(=O)O)c[nH]c23)c1,0
protein33,1,CC1=NCCN1C1CCN(c2nnc(-c3ccccc3N)s2)CC1,1
protein33,1,Cc1c(C(=O)N2CCN(CC3CCCCC3C)CC2)[nH]c2ccc(S(=O)(=O)Nc3nccs3)cc12,0
protein33,1,Cc1cccc2c1cnn2Cc1cccc(C(=O)NCc2ccc(C(=N)N)cc2)c1,1
protein33,1,O=C(Nc1nc(-c2cccc([N+](=O)[O-])c2)cs1)c1ccccc1F,1
protein33,1,O=C(Nc1ccccc1C(=O)N1CCOCC1)c1ccco1,0
protein33,1,Nc1nc(C2c3ccccc3Oc3ccccc32)nc2cc(O)ccc12,1
protein33,1,CCOc1ccc(OC)cc1NC(=O)c1cc(-c2cccc(Cl)c2)nc2ccc(NC(=O)C3=CCCCCCO3)cc12,0
protein33,1,Cc1ccc(Nc2cc(NC3CCCN(CC(F)(F)F)C3)ncn2)nn1,0
protein33,1,CCCCNC(=O)Nc1ccc2c(C(=O)CS(=O)(=O)C=Cc3ccccc3Cl)c(C)[nH]c2c1,0
protein33,1,Cc1ccc([N+](=O)[O-])cc1-c1cc(C)n(CCNC(=O)C2CC(=O)N(C)C2)n1,1
protein33,1,CCCC1CCCN(C(=O)c2ccc(OCCCN3CCCOCC3)cc2)C1,0
protein33,1,CCS(=O)(=O)Nc1ccc(C(=O)N2CCN(C(=S)SC3CCCCC3)CC2)cc1,0
protein33,1,CCCCc1ccc(Nc2ncc3c4ncccc4c4c(cc(CC(=O)O)n4C)c3n2)cc1,0
protein33,1,CC1(C)CCc2ccccc2C1(C)C(=O)NC1=NCCS1,0
protein33,1,Cc1noc(C(F)(F)F)c1C(=O)NC1CCN(C(c2ccccc2)c2ccccc2)CC1,0
protein33,1,Cc1ccc(COc2ccc(C3(C)CC(C(=O)O)=CCC3NS(=O)(=O)C(C)(C)C)cc2Cl)cc1,0
protein33,1,CCNC(=O)c1c(C)n(-c2cccnc2)c(=O)c2nc3n(C)cccc-3c12,1
protein33,1,Cc1cc(C)c2nc(-c3cc4ccc(C5(Cl)OC(=O)N(C)C6CCCCC65)cc4[nH]3)[nH]c2c1C,1
protein33,1,CC(C)c1ccc([N+](=O)[O-])cc1C(=O)Nc1nc(-c2cccc(C(=O)O)c2)cs1,1
protein33,1,CCN(CC)c1c(S(N)(=O)=O)cc(-c2c(F)ccc(C#N)c2F)c2[nH]cc(C)c12,1
protein33,1,Cc1cc(Cl)ncc1-c1nnc(SCc2c(F)cccc2Cl)n1C,0
protein33,1,CC(O)(CN(Cc1ccccc1C(F)(F)F)S(=O)(=O)c1ccccc1)C(F)(F)F,0
protein33,1,CC1(C)CCCC(NCC(O)CN2CCN(c3nsc4cc(F)ccc34)CC2)C1,0
protein33,1,CC1CN(c2nc(NC3CCC4(F)CC(O)CCC34O)ncc2F)CCO1,0
protein33,1,COc1ccc(-c2c(N)nc(NCc3c(Cl)cccc3Cl)nc2C(=O)O)cc1,0
protein33,1,O=C1C(=O)c2c(OCCCNc3cc(-c4cccc(F)c4)nn3-c3nc4ccccc4s3)cccc2-c2ccccc21,1
protein33,1,Nc1nnc(CSc2c(F)cc(F)cc2CCBr)cc1-c1ccccc1,1
protein33,1,Cc1ccc(CN2CCCC2c2nc3ccccc3n2CC(=O)NC(C)(C)C)o1,0
protein33,1,CCCCC(CCn1cc(C(C)=O)c(C)n1)NC(=O)C1CCCC(c2nc3ccccc3s2)N1,0
protein33,1,CCOc1ccccc1C1CCN(Cc2coc(-c3cc(F)ccc3F)n2)CC1,1
protein33,1,Cc1nn(C(C)(C)C)cc1C(=O)N1CCN(C)CC1,0
protein33,1,CCc1c(C(=O)O)n(Cc2ccc(OC)cc2)c2cc(O)ccc12,0
protein33,1,Cc1nccnc1Oc1cc(OC2CCN(C)CC2)c(Cl)cc1-c1cc(O)ccc1C(F)(F)F,0
protein33,1,CCNC(=O)CC(C)=NNC(=O)c1cccc2c3c(c(C(C)(C)C)cc12)CC(C)(C)OC3,0
protein33,1,Cc1ccc(-c2nnc(NC(=O)c3ncoc3C)s2)c(C(F)(F)F)c1,0
protein33,1,Cc1cc(CC(C)(C)C(=O)O)cc(-c2cccc([N+](=O)[O-])c2)n1,1
protein33,1,N=C(N)Nc1n[nH]c(-c2ccccc2O)n1,0
protein33,1,CCCC1CCN(C(=O)CSc2nsc3c4cc(C)ccc4nc-3n2)CC1,1
protein33,1,CC(C)N(CCCl)CC12Cc3ccc4ncccc4c3[N+](=C(c3ccc[nH]3)O1)C2,1
protein33,1,O=C(Nc1cccc(-c2cncc(Cl)c2Cl)c1F)C1CC1c1nc2ccc(Cl)cc2[nH]1,0
protein33,1,CCC1(C(=O)O)c2c(O)ccc(Cl)c2CCC1CN1CCCC1C,0
protein33,1,CCCCCN1CCN(S(=O)(=O)c2ccc(C(=O)NC(=S)Nc3ccc(F)cc3)s2)CC1,0
protein33,1,CC1(C)CN(O)C(=Nc2ccc(S(=O)(=O)Nc3ccc(C(F)(F)F)cn3)cc2)S1,0
protein33,1,CC(=O)N1CCc2cc(S(=O)(=O)Nc3c(C)nn(C)c3C)ccc21,0
protein33,1,NCC1CCC(C(N)=NO)C1,1
protein33,1,Cc1cc(Nc2ccc(C(=O)Nc3nc(-c4ccc(Cl)cc4)c(C)cc3N)cc2[N+](=O)[O-])n[nH]1,1
protein33,1,CCN(CC)CCn1c(=O)cnc2ccc(-c3noc(C)c3C(=O)Nc3ccc(OC(F)(F)F)cc3)cc21,1
protein34,1,COc1cc(O)c2c(c1)CCCC1(c3ccc(O)cc3)CCCC(C3CCCN(CC(C)O)C3)(NC2)O1,0
protein34,1,CCCCC(C)C(=Nc1ccccc1N(C)C)NO,0
protein34,1,O=C(O)C1CN(CC2C(=O)CCCC2c2ccccc2)CCC1c1ccc(O)c(O)c1,0
protein34,1,Cc1cc(-n2cc(C(C)CSCC(N)=O)nc2C(F)(F)F)ccc1S(=O)(=O)N1CCCCC1,0
protein34,1,O=C(Nc1nnc(-c2ccc(Cl)cc2)s1)c1ccc(Cl)c([N+](=O)[O-])c1,1
protein34,1,CC#Cc1ccc(-n2c(C#N)c(NS(=O)(=O)Cc3ccccc3)c3ccccc32)c(F)c1,1
protein34,1,CCc1c(-c2ccc(Nc3c(F)cncc3[N+](=O)[O-])c(C)c2)[nH]c2c(-c3ccc(F)cc3)cnn2c1=O,1
protein34,1,O=C1CCC(=C[N+](=O)[O-])N1c1ccc(Oc2ccccc2)cc1,1
protein34,1,CC(=C1CCN(c2cc(C)c(-c3ncccn3)cn2)CC1)c1ccccc1,0
protein34,1,CC1CCN(c2nccc3c2C(COCCN2CCN(C4=NCCO4)CC2)CC3)CC1,1
protein34,1,CCCCCC1c2cc(O)c(F)cc2C(O)C1C(C)=O,0
protein34,1,CCN(CC)Cc1nnc2[s+]1-c1ccc(OC)cc1N(CCN1CCCCC1)c1ncccc1-2,0
protein34,1,CC(c1cnn(C2CCOCC2)c1)n1cnc2ccccc21,0
protein34,1,Cc1nc(-c2cc([N+](=O)[O-])ccc2OC2CCOC2)sc1C(=O)Nc1ccc(O)c(OC(F)(F)F)c1,1
protein34,1,Cc1ccc(NC2=NCCS(=O)(=O)N2Cc2c(F)cccc2[N+](=O)[O-])cc1,1
protein34,1,CC1(C)CC(NC(=O)c2ccc(N3CCCC(N)C3)cc2)C(=O)N2C(=O)c3ccccc3OC21,0
protein34,1,Cc1ccc2c(ccn2S(=O)(=O)c2ccc(F)c(NC(=O)C(F)(F)F)c2)n1,0
protein34,1,O=C(Nc1ncccc1NS(=O)(=O)c1ccccc1)c1ccc2[nH]ccc2c1,0
protein34,1,CCCCc1nc2c(cc1C(=O)N1CCOCC1)COc1c-2n(C)c2cc(F)ccc12,0
protein34,1,O=C(CCc1ccccc1C1=NCCN1)Nc1cnc2ccccc2c1O,0
protein34,1,CCN(CC)c1ccc(C#N)cc1CC(F)(F)F,0
protein34,1,CC1(C)COc2c(ccc(N3CC3CO)c2F)-c2ncc3ccncc3c21,1
protein34,1,CC(C)c1cccc(CN(C)c2ncnc3ccc(-c4ccccc4CN4CCOCC4)cc23)c1O,0
protein34,1,Clc1ccc(Oc2cccc(Cl)c2NC2=NCCS2)c(Cl)c1,0
protein34,1,O=C(NCCC1CCN(Cc2cccc(OC(F)(F)F)c2)CC1)Nc1ccc(F)cc1Cl,0
protein34,1,Cc1[nH]c2ccc(CN3CCCCC3CNC(=O)c3cc4cc(F)c(F)c(F)c4[nH]3)nc2c1CC#N,0
protein34,1,CC=CCN1C(=O)c2cc(Oc3cc(N4CCCC4)ncn3)ccc2C1c1ccccc1,0
protein34,1,CC(=O)Nc1cc2c(C#N)c(S(=O)(=O)N3CCc4ccccc43)sc2cc1F,0
protein34,1,CC(C(=O)NO)C(C#Cc1c[nH]cn1)c1ccc(Oc2ccc(Cl)cc2F)cc1,0
protein34,1,Cc1ccnc(Nc2cc(C)c3c(Cl)c(Cl)c(Cl)cc3n2)n1,0
protein34,1,Cc1nc2c(N)cccn2c1-c1c(C(=O)NCc2c(F)cccc2F)c2ccccc2n1C,1
protein34,1,CCn1cc(C(=O)Nc2ccc3c(c2)C(N2CCSCC2C)CC(C)(C)O3)cc1C,1
protein34,1,CC1(C)C(O)CCC1NC(=O)C1C(CC2CCCCC2)CCCN1S(=O)(=O)c1cc(F)ccc1N,0
protein34,1,CCCCN(CC)CCn1cccc1C(=O)N=C(N)N,0
protein34,1,CCC1CC(NS(=O)(=O)c2cccc(C#N)c2)CC(C)(C)N1O,0
protein34,1,O=C(NCCO)c1ccc(Oc2ccc(C(F)(F)F)cc2O)c2nc(-c3ccccc3)cn12,0
protein34,1,O=C(Nc1ccccc1Cc1ccccc1)c1cc(-n2c(C3CCNCC3)nc3ccncc32)ccc1Cl,0
protein34,1,CCC(C)C(=O)NC1CCN(C(=O)C(N)CC)C1OCc1ccccc1,0
protein34,1,CCCC1CN2CCCC2Cc2cc(ccc2OC)C(=O)NC(C)C(=O)N(CC(=O)O)C1CO,0
protein34,1,CCN(CC)C(=O)c1c(OC(C)=O)ccc2[nH]c(C#CCC3CCCCC3)cc12,0
protein34,1,CCn1cc(C(=O)Nc2cc(C3=C(c4cn(C)c5ccccc45)CN(C(C)C)C3=O)ccc2Cl)cn1,0
protein34,1,CCCCN1CCC(Nc2nc(C3CC3)nc3c2sc2cc(OC)ccc23)CC1,0
protein34,1,CC(C)CCN(CCN1CCCC(c2ccccc2)C1)C1Nc2ccccc2-c2ccsc21,0
protein34,1,CCC(c1cnc(-c2ncccn2)cn1)N1CCN(C)CC1,0
protein34,1,Cc1cnc(C(=O)Nc2ccccc2C(=O)NC(C)(C)C)nc1C,0
protein34,1,Cc1nn(-c2ccccc2)c(C)c1Cc1nnc(Nc2ccc(S(N)(=O)=O)cc2)s1,0
protein34,1,CC1(C)CC1NC(=O)Nc1cc(C(F)(F)F)ccc1-n1cnc(-c2ccc(C(O)(C(F)(F)F)C(F)(F)F)nc2)c1,0
protein34,1,CCN(CC)CCS(=O)(=O)N1Cc2ccccc2Oc2ccccc21,0
protein34,1,CCCN1CCCCC1CNc1nc2c(S(=O)(=O)O)cccc2cc1-c1cccc(C#N)c1,0
protein34,1,COc1ccc(C2(N3CC(O)=CC3=O)CCCc3ccc(O)cc32)cc1O,0
protein34,1,CCOc1ncccc1C(c1cccc2c1OCCO2)N(Cc1cccnc1)C1CCCC1,0
protein34,1,CC1(c2cccc(NC(=O)C(F)(F)F)c2)CC=C(n2cnc3ccccc32)C1,0
protein34,1,CCC1CN(CC2CCCN(CC(=O)Nc3c(C)cccc3C)C2)c2ccccc2O1,0
protein34,1,CCCc1nnc(NC(=O)C[S+]([O-])c2cccc(Cl)c2Cl)s1,0
protein34,1,Cc1ccccc1NC(=O)N(C)C1c2cnn(-c3ccc(C(F)(F)F)cc3)c2CCN1C(=O)C1(C)CCC1,0
protein34,1,CC(C)CC1SC(N)=NC1=O,0
protein34,1,Clc1cnc(NN=Cc2ccc(Cl)c3c(-c4ccncc4)n[nH]c23)nc1,1
protein34,1,Nc1nc2cc3c(cc2s1)CCCC3,0
protein34,1,Cc1[nH]c(-c2ccc(N(C)C)cc2)c(C(=O)N(CC2CC2)CC2(C)CCC2)c1Cl,0
protein34,1,CCCCn1cc(-c2cccnc2)c(-c2ccc3ccn(CCN4CCCC4)c3c2)n1,0
protein34,1,Cc1nccc(N2CCC3(CC2)CNCCN(c2ccc(C#N)cc2)C3)n1,0
protein34,1,CC1CC(NC(CNCc2ccccc2F)=NOC2CCCCC2)CCC1Cn1nc(-c2ccc(F)cc2)c2cccnc21,0
protein34,1,CCCS(=O)(=O)NC(=O)Nc1ccc(Oc2ccc(C(F)(F)F)cc2)cc1C(F)(F)F,0
protein34,1,NC1=NCC2(CCCCCC2)N1c1cccc(-n2[nH]ccc2=O)c1,1
protein34,1,O=C1Nc2ccc(Cl)cc2C1=NNc1ccccc1,0
protein34,1,CCC(C)Nc1nc(Nc2c(C(N)=O)cnc3cc(C(F)(F)F)ccc23)ncc1Cl,0
protein34,1,O=C(CCCC12CCN(CCO1)CC2)NS(=O)(=O)c1c(F)cccc1Cl,0
protein34,1,CCOc1ccc2c(=O)c(-c3cccc(OC)c3)coc2c1,0
protein34,1,CCNc1nc2nc(-c3ccccc3OC)cc(-c3cccc(F)c3F)c2[nH]1,1
protein34,1,Cc1c2c(n3nccc3c1Cc1ccc(S(C)(=O)=O)cc1)Nc1ccccc1NC2=O,0
protein34,1,O=C(O)C1CCCN(Cc2ccc(O)cc2)C1,0
protein34,1,COC(=O)C1CCC(C)(CNC(=O)c2ccc3ccoc3c2)CC1,0
protein34,1,CC(C)c1nc[nH]c1C(=O)NN=Cc1ccccc1OCc1ccccc1,0
protein34,1,O=C(c1cn(S(=O)(=O)c2ccccc2)c2ccc(F)cc12)N1CCCCCC1,0
protein34,1,CCN(CC)c1cccc(O)c1-c1nnc(-c2ccccc2NC(C)C)s1,1
protein34,1,COc1ccc(Nc2cc(C)nc(Nc3ccccc3-c3ccccc3)n2)cc1,0
protein34,1,CC(C)Nc1c(-c2ccc(F)c(NS(C)(=O)=O)c2)nc2ccc(-c3ccno3)cn12,1
protein34,1,CCc1nc(-c2ccccc2)c2ccc(NCCC#N)nn12,1
protein34,1,CC(C)C(NC(=O)Cc1c(Cl)cccc1Cl)C(=O)Nc1ccc(N2CCOCC2)cc1,0
protein34,1,Cc1noc(C)c1C=C(C#N)C(=O)NCCc1ccc(F)cc1F,0
protein34,1,CCCCCCC(=O)Oc1ccc(C)c(O)c1,0
protein34,1,CCC1CCC(c2noc(CO)c2C#Cc2ccccc2[N+](=O)[O-])=C(O)C1,0
protein34,1,CCc1cc(CCC2CC(=O)N(c3ccc(C)cc3)C2=O)nn1C,0
protein34,1,CCn1c(-c2ccnc(OC3CCCC3)c2)nc2cc(NC(C)=O)ccc21,1
protein34,1,O=C(O)c1ccc2nc3c(cc2c1)S(=O)(=O)CC3(c1ccccc1)c1cccc(Cl)c1,0
protein34,1,Cc1cc(N)nc(SCC(=O)N2CCCc3cc(-c4c(F)cccc4F)ccc32)n1,1
protein34,1,Cc1[nH]ncc1-c1cc(C(=O)NC(C)C(=O)O)n(-c2ccc(S(=O)(=O)C(C)C)cc2)c1C(C)C,0
protein34,1,CN1C(=O)C(C(C)(C)C)=C(c2ccccc2)S1(=O)=O,0
protein34,1,Nc1cc(C(F)(F)F)cc(P(=O)(O)O)c1,0
protein34,1,CC(=O)C=C(C)C(=O)Nc1c2c(nc3ccccc13)CCC2,1
protein34,1,CCC1CNCCC2=c3c(c4c(n3C)=CN=S41)C=CC=C2,0
protein34,1,CCC1Cc2ccccc2N1c1c(-c2ccc(Cl)cc2Cl)nc2ncnc(N)c2c1N,1
protein34,1,CCc1ccccc1NC(=O)CS(=O)(=O)c1c(-c2nncs2)sc2ccccc12,0
protein34,1,Cc1nc(N2CCN(C)CC2)c2c3c(sc2n1)-c1ccc(C(=N)N)cc1C(C)C3,1
protein34,1,CC1(C)Cc2cc3c(c(O)c2O1)C(N)C1CCN(c2ccccc2)CC1C3O,0
protein34,1,CCC1OC1c1c(O)ccc(C(C)(C)O)c1O,1
protein34,1,COc1cc(CCc2ccc(O)cc2)c(C(=O)N2CCN(C)CC2)cc1-c1ccccc1,0
protein34,1,O=C(Nc1nc(-c2ccc(F)cc2)cs1)c1ccc(Cl)cc1,0
protein34,1,O=C(N1CCCC(N2CCNCC2)C1)n1ccnc1,0
protein34,1,Fc1ccc(Nc2ncc3cc(-c4nccc(F)c4F)ccc3n2)nc1,1
protein35,1,Cc1cc(F)cc(Cl)c1OCc1nn(-c2ccccc2)c(N)c1C(=O)c1ccccn1,0
protein35,1,CC(=O)NC(=Cc1cccs1)C(=O)Nc1nonc1C,0
protein35,1,O=C1NN=C(c2cc([N+](=O)[O-])ccc2O)CC1n1ccc2ncccc2c1=O,1
protein35,1,CCn1cc(NC(=O)c2ccccc2SC(c2ccc(O)cc2)c2ccccn2)cn1,0
protein35,1,CC1=CC(Nc2cc(C3CCNCC3)nc3cccc(C#N)c23)C(C(C)CO)CC1,1
protein35,1,CC(=O)c1ccc(NCc2c(C)n(Cc3ccccc3O)c3ccccc23)cc1,1
protein35,1,Cc1c(C(=O)NC(=S)Nc2ccc3c(c2)N(C)c2ccccc2CC3)cnn1-c1ccccc1,0
protein35,1,Cc1cnc(NC=C2C(=Nc3ccc(F)cc3F)N3CCC2CC3)c2ccccc12,1
protein35,1,O=c1ccn(-c2ccc(C(F)(F)F)cc2)c2c(O)c(O)c(F)cc12,0
protein35,1,COc1ccc2c(c1)CC1(C)OC2C(=O)c2c(-c3ccc([N+](=O)[O-])cc3)cccc21,1
protein35,1,CCN1CCc2c(c3cc(Cl)ccc3n2C(=O)C=Cc2ccccn2)C1,0
protein35,1,Cc1nc(Nc2cnccc2OC(F)(F)F)c(C#N)c(CCc2ccnn2-c2ccccc2)c1C(N)=O,0
protein35,1,Cc1ncc([N+](=O)[O-])n1-c1cc2ccc(C(=O)N3CCN(C=O)CC3)cc2nc1O,1
protein35,1,CC(C)=CCOc1ccc(-c2ccc3c(c2)S(=O)(=O)c2ccccc2O3)c2c1CNCC2,0
protein35,1,Cc1ccc(NC(=S)CN2CCCc3cc(S(=O)(=O)N4CCOCC4)ccc32)cc1C,0
protein35,1,Cc1ccc2nc(O)c3c(c2c1)CC(C)NC3=NS(C)(=O)=O,1
protein35,1,Cc1ccc(N=C(N)c2cccc([N+](=O)[O-])c2C(Cl)(Cl)Cl)c(C)c1,1
protein35,1,CC1(C)CC(=O)N=C(SCC(=O)Nc2c(F)cccc2F)N1,0
protein35,1,Cc1ccc2cccc(NC(C)C(C(=O)N3CCCC(O)C3)c3ccc(-c4ccc(CN5CCN(C)CC5)cc4)cc3)c2n1,1
protein35,1,Cc1cc(-c2n[nH]cc2S(=O)(=O)c2ccc([N+](=O)[O-])cc2)c(C)s1,1
protein35,1,O=C(O)c1ncccc1OCC1COCCNC2=NCCCN21,1
protein35,1,Cc1ccoc1C(=O)NCCCCN1CCN(C(c2ccccc2)c2ccccc2)CC1,0
protein35,1,CCC1NC(=O)C2CCCN2C1OCc1cc(-c2[nH]c3nc(C)cc(C4CC4)c3c2C)ccc1O,1
protein35,1,Cc1ccc(Nc2nccc(-c3ccc4nc(N5CCN(C)CC5)n(C)c4c3)n2)cc1S(=O)(=O)N1CCOCC1,1
protein35,1,CCCC1CC(=O)N(c2ccc3c(c2)C2(CC3)CCN(Cc3ccccc3)CC2)C1=O,0
protein35,1,CCCn1nc(CN2C(=O)c3ccc(C#CC4CCCCC4)cc3C2=O)cc1NC(=O)OCC,0
protein35,1,Cc1ccc(C(=O)Nc2nc(N3CCN(C)CC3)c3ccccc3n2)c(C)c1,1
protein35,1,NCCCCn1ncc([N+](=O)[O-])c1-c1cc(Cl)cc(NC(=O)c2cc(Cl)ccc2OCc2ccc(F)cc2Cl)c1,1
protein35,1,O=C1CCC2(CNC(=NCl)N2)c2cc(OC(F)(F)F)ccc21,0
protein35,1,CC(C)c1ccc(N2C(=O)c3c(O)cc(CCO)c4c3CC(CC(C)(C)O)C2C4)cc1,0
protein35,1,CC(=NN(c1ccccc1)c1ccc(C)cc1)NC(C)C,1
protein35,1,CCCCN(c1nc(C)cc(N2C(=O)OC(C)(C)C2=O)n1)C1CCC(O)CC1,0
protein35,1,Cc1oc(-c2ccc(O)cc2)c(O)c1CC1CC2(CCCC(=O)N2C)CO1,0
protein35,1,Cc1cccc(-n2ncc3c(c2=O)N(c2cccc(C(=O)O)c2)c2ccccc2S3(=O)=O)c1,0
protein35,1,Cc1nc2ccccn2c1-c1ccc(S(=O)(=O)NCC2CC(C)Cc3nc(C(F)(F)F)ccc32)cc1,0
protein35,1,CCCCc1nc(Nc2ccc(N)c(Cl)c2)c2c(-c3ccc(C)c(OC)c3)c[nH]c2c1C#N,1
protein35,1,Nc1nc(Nc2ccc(C(F)(F)F)cc2)c2c3c(sc2n1)CN(CC1CCCCC1)CC3,0
protein35,1,CCN(CC)S(=O)(=O)c1ccc(N2CCOCC2)c(C#N)c1,0
protein35,1,CC1CNCCC1OCC1(C)CC(NC(=O)c2cccnc2)C(=O)N2C(C(=O)N3CCCC3)CCC21,0
protein35,1,Cc1cc(CSc2cncc(CNC(=O)c3c(F)cnn3C)c2)no1,0
protein35,1,O=C(Nc1ccc(F)c(Cl)c1)c1[nH]c2ccccc2c1S(=O)(=O)c1ccccc1,0
protein35,1,CCCSC=C(C)C(N)=O,0
protein35,1,CCCCC1CCN2CCN(CC2)c2nc3cc(C)cc1c3[nH]2,0
protein35,1,Cc1cccc(C)c1NC(=O)C(=O)NC1CCCN(c2sccc2C#N)C1,0
protein35,1,CC(C)Cc1nn(-c2ccccc2)c(Sc2c(Cl)cc3c(N)ncc(C(F)(F)F)n23)c1C(N)=O,0
protein35,1,NC(Oc1ccccc1)C(=O)NCCn1ccc2ccccc21,0
protein35,1,CC(=O)Nc1snc(C)c1CNCCCCN1CCN(C)CC1,0
protein35,1,CCN1CCn2c(C(O)C(C)C)cc(c2C)C(=O)NC2Cc3ccc(O)c(C#N)c3-c3ccc(cc32)C1,0
protein35,1,Cc1c(C(=O)Nc2cncc(C(=O)c3cn(C(C)(C)C)c4ncncc34)c2)n(C2CCCC2)c2ncccc12,0
protein35,1,O=Cc1cc(Nc2nc(-c3ccccc3)cc3n[nH]c(-c4ccccc4C(F)(F)F)c23)ccc1O,0
protein35,1,O=C(O)c1cc(-c2cccc3cccnc23)c(O)cc1O,0
protein35,1,FC(F)(F)c1ccc(CCNc2cc(C(F)(F)F)nc3c(-c4cccnc4)cnn23)cc1,0
protein35,1,CCCCC1(c2ccccc2Cl)CN(O)C(=O)O1,0
protein35,1,Nc1ccc(-c2ccc3c(c2)CCNC3)cn1,1
protein35,1,CC(C)=C(C)C(=O)N1C(C(=O)O)CC(C)C(CN2CCN(C)CC2)Oc2ccc(cc2C)-c2nc(c3ccccc3n2)N2CCOCC21,1
protein35,1,CCOc1cccc(-c2sc(CC#N)nc2-c2ccc(OC(F)(F)F)cc2)c1,1
protein35,1,Cc1cc(Cl)cc2c1Oc1ccc(-c3nn(C)cc3CN3CCN(C)CC3)cc1S2(=O)=O,1
protein35,1,CCCCC1CNc2ccc(cc2)C2=NN(C)C(=O)C21,0
protein35,1,Cc1cc(-c2oc(S(C)(=O)=O)c(C#N)c2C(F)(F)F)ccc1F,0
protein35,1,O=C(Nc1ccc(F)cc1)c1cnoc1-c1ccc(C(F)(F)F)cc1OCCNCC1CC1,0
protein35,1,CCn1c(C2CN(Cc3cc(C)on3)CCO2)nc2cc(F)ccc21,1
protein35,1,Nc1nnc(-c2cc(NCc3ccccc3O)ccc2Cl)o1,0
protein35,1,CC=C1CN2C(=O)OCC2C(=O)N(Cc2ccc(F)cc2)C2(CCC(N)Cc3cccc(C#N)c32)C1,1
protein35,1,CCOc1ccc2nc([S+]([O-])Cc3ccccc3F)cc(C)c2c1,1
protein35,1,CC1CCC(NC=Nc2nc(SCCN)c(C#N)c3c2CCC3)C1,1
protein35,1,CCN(C)CC=CC(=O)O,0
protein35,1,CCC(C)(C)NC(=O)C(C)(C)CCN1CCN(c2ncc(-c3cccnc3)c(N)n2)CC1,0
protein35,1,O=[N+]([O-])c1ccc(-c2nc(CN3CCNCC3)co2)cc1,1
protein35,1,Cc1nnc(N2CCC(C)CC2)c2nc(=O)n(C3CN=C(NO)C3)c(-c3ccc(N4CCNCC4CO)c(F)c3)c12,1
protein35,1,CCn1ccc2c(c1=O)n(CCC1CCC=C(C#N)C1)c(=S)n2-c1ccccc1,0
protein35,1,CC(=NNC(=S)N1CCN(Cc2cc(C)n(C)n2)CC1)c1ccc(C)cc1,1
protein35,1,CCNC(=O)C(CC1CCCC1)N1C(=O)c2c(OC[PH](=O)O)ccc3c(Cl)ccc1c23,1
protein35,1,CCNc1nc(C)c2c(-c3ccc(C)c(Cl)c3)cccn12,0
protein35,1,CCN(CC)Cc1nc(CSc2nc3ccccc3n2C(C)C)no1,0
protein35,1,Cc1cc(C#N)c2c(N)nc(Sc3ccccc3[N+](=O)[O-])nc2c1,1
protein35,1,CC(C)(C)c1ccc2oc(-c3ccn(-c4ccc(OC(=O)N5CCNCC5)cc4)n3)cc2c1,0
protein35,1,CC(=O)N1C(=O)N(c2ccc(F)cc2)C2(C)CCCC1(C)C2OC(=O)Nc1cccc(C)c1,0
protein35,1,CCNc1nc(C)ccc1C(=O)NCc1cnc2c(C(F)(F)F)cc(F)c(OC)c2c1N1CCOCC1,1
protein35,1,CC1CN(C)CC(C)(c2ccccc2)C1C(O)c1ccccc1,0
protein35,1,Nc1nc(NC2CCCNC2)nc2ccc(Cl)c(OCCCCF)c12,1
protein35,1,CCN1CCC[n+]2c3c4n(c2C(=O)OC3C1)C(C)(CC)CCC4,0
protein35,1,OC(c1cccc(F)c1)c1ccc(Cn2c(Nc3ncccn3)nc3ccncc32)o1,0
protein35,1,O=C(C=Cc1cccc(OC(F)(F)F)c1)NCC1(NO)CCCCC1,0
protein35,1,CCc1cccnc1C(=O)N1CCN(C(=S)NN=Cc2cccc(OC)c2C)CC1,1
protein35,1,O=C(CC1C=Cc2ccccc21)N1CCCCC1CNCc1ccc(C(F)(F)F)cc1,0
protein35,1,Cc1nn(C2CC2)c(C)c1NC(=O)CSc1nc2ccccc2n1CCc1ccccc1,0
protein35,1,CCC(=O)N(CC#Cc1ccccc1)C1CC(C)(C)CC(C#N)(NC(C)=O)C1,0
protein35,1,Nc1ccc(Cl)cc1NCc1cccc2c1CCN(C(=O)c1cccs1)C2,1
protein35,1,CC(=O)Nc1ccc(Cl)cc1C(=O)Nc1ccc(N2CCC(C)CC2)c([N+](=O)[O-])c1,1
protein35,1,CC(C)(C)C(O)C(=O)NC1CC2CC(CC(NC(=O)c3ccccc3C(F)(F)F)C2)C1,0
protein35,1,CC1=C2CN(CC3OC(=O)N(c4ccc(Cl)c(Cl)c4)C3=O)CCC2CCC1,0
protein35,1,CCOc1cccc(OC)c1C1CC(c2ccccc2[N+](=O)[O-])=NN1C(C)=O,1
protein35,1,CC(O)CNCc1cc(=O)[nH]c2c3cc(Cl)ccc3n(Cc3ccc([N+](=O)[O-])cc3)c12,1
protein35,1,CCCCCc1cc(=O)c(OCc2cccc(C)c2)co1,0
protein35,1,CCOC(=O)c1cnn(-c2ccccc2)c1C(F)(F)F,0
protein35,1,Cc1ccc(-c2cccc3c2C(=O)N(CC(C)C)CC3(C)O)cc1C#N,0
protein35,1,CC(C)NCC(O)COc1ccc2oc(CSc3ccccc3)cc(=O)c2c1,0
protein35,1,CCC(C)CS(=O)(=O)CC(Cl)CNS(=O)(=O)c1c(C)noc1-c1cccc(F)c1,0
protein35,1,O=C(NC1CCCCC1)c1ccc(F)c(NC(=S)N2CCc3cc(Cl)ccc32)c1,0
protein35,1,CCC(=O)N1CC(C(=O)N2CCN(C(=O)Oc3cccc(C)c3)CC2)C2CCC1C(OC)C2,0
protein36,1,CCCCCn1cc(NC(=O)c2ccco2)c(=O)n(-c2cccc(F)c2)c1=O,0
protein36,1,CC(C)CCCS(=O)(=O)c1ccc([N+](=O)[O-])cc1C(F)(F)F,1
protein36,1,O=C(Nc1nc(-c2ccc(OC3CCCC3)cc2)cs1)c1ccccc1,0
protein36,1,CCC1Cn2c3c(c4cc(F)ccc42)CC2(CCCCN2C)CC3O1,0
protein36,1,O=CCCCNC(=O)c1cc(Cl)c2cccnc2c1O,1
protein36,1,CCC1CC(N2C(=O)CCC2C(=O)O)C=C(C#N)C1(C)C,0
protein36,1,CN(Cc1cccc2c1CCC2N)C(=O)SC(C)(C)CC(=O)O,0
protein36,1,Cc1ccc(C)c(Nc2nc(-c3cccnc3)c3ccn(S(=O)(=O)c4ccccc4)c3n2)c1,1
protein36,1,CC(C(=O)N(CC(=O)O)c1ccccc1)N(O)CCC1CCC(C2(CC(NC(=O)CC#N)C(=O)O)C(=O)Nc3c(Cl)ccc(Cl)c32)C1,0
protein36,1,Cc1nc(NC(=O)C(=O)NCC2(O)CCCCC2)c(C#N)c(-c2ccccc2)c1Cl,0
protein36,1,CCCn1cc(C2=NCC(=O)N(Cc3cccnc3)N2)c2ccccc21,1
protein36,1,O=C1c2ccccc2C(=O)N1c1ccc2[nH]c(=O)oc2c1,0
protein36,1,CCN(CC)c1nc(-c2ccc(OC)cc2F)c2nc(C#N)c(=O)n(C3CCCCC3)c2n1,1
protein36,1,CN(C)c1ccc(N(C(=O)C2CCC(CCn3ccnc3)O2)C2CCCCC2)c(C(F)(F)F)c1,0
protein36,1,CCC(CO)Nc1nnc(-c2ccc(N(C)c3ccccc3C(=O)c3ccc(F)cc3)c(OC(C)C)c2)s1,0
protein36,1,O=C(Nc1ccc2[nH]c(C(=O)Nc3nc4ccccc4[nH]3)cc2c1)c1ccccc1,1
protein36,1,CCCn1c(C(F)(F)F)nc2c(-c3nc(C(=O)NCCN4CCc5ccccc5C4)cs3)cccc21,1
protein36,1,CCCCNc1ccc([N+](=O)[O-])cc1S(=O)(=O)NC1CCCCCC1,1
protein36,1,CC1(CN2CC(c3ccc(Cl)c([N+](=O)[O-])c3)(c3ccccc3F)CC2=O)CC1,1
protein36,1,CC1C(=O)NC(c2ccc3nc(O)c(CNC(N)=O)cc3c2)C1(C)C,1
protein36,1,CCCCN(C1=NCCCN1)c1cccnc1N1CCN(CCCC#N)CC1,0
protein36,1,O=C(N=c1cc(O)[nH]c2ccccc12)c1cccc([N+](=O)[O-])c1,1
protein36,1,CCOc1cc(C)ccc1N(N=C(C)c1cccnc1)C(C)=O,1
protein36,1,CCOc1ccc(-c2ccc3nc(NCCO)cc(-n4cccn4)c3c2)cc1,1
protein36,1,O=C1NC(=S)SC1=Cc1ccc(O)c(OC(F)(F)F)c1,0
protein36,1,O=C(Nc1cc(C(F)(F)F)ccc1-c1nc2ccc(Cl)cc2[nH]1)c1cccc(OC(F)(F)F)c1,0
protein36,1,CCN=C(S)Nc1cc(O)cc(OC)c1,0
protein36,1,Cc1cc(NC(=O)c2csc3cc(OCCN)ccc23)c(F)cc1Cl,0
protein36,1,CC(=O)c1ccc2oc(C(C)(c3ccc(-c4nccc(N5CC6CCC(C5)O6)n4)cc3)c3ncco3)cc2c1,0
protein36,1,O=C(c1ccc(C(F)(F)F)cc1)N1c2ccc(I)cc2S(=O)(=O)C1c1cnccn1,1
protein36,1,CCCCN1C(=O)C(CC)C(=O)NC1=S,0
protein36,1,CCc1ccc(-c2nn3c4c2CN(C(=O)Nc2cc(=O)n5cc(C)ccc5n2)CC4OCC3C)cc1[N+](=O)[O-],1
protein36,1,CCC(CS)NC(=O)OC(C)(C)CCOc1ccccc1,0
protein36,1,Cn1nc(C(C)(C)C)cc1NC(=O)c1cc(C2CCC(COc3ccccc3C(F)(F)F)O2)[nH]n1,1
protein36,1,CCC1CCC2C(C1)NC(N)=NC2(C)c1ccc(OCCP(=O)(O)O)c(OC)c1,0
protein36,1,CCCN1CCC(c2cccc(O)c2[N+](=O)[O-])=C1c1ccncc1,1
protein36,1,N#Cc1ccc(N(CCN2CCCC2=O)Cc2ccc(Cl)c(Cl)c2)c(C(F)(F)F)c1,0
protein36,1,CCC(C)Oc1ccc(C(=O)Nc2ccccc2C(N)=O)cc1,0
protein36,1,Cc1cc(-c2cc(C(=O)NCc3ccccn3)c(OC3CCOCC3)cc2Cl)on1,0
protein36,1,Cc1cc2nc(-c3ccncc3)nc(Nc3cccc(N)c3)c2cc1N(C)C,1
protein36,1,CCCC(C)CC(=O)N1CCN(c2cc(O)nn2C)CC1,0
protein36,1,CCc1cc2cc(C)ccc2c(-c2nn(CC)c3ncnc(N4CCCCC4)c23)n1,1
protein36,1,Cc1cc(C(=O)OCC(=O)Nc2sc3c(c2C(=O)O)CCCC3)cc2c1OC(C)(C)C2,0
protein36,1,CC(C)CCCC(C)CNC(=S)Nc1nc(O)cc(OCC(C)C)n1,0
protein36,1,FC(F)(F)CN1CCN(Cc2ccc(Cl)cc2)CC1Cc1ccccc1,0
protein36,1,Cc1onc(CS(=O)(=O)NC(=O)c2[nH]c3ccccc3c2C)c1CC1CCCO1,0
protein36,1,Cc1cc(C(=O)Nc2cc(-c3ccc(S(=O)(=O)N4CCCC4)cc3)cnc2Cl)c(C)[nH]1,0
protein36,1,O=C(Nc1cc(C(F)(F)F)ccc1N1CCOCC1)c1ccc(F)c(F)c1,0
protein36,1,Cc1c(F)cccc1S(=O)(=O)N1CCCC(CCCN(Cc2ccc(Cl)nc2)Cc2nccn2C)C1,0
protein36,1,Cc1scnc1C(=O)Nc1c(Cl)cccc1Cl,0
protein36,1,CCOc1cc(C)ccc1-c1ccccc1N1C(=O)C2CCCCC2(C)C1=O,0
protein36,1,O=C(Nc1cc(F)ccc1N1CCOCC1)c1nc2ccc(OC3CCCC3)cc2s1,0
protein36,1,CC(C)C1(c2ccc(OC34CCN(CC3)CC4)cc2)CCOCC(C(N)=C(Cl)Cl)C1,0
protein36,1,Cc1nnc(NC(=O)CCS(=O)(=O)c2ccccc2)s1,0
protein36,1,O=c1[nH]c2ccc(F)cc2c(=O)n1Nc1cc(Cl)cc(Cl)c1,0
protein36,1,CC(C)Cc1ccccc1CC(=O)N(C)Cc1nc2ccccc2[nH]1,0
protein36,1,CC(C)CC(N)c1cnc(C#CC(O)C2CCNCC2)cc1N,0
protein36,1,Cc1cc2nc(NC(=O)C3CC(=O)N(c4ccc(OCC(F)(F)F)cc4)C3)[nH]c2cc1C,0
protein36,1,CCCc1ccc(Oc2ccc(C(C)C)nc2)cc1,0
protein36,1,CC1CCC2c3c(cc(OCC4CNCC(C)O4)cc3C(F)(F)F)CCN2C1,1
protein36,1,CC(C)Cc1ccnn1-c1ccccc1C(=O)N(C)c1cccc(C(=O)Nc2ccc(C(F)(F)F)c(F)c2)c1,0
protein36,1,Cc1cc(C(=O)Nc2ccc(N3CC(c4nc5ccccc5n4C(C)(C)C)(N4CCCCC4)CCC3=O)cc2)on1,0
protein36,1,Cc1ccc(N2C(=O)CS(=O)(=O)c3ccccc32)cc1C,0
protein36,1,Cc1c(-c2ccc(Oc3ccc(OC(F)(F)F)cc3)cc2)nc2nccc(N(C)CCO)n12,1
protein36,1,CSCC(O)c1cnc(-c2ccc(Cl)cc2Cl)c(-n2ccnc2C)c1,0
protein36,1,CCN(CC)c1nc(-c2ccccc2)c2nc(-c3ccc(OC(F)(F)F)cc3)sc2n1,1
protein36,1,CC=C(C)C(=O)NC(C(=O)O)C1CCN(c2nc3ncccc3cc2-c2ccc3c(c2)OCO3)C1,0
protein36,1,CCOP(=S)(OC)N(CCCl)CCCCCCNc1ccnc2cc(F)c(F)c(F)c12,0
protein36,1,CCCC(OC(=O)c1ccc(OC(C=Cc2cccc(OC)c2)CC)c(OC)c1)C(=O)NO,0
protein36,1,CCN(CC)c1cc(Oc2cccc(C)c2Cl)ccc1C#N,1
protein36,1,Cc1ccc(C(C(=O)Nc2ccc(C(=O)O)cc2)=[N+](C)[O-])cc1,1
protein36,1,CCOc1cc(C(=O)N2CCN(Cc3cccc(Cl)c3)CC2)ccc1N,1
protein36,1,CCCCC(=O)NC1C(=O)OCCCC1CC=Cc1ccc(OCC(=O)O)cc1,0
protein36,1,NC1CCCN(CCCc2cc3c(=O)c(O)csc3c(O)c2O)C1,0
protein36,1,O=C1NC(CCCCCN2CCCCC2)CC1=Cc1ccc(O)cc1O,0
protein36,1,O=C(Nc1cc([N+](=O)[O-])ccc1N1CCOCC1)c1ccccc1,1
protein36,1,CCn1cnc2c(OC(F)(F)F)c(-c3cnn(CC4CC4)c3)ncc21,1
protein36,1,Cc1nc2ccccc2c(S(=O)(=O)N2CCN(C)CC2)c1C(=O)Nc1ccc(C(F)(F)Cl)cc1,1
protein36,1,CCCn1nc(CCC(=O)N(C)C2CCCCC2)c2cccc(Cl)c21,0
protein36,1,CCCC1CCN(c2nc(C(=O)Nc3ccc(C(=N)N)cc3)c3nc(C)[nH]c3c2N(C)CC2CCC2)C1,0
protein36,1,CC(=O)Nc1ccccc1C1OC2(CCN(C(C)C)CC2)c2ccccc21,0
protein36,1,Cc1nn(-c2ccccc2)c2c1c(=O)[nH]c(=S)n2CC(C)(C)O,1
protein36,1,COc1cc(C(F)(F)F)c(CN2C(=O)NC3C(C)CCCCC32)cc1N1C(=O)C=C(C)C1=O,0
protein36,1,CCCNC(=O)c1cccn1-c1cc(OC)cc(Oc2ccc(S(=O)(=O)N3CCOCC3)cc2C#N)c1,0
protein36,1,CCNC(C)CO[PH](=O)NCCCN1CCCC(C)(c2ccc(F)cc2F)C1,0
protein36,1,Cc1ccc(C2(OC(=O)NCC3CCCN(Cc4ccccc4)C3)CCCCC2)cc1,0
protein36,1,O=C(C1=CCN2CCCCC2C1c1ccccc1)c1ccco1,0
protein36,1,CCCC1CCN2C(=O)C3c4ccc(-c5ccc6c(c5)CC(=O)N6)cc4CC3C2O1,0
protein36,1,CC(=O)c1ccc(C)c(Nc2cc3c(c(C(=O)NCCF)n2)CCCC3(C)C)c1,0
protein36,1,CCCCCCC1NC(=O)N2CC(Oc3nc(C)cc(C)c3C#N)CCCC12,0
protein36,1,Cc1cnn(C(C)(C)C(=O)N(C)N=Cc2ccc(Cl)cc2Cl)c1,0
protein36,1,CCCCC(N)(CC(=O)O)C(=O)O,0
protein36,1,O=C(NO)c1ccc2c(=O)n3cc(c2c1)C(O)c1cccc(Cl)c1C3c1ccccc1,1
protein36,1,CCC1(O)CC(=NC(c2cc(OC(F)(F)F)ccc2O)c2ccc(C#N)cc2C(F)(F)F)N2C(C)CCC2C1,0
protein36,1,CCc1cc2c(cc1NC(=O)NC(C(N)=O)C(C)(C)C)OC(C)(C)CC2(C)C,0
protein36,1,CCC1C(=O)c2c(c(C)nc(=O)n2O)C1(O)c1cccs1,0
protein36,1,CCN(CCOC)c1nc2ccc3c(c2s1)CN(C(=O)c1scnc1C)CC3,1
protein36,1,O=C(Nc1ccc(F)cc1)c1ccc2c(c1)C1(CCCCO1)CNC(C(=O)N1CCC(O)C1)C2,0
protein36,1,CCC(C)Nc1nc(NC2CCc3c(C#N)ccnc32)cc(-c2cnc(N)c(C(F)(F)F)c2)n1,0
protein36,1,CCN(CC)CCC1c2cc(Cl)ccc2CNc2nc3cccnc3n21,0
protein37,1,CCC(=O)NCc1cc(-c2ccccc2)cc(Nc2nccc3oc(-c4cnc(N)nc4)cc23)n1,1
protein37,1,CN1CC(=O)N(C(C)(C)c2cccc(-c3ccc(F)cc3F)c2)C1=S,0
protein37,1,CC(O)CC(F)C1c2ccccc2C(CCN(C)C)c2ccc(-c3cnc(N)nc3)cc21,1
protein37,1,CC1CCC(N)(N2CCc3c2nc2ccc(Cl)cc2c3Nc2cccc(O)c2)CC1,0
protein37,1,CCCN1CCCCC1,0
protein37,1,CCC(NC(=O)C(N)CCS(=O)(=O)c1ccc(O)c(OC)c1)c1ccc(F)cc1F,0
protein37,1,O=CCCN(c1cccc(Cl)c1)S(=O)(=O)c1cccs1,0
protein37,1,O=C(NCC(=O)N1CCc2ccccc21)c1ccccc1[N+](=O)[O-],1
protein37,1,Nc1nc(NCCN2CCCCC2)c2nc(-c3c(F)cccc3F)[nH]c2n1,1
protein37,1,CCN(CC)CC#Cc1cc(C)c(O)c2c1C=CC(C)(CC)O2,0
protein37,1,CCN(CC)c1ccc(NC(=O)c2cnn3c(OCc4cccc(C)c4)cccc23)cc1,1
protein37,1,O=C1CC(C(=O)O)N(c2ccc(F)cc2F)c2c(Cl)cccc2N1,0
protein37,1,CCN(CC)S(=O)(=O)c1ccc(NC(=O)c2ccc(Cl)cc2)cc1,0
protein37,1,CCn1cc(C(C)=O)c(C(F)(F)F)n1,0
protein37,1,O=Cn1c(-c2ccc(S(=O)(=O)O)cc2)nc2c(O)cc(C3CC3)nc21,0
protein37,1,CC1Cc2cn(C(C)C)nc2CN1C(=O)Oc1cccnc1,0
protein37,1,NCC(N)C(=O)Nc1cccc2c1c(S(=O)(=O)c1ccccc1)n[s+]2[O-],0
protein37,1,O=c1c2cccnc2c2c(-c3ccccc3)coc2n1C1CCC(F)(F)CC1,1
protein37,1,O=C(NN=Cc1scnc1Br)c1ccc(NC2=NCCO2)cc1,1
protein37,1,CC(=O)N(C(C)=O)c1nccc(NS(=O)(=O)c2ccc(Oc3ccc(Cl)cc3)cc2)n1,0
protein37,1,Cc1cccnc1-c1cc(Nc2ncnc(N)c2C#N)ccc1O,1
protein37,1,CCOc1ncc2c(-c3ccc4c(c3)NC3CCCCC(C3)O4)c(N(C)C)n(CC)c2n1,1
protein37,1,CCCCNC(=O)c1c(C)nn(-c2ccccc2)c1OC,0
protein37,1,Cc1cccc(Nc2nccc(-c3cn(C)nc3-c3ccncc3)n2)c1,0
protein37,1,Cc1cc2ccnc(Nc3ccccc3N)c2c(C)n1,1
protein37,1,CC(=O)OC1C(=O)c2ccccc2C(C)C1N1CCCCC1,1
protein37,1,O=C1C(=Cc2cccnc2)CC(c2ccccn2)CN1c1ccccc1,0
protein37,1,CC1(C)CC(NC(=O)C2CN(C(C)(C)C)C(=O)O2)C(=O)c2ccccc21,0
protein37,1,CCN1CCN(C(S)=Nc2ccccc2-c2ccc([N+](=O)[O-])cc2)CC1,1
protein37,1,CC(NC(=O)C1Cc2ccccc2CN1Cc1ccc(Cl)cc1F)C(=O)O,0
protein37,1,Cc1ccc(CC(C)n2ncc(C(O)C(F)(F)F)n2)c(Cl)c1-c1ccc(C(=O)C(C)C)cc1,0
protein37,1,Cn1c2cc(O)c(O)c(O)c2c2c(=O)occc21,1
protein37,1,NC1=NC(CCCCC2CC3=NC(c4cccc(Cl)c4)CN32)CO1,0
protein37,1,Cc1cccc(C)c1OC1(c2ccccc2)CC(C)(N)CCC1C[N+](=O)[O-],1
protein37,1,CCNCCc1nc2cc(Cl)ccc2c(=O)n1-c1cc2cc(C)ccc2[nH]1,1
protein37,1,Cc1cc(C(=O)N2CCC(N(C)Cc3csc(-c4ccccc4F)n3)CC2)n(-c2cccc(C(F)(F)F)c2)n1,0
protein37,1,O=C1CC(S(=O)(=O)N2CCN(c3ncccn3)CC2)CN1c1cccc(Cl)c1,0
protein37,1,CCN(C)C(C)C1(CC)CCC(=O)c2[nH]c3cccc(OC)c3c21,1
protein37,1,CCN1CCCN(c2c(C(=O)O)cnc3ccc(OC)cc23)CC1,1
protein37,1,CCc1cc(N(C)C)nc(-n2ncc(C(=O)Nc3ccc(F)c(F)c3)c2Cc2ccc(C(=O)OC)cc2)n1,0
protein37,1,Cc1cc(NC(=O)c2ccc(F)c(F)c2)ccc1-c1nc(CS(C)(=O)=O)c(N)o1,1
protein37,1,CN1CCN(c2nc(N3CCOCC3)cc(-c3cncc(Nc4ccc5c(C6CC6)noc5c4)c3)c2C#N)CC1,1
protein37,1,Cc1cnc2c(c1[N+](=O)[O-])c1ccc(F)cc1n2CC(NS(=O)(=O)c1cccs1)C(C)C,1
protein37,1,Cc1cccc(Nc2nc(Nc3ccccc3C)cn3c(C)c(C(=O)N(C)C)nc23)c1,0
protein37,1,Cc1ccc(C)c(NC(=O)c2cnn(-c3nc4ccccc4s3)c2O)c1,0
protein37,1,Cc1ccc(Nc2c(C#N)cnc3c(-c4cccc(N(C)C)c4)cnn23)cc1C,0
protein37,1,Cc1nc2ccc(Cl)cc2c(C(=O)O)c1O,0
protein37,1,CC(C)CCNC(=O)c1ccc(COc2ccccc2)o1,0
protein37,1,Cc1ccc(S(=O)(=O)N(C)c2ccc(-c3cn4ccccc4n3)cc2)c(=O)n1C,1
protein37,1,Cc1cc(Oc2ccc3c(c2)CC(N2CCCCC2)C3)c([N+](=O)[O-])cn1,1
protein37,1,OC(CN1CCCCC1)Cn1ncc2ccccc21,0
protein37,1,Cc1cc2c(cc1C(=O)N1CCNCC1)-c1[nH]c3ccccc3c1CC2,0
protein37,1,O=C(C=Cc1cccnc1)Nc1nnc(-c2cccc(F)c2)s1,0
protein37,1,O=C(c1cccc(O)c1F)N(CCNC1CCCCC1)c1c(C(F)(F)F)oc2ccc(Cl)cc12,1
protein37,1,CC1=C2OCOC3(CCCCC3)CC(=O)NCCC1N(C(=O)C1CCCCN1)CC2O,0
protein37,1,CCc1ccccc1Oc1ccc2c(c1)C(=C(C#N)c1c[nH]c3ncccc13)C(=O)N2,1
protein37,1,CCC1CCCN2c3cc(O)cc(O)c3CCC12,0
protein37,1,CCN(CCS)C(=O)c1c(C)oc2nc(C)nc(N)c12,1
protein37,1,Cc1cnn(CC2CC3CN(C2)C(=O)CC3N(C)CCCCO)c1,0
protein37,1,NC(=O)c1ccccc1CNc1ccc(-c2ccccc2F)nn1,0
protein37,1,Cc1c(S(=O)(=O)N(C)CCCC(C)(C)N2CCNCC2)ccc2nc(N)nc(N)c12,1
protein37,1,CC(C)C(=O)Nc1ccnc(Nc2c(C#N)sc3ccc(Cc4ccccc4)cc23)c1,0
protein37,1,Cc1cc(Oc2nc3sc(-c4ccoc4)nc3c(=O)n2C)c(S(=O)(=O)N(C)C)cc1C,1
protein37,1,CCn1cc(NC(=O)C2CCN(CC(=O)Nc3ccc(C(F)(F)F)cc3F)CC2)cn1,0
protein37,1,Cc1nocc1C(=O)Nc1ccc2c(c1)C(=O)N(C1CCCCC1)C2=O,0
protein37,1,Nc1cccc(-c2cncc(Nc3cccc(-c4ccncc4)c3)n2)c1,1
protein37,1,COc1ccc(NC(CN2CCOCC2)=NC(C)=O)cc1,0
protein37,1,CC(C)n1c2c(c3ccccc31)CCc1nc3ccc(O)cc3c(N)c1-2,1
protein37,1,Nc1ccccc1NC(=O)c1ccc2[nH]n(-c3ccccc3)c(=O)c2c1,0
protein37,1,CCC(Nc1nc2ccc(C(F)(F)F)cc2cc1C(N)=O)c1ccc([N+](=O)[O-])c(OC2CC2)c1,1
protein37,1,CCn1nc(Cc2ccccc2)c2cc(OCC(O)CN3CCCCC3C)ccc21,0
protein37,1,O=C(Nc1cc(I)cc2cccnc12)c1ccc(F)cc1F,1
protein37,1,NC(=S)Nc1ccc(Cl)c(S(=O)(=O)Nc2nccs2)c1,0
protein37,1,CC1(C)CC(C(=O)NCc2ccc(S(=O)(=O)N3CCOCC3)cc2)C1n1ccnc1,0
protein37,1,Cc1nc(-c2ccccn2)ccc1Oc1cc2c(c(C(C)(C)C)c1)CC(N)C(C)(N1CCCC1)C2,0
protein37,1,CC(C)n1nc(-c2ccc(OCc3ccccc3)cc2)c2c(NCc3ccco3)ncnc21,1
protein37,1,CCCn1c(SCC)c(C(=O)NN=C(C)c2ccc([N+](=O)[O-])cc2)c2ccccc21,1
protein37,1,CCn1cc(CNC(=O)c2nn(-c3cccc(OC)c3)c(-c3cccc(Cl)c3F)c2Cc2ccccn2)cn1,1
protein37,1,Cc1cccc(N2C(=O)CSC2c2ccccc2C(F)(F)F)c1C(=O)N1CCCC1,0
protein37,1,Cc1ccc(C(=O)Nc2nc(Nc3cccnc3)ccc2Cl)s1,1
protein37,1,CCOC(=O)c1c(C)[nH]c(C(=O)CN2CCOCC2)c1CC,0
protein37,1,Cc1cc(Nc2ccc([N+](=O)[O-])c(C#N)c2)c2ncc(-c3cc(N4CCCCCC4)ccn3)c-2n1C,1
protein37,1,CC(=O)c1nn(CC(OC(=O)Cc2ccc(Cl)cc2C(F)(F)F)N2CCOCC2)c2ccccc12,0
protein37,1,CC(=O)N(C)Cc1cn(C(C)c2cc(Cl)cc3ccc(C#N)cc23)c2ccccc12,0
protein37,1,CCN(CC)CCn1c(=O)c2c3c(sc2n(-c2cccc(OC)c2)c1=O)CC1(CCCCN1)CC3,1
protein37,1,Cc1ccccc1NC(=O)c1cnc(Nc2ccc(S(=O)(=O)NC(C)C)cc2)c2ccccc12,0
protein37,1,Cc1nc2cc(-c3cccc(NC(=O)CC4Sc5ccccc5NC4=O)c3)cnc2c(O)c1C,0
protein37,1,CCn1c2ccccc2c2nc(C(C)(C)CC)nc(N3CCNCC3)c21,1
protein37,1,CN(CC(=O)NC1CC(=O)N(C2CCCCC2)c2ccccc21)S(=O)(=O)c1cc(C(F)(F)F)ccc1Cl,1
protein37,1,CCn1c(O)nc2c3sc(-c4cccs4)nc3cc(C(F)(F)F)c21,1
protein37,1,CCC(O)CC12CCN(C)CC1Oc1cc2c(C)c(C)c1OC1CCNCC1,0
protein37,1,Cc1c(C(F)(F)F)oc2c(CN3CCNCC3)ccc(C(=O)NC3CN4CCC3CC4)c12,1
protein37,1,Cc1cc(-c2cccc(OC(=O)N3c4ccccc4CCC3C)c2)on1,0
protein37,1,Cc1ccc(N2C(=O)CC(=O)NC2=S)c(C)c1,0
protein37,1,CCOc1cc(-c2noc(C)c2C(=O)Nc2ccc(S(=O)(=O)C(F)(F)F)cc2)ccc1O,0
protein37,1,Cc1cc(Nc2cc(F)ccc2-c2cccnn2)n2ncc(-c3ccc(F)cc3)c2n1,1
protein37,1,CC1=CCCn2c(nc3ccc(C)cc32)N2CCN(CC2)CC(O)CN2CCN1CC2,1
protein37,1,Cc1ccc(NC(=O)N2Cc3ccc(C)nc3C2NC(=O)c2cc(C(F)(F)F)nn2-c2ccc(C)cc2)cc1,0
protein37,1,O=c1[nH]nc(-c2ccncc2)cc1N=Nc1ccc(F)cc1Cl,0
protein37,1,O=C(Nc1ccnn1CC(F)(F)F)N(c1ccc(-c2cccs2)cc1)C1CCCCC1,0
protein38,1,CC(Cc1ccccc1)NC(=O)CCn1c(SCC(=O)O)nc2ccccc21,0
protein38,1,Cc1[nH]ccc1C(=O)NC1CCN(Cc2ccoc2)CC1,0
protein38,1,Cc1ccc2c(Nc3cc(C)nc(NC(=O)c4cccc(OC(F)(F)F)c4O)c3)c(C)c3ncccc3c2c1,1
protein38,1,CCCCn1c(=O)c2nc(-c3ccc(Cl)cc3)[nH]c2n(Cc2ccc(-c3cccnc3)cc2)c1=O,0
protein38,1,CCN(CC)C(=O)c1ccc2sc3nnc(-c4ccccc4O)n3c2c1,1
protein38,1,Cc1cc(OCc2cc(S(=O)(=O)Nc3nccs3)c(Cl)cc2F)c2cccnc2c1C,0
protein38,1,CCn1cc(-c2nncn2-c2ccc(C(=O)N(C)C)cc2)c(=O)c2ccc(C)nc21,1
protein38,1,CCn1ncc2c(Nc3cccc(Cl)c3)c(-c3nnc(C)o3)cnc21,0
protein38,1,CCCCC1CCN(C(=O)C(C[S+]([O-])C(F)(F)F)NC(=O)C2CCCO2)CC1,0
protein38,1,Cc1cccc2c(=O)[nH]c(-c3cc(C#CC(C)(C)C)ccc3N(C)CCO)nc12,1
protein38,1,CCN(C(C)c1ccccc1NC(=O)c1cc([N+](=O)[O-])ccc1Cl)S(C)(=O)=O,1
protein38,1,CC(C)n1cnnc1Nc1ccccc1,0
protein38,1,Cn1cccc1C(=O)Nc1cccc(F)c1C(=O)C12CCCN(CCC1)C2,1
protein38,1,CCn1cc(-c2cc(C3CNC3)c3c(c2)C2CCCNC2C3)cn1,0
protein38,1,O=C(Nc1ncccc1NS(=O)(=O)c1ccc(-c2ccccn2)cc1)c1scnc1-c1ccccc1,0
protein38,1,CCOc1cc(O)ccc1C=C1Sc2ccccc2-n2c1nc1ccccc1c2=O,1
protein38,1,CC1(C(O)C(=O)O)CCC(NC(=O)CC(O)(C(F)(F)F)C(F)(Cl)Cl)C(N2CCCC2)C1,0
protein38,1,O=C1NC(=Nc2cc(Cl)ccc2O)SC(c2ccccc2)C1=O,1
protein38,1,CCn1cc(-c2cncnc2NN=C(C)c2ccc(C#N)cc2)c2cc(OC(F)(F)F)ccc21,1
protein38,1,CC(OCc1ccc(OP(C)(=O)O)cc1)C(=O)Nc1ccc(C(C)(C)C)cc1,0
protein38,1,CC(=O)n1cc(-c2cccc(Oc3ccc4nc(C(=O)N5CCOCC5)c(C(C)(C)C)n4c3)c2)c(-c2cccs2)n1,1
protein38,1,CC1CCCc2c1[nH]c(NC(=O)Cc1ccccc1F)c2C#N,0
protein38,1,CCn1c(C)cc2c(C(=O)NCCN(C)C(C)C)c(SCc3c(C)noc3C)ccc21,1
protein38,1,Cc1ccc(N2CCCC2)c(NC2=CC(=O)CC(C)(C)C2)c1,1
protein38,1,CC1CCCC(C)N1c1ccc(-c2ccc3c(c2CN(C)CC2CC2)OCCCO3)cc1S(=O)(=O)NC1CC1,0
protein38,1,O=C(CCn1c(=O)n(-c2ccc(F)cc2)c2ccccc21)Nc1cccc(C(F)(F)F)c1,0
protein38,1,CCOC(=O)C1SCC(=O)c2cn1c1ccccc21,1
protein38,1,CCn1cnc2c(c(N3CCCCC3)cn2CC(=O)Nc2ccccc2F)c1=O,1
protein38,1,CC(C)(CO)c1cc(C(=O)Nc2ccnc(OCc3c(OC(F)(F)F)cccc3C3CCN(CC(O)C(F)(F)F)CC3)c2)on1,0
protein38,1,Cc1ccccc1N1CCN(CC(O)C2CN(Cc3cccc(N(C)C)c3)C3CCCCC3O2)CC1,0
protein38,1,CC(C)CCN1CCN(c2nc3cc(C(=O)Nc4ccc(F)c(F)c4F)ccn3c2C#N)CC1,1
protein38,1,Cc1cccc(NC(=O)c2cccc(NS(=O)(=O)c3c[nH]cn3)c2)c1C,0
protein38,1,CCN(CC)CCN1C(=O)CCc2cc(-c3cn4c(C)ccc(Oc5ccccc5)c4n3)cnc21,1
protein38,1,CCCC1(CCC)CC(CC2CN(C)CCO2)N(CP(=O)(O)O)C1=O,0
protein38,1,O=C(NCCCC1Cc2ccccc2CN1C(=O)C1CC1)c1cc(Cl)ccc1Nc1nnccc1Cl,0
protein38,1,Fc1ccc(C2=NOC3CN(C4CCCCC4)CCC3C2c2ccncc2)cc1,0
protein38,1,Cc1cccnc1C1(NC(=O)OCc2ccccc2)CCN(C)CC1,0
protein38,1,O=C1Cc2cc(C(=O)Cc3cn(CCCS)c4ccccc34)ccc2N1,0
protein38,1,CCC(NC(=O)C1OC(=O)C(c2ccccc2)(c2ccc(Cl)cc2Cl)S1)C(=O)Nc1cccc(C(F)(F)F)n1,0
protein38,1,O=C(CCc1ccc([N+](=O)[O-])cc1)NN=Cc1ccc2c(c1Cl)CCCO2,1
protein38,1,CC(C)CC(CCC(O)C1CC1)NC(=O)N1CCC(NS(=O)(=O)c2cccc(NC(C)C)c2)C1=O,0
protein38,1,CCCCn1c2cc(N3CCCC(CO)C3)c([N+](=O)[O-])cc2c2c(O)nncc21,1
protein38,1,CCN(CC)c1cccc(-c2cnn(C)c2)c1,0
protein38,1,Cc1cc2c(cc1-c1nnc3ccc(C)c(C)n13)C(=O)CC2,1
protein38,1,CCOC(=O)c1cnc(SCc2ccccc2)nc1C(F)(F)F,0
protein38,1,O=C(c1cccnc1Cl)N1CCc2cc(S(=O)(=O)N3CCCCC3)ccc21,0
protein38,1,CCC1CC(=O)N(c2ncc(-c3ccc(S(=O)(=O)Nc4ccc(F)c(C)c4F)cc3)s2)C1=O,0
protein38,1,CCOCCNC(=O)c1cc2cc(C3=C(N4CCN(C)CC4)c4cc(OC)cc(F)c4C3=O)ccn2n1,1
protein38,1,Nc1nccc2c1ncn2-c1ccc(CNc2nccc(F)n2)c(O)c1,1
protein38,1,CCCc1nnc2n1C1CC(=O)N(C1=O)c1ccccc1-2,1
protein38,1,CCCC1(C)CCC(NC(=O)OC(C)(C)C)c2ccc(O)c(O)c2C1=O,0
protein38,1,CCOC(=O)c1cc(C)cc(-c2cc3cc(OCC)ccc3n2OC(C)=O)c1,0
protein38,1,N#Cc1ccc(Oc2cc(Cl)cc(C(=O)Nc3ccc4ncsc4c3)c2)c(F)c1,1
protein38,1,Cc1ccc(NC(=O)Cn2nc(Cc3c(Cl)cccc3Cl)c3c(C(F)(F)F)cc(-c4ccncc4)nc32)c(NCCO)c1,0
protein38,1,CCCNC(=O)Nc1cccc2c(O)cc(-c3ccc4[nH]ncc4c3)nc12,1
protein38,1,O=C1CC(N2CCCCC2)n2c(=O)c3cccnc3n21,0
protein38,1,CCN(CC)CCOc1cccc2c1oc(=O)n2CC,1
protein38,1,O=[N+]([O-])c1ccc(S(=O)(=O)Nc2cnn(-c3cccnc3F)c2)cc1,0
protein38,1,O=C1Nc2ccccc2C1OCCCN1CCN(c2ncccn2)CC1,1
protein38,1,NC1CC1CNC(=O)c1cc(N2CCC3(CCCc4cc(O)ccc43)CC2)ncn1,0
protein38,1,Nc1nc(Cl)c2sc(NCc3ccc(C(F)(F)F)c(NS(=O)(=O)c4ccc(C(F)(F)F)cc4)c3)nc2n1,0
protein38,1,CCN1CCN(c2nc(C)c3ccc(-c4ccccc4)cc3n2)CC1,1
protein38,1,CC(C)CNc1nc(-c2cnc(N)c(OC(F)(F)F)c2)cc(-n2nc(C(C)(C)C)cc2CCC(=O)O)n1,0
protein38,1,CC(C[S+]([O-])c1ccc(F)cc1)=NNC(N)=O,1
protein38,1,Cc1ccc[n+]2c(C)c(CO)sc12,0
protein38,1,CCn1c(Cn2nc(-c3ccncc3)nc2Nc2ccc3c(c2)OCCO3)nc2ccccc21,1
protein38,1,CC(=O)Nc1ccc([N+](=O)[O-])cc1NC(=O)c1cc(Cl)c(O)cc1O,1
protein38,1,CC(C)Cn1cc(C=NCc2nc(-c3ccncc3F)cs2)c2ccccc21,1
protein38,1,CCOc1cc2c(Nc3cccc(Cl)c3)nc(NC3CCCC(C)C3)nc2cc1OC,1
protein38,1,O=C(Nc1ccc2[nH]c(-c3ccccc3)cc2c1)c1ccccn1,0
protein38,1,CC(C)CC(=O)Nc1cc(-c2ccc(F)cc2F)nc(N(CCCN)CC2CC2)n1,0
protein38,1,CC(C)Cn1cc2c(cc1=O)N(C1CCN(S(C)(=O)=O)CC1)CCC2,0
protein38,1,Cc1cccc(S(=O)(=O)Nc2c3c(n(CCCCN(C)C)c2C)CCCC3)c1,0
protein38,1,Cc1onc(-c2ccc(O)c(OCC(C)C)c2)c1-c1ccccc1[N+](=O)[O-],1
protein38,1,Cc1ncc([N+](=O)[O-])c(Nc2ccccc2C(=O)N2CCN(C)CC2)n1,1
protein38,1,Cc1c(-c2nc3c(C)cccc3[nH]2)[nH]c(-c2cccnc2)c1C=C(C#N)C(=O)N1CCCCC1,1
protein38,1,Cc1nc(N(CC2CCNC2)C(C)C)c(C(F)(F)F)n2nc(C(F)(F)F)cc12,1
protein38,1,CCN(CC)CCCn1cc(Nc2cccc(C3=NN=C4C=C(C(=O)N5CCNCC5)C=S43)c2)c2c(F)c(C(N)=O)ccc21,1
protein38,1,CCC(Cc1cn(C)cn1)NC(=O)c1[nH]nc(Cc2ccccc2)c1-c1ccccn1,0
protein38,1,O=C(Nc1ccccc1N1CCOCC1)c1cccc(F)c1N1CCCC1,1
protein38,1,CCCC(=O)N1CC(C)(c2cc(=O)[nH]nc2C)c2ccc(-c3ccccc3)cc21,0
protein38,1,Cc1nc(-c2cnccn2)sc1C1C2CN(C)C(CC(C)(C)C)=C2CC(c2cccs2)N1C(=O)NCC1CC1,0
protein38,1,CCN=Cc1c(-c2cc3ccccc3o2)ccc(O)c1O,1
protein38,1,CCCC1C#CCN2CCCC2C[N+]([O-])=C(c2ccccc2)c2ccccc21,1
protein38,1,O=C(O)CC(C(=Cc1ccc(Cl)cc1)c1cc(C(F)(F)F)cs1)c1ccccc1,0
protein38,1,CCCC(Nc1nc2cccc(OCC(F)(F)F)c2nc1-c1ccnc(NC)n1)C(C)OC,1
protein38,1,CCn1c(-c2cn(C)c3ccccc23)nc2cc(N(C)C)ccc21,1
protein38,1,O=C(O)c1c(O)nc2ccccc2c1-c1ccc2cccnc2c1,1
protein38,1,CCNC(=S)NN=C(C)C,0
protein38,1,O=C(O)C1CCN(c2ccc(Oc3ccc(Cl)cc3)cc2)CC1c1ccccc1,0
protein38,1,CCN(CC)S(=O)(=O)c1ccc(C(=O)OC)cc1,0
protein38,1,CCCC1C(n2cnc(CNC(=O)c3c(C)cccc3Cl)c2)=C2CC21,0
protein38,1,Cc1cc(S(=O)(=O)n2c(-c3nc4cnccc4n3C)cc3cc(F)ccc32)ccc1Cl,0
protein38,1,CCN(CC)CCN1Cc2c(nc3ccc(-c4cncc(OC)c4)cn23)C(=O)NC1=S,0
protein38,1,NC1=CC(=O)c2[nH]c3c(c2C1=O)-c1ccccc1CC3,1
protein38,1,CC1(Cc2ccccc2)COc2c(ccc(N3CCC(CNC(=O)C(O)C4C=CCS4(=O)=O)CC3)c2F)C1(C)O,0
protein38,1,CC(C)(C(C(=O)O)c1csc(-c2ccc(CCl)c(Cl)c2)n1)C(N)P(=O)(O)O,0
protein38,1,CCN(CC(=O)Nc1ccccc1S(C)(=O)=O)Cc1ccccc1,0
protein38,1,CCN1c2cnccc2N(Cc2ccc(OC(F)(F)F)cc2)C(=O)c2cccnc21,1
protein38,1,CC(C)(CO)C1(c2ncc(C(F)(F)F)cc2-c2c(F)cncc2F)COC1=O,0
protein39,1,O=C1C=C(c2ccccc2-c2ccc(Cc3ccc([N+](=O)[O-])cc3)cc2)CCN1,1
protein39,1,CCOC(=O)c1ccc(-n2c(C(C)CNO)nc3ccccc32)cc1,0
protein39,1,Cc1noc(C)c1C(=O)N1CCN(C2CCCCC2)CC1,0
protein39,1,CCc1c(C)c2cc(NC(=S)C(=NO)c3ccccc3C)ccc2n1C,1
protein39,1,Cn1c2c(c3ccc(NC(=O)c4ccc(C#N)o4)cc31)CC(C)(C1CCCCC1)OC2=O,0
protein39,1,CNc1nnc(C(N)CCC2(NCC3C(C)CN(C)C(=O)C3(c3ccccc3)c3ccc(F)cc3)CCCC2)s1,0
protein39,1,CC(C)Nc1c(-c2ccc(F)c(F)c2)nn(C2CCCN(C(=O)c3cccc(CC(C)(C)N)c3)C2)c(=O)c1Cl,0
protein39,1,Cc1ccccc1NC=C(C(N)=O)C(=O)C1CCCC1,0
protein39,1,CCN(CC)CC(O)C#Cc1cccc(Cn2cccn2)c1,0
protein39,1,Nc1nc(NN=Cc2ccco2)c2c(C(F)(F)F)cccc2n1,1
protein39,1,CC1CC(Cc2ccc(-c3cccn3[N+](=O)[O-])cc2)CCC(N)=N1,1
protein39,1,CCOc1cc2c3c(c(O)nc2cc1OCC(=O)N(CC)CC)CN(C)CC3,1
protein39,1,Cc1cc2nc(-c3ccc(C(F)(F)F)c(C(F)(F)F)c3)c(CN3CCCC3)n2cc1C,1
protein39,1,Cc1ccc(C(=O)Nc2cnn(-c3ccccc3)c2)cc1S(=O)(=O)N1CCOCC1,0
protein39,1,O=C(NCCC1CC=CC1)c1cc(F)c(O)c(Cl)c1,0
protein39,1,O=C1CC(NCC=Cc2ccccc2F)C(=O)N1c1cccc(F)c1F,0
protein39,1,CCC1CN=C(c2cccs2)Nc2nc3c(sc4nc5ccccc5c(=O)n43)n2C1,0
protein39,1,CCOc1cc(OC)ccc1CNc1nc(C(F)(F)F)nc2c(-c3cccs3)cccc12,1
protein39,1,CC(C)CC(NC(=O)C1CCC(N(O)c2cccc(NC(=N)N)c2)CC1)C(=O)NCc1cccc(F)c1C(F)(F)F,0
protein39,1,CCN1CCN(C(=Nc2cc([N+](=O)[O-])ccc2Nc2c(C)cnc3ccc(F)cc23)N(C)C)CC1,1
protein39,1,CCn1cncc1CNC(=O)Cc1ccc(OC)cc1O,0
protein39,1,CC(=O)Nc1sccc1C(=O)N1CCC(Oc2c(CCc3cccnc3)cnc3c2CCCO3)CC1,0
protein39,1,OC1CCCN(C2CCc3c(Cl)c(Oc4ccc(F)c(F)c4)cc(-c4nccn4Cc4cccnc4)c3C2)C1,0
protein39,1,CN(c1ccccc1Cn1cc(NC(=O)Nc2ccc(Cl)cc2C(F)(F)F)cn1)S(=O)(=O)c1cccc(F)c1,0
protein39,1,Cc1nn2c(C(F)(F)F)cnc(Nc3ccccc3F)c2c1-c1ccc(N)cc1,1
protein39,1,CCN(CCF)S(=O)(=O)c1ccc(N2CCOCC2)c(C(=O)NCc2ccccc2)c1,0
protein39,1,CC(C)c1cc(C(=O)N2C3CNCCC3CC(NC(=S)N(c3ccc(F)cc3)c3ncccn3)C2CO)ccc1F,0
protein39,1,CC1CCN(c2ccc(C(=O)Nc3ccc(OCCN4CCCCC4)cc3)cc2-c2cncnc2)CC1,0
protein39,1,CCNC(=O)c1cccc(C(=NO)c2cc(OC)ccc2OCc2ccccc2)n1,1
protein39,1,Cc1c(-c2ccc(OC(F)(F)F)cc2)nc(O)c(CO)c1CC1CCNCC1C,1
protein39,1,Cc1cnc(OS(=O)(=O)c2ccc(NC(=O)c3c(Cl)c4ccccc4oc3=O)cc2)nc1,0
protein39,1,CCc1nc(O)c(O)c(C(c2c[nH]c3cccc(F)c23)C(C)C)n1,1
protein39,1,Cc1c(CC(=O)NC(C)c2ccccc2Cl)c(C(F)(F)F)nn1-c1ncccn1,0
protein39,1,CCCS(=O)(=O)Nc1nc(-c2ccc(C)nc2)nnc1C#N,0
protein39,1,O=C1Nc2c(NC(=O)C(F)(F)F)cccc2C1=O,0
protein39,1,CC1CC(c2nc(-c3ccccc3)n3cccc(NC(=O)C4CCCC4)c23)CC(C)(C)N1O,0
protein39,1,CCCCC(=O)Nc1cc([N+](=O)[O-])ccc1N1CCN(C)CC1,1
protein39,1,CCSc1nc2c(-c3ccc(C#N)cc3F)cccc2c(=O)n1-c1cc(C)no1,1
protein39,1,Nc1nc2ccccc2cc1CN1CCCC(Nc2nc3ncc(F)cc3c(O)c2OC(F)(F)F)C1,1
protein39,1,Cn1c(N2CCNCC2)nc(-c2cncc(-c3ccccc3-c3ccnc4ccc(Cl)cc34)c2)cc1=O,0
protein39,1,CC(=O)Nc1ccc(N)c(C(=O)N(C)Cc2nccnc2C)c1,0
protein39,1,COc1ccc(C#N)cc1OCC1CCC(NC(=O)C2CCCCC2C)CC1,0
protein39,1,CCn1cc(CC(NC(=O)C(=O)Nc2ccc(F)cc2F)C(=O)O)c2ccccc21,0
protein39,1,CC(C)CN1C(=O)NS(=O)(=O)c2ccccc21,0
protein39,1,CC(C)(CO)n1c(N2CC2)nc2c(Cc3ccc(Cl)cc3Cl)cccc2c1=O,0
protein39,1,Cc1ccc(-c2noc(NC(CNC(=O)CCc3ccccc3)C34CCN(CC3)CC4)n2)cc1,0
protein39,1,Cc1nc(CC(C)C)c2c(C(N)=O)c1CC(C1COC(=O)N1c1nc(N(C)C(=O)c3nccn3C)c(Cl)cc1Cl)N2C,0
protein39,1,O=CC=C(c1ccccc1)c1ccc(O)c(O)c1,0
protein39,1,CC(=O)NC(C)c1cc(-c2ccc(Oc3ccccc3N(C)S(=O)(=O)c3ccccc3F)cc2Cl)ccn1,0
protein39,1,CC(C)(CN1C(=O)c2ccc(Cl)cc2C1=O)N1CCCn2c1cc1ccccc12,0
protein39,1,CCOc1c(C(C)(C)C)cc(-c2cnc(N)cn2)cc1C(C)(C)C,0
protein39,1,Cc1cnc(NS(=O)(=O)c2ccc(OCC(=O)NC(C)c3ccc(F)cc3)cc2)nc1,0
protein39,1,CC(C)CC(Nc1nc(-c2cc(Cl)cc(Cl)c2)cc(N2CCN(C)CC2)n1)C(F)(F)F,0
protein39,1,Cc1cc(OCC2CC(F)(F)CC(C)C2C)nc(-c2cccs2)c1C(=O)N1CCC(C(=O)Nc2cccc(C(=O)O)c2)CC1,0
protein39,1,CCOc1ccc(S(=O)(=O)N(C(C)=O)c2cccc(OCC)c2)cc1,1
protein39,1,Cc1ccc(S(C)(=O)=O)c(NC(=O)Cn2nc(-c3ccncc3)c3ccccc3c2=O)c1,0
protein39,1,O=C(Nc1ccccc1[N+](=O)[O-])C1CC(=O)N(c2ccc(Oc3ccccc3)cc2)C1,1
protein39,1,O=C(CCS(=O)(=O)c1ccccc1)Nc1ccc(F)c(C(F)(F)F)c1,0
protein39,1,Cc1cc(NC(=O)CCOc2ncc(F)c3c2CCC3)c(F)cc1Cl,0
protein39,1,CC(C)=CCNc1ccc(C(=O)N2CCN3CCCCC3C2)cc1[N+](=O)[O-],1
protein39,1,Cc1nc(CC(=O)N(CC2Cc3nn(-c4ccc(Cl)nc4)cc3CO2)C2CCCCC2)cs1,1
protein39,1,CC(C)C(NC(=O)C(CC=CF)OP(=O)([O-])ON)C(=O)Nc1cccc(C(F)(F)F)c1,0
protein39,1,NCCCNc1ccccc1NC(=NO)c1cccc(C(=O)O)c1,0
protein39,1,O=C(NC1CCN(c2nnc(-c3ccncc3)o2)CC1)c1cc2ccccc2[nH]1,0
protein39,1,Cc1ccc(NC(=O)c2cn3c4c5c(c(F)cc4c2=O)N(C2CC2)CCN5CC3C)cc1Cl,0
protein39,1,Cc1n[nH]c(Oc2cccnc2-c2ccc3c(c2)CCO3)c1S(=O)(=O)c1ccccc1,1
protein39,1,Cc1cccnc1-c1noc2c1CCN(Cc1ccccc1)CC2,1
protein39,1,CCN(CC)CC#CCN1CCC2(CC1)OC(=O)c1ccccc12,0
protein39,1,CCOc1cccc(C(=O)c2cc(C)sc2NC(=O)c2ccc(N)c([N+](=O)[O-])c2)c1,1
protein39,1,O=C(O)c1ccc2c(c1)cc(C(=O)Nc1cc([N+](=O)[O-])ccc1Cl)n2-c1ncccn1,1
protein39,1,Cc1ccccc1-c1c(C)ncnc1NC1CCCC1,1
protein39,1,CCCC(=O)N1CCN(CC2CN(c3ccc(N4CCCCCC4)c(F)c3)C(=O)O2)CC1,0
protein39,1,Cc1c(C(=O)Cc2ccccc2-n2cccc2)nc(SC(C)C)n1-c1cccc(O)c1,0
protein39,1,CC1(C)CCc2cc3c(O)cc2C1Nc1cccc(O)c1CO3,0
protein39,1,O=C(Nc1ccccc1)Nc1cc2c(cn1)C(=O)N(c1ccccc1)c1cc3cccnc3cc1C2,0
protein39,1,CC(=O)NCC1C2CCCCN2CC(C)N1C(=O)C1CCN1Cc1cccc(C(F)(F)F)n1,0
protein39,1,Cc1cc(C)n(CC(=O)NC2CCCCC2)n1,0
protein39,1,CCC1Cc2ccccc2C1=NN1CCN(CCO)CC1,0
protein39,1,CC1CN(C(=O)c2ccc(-n3ccnc3)cc2)CC2(CCOCC2)C1,0
protein39,1,O=C(NN=Cc1ccccc1Cl)C1CCCCC1,0
protein39,1,CC1C(=O)C(C)c2c(OCC(O)C(F)(F)F)cccc21,0
protein39,1,CC(=O)c1cccc(NC(=O)CS(=O)(=O)c2ccccc2)c1,0
protein39,1,CCN(CC)CCn1cnc2c(C3CCCCC3)cccc21,1
protein39,1,Cc1ccc(CC(C)NC(=O)CN(c2ccccc2C(=O)O)S(=O)(=O)c2ccc(F)cc2)cc1,0
protein39,1,CCc1cc(NC(=O)C2CCC(=O)N2c2ccccc2OC(F)(F)F)sn1,0
protein39,1,CCN(CC)C1CCn2c(c(C=O)c3ccccc32)C1,1
protein39,1,O=C(Nc1ccccc1F)c1cc(-c2nnc(N3CCCCC3)s2)ccc1F,1
protein39,1,CCCCN1CCN(C)C(=O)c2c1nc1ccc(F)cc1c2Nc1ccccc1C,0
protein39,1,CCN1CC(=O)N(CCc2ccccc2)C(c2cc(OC)ccc2OC)C1,0
protein39,1,Cc1nn(-c2ccccc2)c(=O)c2cc(C(=O)Nc3ccccc3C(F)(F)F)ccc12,0
protein39,1,Cc1csc(NC(=O)c2sc3nc4c(cc3c2C)n(C)c(=O)n4C)n1,1
protein39,1,Cc1noc(-c2ccc(OS(=O)(=O)C(C)(C)C)c(C#N)c2)c1-c1cccc(C(F)(F)F)c1,0
protein39,1,COc1cccc(Nc2nc(N3CCN(CCc4ccc(C)cc4)CC3)c3sccc3n2)c1,0
protein39,1,CC1=CCC(=O)NC2CCC(CCN(C)C)C1C2N(C)C(=O)c1ccc(C#N)cc1,1
protein39,1,CCCn1cnc(-c2ccc([N+](=O)[O-])cc2S(=O)(=O)N2CCCCC2)c1,1
protein39,1,Cc1ncsc1C(=O)Nc1cccc2nc(NC(=O)Nc3ccc(-c4cnn(C5CCOCC5)c4)cc3)ccc12,0
protein39,1,CC1=C(c2nc(N3CCOC3=O)sc2C)C(=O)N(c2ccc([N+](=O)[O-])cc2)C1,1
protein39,1,Cc1cc(CC(=O)Nc2cc(F)ccc2Oc2cc(-c3cn(C4(C)CCC4)c4c(N)ncnc34)ccn2)ccc1Cl,0
protein39,1,Cc1nc2c(OC(=O)CC(C)(C)C)cccn2c1-c1cccc(C(=O)N2CCCN3CCCC3C2)c1,0
protein39,1,Cc1[nH]c(C(C)CC(=O)N2c3ccccc3CCC2C)c2c(F)nccc12,0
protein4,1,CCn1c(SCC(=O)Nc2ccccc2OC)nc2cc(N(C)C)ccc21,1
protein4,1,CC(C)CCNC(=O)C1(CC(=O)N2C(=O)COc3ccccc32)CCC(C(=O)N2CCC(F)CC2C(=O)O)CC1,0
protein4,1,NCCCNc1cncc2cc(Cl)c(F)cc12,0
protein4,1,Cc1cccc(S(=O)(=O)c2ccsc2C=NNC(=O)C(C)(C)C)c1,0
protein4,1,O=C(NCc1c(F)cccc1Cl)c1cccc(O)c1O,0
protein4,1,CCC(O)CCCCc1cc(CNC#N)c(O)c(C(C(C)C)N2CCCCC2)c1,0
protein4,1,CC(C)CC1CNC(=O)C(NC(=O)OC(C)(C)C)CC=Cc2ccccc21,0
protein4,1,Cc1ccc(C(=O)N(C)c2c(N3CCOCC3)ccnc2C(F)(F)F)s1,0
protein4,1,O=C(CCN1CCNCC1)Nc1ccc(F)c(F)c1,0
protein4,1,Cn1nc(C(F)(F)F)cc1C(CBr)Nc1nccc(-n2cc(-c3cc(CN4CCCC4)ccc3-c3ccccc3)cn2)n1,0
protein4,1,CC(C)CCCCC1CCC(CNC(=O)c2nn(C)c3ccc([N+](=O)[O-])cc23)NC1,1
protein4,1,S=C(NCc1ccccc1Cl)Nc1cccc2ccncc12,1
protein4,1,Cc1ccc(-c2csc(C3CCN(C(=O)c4sc5nc(N)nc(N)c5c4C)CC3)n2)cc1,1
protein4,1,O=c1[nH]c(SCc2ccccc2[N+](=O)[O-])c2cnnc-2n1-c1ccccc1Cl,1
protein4,1,Nc1ncc(-c2ccnc(Nc3cccc(Cl)c3)n2)c(C(F)(F)F)n1,0
protein4,1,CCCNC(=S)n1ccc2cc(Nc3nc(-c4ccccn4)cs3)ccc21,1
protein4,1,CC1CCC(NC(=O)C(CNC(=O)C(C)(C)C)n2ncc3ccccc32)CC1,0
protein4,1,O=C1c2c(-c3cc(C(F)(F)F)ccc3F)noc2CCN1c1ccc([N+](=O)[O-])cc1,0
protein4,1,CCC1CN(C(=O)c2cc3cc(F)cc(Cl)c3n2-c2ccc(C)cc2)CCN1C,0
protein4,1,Cc1ccc2c(c1)NC(Sc1ccc(O)cc1F)=C(C#N)C2c1ccc(C(F)(F)F)cc1,0
protein4,1,CCCn1cc(C(=O)Nc2nnc(-c3cccc(F)c3)s2)nn1,0
protein4,1,CCN(CC)CCNC(=O)C(C#N)(Cc1cccc([N+](=O)[O-])c1)c1c(F)cccc1F,1
protein4,1,O=C1NC(=O)C(c2ccccc2OC2CCCC2)C1=C(O)c1cccc([N+](=O)[O-])c1,1
protein4,1,C=C(C)C(=O)N(C)CCN1CC2CCC=C(CCC)C(=O)CCC3CC1C(C2)O3,0
protein4,1,CC(=O)Nc1ccc2c(c1)CCC2CCCN1CCN(c2ccccn2)CC1,0
protein4,1,Cc1ccccc1Nc1nc2ccc(N3CCc4ccccc4C3)nc2s1,1
protein4,1,CC(C)(O)c1cccc(Cc2n[nH]c(=O)c3c2CCCC3)c1,0
protein4,1,Cc1cccc(Nc2ccnc3cc(N)c([N+](=O)[O-])c(N)c23)c1,1
protein4,1,COc1cc(C2=NCCN2)ccc1Oc1ccc(CON2CCCC2C)cc1,0
protein4,1,CCC1(C)CN2CCC#Cc3ccc4c(c3)C(CC(C)(C)O4)N3CC(O)(C1)C2OC3=O,1
protein4,1,Cc1cccc(NC(=O)Nc2cn(-c3ccc(C#N)cc3)n(-c3ccccc3)c2=O)c1,0
protein4,1,Cc1nc2c(-c3nc4c(C(=O)N(C)CC5(O)CCCCC5)cccc4[nH]3)cc(Cl)cc2[nH]1,0
protein4,1,CCOc1ccc(C(F)(F)F)cc1-c1nc(-c2cccc(OC(F)(F)F)c2)cnc1N1CCNCC1,1
protein4,1,CCCN(C)Cc1nc2ccccc2c(O)c1C(c1ccc(Cl)cc1)N1CCN(C)CC1,0
protein4,1,CCNC(=O)c1cccc(Nc2nc(C)nc(N(C)Cc3ccccc3)c2N)c1,0
protein4,1,CCn1ncc(C(=O)Nc2ccc3nc(-c4ccc(OC(F)(F)F)cc4)sc3c2)c1C(F)(F)F,1
protein4,1,CCCC1NC(=O)OC(C)(C)CC2CCC(N(CCN3CCCC3)C(=O)c3ccc(Cl)cc3)C1O2,0
protein4,1,CCCc1cn(-c2ccc(C(C)(C)c3cc([N+](=O)[O-])ccc3Cl)cc2)cn1,1
protein4,1,CCCCCc1c(C#N)c(O)nc2ccccc12,0
protein4,1,CC1=CCC2NC1c1c3c2cc(S(=O)(=O)[O-])c1Oc1cccc(c1)NCCO3,1
protein4,1,Cc1ccc2c(c1)nc(SCC(=O)Nc1cccc(F)c1)n2Cc1cccs1,0
protein4,1,CCC(c1c(C)[nH]c2ccc(-c3cccnc3)cc12)N1CCOCC1,0
protein4,1,Cc1ccc(C)c(OCCc2ccc(OCCC3CCCC3)c3c(C(N)=O)c(N)sc23)c1,1
protein4,1,CCCc1cc(OCC)cnc1N,1
protein4,1,O=C(CC1CN(C2CCC(CN3CCC4CCNCC4C3)CC2)CCO1)N1CCNCC1,0
protein4,1,Cc1cc(N2CCCC(c3ccc(OC(F)F)cc3)(n3ccnc3)C2)n2nc(-c3ccncc3)cc2n1,1
protein4,1,Cc1cc(OC(c2cnn(Cc3ccccn3)c2)C2CCCC2)c(C(=O)N(CCO)C(C)C)nn1,0
protein4,1,CC1(C)CCCc2c1[nH]c1cc(C(=O)O)ccc21,0
protein4,1,CCn1c(-c2cnon2)nc2c(C)c3c(cc21)C1(CCCN(c2nccc(C)n2)CC1)CO3,1
protein4,1,CCNc1nnc(-c2ccc(Cl)c(Cl)c2)c(O)n1,0
protein4,1,CCc1nc(N)nc(Nc2ccc(Cl)c(Cl)c2)c1CC[n+]1ccccc1C,0
protein4,1,CC(C)c1c(C=Cc2nc3cc(C(F)(F)F)ccc3[nH]2)nc2ccc(F)cc2c1O,0
protein4,1,CCc1ccc2c(c1)Oc1c(C)c(cc(F)c1Cl)C1c3ncccc3CCN1C(=O)c1ccc3c(c1)C(=O)N(CC2)C3=O,1
protein4,1,CC[N+]1(C)CCN(c2ccc(S(=O)(=O)Nc3cccc(F)c3F)c(Cl)c2)C(=O)C1,0
protein4,1,CC1=C(c2ccc(N(C)C)cc2)COc2cc(O)ccc21,1
protein4,1,CCCCC12CCNC(c3cccc([N+](=O)[O-])c3)(C1)C(C#N)C(=NO)C2,1
protein4,1,O=C(NCC(F)(F)F)Nc1ccc(C(=O)NC2CCCC2)cc1,0
protein4,1,CCCC(NN(C)c1cc(Oc2ccc(F)cc2P(=O)(O)c2ccccc2)c(C(F)(F)F)cc1S(=O)(=O)C(C)C)C(=O)Nc1ccc(C(C)C)cc1,0
protein4,1,CCc1cccc(-c2ccccc2)c1-c1nnc2n(C)c(=O)ccn12,0
protein4,1,Cc1cc2c(-n3cnc4c(O)nc(C5(C)CC5)cc43)cccc2nc1C,1
protein4,1,Cc1ccccc1C(=O)N1CCC2(CC1)CN(C(=O)c1ccccn1)c1ccccc12,0
protein4,1,CC(C)C=C(O)Cn1nc(-c2ccc(F)cc2)n(O)c1=O,0
protein4,1,CCn1ccc(=O)c(-c2nnc(N)c3c(C)c(-c4ccc(F)cc4)cn23)c1,1
protein4,1,Cc1cc(N2CCN(C)CC2)c2c(C)cc(-c3ccc(NC(=O)CCS(=O)(=O)C4CCCC4)cc3)n2n1,0
protein4,1,O=C(Nc1cc([N+](=O)[O-])ccc1Cl)c1cccc2c1OCCCC2,1
protein4,1,Cc1ccc2c(n1)-c1c(nc(-c3ccsc3)n1-c1ccc(Cl)cc1C)CO2,0
protein4,1,Cc1cc(-c2ccc3cnccc3c2N)cc(Cl)c1NC(=O)C1CCCN1,1
protein4,1,CN(C)C(=O)COc1ccc(CC(C)(C)CC=C2C(=O)N(c3cc(OCCCN)ccc3C(C)(C)C)CC2N)cc1,0
protein4,1,CCCCC(C)(C)C(=O)N1CCN(c2cccc3cccnc23)CC1,0
protein4,1,CCC(C)C(CN)C(=O)NC(=O)C(C)(C)C,0
protein4,1,CC#CCOc1ccc(C2C(c3ccccc3)=C(O)C(=O)N2C2CCCCC2)cc1,0
protein4,1,NCC1CCCN1c1cnc(N)c(C(=O)NCCCSc2nc3ccccc3[nH]2)n1,1
protein4,1,Cc1nn(-c2cc(NC(C)C)nc(-c3ccc(OCCN4CCCCC4)c(C(F)(F)F)c3)n2)c(C)c1C(F)(F)F,0
protein4,1,Cc1nc(N)nc2c1N(C(=O)Cc1ccc(F)cc1)Cc1ccccc1O2,1
protein4,1,Cc1ccc(C2c3c(c4ccccc4[nH]c3=O)OCC2O)cc1,1
protein4,1,CCCCCCCNCc1ccc(O)c(N)c1,0
protein4,1,CCCN(CCC)Cc1cccc(N2C(=O)c3ccc(OC)cc3C2=O)c1O,1
protein4,1,CCc1ncc(-c2cn(CC3(OC)CCOCC3)c3c(N4CCNCC4)cncc23)c(O)n1,0
protein4,1,CC(C)c1ccc(-c2cc(C(N)=O)nc3cc4c(cc23)N2CCNCCC2(C)S4)cc1,0
protein4,1,CCN1CCc2cnc(-c3ccc(-c4nn(CC)cc4-c4ccccc4)cc3)c(=O)n2CC1,0
protein4,1,CCN(C)c1nc(NCc2cc(OC)cc(OC)c2)cn2c(C)c(C)c(C)c12,1
protein4,1,CCc1cc2c(s1)CCC(C(=O)NC(C)=C(F)F)C2(F)F,0
protein4,1,CCc1cc2cc(Oc3nc(C)c(C#N)c(C)c3C(=NO)N3CC3)ccn2n1,1
protein4,1,CCC(C)C(C(=O)NCc1cccnc1N1CCNCC1)N1C=CCC1=O,0
protein4,1,Cc1ccccc1-c1nc(C=NN2CCN(Cc3ccccc3)CC2)co1,1
protein4,1,CCOc1cc(O)c2cc(-c3c(-c4ccc(OC)cc4)nc4ccccn34)cnc2c1,1
protein4,1,CCNC(S)=NCC1(C)OCCc2c1[nH]c1ccccc21,0
protein4,1,Cc1cc(N(C)C(C)C)n2cnc(-c3cccc(C(=O)Nc4ccccc4C(F)(F)F)c3)c2n1,0
protein4,1,CCCS(=O)(=O)N1CCOc2ccc(OC)c(c2)NS(=O)(=O)c2ccc3[nH]c(C)c(c3c2)CC1,1
protein4,1,O=C(Nn1c(-c2ccccc2)cc2ccc(O)c(O)c2c1=O)c1cccnc1,1
protein4,1,Cc1ccc(CC(=O)NC2CC(C)(C(F)(F)F)Cc3c2cnn3-c2ccccc2)cc1[N+](=O)[O-],1
protein4,1,Cc1ccc(C(=O)O)c(NC(=O)c2ccc(S(=O)(=O)C(C)(C)C)c([N+](=O)[O-])c2)c1,1
protein4,1,CC(C)(C(=O)O)n1cc(C(=O)C2=C(O)C(=O)N(CCC3=CCCCC3)C2)c2ccc3cccnc3c21,1
protein4,1,CCCCC1C(=O)NC1N(c1c(F)cc(C#N)c2c1CC(CCC(C)CC(=O)O)N2C(=O)CC)C1CCOC(C)C1(C)C,0
protein4,1,CCC1CC(OCc2ccc(Cc3ccccc3)cc2)CCC1C(=O)O,0
protein4,1,CCC(C)CNc1nc(N)c2cc(S(=O)(=O)c3ccc(Cl)cc3)ccc2n1,0
protein4,1,CC1CCN(c2ccc3c(c2)N(CCC2CCN(c4ccccc4Cl)CC2)C(=O)c2cc(C#N)ccc2O3)C1=O,0
protein4,1,CC(=O)Nc1cc([N+](=O)[O-])ccc1Oc1ccc(-c2cccc(C(=O)NN3CCCCC3)c2)cc1C,1
protein4,1,CC(C)CCn1cccc1C=NNC(=O)c1ccc(Cl)c([N+](=O)[O-])c1,1
protein4,1,CC(C)C1CCCC1n1c(N)c(C#N)c2nc3c(cc21)CC1(CCC1)[N+](=O)O3,0
protein40,1,O=C1N(c2cc(-c3cnccn3)cc(F)c2-n2ccnc2)CC(O)CN1C1CCC1CO,0
protein40,1,CC(C)CCCC(=O)Nc1ccc(N2CCOCC2)cc1,0
protein40,1,CCN1CC(N2CCCCC2)=C(OC(C)C)C1=O,1
protein40,1,OCCN1CCN(c2c(-c3nc4cc(F)ccc4s3)cnn2CC2CCC2)CC1,0
protein40,1,CCCCc1nc(Nc2cccc(S(N)(=O)=O)c2)c(C(=O)N(Cc2ccccc2)CC(C)C)s1,0
protein40,1,CCN(CC)Cc1cccc(OCCCCN2CCN(c3c(Cl)cc(C(=O)O)cc3[N+](=O)[O-])CC2)c1,1
protein40,1,CC(C)CC(N)C(O)C(=O)N1CCCC1COc1cccc(F)c1-c1ccccc1,0
protein40,1,CC(C)CCCC(C)(C(=O)NO)N(Cl)C(=O)c1cccnc1,0
protein40,1,CCCCN1CCSc2c([nH]c3ccc(OC)cc23)C1,0
protein40,1,CCC1CCCN1C(C)c1ccc(F)c(Cl)c1,0
protein40,1,O=C1CCC(c2ccccc2)=CCC(N2CCCCC2)CC(CCc2ccc(OC(F)(F)F)cc2)=NN1,0
protein40,1,CCC1CNc2ncc3c(C)c(-c4ccccc4)c(=O)oc3c2-n2cccc2-c2c(Cl)nc3c(cccc3[n+]2[O-])C1,1
protein40,1,CCC(NC(=O)c1cnccc1Nc1ccc(F)cc1C1CCCCC1NS(C)(=O)=O)c1cc(-c2cnc(C3COC3)n2C)cc(F)c1F,1
protein40,1,Cc1noc2c(C(=O)N(C)C3CCCN(C)C3)c(NC(=O)CCSCc3ccccc3)ccc12,0
protein40,1,Cc1cccc(C(O)c2cccc3ccc(N4CCN(C)CC4)nc23)n1,1
protein40,1,CC(C)CCCC(C)Nc1nccc(-n2cc(C(F)(F)F)nc2Cc2ccccc2)n1,0
protein40,1,CC(=O)Nc1cccc(Nc2ccnc3cnc(NC(=O)c4ccco4)cc23)c1,0
protein40,1,NC(=O)c1c(C(F)(F)F)nn(-c2ccccc2)c1Cl,0
protein40,1,CC(C)(CC(O)Cc1ccccc1Cc1ccccc1)N=C1C2CCCN2C(=O)N1CCO,0
protein40,1,CC(=O)c1ccccc1N(CC(C)C)S(=O)(=O)c1cc([N+](=O)[O-])ccc1I,1
protein40,1,O=C1CC(NCC(F)(F)F)CCC2CN3CCC2(CC3)OCCC2Cc3ccccc3N12,0
protein40,1,CC1CCCN(Cc2cc(Cn3c(Nc4ncccn4)nc4c(C=O)cccc43)ccc2OC(F)(F)F)C1,0
protein40,1,Cc1ccc2ccc(Cc3cc(=O)n(-c4ccc(C(C)C)cc4)[nH]3)cc2n1,0
protein40,1,CCN1CCc2c(O)c(O)c(O)c3cccc(c23)S1(=O)=O,1
protein40,1,CCC1Cc2c(-c3ccc(O)cc3)c(-c3ccc(N)nc3)c(=O)n(-c3cccc(C#N)c3)c2O1,1
protein40,1,Cc1ccc(NC(=O)Nc2cccnc2N2CCOCC2)cc1Cl,0
protein40,1,Cc1ccc(-n2nc(C)c(C(=O)NC3(C(=O)NC4CCC(C)C4)CCCCC3)c2Cl)cc1,0
protein40,1,CCCn1cc(-c2noc(N)c2-c2ccc(C#N)cc2)c2cc(I)ccc21,1
protein40,1,Cc1cnn(-c2ccccc2)c(=O)c1C(c1ccccc1)N(C)C(=O)c1ccc2nccc(Cl)c2c1,0
protein40,1,Cc1cccc2c1nc(CCCCc1c3c(nc4c1ccc(=O)n4C)OCC3)n2CCCCO,1
protein40,1,CCC(C)(C)NC(=NO)c1cccnc1Oc1c(Cl)cccc1Cl,0
protein40,1,NC(=O)c1nc2cc(-c3ccc(NC(=O)Cc4ccccc4F)cc3)sc2c(O)c1Cl,0
protein40,1,Nc1ncc2c(-c3cccs3)cc(C(F)(F)F)nc2n1,1
protein40,1,CCOC1CC(CCCN(C)CCCNC(=O)c2cc(C)n(-c3ccc(C)cc3)c2C)CN2CCCC12,0
protein40,1,COc1cc2c(cc1O)CCN(C)C2CCC(C)O,0
protein40,1,O=C(O)c1cccc2c1cc1ccsc1[n+]2C(CO)Cc1ccccc1,0
protein40,1,CC1CCC(NC(=NO)c2cccnc2O)CC1,1
protein40,1,CCc1c2c(=O)nc(Nc3ccccc3Cl)n1c1ccccc21,1
protein40,1,NCCCS(=O)(=O)c1ccc(Oc2ccc(F)cc2)cc1,0
protein40,1,O=C1C2=C(NCCCN2C(=O)OCc2ccccc2)C(NC2CCCC2)c2c(F)ccc(Nc3ccccc3F)c21,1
protein40,1,CCN(CC)CCNC(=O)c1cncc2c1CCN(c1nc(-c3cnccn3)cs1)C2,0
protein40,1,CC(C)NCC(N)C(c1ccc(Cl)cc1)c1ccc(-c2ccc3nc(-c4ccccc4Cl)oc3c2)cc1,0
protein40,1,CCOCc1cccc(-c2cc(OC)c3oc(=O)ccc3c2)c1,0
protein40,1,CC(C)(C)c1cccc(C(=O)N2CCC(C(=O)Nc3cccnc3Cl)CC2)c1,0
protein40,1,O=C1Nc2ccccc2C1(CC1CCNCC1)Sc1ccccc1[N+](=O)[O-],1
protein40,1,Cc1cc(Nc2ccccc2O)n(-c2ccccc2C#N)n1,0
protein40,1,CC1(C)COc2ccc(C#CCCC(N)C3CCN(c4cc(N5CCC(F)(F)C5)ncc4F)C3)cc2O1,0
protein40,1,Cc1ccc(Nc2nnc(Cc3cccnc3)s2)nc1,0
protein40,1,CCCN(CCC)c1nc(O)cc(-n2cnc3c(O)c(C)ccc32)n1,1
protein40,1,Cc1ccc2nc(Nc3cccc(Cl)c3)c(Cc3ccccc3)c(=O)n2c1,0
protein40,1,Nc1ncc(-c2ccc(CC3CCN(C(=O)C(F)(F)F)CC3)c(Oc3cccc(Cl)c3Cl)c2F)cn1,0
protein40,1,CC(C)(CC(F)(F)F)c1ccc(C(=O)Nc2cc3cccnc3cc2N2CCCC(N)C2)cc1,0
protein40,1,Cc1cc2ccccc2n1-c1nc(-c2ccccc2C(=O)Nc2ccccn2)n[nH]1,1
protein40,1,CC1CCCN(c2nc(C#N)c3c(-c4ccnc(Nc5cccc(C#N)c5)n4)cccc3c2C(C)C)C1,1
protein40,1,CCN(CC)C(=O)c1cc(S(=O)(=O)Nc2ccc(OC)c(OC)c2)ccc1NC(=O)c1ccccc1,0
protein40,1,CCn1c(=O)c(Oc2ccc(-c3ccc(N4CCCCC4)nn3)cc2C)nc2ccccc21,1
protein40,1,Cc1cc(NC2CCCC2)ncc1-c1cc(C(F)(F)F)c(C#N)c(Nc2cncc(C(=O)O)c2)n1,0
protein40,1,O=C1CCc2ccc(Oc3nc4ccccc4c4c3C(O)C3CCCCN3C4)cc2N1,1
protein40,1,CCOc1cc(N2CCN(CC[n+]3c4c(c(C)c5ccccc53)CCC4)CC2)ccc1C,1
protein40,1,Cc1nc2cc(CN)c3cccc(C)c3n2c1-c1cc(OCCn2ccnc2)c(C#N)s1,1
protein40,1,Cc1cncc(-c2nc3ccccn3c2Nc2cccc(CC(=O)NC3CCS(=O)(=O)C3)c2)c1,0
protein40,1,CC(C)Cc1nnc(NC(=O)c2cccnc2NC(=O)CCc2ccccn2)s1,0
protein40,1,S=C(Nc1ccccc1)N1CCN(c2ccccc2Cl)CC1,0
protein40,1,COc1cc(C(C)N2CCC(Oc3ccc4c(c3CCC3CCC(C)CN3CC(C)C)OCCC4(C)C)CC2)cc(NC(=O)C(C)(C)C)c1OC,0
protein40,1,Cc1cc(C)c(C)c(Oc2c(CN(C)C(C)C)sc3ncnc(N)c23)c1,1
protein40,1,CC(C)CNC(=O)C1CCN(CCC(c2ccccc2)(c2ccccc2)c2ccccc2)CC1,0
protein40,1,CN(C(=O)C(NC(=O)c1cc2ccccc2o1)C1CCC(O)C1)C(Cc1ccccc1)C(=O)O,0
protein40,1,CC(=O)N(CP(=O)(Oc1ccccc1[N+](=O)[O-])c1ccccc1)c1ccccc1C,1
protein40,1,CCOc1cc(-c2ccc3c(c2)CC(c2ccc(Cl)cc2)C2C(=O)NN=C32)ncn1,0
protein40,1,Cc1ccc(Nc2nccc(-c3c(C)nc(N)c4cnn(C5CCCCC5)c34)n2)cc1,0
protein40,1,NC(=O)C1c2ccccc2C(=O)N(C2(O)CCC(F)C2)C1c1c(-c2ccc(F)cc2Cl)[nH]c2ccccc12,0
protein40,1,COc1cccc(NC23CCN(C4CC(C)(C)Cc5ccccc54)CC2COC3)c1,0
protein40,1,O=C1CC(c2ccc(Oc3ccccc3)cc2)SC(NNc2ccc(OC(F)F)cc2)=N1,1
protein40,1,Cc1ccc2c3c(ccc2c1)-c1ccccc1C(n1ncc(C(=O)O)c1N)C3,1
protein40,1,O=C1Nc2cc(F)ccc2C1(NCCN(CCO)C1CC1)c1ccc(F)cc1,0
protein40,1,CCC(C(C)=O)C1OCCC2C1N1C(CCCCCCC(=O)C(F)(F)F)CCCC1N2CCc1ccccc1,0
protein40,1,CCN(CC)CC1C(N(C)C)CCC(O)CCC2(CC1N1CCC(O)C1)C(=O)N(C)c1ccc(C(=N)N)cc12,0
protein40,1,O=C(CC1Nc2ccccc2N2CCN(Cc3ccccc3)CC12)NCCCCCO,0
protein40,1,CC#CCc1ccc(-c2c(C)nc(N)n2C)cc1,1
protein40,1,CCC1CN(C(=O)c2ccccc2N(C)C)C2C=C(C)CC2O1,1
protein40,1,CC(=O)c1cccc(N(CC(=O)NCc2ccc(F)cc2)C(=O)c2ccc(S(=O)(=O)Cl)c(Cl)c2)c1,1
protein40,1,O=C1c2[nH]cnc2C(O)(C(F)(F)F)N1c1cccc(Cl)c1,0
protein40,1,O=CN1CCN(c2nc(-c3cccc(OCC(F)(F)F)c3)cs2)CC1,1
protein40,1,CC(C)(CN)CN1CCN(c2cc(C(F)(F)F)nc3cc(Cl)ccc23)CC1,1
protein40,1,CCCCCN1N=C(Cc2ccc(Cl)cc2Cl)C(C)C1(C)O,0
protein40,1,CCC(C)OP1(=O)CCC(C)(C(CCC(CO)CO)OC(=O)c2cccnc2)S1,0
protein40,1,CC(C)C1CCCC1=NNC(N)=S,0
protein40,1,Cc1ncc([N+](=O)[O-])n1CC1CCCN1Cc1nnc(O)c2ccccc12,1
protein40,1,CC(=O)Nc1ccc(C=NNC(=O)C(C#N)c2c(Cl)cccc2Cl)cc1[N+](=O)[O-],1
protein40,1,CCCCCC(NC(=O)c1cc(C)c(C)cc1S(=O)(=O)N(C)c1ccccc1)C(=O)NC(C)C(=O)O,0
protein40,1,CCn1cc(-c2ccc(C(C)(C)C)cc2)c2c(Sc3ccccc3C(=O)NC)nc(N)nc21,1
protein40,1,Cc1cc2cc(-c3cc(C(=O)NC(=N)N(C)C)cnc3N)cnc2cc1C,0
protein40,1,CC(O)c1cc(-c2cc(C(N)=O)cc(S(=O)(=O)N3CCOCC3)c2N)c(F)cc1F,0
protein40,1,CC1CN(c2ccc(C(F)(F)F)cc2-c2cc(C(=O)O)cn2-c2ccc(F)cc2)CCCN1,1
protein40,1,CCCCOc1ccc(-c2nc3cc(Cl)ccc3n2CCOCC)cc1,0
protein40,1,CCn1cc(C(=O)O)c(=O)c2cc(F)c(-c3ccccc3)c(F)c21,0
protein40,1,O=C(Nc1ccc2c(c1)CCCC2)c1ccc(-c2ccncc2)o1,0
protein40,1,NCC1CN(c2ccc(Oc3ccnc4c(CN5CCCCCCC5)cccc34)cc2)Cc2ccccc21,1
protein40,1,O=C(CC1=C(c2ccccc2)C(NO)=NCC1)NO,0
protein40,1,CC[N+](CC)(CC)COCC1Cc2c(cccc2NC(=O)CCl)CC1(C)C,0
protein41,1,Cc1c(-c2cc(F)cc(C#N)c2)nc2c(-c3ccoc3)cnn2c1O,1
protein41,1,CCC1(c2ccccc2)CCN(c2cccc(C#N)c2)C1,0
protein41,1,CCCCn1nc(C(F)(F)F)c(C=Nc2cn(C)nc2-c2ccc(C)cc2)c1N,1
protein41,1,Cc1ccc(Nc2nc(-c3cc(C(=O)N4CC(c5ncnc(O)c5C)C4)cc(C(F)(F)F)c3)cs2)cc1,1
protein41,1,CCOc1ccc(Oc2nc3ccccc3c(=O)n2C)cc1S(=O)(=O)N1CCOCC1,1
protein41,1,O=C(CCNC(=O)c1cccc(Cl)c1)Nc1nnc(-c2ccncc2)s1,0
protein41,1,NCC1CCN(c2c(-c3ccccc3)cnc3cc(F)ccc23)CC1,1
protein41,1,Cc1ccc(C(=O)N2CCCC23CCN(CCOc2ccc(F)cc2)CC3)nc1,0
protein41,1,CCn1cc(C(=O)N2CCCCC2CC(=O)N2CCCCC2)c2ccccc21,1
protein41,1,CC(C)=CC(=O)Nc1ccc2c(c1)C1(CCN(Cc3cnc(N4CCOCC4)s3)CC1)CC(=O)N2,0
protein41,1,CC1=NNC(=O)C1c1ccc2ccccc2n1,0
protein41,1,CC(=O)NCCNc1nnc(O)c2ccccc12,0
protein41,1,Cc1[nH]c2cc(C(C)(Cc3ccccc3)N=C3NCCC3(C)C#N)ccc2c1C,1
protein41,1,CC(C)CC(C(=O)NCC(=O)O)N1CC(Oc2cccc(C(F)(F)F)c2)C1=O,0
protein41,1,CCCCc1nc2c(NC)cc3cc2n1Cc1ccc(cc1)CN(CCN(C)C)C(C)O3,1
protein41,1,CC(=O)c1cn(-c2ccc(Oc3ccccc3)cc2)c(-c2ccccc2)n1,0
protein41,1,CCOc1ccccc1C=Nc1ncc(Cl)c(Cl)c1N1CCN(C)CC1,0
protein41,1,CCCCC(=O)Nc1ccc2c(c1)CCC2=NNC(=O)c1ccccc1C,0
protein41,1,COc1ccc(C2(C)CC(c3ccc(I)cc3)=NN2c2cccc(C)c2)cc1O,0
protein41,1,CCc1cnc(NC2CCN(S(=O)(=O)c3cccc4cncnc34)CC2)nc1,0
protein41,1,Cc1ccc(OCC(=O)Nc2cc(S(=O)(=O)Nc3nccs3)ccc2N2CCCC2)cc1C,0
protein41,1,Cc1ccc(S(=O)(=O)N(C)C(C)C(=O)N2C(=O)C(C)c3c(C)cc(C(F)(F)F)cc32)cc1,1
protein41,1,CCCCC(C)c1nc(O)c2nc3cc(S(=O)(=O)Nc4ccc(Cl)cc4F)ccc3cc2n1,1
protein41,1,CCC1CCCCN1S(=O)(=O)c1cccc(C(=O)Nc2nnc(C)s2)c1,0
protein41,1,CC1CC(C)CN(c2nc3c(cc2F)c(=O)c(C(=O)O)cn3C2CC2)C1,0
protein41,1,O=C(C1CCCCC1)N1CC#CCN(c2cccc(F)c2)C1=O,0
protein41,1,Cc1nccc2nc(-c3cccn3C)nc(N3CCC(C)CC3)c12,1
protein41,1,NC(=O)c1cn(-c2c(F)cc(C(F)(F)F)cc2C(F)(F)F)c2cc(-n3cccn3)c(F)cc2c1=O,0
protein41,1,O=C(Nc1cc(F)ccc1N1CCOCC1)c1ccc2c(c1)c(=O)c(=O)[nH]n2Cc1ccccc1Cl,0
protein41,1,NC1CCCC1NC(=O)OC(CO)c1occc1COc1c(CN2CCCCC2)cccc1-c1cncc(=O)s1,0
protein41,1,Cc1ccc(Sc2nc3ccccc3c(=O)n2CC(=O)Nc2cccnc2N2CCCCC2)cc1C,1
protein41,1,Cc1ccc2c(c1)n(CCNCC(C)C)c(=O)c1cc(-c3ccc(C(=O)N4CCC(O)C4)nc3)cn12,0
protein41,1,CCOCc1ccccc1NC(=O)CSCc1cc(-c2ccccc2Cl)ccc1O,0
protein41,1,CC(=O)COc1ccc2nc(C)c(-c3ccc(OCC(=O)NCc4ccco4)c(C#N)c3)n2c1,1
protein41,1,CS(=O)(=O)N1CCc2nc(SCc3ccc(F)cc3)nc(N)c2CC1,0
protein41,1,CCCOc1cc(NS(=O)(=O)C2(C)CCCCC2(C)N)cc(-c2cccc3nc(C#N)nc(N4CCCC4C)c23)c1,1
protein41,1,Clc1ccc(-c2ccncc2Oc2nc(Cl)cc(N3CCCOCC3)n2)cc1,1
protein41,1,Cc1nc(-c2ccc(Cl)cc2)c2cnn(Cc3ccccc3C)c2n1,1
protein41,1,CCn1cc(-c2cc(NC(=O)Cc3ccccn3)cc(C(C)=O)c2)c(-c2ccc(F)cc2)n1,0
protein41,1,O=C(O)c1ccccc1-n1cc(CC2CCN(C(=O)OCc3ccccc3)CC2)c2ccccc21,0
protein41,1,O=C(N=c1scc2n1CC1CCCCN1C(=O)C2)c1cccc(C(F)(F)F)c1Cl,0
protein41,1,c1ccc2c(c1)ncn2CCN1CCN(c2noc3ccccc23)CC1,1
protein41,1,O=C(Cn1c(=O)n(Cc2ccccc2)c2ccccc21)NN=C1CCCCC1,0
protein41,1,CCCC=CC(=O)N1CCC2C1CCN2C(=O)C(C)(C)C,0
protein41,1,CC(=O)N1CCc2cc3ccccc3n2C1c1ccccn1,1
protein41,1,CC(=O)OC(C)C1(C)CCOc2ccccc2C2CC(=NN2S(C)(=O)=O)c2ccc(cc2)-c2ccccc21,0
protein41,1,CC1=CC2c3ccccc3C2C(C)(C)N1,1
protein41,1,CCC1CN2CCOC(Cc3cccc(c3C)OCCS(=O)(=O)N1C)C2C,1
protein41,1,Cc1cc(N2CCOCC2)ccc1Nc1nc(OCC2CC2)cc(-c2ccc(N)cc2)n1,1
protein41,1,CC1CN(CC#Cc2ccc(Oc3ccc(C#N)c(C(F)(F)F)c3)nc2)CCO1,1
protein41,1,Nc1ncnc2cccc(-c3ccccc3Cn3c(N)c(F)cc(C(F)(F)F)c3=O)c12,1
protein41,1,CC(C)CCCNC(=O)c1cn(Cc2ccnc(C#N)c2)c2ccccc12,0
protein41,1,CC(=O)Nc1ccccc1NC(=O)c1cccc(F)c1F,0
protein41,1,NC(=O)c1sccc1NC(=O)c1cc2cccc(Cl)c2n1Cc1ccc(C(=O)O)cc1,1
protein41,1,CCC(NC(N)C(Cl)(Cl)Cl)C(C)C,0
protein41,1,CCCCCCNC1C=C(CC(CN(C)Cc2ccsc2)Cn2cc(C(F)(F)F)ccc2=O)C(C(C)CO)O1,0
protein41,1,CC(C)CC1OC(c2ccc(Cl)cc2F)NC1=O,0
protein41,1,Cc1cc(C2CC(O)(CCC(C)C)C(C)O2)c(C)c2c1C(=O)OC2,0
protein41,1,CCC(=O)N(C)C1C(NC(=O)Nc2ccc(Cl)c(Cl)c2)c2ccccc2C1(C)C,0
protein41,1,Cc1nn(-c2ncccn2)c(C)c1COC(=O)c1cn(-c2ccccc2Cl)nc1C(F)(F)F,0
protein41,1,CC(C)C1(N=CN2CCN(c3nncc4ccccc34)CC2)CCCCC1,1
protein41,1,CC1(C)CCN1C(=O)C1CC2CC(CC(OC(=O)c3ccncc3)c3ccoc3)(CCO2)N1Cc1ccccc1,1
protein41,1,Cn1cc(-c2ccc3nc(S(=O)(=O)N4CCC(N5CCOCC5=O)C4)sc3c2)cn1,1
protein41,1,CC1(C)CC#CC2=C1CCC2N,0
protein41,1,CC1CCC(C(CN2CCC3(CC2)C(=O)c2ccc(N(C)C)cc2C3=O)Cn2ccnc2)CC1,1
protein41,1,O=C(O)c1cc2c(SC(F)(F)F)c3ccccc3n2c(=O)s1,0
protein41,1,CCCn1cc(CN2CCCC(c3nc(C)nc(N)c3-c3cccc(C)c3)C2)cn1,1
protein41,1,Cc1nc2c(=O)[nH]c(-c3cn(Cc4ccccc4)nc3-c3ccccc3)cc2o1,1
protein41,1,CC(C)c1ccc(NC(=O)c2ccccc2)cc1N1CCN(S(C)(=O)=O)CC1,0
protein41,1,Cc1cccc(C)c1NC(=O)C1CCCN(S(=O)(=O)c2ccccc2)C1,0
protein41,1,O=C(Nc1ccc2sc3c(c2c1)COC3)c1cc(S(=O)(=O)N2CCOCC2)c(F)cc1F,0
protein41,1,O=C(NN=Cc1cccc(Oc2ccccc2)c1)c1ccc([N+](=O)[O-])cc1,1
protein41,1,Cc1cc(-c2nc(N)n(S(=O)(=O)c3ccccc3)n2)ccc1F,1
protein41,1,Cc1ccc(-c2ccc(C3(CNC(=N)N)CCCCC3)cc2)nn1,0
protein41,1,Cc1cnc(N(C)C2CC3(CCN(CCO)CC3)C2)nc1,0
protein41,1,CCC(C)NC(=O)c1cnc2c(cnn2Cc2ccccc2F)c1Nc1ccccc1OC,0
protein41,1,Cc1cc(-c2ccc(C#N)cc2)cc2c1C(=O)CC(N(C)C(=O)OC(C)(C)C)C2=O,1
protein41,1,CCS(=O)(=O)Nc1cccc(-c2nc3c(C)c(C)ccn3c2NCc2cccc(CN3CCOCC3)c2)c1,1
protein41,1,CC1C(=O)NC(C(=O)O)CC1(C)C,0
protein41,1,O=C1Nc2c(Cc3cccc4cccnc34)cc(O)cc2C1=O,1
protein41,1,CCC1(c2ccccc2)CC(NC(=O)c2sccc2C)c2ccccc2O1,1
protein41,1,CCCN(CC1COc2ccsc2C1)C(=O)c1cc(-c2c(F)cccc2Cl)on1,0
protein41,1,CCOC1CCN(Cc2ccc(C(N)c3ccccc3F)c(S(=O)(=O)N(C)C)c2)CC1,0
protein41,1,CC(C)=CCC(=O)Nc1nnc(NC(=O)c2ccc(-c3cnc4ccccc4c3)cc2F)s1,1
protein41,1,Cc1ccc(S(=O)(=O)NC2CCCC2)cc1N1CCN(C)CCC1=O,0
protein41,1,CCn1c(Sc2ccccc2C(=O)n2ccnc2)nc2cc(NC(=O)C3C=C(Cl)c4ccccc43)ccc21,1
protein41,1,O=CCCN1CCCC(COc2ccccc2C(c2cc(F)ccc2F)S(=O)(=O)c2ccccc2)C1,0
protein41,1,CCN(CC)C(=S)N1C(=O)c2ccccc2C1O,1
protein41,1,O=C(Nc1[nH]c2cncnc2c1-c1ccc(OC(F)(F)F)cc1)c1ccsc1,1
protein41,1,N=C(N)c1cccc(CC(O)c2cc3ccccc3nc2CC(=O)O)c1,0
protein41,1,CCCn1cc(NC(=O)c2oc3ccccc3c2O)cn1,0
protein41,1,CC1CCN(c2cccc(-c3cc(NCC(C)(C)CN)nc4cc(F)ccc34)n2)CC1,1
protein41,1,CCOc1ccc(Nc2ccc(S(N)(=O)=O)cc2[N+](=O)[O-])cc1,1
protein41,1,CC(C)Oc1ncc2ccccc2c1Nc1nn(CC2CCCCC2)c(C(F)(F)F)c1C(N)=O,1
protein41,1,O=C(CC(C(O)c1ccc(F)cc1)N1CCOC(OCc2cccnc2)C1)N1CCOCC1,0
protein41,1,O=C(CSc1nnc2ccccn12)N(Cc1ccccc1)C1CCCC1,0
protein41,1,CCCS(=O)(=O)Nc1ccc(OC)c(C2Cc3ccccc3CN2C(=O)c2ccc(OC)c(S(=O)(=O)N3CCOCC3)c2)c1,1
protein41,1,Cc1cc(S(C)(=O)=O)c(OCc2ccccc2Cl)cc1Nc1nc(=O)ccn1C,0
protein41,1,CCCCC(=O)N=c1scc2n1CSc1cc(OC)ccc1-2,1
protein41,1,Cc1ccc2c(c1)C(CN1CCN(c3c(Cl)ccc4cc(-c5ccncc5)nn34)CC1)CC(=O)N2,0
protein42,1,O=C(NC(=S)Nc1ccc(OC(F)(F)Cl)cc1)c1ccc(Cl)cc1Cl,0
protein42,1,Fc1ccc2nccc(-c3ccc4nc(N5CCNCC5)sc4c3)c2c1F,1
protein42,1,CCCCNC(=O)c1c(=O)c(C)c(C)n2nc(-c3ccccc3)n(-c3ccccc3)c12,0
protein42,1,CCCCC(C)CC(NC(=O)c1ccc(N)c([N+](=O)[O-])c1)C(=O)N1CCCCC1c1nc2ccccc2[nH]1,1
protein42,1,CCc1cc(-c2cn(C=O)c3cc(C(=N)N)ccc23)c(CC)nn1,0
protein42,1,Cc1ccc(C(=O)N2CCNC(C)C2)cc1NC(=O)c1ccc(Cl)c(-c2ccccc2)c1,0
protein42,1,CC1(O)CCCC(=Cc2cccc(NC(=O)c3ccc([N+](=O)[O-])cc3Cl)c2)C1,1
protein42,1,CCCCC1CC(NC(=O)COc2ccccc2C)CN1C(=O)c1ccc(-n2ccc(C#N)c2)cc1F,0
protein42,1,CCNc1ccc2c(n1)Nc1c(c(OC)cc3c(C)c(C)sc13)C2c1cnn(C)c1,1
protein42,1,Cc1nc(O)nc(C)c1N1CCCC1c1ccc(C(F)(F)F)cn1,0
protein42,1,CCOC(=O)c1sc(NC(=O)c2ccccc2F)nc1C,0
protein42,1,CCCCC(CCN1CCCC1)=NNC(=S)NCCN1CCC(Cc2ccccc2)CC1,0
protein42,1,CCCC(=O)c1cc(-c2ccncc2)nn1-c1ccccc1,0
protein42,1,Nc1ncc(-c2cc3c(Nc4cccnc4Cl)nccc3[nH]2)c(C(F)(F)F)n1,0
protein42,1,O=C1Nc2c(Cl)cc(Cl)cc2C12CCCN2,0
protein42,1,CCc1ccc(NC(=O)c2ncccc2-n2cc(C#N)c(N(C)c3ccc(OC)cc3)n2)c(C)c1,1
protein42,1,Cc1cccc(CN2CCCC2c2nccs2)n1,0
protein42,1,CCn1cc(-c2c(Nc3nnccc3C)ccc3c2c(OC)cc2c(=O)n(CCC(C)C)c(=N)[nH]c23)cn1,1
protein42,1,Cc1ccc(Cn2c(CN3CCNCC3)nc3ccc(C)cc32)cc1,1
protein42,1,CC1(C(F)(F)F)OC(CCOc2cc(N)ccn2)c2c1cc(Cl)c(F)c2Cl,1
protein42,1,CC(=O)n1cc(C(NC(=O)OC(C)(C)C)(C(F)(F)F)C(F)(F)F)cn1,0
protein42,1,CC1(C)CCN(C(c2ccccc2)c2ccccc2)C1,0
protein42,1,CC(C)c1nc(C(C)(C)C)cc2c1C(=O)N(c1ccc(F)cc1F)C2=O,0
protein42,1,CC1=C(N(C)Cc2ccccc2)C(=O)c2ccc(F)cc21,0
protein42,1,O=C(Nc1nc(C(F)(F)F)ccc1NC1CCC1)c1sccc1[N+](=O)[O-],1
protein42,1,CCN(CC)S(=O)(=O)c1ccc2ncc(-c3cnn(CCn4ccnc4)c3)c(Cl)c2c1,0
protein42,1,O=C1CCCN1c1cnc2cccc3c2c1COc1cccnc1-3,1
protein42,1,Cc1c2c(n3ccc(-c4ccc(Cl)cc4)c3c1O)CCNCC2,0
protein42,1,CC1CCN1CCn1cnc2cc(-c3c(Cl)cccc3Cl)n(Cc3cccc4c3OCCO4)c2c1=O,0
protein42,1,O=C(NC(=O)c1ccccc1)C(=Cc1cccnc1)Cc1cccnc1,0
protein42,1,CCC12CN3C4=NN(CC(O)CC(C5CCCCC5)Oc5ncccc5N(C)C1=O)C(=O)C2C(C4)c1ccccc13,0
protein42,1,CCC1(C)Oc2ccc(C(F)CN3CCNCC3)c(F)c2C(C(=O)N2CCSC2c2ccc(F)cc2)=C1C,0
protein42,1,CCNC(=O)c1ccccc1NC(=O)C(=Cc1c(F)cccc1Cl)NC,0
protein42,1,O=C1c2ccc(Cl)cc2C(=O)N1CC1C2CCCN3CCC1(CC3)C(OS(=O)(=O)[O-])CC2,0
protein42,1,Cc1cccc(C)c1Nc1nccc(-c2cn(C3CCNCC3)c3c(F)ccc(C#N)c23)n1,1
protein42,1,CC(C)C(NCc1ccccc1)P(=O)(O)O,0
protein42,1,Cc1ccc(NC(=O)CS(=O)(=O)Cc2ccc(F)cc2)cc1-c1noc(C2CC2)n1,0
protein42,1,CC=CC(=O)N1CCCC1C(=O)N1C(=O)C2(CCOC(C)(C)C2)c2ccccc21,0
protein42,1,O=C(c1nc2ccc(Cl)cc2s1)N1CCCC(N2CCOCC2)C1,0
protein42,1,O=C(Cc1n[nH]c2ccc3c(c12)-c1ccccc1C3=O)Nc1cccc(F)c1,1
protein42,1,CCn1c(SCCCSc2nc(O)c3c(-c4ccco4)n[nH]c3n2)nc2ccccc21,1
protein42,1,Cc1nnc(NC(=O)N(C)CCN(Cc2ccccc2)C2CCc3ccccc32)s1,0
protein42,1,Cc1c(C(=O)Nc2cc(C(=N)N)ccc2O)c2ccccc2n1Cc1ccccc1,0
protein42,1,Cc1cc2c3c(c(NC(=O)CC(C)(C)C)ccc3n1)C(=O)C=N2,1
protein42,1,Cc1cc(C)c2c(C)nccc2c1S(=O)(=O)NC(C)C(=O)c1ccc(F)cc1,1
protein42,1,NC(=O)C1=CC2CCC(O)(O2)C1n1c(=O)n(-c2cc(Cl)ccc2F)c2ccccc21,0
protein42,1,CCc1ccccc1N1C(=O)CC(NCCN2CCOC(C)C2)C1=O,1
protein42,1,CCC1CCC(O)(CS(=O)(=O)N2CCN(C(c3ccccc3)c3ccccc3F)CC2)CC1,0
protein42,1,CCC(O)CN1CC(O)CN(C(=O)OCc2cc(F)c(F)cc2F)C(C(=O)O)C1,0
protein42,1,Cc1noc2c1CCn1nc3cc(-c4ccc(N)nc4)cc(N4CCCCCC4)c3c1-2,1
protein42,1,Cc1noc(-c2ccccc2N(C)c2ccc(-c3cn4cc(F)c(C(F)(F)F)cc4n3)cn2)n1,1
protein42,1,CCC(=O)Nc1cc2c(c(-c3cn(CC#N)c(=O)c4ccncc34)c1)OCC2,0
protein42,1,CC(=O)N1CCCCC1COc1cc(Nc2ccc(I)c(Cl)c2)ccn1,0
protein42,1,Cc1cnc(-c2ccc(NC(=O)C3CCCC3)cc2Cl)c(NS(=O)(=O)c2cc(Cl)ccc2Cl)c1,1
protein42,1,Cc1ccccc1-n1cnc2c(c(C)nn2-c2ccncc2)c1=O,1
protein42,1,COc1ccc(OC)c(Nc2c(-c3ccc4scnc4c3)cn3c(C(C)C)c(N(C)C)nc3c2C#N)c1,1
protein42,1,CN1CCN(C(=O)C2(C)CC3(CCC2O)CC2(CCCc4ccc(F)cc42)NCN3)CC1,0
protein42,1,CC(C)N1CCC(N(C)c2nc(-c3c(Cl)cccc3C(F)(F)F)cc(N3CCOC3=O)n2)C1C,0
protein42,1,Cc1cc(OCc2ccccc2)nc2ccccc12,1
protein42,1,Cc1cc(-c2ccncc2)c(CC2CC(N3CCCC3)CCN2C)c(N(C)C)c1,0
protein42,1,CCc1ccccc1-c1cc2c(C(=O)Nc3ccccn3)nn(-c3cc(C)cc(C)n3)c2s1,0
protein42,1,O=C(CCn1c(=O)sc2cc(Cl)ccc21)NCc1ccccc1Cl,0
protein42,1,Cc1nc2ccccc2c(O)c1C=Nn1c(COc2cccc(F)c2)nnc1-c1cccs1,1
protein42,1,Cc1nc2c(c(=O)n1Cc1c(F)cccc1F)CN(C1CCCCC1)C(=O)N2C(C)C,0
protein42,1,O=C(Nc1ccc(OC(F)(F)F)cc1)c1cc(F)cnc1C(F)(F)F,0
protein42,1,Cc1cccc2c1N(C(=O)COC(=O)c1c([N+](=O)[O-])cnn1C)C(C)C2,1
protein42,1,CCNc1ccccc1NC1=CC(=O)Cc2ccccc21,1
protein42,1,CCCC#CC(O)CC1=CCN(c2ccc(O)cc2)C1=O,0
protein42,1,CC1=NN(C(=O)c2cc(-c3ccccc3)on2)C(CN(C)C(=O)OC(C)(C)C)C1,0
protein42,1,CCCCc1nccc2c1S(=O)(=O)ON=C2c1cccc(CCCN(C)C)c1Nc1nc(-c2ccccc2Cl)ncc1F,0
protein42,1,CCCNC(=O)C(C)NC(=O)c1c(N(C)C(=N)N)n(C)c2ccccc12,1
protein42,1,Cc1ccc(Nc2nccc(-c3cnc(N)c(OC(F)(F)F)c3)n2)cc1C,1
protein42,1,Nc1nc2ccccc2cc1Cn1ccc(-c2cncc(NC(=O)c3ccco3)n2)n1,1
protein42,1,CC(C)COc1ccc(C(=O)Nc2ccccc2C(=O)O)cc1F,0
protein42,1,CC(=O)Nc1ccccc1-c1ccc(S(=O)(=O)N2CCCC2=NC(=O)Nc2ccc(F)cc2F)cc1,1
protein42,1,CN1C(=O)C(=C(O)C2CCCCCC2)c2ccccc21,0
protein42,1,O=C(NCCCN1CCOCC1)C1CCN(c2ncccn2)CC1,0
protein42,1,Cc1nc2sc(C(=O)Nc3ccc(C(C)C)cc3)c(N)c2c2c1CCCC2,0
protein42,1,Cc1ccc2c(N)c3ccc(F)cc3nc2c1C,1
protein42,1,Cc1c(-c2ccncc2)cnn1Cc1cccc(Cc2ccccc2)c1,0
protein42,1,CC(C)(C)n1cnc2sc(NC(=O)c3ccccc3C(F)(F)F)nc21,0
protein42,1,CC(=O)Nc1cccc(C(=O)CS(=O)(=O)c2ccc(Cl)cc2)c1,0
protein42,1,Cc1nc(N(C)Cc2nnc[nH]2)c2nc(C3CCC3)sc2n1,0
protein42,1,CC(CCCc1ccccc1)NC(=O)Nc1ccccc1F,0
protein42,1,Cc1nc(N2CCN(C(=O)c3ccccc3)CC2)c(Cl)cc1F,0
protein42,1,CCCS(=O)(=O)Cc1cccc(-c2ccc3c(c2)nc(-c2ccccc2)c2c3sc(=N)n2C)n1,1
protein42,1,CCC1CCCCC1N1CCC(c2ccccc2)C1,0
protein42,1,CCN(CC)C(=O)c1csc(Nc2ncccc2C(F)(F)F)n1,0
protein42,1,O=Cc1cnc2c(Cn3ncc4c(Nc5ccc6c(c5)OCCO6)ncnc43)cccc2c1O,0
protein42,1,CC1(C)CN(c2nnc(OC(F)(F)F)c3ccccc23)C(=O)NC1C(N)=O,1
protein42,1,N#CCNCCCCN,0
protein42,1,CC(Cn1ccnc1)NC(=O)Nc1ccc(-c2cnc3c(c2)CC(CN2CCCCC2)CO3)cc1,0
protein42,1,CCN(CC)S(=O)(=O)C=CC(=O)Nc1cc(C(F)(F)F)c(Cl)cc1NC(C)=O,0
protein42,1,CC1(C)C(O)C(=O)N2CCOc3c(cc(C(=O)C(F)(F)F)c4ccccc34)C21C,1
protein42,1,CCC(C(=O)O)n1ncc2c3ccccc3c(=O)c3ccc(-c4csc(C(C)C)n4)cc3c21,0
protein42,1,Cc1nc(-c2ccc(NC3CCS(=O)(=O)C3)nn2)sc1C,0
protein42,1,O=C(Nc1ccc(C(F)(F)F)cc1)Nc1ccc2c(c1)NC(=O)C1(CCCC1)O2,0
protein42,1,Cc1ccccc1-c1c2cc(N3CCNCC3)ncn2c2ccc[n+]([O-])c12,1
protein42,1,O=C(Nc1ccnc2ccccc12)c1ccc(NCC2CCNCC2)cc1Cl,0
protein42,1,CC1CC(=O)C(C2(C)N3CCn4cccc4C3CCN2S(=O)(=O)c2ccc(F)cc2)O1,0
protein43,1,O=C(OCc1ccc(Sc2ccncc2)cc1)c1ccnn1Cc1ccccc1F,0
protein43,1,Cc1ccc2nc(N3CCOCC3)c(C)c(-c3cccnc3NCCCCN3CCOCC3)c2c1,1
protein43,1,CCC(C)C1C(=O)c2ccc(O)c3c2N(C1=O)C(C1CCCN(Cc2ccccn2)C1)C3,0
protein43,1,CC(C)C1CC2N(C1=O)c1ccccc1S(=O)(=O)N2C,0
protein43,1,CC(=O)Nc1ccc(C)cc1C(=O)C(=O)Nc1cccc(N(C)C)c1,1
protein43,1,CSc1ccc(C(C)=NOC(=O)NC2CCC(C)CC2)cc1NC(=O)c1nn(C(C)C)c2ccccc12,1
protein43,1,CCCC1(CNC)CCCC1=NNC(=O)c1cc2cc(S(N)(=O)=O)ccc2n1C,0
protein43,1,CCC(CNc1ccc(CO)cc1)NC(=O)c1cc(C)ccn1,0
protein43,1,O=C(O)C1CCC(COc2c(F)ccc3c2C(=CC2C(C(F)(F)F)NCCC2(F)F)C(=O)N3C2CCC(O)CC2Oc2ccccc2)N1,0
protein43,1,CCCCC(C)(C)c1c(N)c2ccccc2n(C(C)=O)c1=O,0
protein43,1,Cc1nc2cc(Nc3nc(C4CC4)nc4[nH]c(O)nc34)ccc2o1,0
protein43,1,Cn1c(=O)oc2cc(S(=O)(=O)N3CCC3(C)C)ccc21,0
protein43,1,O=CNC(=S)N(c1ccccc1)c1ccccc1C(F)(F)F,0
protein43,1,CC1CC1CN=C(Nc1cccc(O)c1)NS(=O)(=O)c1ccc([N+](=O)[O-])cc1,1
protein43,1,CCCCC(O)C1(O)CCn2c(c(N)c3ccc(C(=O)O)cc32)C12CCN1CC2CC(C(=O)O)C1c1cc(F)ccc1C,0
protein43,1,CC1CCCCC(C(=O)c2ccn(CCC(=O)O)n2)NC(=O)C2CCN(Cc3ccccc3C(F)(F)F)CC2C1,0
protein43,1,Cc1ccc(CC2C(=O)c3c(nn(-c4ccccc4)c3C(F)(F)F)CC2C)cc1,0
protein43,1,CCN(CC)CCn1c(=O)c2cc(CNCCC#N)cn2c2ccccc21,1
protein43,1,CCCCn1c(SCC(=O)NC(=S)Nc2ccc([N+](=O)[O-])cc2)nc2ccccc21,1
protein43,1,O=P(O)(OCCNC1CCCN(Cc2cc[nH]n2)C1)Oc1ccccc1,0
protein43,1,CC(=O)N(c1ccccc1)c1cccc(Cl)c1NC(=O)C(F)(F)F,0
protein43,1,CCC#Cc1cnc(Oc2ccc([N+](=O)[O-])cc2C)nc1,1
protein43,1,CCCCC1CCCCN1S(=O)(=O)c1ccc2nc(N3CCCC3)sc2c1,0
protein43,1,Cc1cnn2c1CCN1CC(C)(C)N=C12,0
protein43,1,CCN(CC)CCn1c(C)cc2cc(C3SCC(=O)N3CC(=O)O)ccc21,0
protein43,1,CC1=NS(=O)(=O)c2cc(OC(F)(F)F)ccc2N1,0
protein43,1,CCCCCCC(=O)NC1C(=O)N2C(c3ccccc3F)=C(C(=O)[O-])CSC12,0
protein43,1,CCn1c(C(F)(F)F)nc2cc(Nc3nc(N(C)Cc4cccnc4)c(C#N)cc3[N+](=O)[O-])ccc21,1
protein43,1,O=CN1Cc2cc(Cl)ccc2-c2nncn21,0
protein43,1,CCCCN1CCc2c(cnc3ccc(NC(=O)c4ccc(N(C)C)cc4)cc23)C1,0
protein43,1,CCN(CC)C(=O)c1cc(NC(=O)N2C(=O)c3c(Cl)cccc3C2C(C)(C)C)cc2c1CCCC2,0
protein43,1,Cc1ccc(C)c2c(NC(=O)C3COC(CN4CCCCC4C)N3)cc(-c3ccccc3F)nc12,1
protein43,1,O=C([O-])c1cccc(-c2cnc(Nc3ccc(OC(F)(F)F)cc3)s2)c1,0
protein43,1,Cc1cccc(C)c1OC1CC(C)COC1(CCC1CN(Cc2ccccc2S)CC(C(F)(F)F)O1)CNC(=N)N,1
protein43,1,Cc1ccc(C(=O)O)cc1N=Cc1c(=O)n(-c2ccccc2)n2ccc(Cl)cc12,0
protein43,1,CCNc1cc(-c2cccc(OC)c2OC)ncn1,1
protein43,1,FC(F)(F)c1cccc(-c2ccc3ncn(C4CCCC4)c3c2)c1,0
protein43,1,NC(=O)c1ccc(-n2nc(-c3ccc(=O)n(CC4CCCO4)c3O)cc2-c2ccccc2F)c(F)c1,1
protein43,1,Cc1ncccc1Oc1c2ccccc2c2ccc(-c3nnc(N)s3)nn12,1
protein43,1,CCNC(=O)c1cnn2c(-c3ccccc3)cc(-c3ccc(C(C)(C)C)cc3)nc12,0
protein43,1,CCCn1cnc(N2CC(Oc3nc4cc(F)ccc4nc3-c3ccccc3)CC2=O)cc1=O,1
protein43,1,CCN(CC)CCOc1ccccc1CNC(=O)c1cc2ccccc2n1C,1
protein43,1,Cc1ccc(CNc2cc(=O)n(C)c3ccccc23)cc1,1
protein43,1,O=c1c2ccccc2ncn1Cc1ccc(Cl)cc1,0
protein43,1,CC(C)(C)c1nn(Cc2ccnc(Oc3ccccc3C(N)=O)c2)cc1CN1CCCC1=O,0
protein43,1,CC(C)CC(Nc1cc(CN2CCNCC2)nc2ccccc12)C(=O)O,0
protein43,1,CN1CCN(C2CCc3cc(NC(=O)CC(C)(C)NC(C)(C)C)c(C#N)cc3C2)CC1,0
protein43,1,CCOc1ccc(Cl)cc1C(=O)Nc1nnc(-c2c(Cl)cccc2Cl)o1,0
protein43,1,Cc1ccc2c3c(cc(OCC(=O)O)c2c1)-c1ccccc1S(=O)(=O)N3,0
protein43,1,CCn1c(S)nnc1-c1ccccc1Cl,1
protein43,1,CCCN=C1SCC(C)N1c1c(C)cccc1[N+](=O)[O-],1
protein43,1,COc1ccc2c(Nc3ccccc3)c(Sc3ccc(N)nn3)cnc2c1,1
protein43,1,Cc1ccc(C)c(Nc2nc(C)nc3scc(C)c23)n1,1
protein43,1,CCCNC1CCN(c2cc3cccnc3c(C(=O)Nc3cc(Cl)ccc3N3CCCCC3)n2)CC1,0
protein43,1,O=C(NCc1ccccn1)c1[nH]ccc1S(=O)(=O)Nc1cccc(Cl)c1,0
protein43,1,CCC1CCCCN1C(=O)c1ccccc1NC=O,0
protein43,1,CC(CCCC(C)C)=NN(C(=O)CC#N)C(C)c1ccccc1,0
protein43,1,Cc1cc(-c2conc2C(=O)NCc2ccc(F)cc2)ccc1-c1ccccc1,0
protein43,1,CN1CCN(Cc2ccccc2-c2ccccc2)CC1C(C)(C)c1cc(OC(F)(F)F)ccc1Nc1nccc(-c2cccnc2)n1,1
protein43,1,CCCCC#CC#CC#CC#CCCC(=O)N1CCC(O)(CC)CC1,0
protein43,1,Cc1cc(Cl)c2cccnc2n1,1
protein43,1,Cc1c(CS(=O)(=O)N2CCN(c3ccc([N+](=O)[O-])cc3)CC2)cccc1C(=O)O,1
protein43,1,O=C(Nc1ccccc1-c1ccnnc1)c1cc2cccnc2n1Cc1ccc2cccnc2c1O,1
protein43,1,CC1(C)CC(=O)c2ccc(C3=CCCCC3)nc2C1,1
protein43,1,Nc1nccc(Nc2cccc(CC(=O)O)c2)n1,0
protein43,1,Cc1cc(C(=O)C2(O)CCN(C(C)(C)C)CC2)n(C(C)C)n1,0
protein43,1,CC(C)Cc1nc(N)cnc1-n1ncc(N2C(=O)C(N)CC2CCc2ccccc2F)c1-c1cccc([N+](=O)[O-])c1,1
protein43,1,CCNc1cc(-c2cccc3sc(-c4ccc(S(=O)(=O)N5CCOCC5)cc4C)nc23)ncn1,1
protein43,1,O=C1Nc2cc(C(F)(F)F)c(-n3cnnc3)cc2C12CC2,0
protein43,1,CCn1c(-c2ccc(N(C)C)cc2)nc2cccnc21,1
protein43,1,O=C(Nc1ccc(F)cc1F)c1cncc(Oc2ccc(F)cc2F)n1,0
protein43,1,FC(F)(F)c1ccc2sc(-c3cc(Nc4cccc(Br)c4)ccn3)nc2c1,0
protein43,1,CCOc1ccccc1NCC(=O)O,0
protein43,1,Nc1c(-c2ccccc2)c(O)c2ccccc2c1CC(=O)O,1
protein43,1,Cc1cnc(C(C)C)c(NC(=O)c2c(C)nn(-c3ccccc3)c2Cl)c1,0
protein43,1,CC(C)CC(NC(=N)N)C(=O)O,0
protein43,1,CCCCOc1ccc(-c2cc(C)nc(Nc3ccnc(N)n3)n2)cc1,0
protein43,1,Cc1ccc(-n2c(S)nnc2-c2ccccc2)cc1,0
protein43,1,CN1CCN(c2ncccc2C(=O)Nc2ccc3c(c2)CCC3)CC1,0
protein43,1,O=C1COc2ccc(CSc3nnc(-c4cc(F)ccc4N4CCCCC4)o3)cc2N1,1
protein43,1,O=C(OCc1ccccc1)N1CCCCC(CNS(=O)(=O)c2ccccc2)C1,0
protein43,1,Cc1cccc(C)c1C(=O)Nc1ccc([N+](=O)[O-])cc1NC(=O)c1ccco1,1
protein43,1,CCCNC(=O)c1c(CN(CCN(CC)CC)S(C)(=O)=O)c2ccccc2n1-c1ccc(OC)cc1,1
protein43,1,CCC(CC1(CC)Cc2cc(C(=O)NC(C)C(=O)NCc3ccccc3)ccc2O1)C(O)C(=O)O,0
protein43,1,CCn1cc(CC(=O)NCCN2CCCCC2)cn1,0
protein43,1,CC(C)CC(O)C(=O)N1CCCN(C2c3ccccc3Sc3cc(F)c(Cl)cc32)CC1,0
protein43,1,Cc1c(C(F)(F)F)noc1S(=O)(=O)Nc1cn(Cc2ccns2)c2ccccc12,1
protein43,1,O=C(CCS(=O)(=O)c1ccccc1)N1CCN(c2ncccn2)CC1,0
protein43,1,Cc1cc(C)c2c(c1)C(c1ccc(Cl)c([N+](=O)[O-])c1Cl)CC(=O)N2,1
protein43,1,CCOC(=O)N1c2ccccc2Sc2cc(C(=O)NC(=S)N(C)c3ccccc3)ccc21,0
protein43,1,CCOC(=O)C1CN(S(=O)(=O)c2ccccc2-c2cc(C3CC3)c3[nH]cc(C(=O)N(C)C)c3c2F)CC1CO,0
protein43,1,O=C1C=CCC2CCC(Nc3c4ccccc4nc4ccccc34)CN12,1
protein43,1,CC(C)c1c(-c2ccccc2)n(CCCCCN2CCNC2=NC(=O)c2ccccc2C(C)(C)C)c2ncccc12,0
protein43,1,CC(=O)Nc1cc(-c2ccc(C3CC3)nc2)nc(-n2nc(C)cc2C)n1,0
protein43,1,CC(Cc1cncc(-c2ccc3c(c2)OCCO3)c1)[N+](=O)[O-],1
protein43,1,CC1(C)c2cc(-c3nc4ccccc4s3)ccc2NC(=O)c2cnc(N)nc21,0
protein43,1,CCC(c1ccccc1)N1C=NS(=O)(=O)c2ccc(CNc3ncc4c(n3)CCCC4)cc21,0
protein43,1,Cc1cccc(C(=O)Nc2ncc(S(=O)(=O)N3CCN(C)CC3)s2)c1OCc1ccccc1,0
protein43,1,CCCCCC(C)c1cccc2ncn(N)c(=O)c12,0
protein43,1,N=C(N)c1ccc([N+](=O)[O-])cc1,1
protein44,1,Cc1cnccc1CN(C)C1CCN(c2nc(N)nc3c2c(C)nn3C)C1,1
protein44,1,CCn1cc(-c2cnc(N3CCOCC3)c(-c3ccccc3OC)c2)c2c(Cl)ncnc21,1
protein44,1,CCCCc1nc2ccc(OC3CCNC(C)C3)cc2c(-c2cc(OC)c(F)cc2F)c1C,1
protein44,1,O=C(CC1C=C(c2ccccc2)c2ccccc21)NO,1
protein44,1,CCOc1cc2cccnc2cc1OC1CCN(CC#CCN2CCCC2)CC1,0
protein44,1,CCc1csc(-c2ccc(C)cc2)n1,0
protein44,1,Nc1c(-c2ccccc2)cnc2cc(C3CCCN3Cc3cccnc3)nn12,1
protein44,1,CC(=O)N1C(c2ccc(C)cc2)=C2CC1Oc1ccc(cc1)S(=O)(=O)Nc1ccc(O)cc12,1
protein44,1,O=C(Nc1cccnc1CN1CCCC1)c1ccc2c(=O)n(Cc3ccccc3Cl)ncc2c1,0
protein44,1,O=Cc1c(Cl)ccc2c(NCc3ccc(F)c(F)c3F)ccnc12,1
protein44,1,O=Cc1ccc(O)cc1-c1ccccc1,0
protein44,1,CCc1cc2c3cc4c(cc3c1C#N)c(c(C)n4C)CC(N)CN1C(=O)CCc3cc(ccc31)C(=O)NCC2,1
protein44,1,CCCCNC(=O)c1nn(Cc2ccc(OC)cc2)c(=Nc2ccc3sc(S(N)(=O)=O)cc3c2)s1,1
protein44,1,CC(C)c1ccc(Nc2nccc(-c3cnc4cnc(N)c(-c5cn(C)c6ccccc56)c4n3)n2)cc1,1
protein44,1,Cc1ccc2c(S(=O)(=O)CCC(=O)N3CCN(C)CC3)cn(CCN3CCCCC3)c2c1,0
protein44,1,Cc1cccc(C(=O)Nc2cc3c(c4c2Cc2cnc(N)cc2-4)OCCO3)c1,1
protein44,1,Cc1ncc([N+](=O)[O-])n1Cc1ccc2ccc(OC(F)(F)F)cc2n1,1
protein44,1,O=C(Nc1cccc(-c2csc(CSc3ccc(Oc4ncc(Cl)cc4F)cc3)n2)c1)N1CCCC1,0
protein44,1,CC(C)CC1CCC(=O)N1CCC(=O)Nc1c(F)cccc1C(F)(F)F,0
protein44,1,O=C1Cn2c(=O)n(c3ccccc32)-c2cc(F)ccc2Oc2ccccc2N1,0
protein44,1,O=C1c2ccccc2C(=O)N1CCCCSc1nnc2ccccn12,0
protein44,1,CCC(CO)CCN(c1nc(N)c(-c2ccccc2)c(=O)[nH]1)C1CCN(c2ncccn2)C1,0
protein44,1,Cc1cc(C)nc(Nc2cc3c(cc2Cl)C(=O)N(Cc2ccccc2C(F)(F)F)CCC3)n1,0
protein44,1,Cc1cc(C(=O)Nc2nnc(CCc3ccccc3)s2)on1,0
protein44,1,CC(C)P(=O)(CN(C)CC(=O)N(C)C1CCCCC1)c1ccccc1,0
protein44,1,Cc1cc(NC(=O)CS(=O)(=O)c2ccc(Cl)cc2[N+](=O)[O-])sc1C,0
protein44,1,CC(C)c1ccc(-n2c(S)nnc2-c2ccc(F)c(F)c2)cc1,0
protein44,1,Cc1nc(NC(=O)c2ccncc2)cc(-n2cccc2)n1,0
protein44,1,Cc1cccc(CCCN)c1OCCO,0
protein44,1,CC(C)CNC(=O)c1ccc(-c2ccc(COc3ccc(OCC4CC4)cc3CN3CCNCC3)o2)cc1C#N,0
protein44,1,CCn1nc2sc(C(=O)N(Cc3ccccc3)C(C)(CN3CCCC3)OC)cc2c1Cc1ccccc1,0
protein44,1,CCOc1cc(-c2nn(-c3cc(C#N)ccn3)cc2CN2CCCC(C(=O)c3ccc(F)cc3)C2)ccc1F,0
protein44,1,CCCCNc1cc2c(cc1NCC(Cn1ccnc1)OC(N)=O)Cc1ccccc1-2,0
protein44,1,CC(C)(C)C1Cc2c(CN3CCC(N)CC3)cc3occc3c2CCC1O,0
protein44,1,O=C1c2ccc(OCc3nn(-c4ccccn4)c4c3C(O)CCC4)cc2C(=O)c2ncccc21,1
protein44,1,CCc1cc(-c2ccccc2OCC(O)CN(C(C)C)S(C)(=O)=O)cc2ccnn12,1
protein44,1,CCCCCN(C)Cc1ccccc1Nc1ncc(C(=O)NCc2cccnc2)c(C)n1,0
protein44,1,CCCc1nc(-c2ccccc2C2(CC)C=C(C(=O)O)N(C)C(=S)N2)cs1,0
protein44,1,O=Cc1cc([N+](=O)[O-])cc(C(F)(F)F)c1N1CCN(CC2CCCO2)CC1,1
protein44,1,Cc1ccc(-c2cc3c(nc(C=CC(=O)N4CCC(C#N)CC4)n3C)s2)nc1,1
protein44,1,Cc1cccc(N2C(=O)Cc3cc(S(=O)(=O)Nc4nccs4)ccc32)c1C,0
protein44,1,CCC1CCCCC(=[N+]([O-])c2ccccc2)C1=O,0
protein44,1,CCNC(=O)c1ccc(COc2ccccc2C(=O)N(c2ncc(Cl)cn2)C2CCCCC2C)o1,1
protein44,1,CCC(CC1CCCOC1=O)NC(=O)c1c(F)cccc1Cl,0
protein44,1,CCN1CCC(n2cnc(-c3ccc(OC)c(S(=O)(=O)N4CCCNCC4)c3)n2)CC1,0
protein44,1,CC(C)(Cc1cc2c(c(Cl)c1O)CC(C)(C)[N+]2=O)n1cc(C=O)c2ccccc21,0
protein44,1,O=C(NC(c1cccc(F)c1)C(F)(F)F)c1cc(O)cc(O)c1,0
protein44,1,O=C(NCCN1CCOCC1)c1cc(-c2cncc(OC(F)F)c2)ccn1,0
protein44,1,Nc1ccc(C(F)(F)F)c2nc(-c3ccccc3)cnc12,1
protein44,1,Fc1ccc2[nH]c(CCCN3CCN(c4ncccc4C(F)(F)F)CC3)nc2c1,0
protein44,1,CCN(CC)C(=O)c1cc(C(=O)NN=Cc2ccccc2)c2cnccc2c1,1
protein44,1,Clc1ccc(-n2cnnc2-c2ccncc2)cc1,0
protein44,1,CC(C)=CCCC(C)C,0
protein44,1,Nc1nc(NCCO)nc2ccc(S(=O)(=O)Cc3ccccc3Cl)c(Cl)c12,0
protein44,1,[N-]=[N+]=NC(COc1ccc2c(c1)NC1CCC(C2)C1)COc1ccc(F)cc1F,1
protein44,1,CCN(CC)C(=O)Oc1nsc(-c2cc(C)cc(-c3cncn3C)c2)c1N,1
protein44,1,CCn1c(C)c(CNCC(Cn2c(=O)ccc3cc(-c4cnn(C)c4)ccc32)C(=O)O)c2cc(C)ccc21,1
protein44,1,Cc1nc(N(C)C)c2cc(NC(=O)c3ccc(CNC(=O)OC(C)(C)C)cc3)ccc2n1,0
protein44,1,CCCC1CCC2CC1N(O)C(=O)N2CCCONC(C)(Cc1ccccc1)C(=O)O,0
protein44,1,NC(=NOC(=O)c1ccc(Cl)c(S(=O)(=O)N2CCOCC2)c1)c1ccncc1,0
protein44,1,CCn1c(SCC(=O)Nc2cccc(C(C)=O)c2)nc2ccccc21,0
protein44,1,NC(=O)c1nc(C(F)(F)F)ccc1NCCCCCn1cc(Cc2ccccc2)c2ccccc21,1
protein44,1,S=C(Nc1ccc(Br)cc1)N1CCN(Cc2ccccc2Cl)CC1,0
protein44,1,Cc1[nH]c2c(c1Cc1ccccc1)CC(O)C(C)(C)C2,0
protein44,1,O=C(C=Cc1ccccc1[N+](=O)[O-])Nc1cccc(CO)c1C(=O)Nc1ccc(C(F)(F)F)cc1,0
protein44,1,CC1Cc2ccccc2N1C(=O)Oc1ccc(Cc2ccc(C(=O)Nc3ccc(C#N)cc3)cc2)cc1,0
protein44,1,O=C1Nc2ccccc2C1=NOCC=CC1CCCCC1,1
protein44,1,Cc1cc(-c2ccc(C#N)c(F)c2)c(N2CC(Oc3c(F)cc(F)c(F)c3F)C2)cn1,0
protein44,1,Cc1ccccc1-c1c[nH]cc1C(=O)C(=O)Nc1cccc([N+](=O)[O-])c1,1
protein44,1,O=C(O)c1cnc2c(N3CCOCC3)cc(-c3cc(C4CCC(CC(F)(F)F)NC4)ccc3F)cn12,0
protein44,1,CCC1NC(=O)CNC(=O)SC(c2ccc(-c3cncc(O)c3)cc2)CC(C)C(=O)N2CCC1C2,0
protein44,1,CCC(=CCl)C(=O)NC(C)C(=O)NCCCC1C(CCCC(=O)O)C(O)CN1C,0
protein44,1,CCCCCCSCC(O)CNc1ncc(C(F)(F)F)cc1Cl,0
protein44,1,CCCn1cc2c(n1)CC(C)Oc1cc(Cl)c(NC(=O)C(C)Cl)cc1-2,0
protein44,1,Cc1ccc(CCS(=O)(=O)c2cc(C)c(Oc3ccc(C(=O)NCCC4CNCCO4)cc3C)cc2Cl)o1,0
protein44,1,O=C(NN=C1CCc2cc(O)ccc21)c1nc2ccccc2s1,0
protein44,1,Nc1c(Cl)ccc2c(C(=O)Nc3nccs3)cccc12,0
protein44,1,CC(=O)c1ccc(-c2ccc(CNC3CCN(C)CC3OC(F)(F)F)cc2)cc1,0
protein44,1,CN1c2cc(OC(C)(C)C)ccc2C=C2CC(O)CCC21C,0
protein44,1,CCCC1OC(CCO)C(C)(c2ccc(Cl)cc2)N(C(CC(=O)O)c2ccccc2)C1=O,0
protein44,1,CCc1ccccc1NCCc1ccc([N+](=O)[O-])cc1,1
protein44,1,CCCCN1c2ccc(C(F)(F)F)cc2N=Nc2cccnc21,0
protein44,1,COc1cc(OC)cc(-c2cn(C3CC(CCC4COC(N)=N4)C(C)(C)c4cc(OC)ccc43)nn2)c1,1
protein44,1,Cc1cn(CCSc2c(Cl)cc(Cl)cc2C(=O)N2CCCC2)cn1,0
protein44,1,COC(=O)N1C(=C(C)C)c2ccc(OCC(N)=O)cc2CC1C(=O)N1CCN(c2ncc(F)c(C(F)(F)C(F)(F)F)n2)CC1,1
protein44,1,CCN(Cc1ccccc1)c1nc(N)c(-c2ccc(OC)cc2OC)s1,1
protein44,1,CC(C)C(CO)Oc1ccccc1C1c2c(O)ccc(C(=O)O)c2CCC12CCN(C)CC2O,0
protein44,1,Cc1c(NC(=O)c2cccc(F)c2)c(=O)n(-c2ccccc2)n1-c1ccc(F)cc1,0
protein44,1,CC(C)CCCCN1CC(C(N)=O)CC(C(=O)OCCCCC2CC2)C1,0
protein44,1,O=c1[nH]c2nc3c(cc2c2c([N+](=O)[O-])cccc12)SCC3,1
protein44,1,CCc1ccccc1Nc1nc(S)nc2ccccc12,1
protein44,1,CC(C)CNCC1CCN(c2c3c(nc4[nH]cc(C5CCC5)c24)-c2ccccc2S3(=O)=O)CC1,1
protein44,1,CC1(C)CCn2cnc(-c3cccc(OCc4cc(C(=O)Nc5ccc(F)cc5F)ccn4)c3)c2C1=O,0
protein44,1,CCCCN(C)CCCC1=C(OCc2c(F)cccc2F)C(CN2CCN(C)CC2)CC(CN2CCOCC2)C1,0
protein44,1,CCn1nc2c3c(c(C)nc(CN(C)C4CCCC4)c31)Sc1ccccc1-2,1
protein44,1,Cc1cc(C(C)(C)N)c(C)cc1-c1nnc(Sc2ccc(F)cc2)[nH]1,0
protein44,1,NC1(COc2ccc3c(c2)C2CCN(CC(F)(F)F)CC2C3)CCOCC1,0
protein44,1,Cn1cc(C2c3cc(OC(F)(F)F)ccc3N3CCCCC23)c(=O)[nH]1,0
protein44,1,CCN(CC(C)C)C(C)Cc1cc(F)ccc1-n1cc2c(n1)CCN(c1nncc(Oc3cc(C)cc(C)c3)n1)C2,0
protein44,1,N=C(N)c1ccc(Cn2c(=O)[nH]c3c(OCc4cccc(F)n4)ccc(F)c32)cc1,0
protein45,1,CCN(CC)C(=O)c1ccc2oc(-c3ccccc3)c(C(=O)NCCN3CCOCC3)c2c1,1
protein45,1,CC1Cc2c(C(=O)NCCCN3CCOCC3)cnc(-c3cc4ccccc4o3)c2C1,0
protein45,1,CCCCC(=O)Nc1nnc(-c2ccc(N(C)C)cc2)o1,0
protein45,1,CC(=O)Nc1ncc(Cc2ccc(C(C)(C)C)cc2)s1,0
protein45,1,Cc1cnc(Nc2ccc3c(c2)nc(-c2ccccc2C)n3CCS(=O)(=O)C(C)(C)C)c(C(N)=O)c1,1
protein45,1,Cc1c(CN2CCCOCC2)ccn(-c2ccc(Cl)c(C(=O)N3CCCC(C(Cl)(Cl)Cl)C3)c2)c1=O,1
protein45,1,Cc1cnn(Cc2c(Cl)ccc(C3CN4CCC3CC4CO)c2F)c1,0
protein45,1,Cc1nc2nc(NC(C)CC#N)c(-c3ccsc3)cn2c1-c1ccccc1,0
protein45,1,Cc1ccnc(Nc2nc(-c3ccccc3)nc3ccccc23)c1,1
protein45,1,CC(C)CC(=O)Nc1ccc2c(c1)C(=O)c1ccccc1CO2,1
protein45,1,CCn1cc(C(=O)NN=Cc2cccn2-c2ccc(C#N)cc2)cn1,0
protein45,1,O=C1C(=Cc2ccc(Oc3ccccc3)cc2)C[n+]2ccc3c(O)cccc3c21,1
protein45,1,CCCC1CC(Cn2ccnc2)c2ccccc21,1
protein45,1,CCCCC12Cc3c(Cl)cc(N)nc3N(C1)C2c1cccnc1,0
protein45,1,CCN(CC)CCn1cnc(-c2cncc(NCCc3cnn4c(C(F)(F)F)cc(C)nc34)n2)c1,0
protein45,1,CC(C)CN1CN(CCCCC(=O)O)S(=O)(=O)c2cccnc21,0
protein45,1,O=C1CCCN1c1ccc2c(-c3ccc(OC(F)(F)F)cc3)c(-c3ccccc3)nn2c1,0
protein45,1,Cc1ccccc1Nc1nc(C(=O)NC(C)C(=O)O)cs1,0
protein45,1,CCn1c(-c2cccn(CCCN3CCOCC3)c2=O)nc2cc(C(F)(F)F)ccc21,1
protein45,1,O=C1CSC(NC2CCCCC2)=N1,0
protein45,1,Cc1cc2ccc(O)nc2n1CCCC1CCN(C)CC1,0
protein45,1,NCc1ccc(N2C(=O)c3c(cc(-c4ccc(C(F)(F)F)cc4)nc3C3CC3)C2O)cc1,0
protein45,1,CCC(C)NC(=O)c1nc2c(OCc3ccccc3)cccn2c1-c1ccccc1,0
protein45,1,Cc1c(Cl)cc(OCc2ccc(S(=O)(=O)N3CCCCCC3)cc2)c(Cl)c1Cl,0
protein45,1,Cc1cnc2cc(C(F)(F)F)ccc2c1N1CCN(C2CCC2)CC1,1
protein45,1,FC(F)Oc1ccc2nc(-c3ccc(Cl)cc3)c(CNc3ncccc3C(F)(F)F)n2n1,0
protein45,1,Nc1ccnc(Nc2ccc(NC(=O)c3ccccc3F)cc2S(=O)(=O)N2CCCCC2)c1,1
protein45,1,CC(=O)c1sc(Nc2c(Cl)ccc(Cl)c2Cl)c(C#N)c1C(C)(C)C,0
protein45,1,CCN(CC)CC(=O)N(c1ccc(C)c(C)c1)c1cc(C)ccc1C1=C(C#N)CCCC1,1
protein45,1,CCOCC(=O)NC1c2ccc(F)cc2OCc2c1c(C)nn2-c1ccccc1,1
protein45,1,CCCN(CC1(C)CC1C(N)=O)C1CCc2nc(Nc3cc4ccccn4c3)nc(-c3ccc(Cl)cc3)c2C1,0
protein45,1,CC(=O)OC1CC2CN(C(=O)c3cnc(Cl)c(Cl)c3)C(C1)C2(C)N,0
protein45,1,CC1CCN(c2nc(N)nc3[nH]c4ccccc4c23)CC1,1
protein45,1,CC(C)CN(CCC(F)(F)F)c1cccc(Nc2cncc3c4c(ccc23)C(C(C)(C)O)CC4)n1,0
protein45,1,Cc1ccc(C(=O)O)cc1-c1nc(CN2CCC(C)CC2)c[nH]1,0
protein45,1,CCc1ccccc1NC(=O)C1Cc2ccccc2N1C(=O)COC(=O)c1ccccc1OC(C)(C)C,0
protein45,1,O=C(Cn1c(=S)[nH]c2ccccc2c1=O)NCc1ccc(F)cc1,0
protein45,1,CCOc1ccc(-c2ccc(C(=O)CCN3CCOCC3)cc2)cc1,0
protein45,1,CC(C)c1c([N+](=O)[O-])c2cc(C(=O)OCC(=O)c3ccc(F)cc3Cl)ccc2n1C,0
protein45,1,CC1Cc2c(CN3CCN(c4cc(C(F)(F)F)ncn4)CC3)cccc2-c2c1nn(C)c2O,1
protein45,1,CC(=O)c1ccc(C)c(NC(=O)c2ccccc2C2CCCC2(C)O)c1,0
protein45,1,Cc1n(Cc2ccccc2)c2ccccc2[n+]1C1CCC(c2ccc(Cl)cc2)C1=O,0
protein45,1,CC(C)CC(CCO)CNc1cc(-c2ccccc2)nc(N)n1,0
protein45,1,CCOc1ccc(CNC(=O)C2CCCN(c3nncc4cc(CC)sc34)C2)cc1,0
protein45,1,Cc1nc(N)c2nc(-c3c(F)cccc3F)ccc2n1,1
protein45,1,CCN(CC)C1=C(c2cn(C)c3ccccc23)C(=O)NC1=O,1
protein45,1,CCN(CC)C(C)C#CCOc1c(C)cc(I)cc1O,0
protein45,1,O=C(CN(C(=O)C(Cl)(Cl)Cl)c1ccc(C(=O)O)cc1[N+](=O)[O-])Nc1ccccc1,1
protein45,1,CC(C(=O)Nc1ccc(F)c(F)c1F)=C(C)c1ccccc1,0
protein45,1,Nc1ncnc2ccc(-c3ccc(F)cc3)cc12,1
protein45,1,Oc1nc2ccc3c(c2[nH]1)CCCC3,0
protein45,1,CCCCc1nc2ccc(-c3ccc(S(=O)(=O)N(C)CC)cn3)cc2s1,0
protein45,1,Cc1ccc(CN(C)c2nc(Nc3ccc4c(c3)OCCO4)ncc2Cl)cc1,0
protein45,1,CCCC(=O)c1cc(N(CC(=O)NC2CCc3ccc(C)cc3C2)S(C)(=O)=O)cc(C(F)(F)F)c1,0
protein45,1,CCNC(=O)n1nc2cc(N3CCCCC3)c(Cl)cc2c1C(F)(F)F,0
protein45,1,S=C(NCc1cccnc1)Nc1c(C2CC2)ccc2c(CN3CCCCC3)c(-c3ccccc3)cn12,0
protein45,1,Cc1ccc(-c2nc(Nc3cccc(OCC(=O)O)c3)nc3c(F)cccc23)cc1,0
protein45,1,CCN(CC)CC#CCCCCCC=C(C)C(=O)NC(N)=O,0
protein45,1,CCc1nc2cc(NC(=O)c3ccccc3Cl)ccc2n1Cc1ccc(C)cc1,0
protein45,1,O=C(O)c1cc(C(=O)C(F)(F)F)n2ccccc12,0
protein45,1,CC(C)N(Cc1ccccc1)c1ccc(C2=NN(CCC#N)C(=O)CC2)cc1,0
protein45,1,CCOc1c(NCc2cccnc2)c(OC)cc2cccnc12,1
protein45,1,CCC1CNCC12CC(=O)N(c1ccc(Oc3ccccc3)c([N+](=O)[O-])c1)C(=O)C2,1
protein45,1,Cc1ccc(-c2oc(C)nc2C(=O)Nc2cccnc2N2CCC(C)CC2)cc1,0
protein45,1,Cc1cc(C(=O)Nc2cc(Cc3ccncc3)ccc2F)ccc1OC(C)(C#N)C(C)O,0
protein45,1,Cc1ccc(-c2cnc(N)c(-c3nc4cc(F)ccc4[nH]3)n2)cc1,1
protein45,1,Cc1cc(C)n(Cc2ccc(-c3cc[n+](CC=Cc4ccc([N+](=O)[O-])cc4)cc3)cc2)n1,1
protein45,1,NC(=O)c1ccc2c(c1)ncn2Cc1c[nH]nc1Nc1nccc2c1CC1CCN(C3CCCC(N)C3)c3cccc-2c31,1
protein45,1,CCOc1ccc2c(c1)CC(CCCC1CCN(C)CC1)O2,0
protein45,1,CC(C)CC1CC(OC(=O)c2ccccc2F)CCN1c1nc(O)c2ccc(-c3ccncc3)nc2n1,0
protein45,1,CC1CCC(NC(=NO)c2cccnc2OCc2ccccc2)CC1,0
protein45,1,CC1CCCN(c2nccc3cc(C4CCN(CCNC(=O)Nc5ccc(C(C)(C)C)cc5)CC4)n(C)c23)C1,0
protein45,1,CCC(=O)NC1CCC2CC(N3CCNCC(O)C3)CCC2C1,0
protein45,1,CC(C)c1ccc(C(=O)N(Cc2cccc(F)c2F)C2(C(N)=O)CCN(C(C)C)CC2)c(O)n1,0
protein45,1,Nc1c2cc(CNC=O)c(F)c(C(F)(F)F)c2nc2c1cnn2-c1ccc(F)cc1,1
protein45,1,CCC(C)C1C(=O)N(CC(=O)OC(C)(C)C)c2cc3ccccc3nc2N1S(=O)(=O)c1ccc(OC2CCCCO2)cc1,0
protein45,1,CC(C)Cc1cc(S(C)(=O)=O)ccc1N1C(=O)c2cccc3ccnc1c23,1
protein45,1,O=C(CN1CCC(C(=O)c2ccc(F)cc2)CC1)Nc1ccccc1Nc1ccccc1,0
protein45,1,CCc1ccccc1NC(=O)C1CC(c2c(C(N)=O)c(-c3ccccc3C(=O)O)nc3ccccc23)=NO1,0
protein45,1,CC(=O)c1c(C)[nH]c(CN(C)CC(=O)N2c3ccc(S(=O)(=O)NC(C)(C)C)cc3CC2C)c1C,0
protein45,1,O=CN1CCN(Cc2cc(-c3ccccc3OC(F)(F)F)ccc2Cl)CC1,0
protein45,1,CC(C)(CC(=O)Nc1ccc(NC(=O)c2ccc(Cl)cc2)cc1)Cc1ccccn1,0
protein45,1,Cc1ccc2c(c1)N1CCC(CCCCn3c(C(=O)O)ccc3-2)CC1C,0
protein45,1,CC(C)(C)NC(=O)NC1CCC(C(=O)OCc2ccc(-c3cncs3)cc2)C1,0
protein45,1,CCN(CC)CCNC(=O)c1ccc(-c2nc3c(cc2Cl)CCCCC3)s1,0
protein45,1,CC(C)CN1CCCC(Nc2cc[nH]c(=O)c2[N+](=O)[O-])C1,1
protein45,1,Cc1ccc(-c2cc(C=CC(=O)NC(=O)NC(C)(C)C)cc(Cl)n2)cn1,0
protein45,1,COc1cc(C)c(C(c2c(C)nn(C)c2C)n2ncccc2=O)c(NC(=O)c2cn(Cc3ccccc3)nn2)c1,0
protein45,1,FC(F)(F)CC1(CC2CN3CCC(CC3)N=C(S)N2)CCc2ccccc21,0
protein45,1,CCCCCN1CCc2nc(NC(C)(C)C(C)C)c(Nc3ccc(OC)c(OC)c3)nc2C1,0
protein45,1,Cc1cccnc1Nc1ncc(CN(C)C(=O)c2cccs2)n1Cc1cccc(Cl)c1Cl,0
protein45,1,O=C(CN1C(=O)c2cccnc2Oc2ccccc21)NCc1ccccc1Cl,0
protein45,1,O=C1c2ccccc2C(=O)N1CSc1nc2c(NC3CCCC3)cccc2s1,1
protein45,1,CC(=O)Nc1ccccc1C(=O)NC(CC(=O)O)C(=O)OCc1cc(=O)n2ccsc2n1,0
protein45,1,CCCn1cc(C=C(OC)C(=O)Nc2c(C)ccc(S(=O)(=O)N(C)C)c2C)c2ccccc21,1
protein45,1,CCc1c(CN)ccc2c(C3CCCCC3)c[nH]c12,0
protein45,1,Cc1ccc(-n2ncc3c2-c2ccccc2C(=O)C3N(c2ccc(C)nc2)c2ccncn2)cc1,1
protein45,1,Cn1c(C2CCC(NS(=O)(=O)c3cc(-c4ccc([N+](=O)[O-])cc4)c(C=O)cc3C(F)(F)F)C(C(=O)O)C2)nc2ncccc21,1
protein45,1,CC(C)CC1Cc2cccc(F)c2CN(CC2CC2)C2CCN3C(CC=NO1)CCCC3C2,0
protein45,1,Cc1cc(C(=O)C(=O)N2c3ccccc3Cc3ccccc32)nn1-c1ccc(Cl)cc1,0
protein46,1,CCCCCCN1C=CC(O)(c2ccccc2)C2c3cc(Cl)c(Cl)cc3CCC21,0
protein46,1,CCN(CC)CCN1OS(=O)(=O)Nc2ccc3[nH]c(cc3c2)C1=O,0
protein46,1,CC(C)c1ccc(Nc2nccc(-c3n[nH]c(=S)n3-c3ccccc3F)n2)cc1,0
protein46,1,CCCC1(CCC)CN=C(N)S1,0
protein46,1,CC(C)CCNC(=N)c1ccccn1,0
protein46,1,CCCN1C(=O)c2ccc(NC(=O)c3cccc4ccc(C)nc34)cc2C1=O,1
protein46,1,CC(C)C(CO)Nc1nc(Nc2ccccc2[N+](=O)[O-])cc(C2CCCC2)n1,1
protein46,1,CC(=O)Nc1ccc(S(=O)(=O)N2CCCCC2)cc1C(=O)Nc1ccccc1F,0
protein46,1,Cc1cc(Nc2ccc(Cl)cc2)c2cc(NC(=O)c3cc4c(C#N)ccnc4o3)ccc2n1,0
protein46,1,Cc1cc2nc(NCCCn3ccnc3)c(-c3ccccc3)c(-c3cccc(F)c3)n2n1,0
protein46,1,CC(C)c1ccc(SC2CC(=O)N(Cc3ccco3)C2=O)cc1,0
protein46,1,CC#Cc1ccc2c(n1)C(=O)c1cncnc1C2=NNC,1
protein46,1,NC(=O)c1c(-c2cnc(N)c(OC(F)(F)F)c2)ccnc1N,0
protein46,1,O=C(NCc1cccc(O)c1)c1cc(-n2ncc3ncc(-c4ccccc4Cl)cc3c2=O)ccc1O,0
protein46,1,CC(C)c1nc(Oc2ccc(Cl)cc2C#CC(C)(C)C)cc(N2CCN(S(=O)(=O)c3ccc(F)cc3)CC2)n1,0
protein46,1,Nc1oc2ccc(C(=O)OCc3ccccc3F)cc2c1NC(=O)c1ccccc1,1
protein46,1,CC(C)(C)N1CCN(C=Nc2c(Cl)cc(Cl)cc2[N+](=O)[O-])CC1,1
protein46,1,CCCCCc1ccc(S(=O)(=O)Nc2cc3c4c(c2)C(CC(=O)OCC)C(=O)N4CCC3)cc1,0
protein46,1,CC(C)C=C(c1ccccc1)c1nn(-c2cccnc2)c(=N)n(-c2ccc(F)cc2)c1=O,0
protein46,1,CC1=CC(C)(C)NC(CCC(=O)Nc2cc(C)on2)C1c1cccc(Cl)c1,0
protein46,1,CC(NC(=O)CN1C(=O)c2ccccc2S1(=O)=O)S(=O)(=O)O,0
protein46,1,Nc1ncc(-c2ccc(Cl)c(Cl)c2)nc1-c1ccccc1F,1
protein46,1,CN(C)C(=O)c1cc(C(C)(C)C2c3ccc(C(F)(F)F)cc3OCC2OCCN2CCCCC2)[nH]n1,0
protein46,1,CCN(CC)S(=O)(=O)c1ccc(-c2coc3cc(OCc4ccccc4)ccc3c2=O)cc1,0
protein46,1,COc1ccc(-c2nc(C(=O)N3CCc4ccccc43)c(-c3ccccc3)o2)cc1,0
protein46,1,O=C(Nc1ccc(Cl)c(S(=O)(=O)N2CCCCCC2)c1)c1ccc(N2CCCCC2)c([N+](=O)[O-])c1,1
protein46,1,Cc1ccc(Nc2ncc(-c3cc(C(=O)NC(C)C)[nH]n3)c(N)c2C#N)cc1C,1
protein46,1,CC(=O)N1CCc2cc(-c3cc(C)ncc3OC3CCN(C(C)C)CC3)ccc21,0
protein46,1,CCOc1ccc(C(C)C)c(NC(=O)CNC(=O)Cc2cccs2)c1,0
protein46,1,CC(C)(C)OC(=O)N1CCN(c2nc3c(C(F)(F)F)cc([N+](=O)[O-])cc3cc2C#N)CC1,1
protein46,1,CN1C(CCc2ccc(Cl)c(-c3cn(C4COCCC4COCC(F)(F)F)cn3)n2)CCC1c1ccccn1,1
protein46,1,CCOc1ncc2c(O)cn(Cc3ccccc3F)c2n1,1
protein46,1,CC1=NC(C)(C)CCC1C(c1cc(O)ccc1O)N1CCC2(c3ccccc3)CC1C2,0
protein46,1,CC1(C)CCCC2OC(=O)Nc3ccccc3C21O,0
protein46,1,CCCN1CCN(c2nc(-c3cncc(N4CCCCC4)n3)cc(C(C)(C)C)n2)CC1C,0
protein46,1,CC(C)(C#CCCN1CCCCC1CO)c1ncccn1,0
protein46,1,Cc1cc(-n2nc(C)cc2C(F)(F)F)nc(Nc2cc3n(c2)CCNCC3O)n1,0
protein46,1,CC(C)CCCC(NC(=O)OCC1CN(c2ncnc(N(C)CCCC3CCN(C)CC3)c2F)CC1CO)C(N)=O,0
protein46,1,CCCCC(=N)Nc1nnc(-c2cc(C#N)cc(Cl)c2OC)s1,0
protein46,1,CCOc1ccccc1CN(C(=O)c1cc2cc([N+](=O)[O-])ccc2o1)c1c(C)ccc(S(=O)(=O)N2CCOCC2)c1C,1
protein46,1,O=C1C=C(Nc2ccc(C#CCO)cc2)CCC1,0
protein46,1,O=C1CC(c2cccc(C(F)(F)F)c2)C(NC(=O)c2ccccc2)=N1,0
protein46,1,CCCCN(CC)C(=O)C1C(=O)N(c2ccccc2)N=C1C(C)(C)C,0
protein46,1,CCOc1ccc(C2Oc3ccccc3-c3c2c(=O)ncn3-c2ccc(N3CCOCC3)c([N+](=O)[O-])c2)cc1,1
protein46,1,CCCCCCNc1nc(NCc2cc3ccccc3nc2N)c2ccccc2[n+]1[O-],1
protein46,1,O=C1CC(CCC2CN(c3ncc(Cl)cc3Cl)C3CCN(CCNc4nc5c2cncc5cc4F)CC3)CO1,0
protein46,1,CC(=O)c1c[nH]c2cccc(C3Oc4ccc(CCN(C)C)cc4OC3C)c12,1
protein46,1,Cc1cccc(C)c1Nc1ccc(O)cc1-c1nccnc1NCC1CNC(=O)C1,0
protein46,1,CC(=O)N1CCCN(c2ccc(C(=O)O)cc2[N+](=O)[O-])CC1,1
protein46,1,O=CNc1cc(-c2ccccc2C(F)(F)F)nc2cc(F)c(F)cc12,1
protein46,1,Cc1noc(C)c1C(=O)NCC(c1cccc(C(F)(F)F)c1)N1CCCC1,0
protein46,1,CCOc1ccccc1-c1cc2c(cc1C13CCCC(N1)C(NC(=O)C1CNCC1C(=O)O)CC3)CCN(C)C2=O,0
protein46,1,Cc1ccc2c(c1)NC(=O)CC1CN(CP(=O)(O)O)CCN1Cc1ccc(C)nc1-2,1
protein46,1,CC(=O)N(c1cccc(Cl)c1Cl)C1CCS(=O)(=O)C1,0
protein46,1,CC(C)N1C2CCC3Cc4ccc(cc4)CC(=O)N(CC2)C31,0
protein46,1,Cc1cc2c(C)nn(C(=O)c3ccc(F)c([N+](=O)[O-])c3)c2s1,1
protein46,1,CCn1nccc1C1CN(S(C)(=O)=O)Cc2cc(OCC(F)(F)F)ccc21,1
protein46,1,Nc1nc(-c2cccn2CCOCCl)nc2ccc(Cl)c(-c3ccc(F)cc3)c12,1
protein46,1,CCNC(=S)Nc1ccc(N2CCC3(CC2)OC(=O)c2cc(Cl)c(F)cc23)cc1,0
protein46,1,Cc1ncnc(NCC(O)c2cccc(-c3cccc(C(F)(F)F)c3)c2)c1C1CCOCC1,0
protein46,1,Cc1nc(-c2ccc(C(=O)NC(C(=O)Nc3onc(C)c3C)C(C)(C)C)s2)cs1,0
protein46,1,CCN(Cc1c(-c2ccccc2)nc2c(-c3ccccn3)c(C)nn2c1O)CC1CCc2ccccc21,1
protein46,1,CCn1cc(C2c3cc(CNc4ncccn4)ccc3Oc3c2cnc2ccc(F)c(Cl)c32)c2cc(OC)ccc21,1
protein46,1,Cc1ccc(NC(=S)NC(=O)c2ccc(C(=O)N(C)C3Cc4ccccc4C3)cc2)cc1,1
protein46,1,CC(=O)Nc1ccc(Cn2c(C(=O)NC(C)c3ccccc3)nc3c(OC(F)(F)F)cccc32)cc1N1C(=O)CCC1=O,0
protein46,1,CCCC(C(=O)Nc1scnc1C#N)N(C(=O)N(C)C)C(C)(C)C,0
protein46,1,CC(C)CC(CO)Nc1nc(Nc2cccc(C(=O)NC(C)(C)C)c2)ncc1C(F)(F)F,0
protein46,1,CC(=CCC1CCCN(C)CCCOC1=O)CC(N)Cc1ccc(-c2ccccc2C(=O)O)cc1,0
protein46,1,O=C(OCC(CO)OC(=O)c1ccc2c(C(=O)N3CCN(CC=Cc4ccccc4OC(F)(F)F)CC3)cncc2c1)c1cccnc1,0
protein46,1,Cc1ccc(C(=O)N2CCCCC2)cc1Nc1ncnc2c1cnn2C,0
protein46,1,CC(C)COc1ccc2c(c1)CCN(C(=O)c1ccc3c(c1)nc1n3Cc3ccccc3N1CCO)Cc1ccccc1-2,0
protein46,1,O=C(Nc1cc(-c2nc3ccccc3o2)ccn1)c1ccccc1F,0
protein46,1,Cc1ccc(-c2cc(N(C)c3ccncc3N)c3cc4c(cc3n2)CC(=O)CO4)nc1,1
protein46,1,O=C(NC1CCCCC1)c1cc2c(s1)CCC2,0
protein46,1,Cc1ccc(S(=O)(=O)N2CCCCCCC2)cc1C(=O)Nc1cc(-c2cccnc2)n[nH]1,0
protein46,1,Cc1nc(C)n2nc(O)c(-c3ccc(F)cc3)c2n1,1
protein46,1,CCCC12CCN(C)CC1CN(C(=O)Nc1ccc(C)cc1[N+](=O)[O-])C2,1
protein46,1,Cc1c2c(c(-c3ccc(Cl)cc3)c3cncn13)C=CC2,0
protein46,1,CSc1ncccc1Nc1ccccc1CN1CCC(CCC(N)c2sc(-c3ncccn3)nc2C)C(C)C1,0
protein46,1,O=C1Cc2cccc(CCC3CCC(NCc4ccccc4F)C(=O)N3CC(O)CNc3cccc(CN4CCCC4)n3)c2N1,0
protein46,1,CCn1cc2c(c1-c1cc(F)cc3nccc(C)c13)CCN(c1cnccn1)c1ccncc1-2,1
protein46,1,CCN(CC)CC(=O)Nc1ccc2cc1C(c1cccc3c1OCCO3)N(C)C(=O)c1ccc(cc1)O2,1
protein46,1,CCCS(=O)(=O)Nc1cc(Cl)ccc1-c1ccc2c(N3CCN(C)CC3)ncnc2c1,0
protein46,1,CCC(COc1ncnn2c(-c3ccccc3)cc(-c3ccccc3)c12)N(C)C,0
protein46,1,O=C(Nc1cc([N+](=O)[O-])c(Cl)cc1Cl)c1c[nH][nH]c1=O,1
protein46,1,Cc1nnc(O)c2c(C(=O)O)c(-c3ccc4c(c3)CCN4CC=C3C(=O)OC(c4cc(F)c(F)c(F)c4F)CC3C)[nH]c12,0
protein46,1,Cc1cc(Nc2cc(-c3cccc(N)n3)nc(N)n2)ccc1C#N,1
protein46,1,Cc1c(C(=O)NC2CCCCC2)n(CCN2CCCC2)c2ccccc12,1
protein46,1,O=C(O)c1cc([N+](=O)[O-])ccc1Cc1c(-c2ccccn2)[nH]c2c(Cl)c(F)ccc12,1
protein46,1,CS(=O)(=O)c1nc(C(F)(F)F)c(-c2cc(NC(=O)c3cccnc3)c(N)cc2F)[nH]1,1
protein46,1,O=C1NC(=O)C2(CCCc3ccccc32)N1,0
protein46,1,Fc1ncnc(N2CCN(Cc3cc(-c4cccnc4)n4ccccc34)CC2)c1C(F)(F)F,1
protein46,1,CC(C)(C)c1ccc(Cn2c(C(C)(C)C)nc3ccc(NC(=O)CC#N)cc3c2=O)cc1,0
protein46,1,O=C1c2cc(ccc2-c2ccncc2)-n2ccnc2C1c1ccc([N+](=O)[O-])cc1,1
protein46,1,Cc1ccc(-c2c(O)ncc3c2CCN(Cc2cc(F)cc(F)c2N)C3)nc1,1
protein46,1,Oc1cc(-c2nc3ccccc3s2)c(Nc2ccc(F)cn2)cc1Br,0
protein46,1,Cc1cc(C2CCCCCN2)nc(N(C#N)c2ccc(Cl)cc2)n1,0
protein46,1,Fc1cccc(NC(=S)N2CCN(Cc3ccc4c(c3)OCCO4)CC2)c1,0
protein46,1,CCOC1CCCN(C(=O)Cn2c(-c3cc(Oc4cncnc4)ccc3C(F)(F)F)nc3ccccc32)C1,0
protein46,1,Cc1ccc(Nc2ncc3c(-c4ccc(C=NO)nc4)cn(C4CCCC4)c3n2)cc1,1
protein47,1,Nc1cc2cc(CN3CCOCC3)c(-c3cccc(Cl)c3)n2c(N)n1,1
protein47,1,NC(=O)Cc1ccc(Sc2c(-c3ccccc3)cnc3nc(N)cn23)cc1,0
protein47,1,O=CC1(NC(=O)c2ccc(OC3CCC3)cc2O)CCCCC1,0
protein47,1,CC(Nc1cc(-c2ccc(F)cc2)nnc1-c1ccncc1)C1(Oc2ccc(F)cc2F)CCC(O)CC1C(N)=O,0
protein47,1,Cc1ccc(C(=O)Nc2nc(C(=O)O)cs2)c(C)c1,0
protein47,1,CC(C)c1ccc(CC(=O)NCc2cccc3c2N(CC2CCCCC2)c2ccccc2S3(=O)=O)cc1,0
protein47,1,NC(=O)CCn1c(=O)sc2c(NCc3cc(F)cc(F)c3)cccc21,1
protein47,1,O=C(Nc1n[nH]c2c(Cl)cccc12)c1cc([N+](=O)[O-])ccc1CCCN1C=Nc2[nH]ncc2C1c1cccnc1,1
protein47,1,CCCN1CCN(C(=Nc2ccc(C#N)cc2Nc2ccc(OCC)c(OC)c2)c2ccncc2)CC1,0
protein47,1,O=C(CSc1nc2ccccc2o1)Nc1nccs1,0
protein47,1,CC(C)(C)S(=O)(=O)c1c(N)n(-c2ccc(Cl)cc2)c(=O)[nH]c1=O,0
protein47,1,Cc1ccc(CN2CCCC(Nc3ccc(N4CCCC(C(F)(F)F)C4)cc3F)C2)cn1,0
protein47,1,CCCN(CC)c1nc(Cl)c(C#N)c(-c2ccc(OC)cc2)n1,1
protein47,1,CC(C)CC(Nc1nc(-c2ccc(OCCN3CCCC3)cc2)nc2ccccc12)C(N)=O,0
protein47,1,CCCCC(CC)CC1C2CCCN1CC(C)N2c1ccc(-c2cnc3c(C(=O)O)cnn3c2)cn1,0
protein47,1,O=C1CSc2ccc(C(=O)c3ccccc3O)c(F)c2N1,0
protein47,1,Cc1noc(C)c1Cn1cc(N2CCc3ccccc3C2)c(S(=O)(=O)C(C)(C#N)c2c(F)cccc2Cl)n1,0
protein47,1,Cc1ccc(C(=O)N2CCN(c3ccccc3C)CC2)nc1,1
protein47,1,Cc1ccc(N)c(-c2nc3c(C)c(N)ccc3n2Cc2ccccc2F)c1,1
protein47,1,CCC(=O)n1nc(C2n3c(nc4ccccc43)NC2(C)C)c2ccccc21,0
protein47,1,COc1ccc2c(c1)Oc1ccc(-c3ccc4oc(=O)n(CC(=O)N5CCOCC5)c4c3)cc1CC2,0
protein47,1,CCN(CC)c1ccc(C(=O)Oc2ccccc2N(C)S(=O)(=O)c2ccc(C)cc2)cc1,0
protein47,1,CCn1c(-c2ccccc2C#N)nc2c(C3CCC(N(C)S(C)(=O)=O)CC3)cccc21,1
protein47,1,O=Cc1ccc2nccc(Nc3ccc4[nH]c5c(c4c3)CCNC5=O)c2c1Cl,1
protein47,1,CC1=C2C(=O)N(c3ccc(C(=O)OC(C)(C)C)cc3)CC2c2ccc(C)nc2N1,0
protein47,1,CCOc1cc(Cl)ccc1-n1c(=O)c(Cl)c(Cl)c2c(Cc3ccccc3O)cnnc21,0
protein47,1,Cc1ccc(C2=NN(C3CCCCC3)C(=O)C(C)(NC3=Nc4cc(Cl)ccc4S(=O)(=O)N3)C2)cc1,0
protein47,1,Cc1csc(Cc2c3c4ccccc4n2CCCCN(CCN(C)C)C3=O)c1,1
protein47,1,CCc1ccccc1NC(=O)CSc1nn(-c2ccccc2)c2c1c(=O)[nH]c(=O)n2C,1
protein47,1,CCCCCCC(C)CCl,0
protein47,1,CC(=O)Oc1cc(C)c([N+](=O)[O-])cc1-c1nnc(S)n1C,1
protein47,1,Cc1ccc2c(c1)c(C)cc1oc(=O)n(-c3cccc(NC(=O)c4ccco4)c3)c12,1
protein47,1,O=C(NC1CCCC1)c1sc(Cl)cc1OCCn1ncc2cnccc21,0
protein47,1,CCCC1(CCC)CNc2ccccc2C1c1ccccn1,1
protein47,1,CCn1ncc2c(N3CCC(C)CC3)ccnc21,1
protein47,1,CC(C)c1cc(Cl)ccc1C(=O)OCc1nnc(-c2ccc(OCCCC#N)cc2)o1,0
protein47,1,CC(C)S(=O)(=O)Nc1no[n+]([O-])c1Cl,0
protein47,1,O=C(Nc1cc(Cl)ccc1F)c1ccc2c(c1C1CC(c3ccc(O)cc3O)=NO1)CCCC2,1
protein47,1,Cc1ccc(S(=O)(=O)N2CCCNCC2)cc1Cl,0
protein47,1,CCOc1cc(C2=NN(C(=O)c3sc4cc(C)ccc4c3Cl)C(C)(C)C2)ccc1O,0
protein47,1,Cc1ccnc2ccc(Oc3ccccc3-c3nnc(Nc4nc[nH]c4C=NO)s3)nc12,1
protein47,1,CC1(O)CC(c2csc(NC(=O)c3nc(-c4ccccc4F)c4[nH]ncc4c3OCC3CCOC3)n2)C1,1
protein47,1,O=C1C(=NO)c2ccccc2N1Cc1c(Cl)cccc1Cl,1
protein47,1,CC(C)c1ccccc1NC(=O)c1cnn(-c2c3ccccc3nc3c(C(=O)NC4CCCCC4)cccc23)c1Cl,0
protein47,1,Cc1oc(-c2cc(F)c3c(c2)C([O-])CCO3)nc1CC(=O)Nc1c(F)cccc1C(F)(F)F,0
protein47,1,CCC(C)CC1c2c(n(CCCN3CCN(C)CC3)c3ccccc23)C(=O)N1C,1
protein47,1,Cc1cnc(-c2ccc(C(F)(F)F)cc2F)cn1,1
protein47,1,CC1(C)CCC=CCn2cc3c(c21)CCCC3N1CCC(N)CC1,0
protein47,1,CCOc1cc(-c2noc(C)c2C(=O)Nc2cccc(-n3c(C)cnc3F)c2)ccc1O,0
protein47,1,O=C(Nc1ccncc1)C1Cc2ccccc2N1C(=O)c1ccc(Cl)cc1C(F)(F)F,0
protein47,1,CCCN(CC(F)(F)F)S(=O)(=O)c1ccccc1C=Cc1ccccc1,0
protein47,1,Cc1nc2c(N3CCCC3)nc(NCc3ccc(F)cc3F)nc2[nH]1,1
protein47,1,CCCS(=O)(=O)Nc1cccc2c1N(C)CCc1c-2c(-c2ccc([N+](=O)[O-])cc2)nc2ccccc12,1
protein47,1,CCc1nc(NC=NCCS(=O)(=O)Oc2cc(C)cc(C)c2)cn1C,1
protein47,1,CCC1C(=O)NC2(N=C(c3ccc(Cl)cc3)c3ccccc3N(C)C2=O)C(C)CN1CC1CC1,0
protein47,1,CCCc1ccc2c(n1)Oc1cc(C)c(cc1[N+](=O)[O-])C(=O)C1CCCCC1COC2=O,1
protein47,1,Cc1csc2c(=O)n(CC#N)c(=O)n(O)c12,1
protein47,1,Cc1ccc(-c2ccc3c(c2F)CCC3=NO)cc1C(=O)OCC12COCC1CN(C)C2=O,0
protein47,1,O=C(Nc1ccc(F)cc1F)c1cccc2cccc(Oc3ncccc3N3CCNCC3)c12,1
protein47,1,CCc1cccc(Cl)c1N=C(N)Nc1nc(C(N)C(C)(C)CN)cs1,1
protein47,1,Cc1ccc(-c2ccncc2NC(=O)c2nn(-c3ccccc3)cc2I)c(F)c1,1
protein47,1,Cc1ncsc1C(=O)N(C)C(C(=O)NC1CCCCC1)c1ccccc1,0
protein47,1,CC(C)(C)n1nc2c(c3c(=O)ccnc1-3)CCN(c1cccnc1)C2=O,0
protein47,1,CC(=O)Nc1cccc(Oc2cnc(N3CCCN(C4CCCCC4)CC3)c(-c3cnccn3)c2C)c1,0
protein47,1,N#Cc1cnc(Cl)c(Cl)c1-c1cn2c(=O)c(O)c(-c3ccc(-c4ccc(N)nn4)c(F)c3)cc2n1CC1CCN1,0
protein47,1,CCOC(=O)C1CCN(C(=O)c2ccc3c(C)sc(C(=O)N4CCOCC4)c3c2)CC1,0
protein47,1,CC(C)C1C#CC2(CCC3CCN4CC(O)CCC4C3C2)N1C#N,0
protein47,1,CC(C)CCn1cc(-c2cnc(Nc3ccc(F)cc3)c(C#N)c2)c2c(N)ncnc21,1
protein47,1,O=C(O)CN1C(=O)c2ccccc2Sc2ccccc21,0
protein47,1,CC(=NNC(=O)C(C)CS(=O)(=O)c1ccccc1)c1c(O)c2ccccc2n(Cc2ccc(F)cc2)c1=O,0
protein47,1,CCC(C)Nc1nc2ccc(-c3ccc(Nc4cnnc(Cl)c4)nc3)cc2cc1C(N)=O,0
protein47,1,O=C(Nc1ccc(Cl)c([N+](=O)[O-])c1)c1ccccc1C(F)(F)F,1
protein47,1,CCNc1on(C)c(=O)c1-c1ccccc1Cl,0
protein47,1,CC(C)CCn1cc(C=O)c2cc(S(=O)(=O)Nc3nccs3)ccc21,0
protein47,1,Cc1cc(Cn2ccnc2)ccc1-n1nc2ccccc2c1C(=O)N1CCCC2(CCOCC2)C1,1
protein47,1,COC(=O)c1cc(-c2ccccc2CN)c2c(c1)nc(NC(C)=O)n2CCNC(=O)N(C)C,1
protein47,1,O=C(Nc1nncs1)c1nc(S(=O)(=O)N2CCCC2)c2c(c1O)CC(c1ccccc1)CC2,0
protein47,1,CC(C)Nc1nc(N2CCN(CCO)CC2)c2ccc(-c3ccc(S(=O)(=O)F)cc3)cc2n1,0
protein47,1,O=C(NCC(F)(F)F)C1CCN(S(=O)(=O)Cc2ccccc2)CC1,0
protein47,1,O=C(Nc1cc(-c2c(Cl)cccc2Cl)[nH]n1)OCc1ccc(C2CCCC2)cc1,0
protein47,1,Cc1cc(C(N)=O)c(NS(=O)(=O)c2cc(NC(=O)C(C)(C)C)ccc2Cl)s1,0
protein47,1,O=C(Nc1ccccc1C(=O)Nc1ccccc1)c1ccc(O)cc1O,0
protein47,1,CC1CN(Cc2ccccc2[N+](=O)[O-])C2CC3CCC(C2)(O3)N2CC(C2)c2cccc1c2,1
protein47,1,CC(C)C(O)(C(=O)Nc1cccc(Cl)c1)c1ccccc1,0
protein47,1,CCC(C)c1ccccc1NC(=N)Nc1ccc(C(N)=O)cc1Cl,0
protein47,1,O=C(Nc1ccc(Cl)cc1Cl)c1scnc1-c1cccc([N+](=O)[O-])c1,1
protein47,1,O=C(Nc1ccc(F)cc1F)Nc1ccc(-c2cncnc2)cc1C(F)(C(F)(F)F)C(F)(F)F,1
protein47,1,CC(=O)N(c1ccc(C)c(S(=O)(=O)c2cccc(C(=O)NCCN(C)C)c2)c1)C(C)C,1
protein47,1,COc1ccc2c(c1)OC(CN1CCN(Cc3ccc(F)cc3F)CC1)C(C)OC2=O,1
protein47,1,Cc1c(Cc2cc(N(C)c3ccccc3)nc(N)c2C#N)nc2c(O)cccn12,1
protein47,1,Cc1c2ncnc(NC(C)C)c2nn1-c1cccc(Cl)c1,0
protein47,1,Cc1c(Cl)c(CC(=O)O)nn1-c1ccc(Cl)cc1,0
protein47,1,CC(C)CCn1c(C(=O)c2cccc(C(=O)Nc3cc(Cl)ccc3N)c2)cc2cc(OCCN3CCOCC3)ccc21,0
protein47,1,O=C(Nc1ccn2c(C(F)(F)F)c(-c3ccncc3)nc2c1)c1cccc([N+](=O)[O-])c1,1
protein47,1,CCC1=CCC(c2ccccc2)N(S(=O)(=O)c2ccc(NC(C)=O)cc2)C1,0
protein47,1,N#Cc1c(-c2ccccc2)nn(-c2ccccc2)c1Nc1nccc(N)n1,0
protein47,1,CC(C)Nc1ncnc2c1cc(-c1cccc(OC(F)F)c1)n2Cc1c(F)cc(C(=O)O)cc1F,0
protein47,1,Cc1ccc(C(F)(F)F)cc1OCC(C)NC(=O)c1cn(Cc2ccc(-n3c(=O)cc(N(C)CC(C)(C)C)[nH]c3=O)c(C)c2)nn1,0
protein47,1,CC(C#CCOc1ccc(-c2ccc(C(=O)O)cc2)cc1)=CCC(N)CC#N,0
protein47,1,CC(C)CC(C(=O)N1CCn2nncc2C1)N1Cc2c(n(C3CCC(F)C3)c3cc(Cl)c(Cl)cc23)C1=O,0
protein48,1,O=C(O)CC(=Cc1cccc(Cl)c1)C(=O)N1CCCCCC1,0
protein48,1,NC(=S)Nc1cccc(-c2ccc3[nH]c(-c4ccc(Cl)cc4)nc3c2)c1,0
protein48,1,CC(=O)N(O)c1ccccc1NC(=O)c1cccc(C(=O)NC(C#N)C(C)C)c1,0
protein48,1,CCC(C)Nc1nccc(-n2ncc(C(=NO)c3ccc(C)s3)c2-c2ccccc2)n1,1
protein48,1,Cc1ccc(N(C)C(=O)C2CSCC(C(=O)NC(C)C)N2C(=O)OC(C)(C)C)c(-c2ccccc2)c1,0
protein48,1,O=C(O)CC1NCC=C(c2ccc(O)c(O)c2)C1Cc1c(O)cccc1Cc1ccccc1,0
protein48,1,NC(=S)NC(=O)OCC(Cl)(Cl)Cl,1
protein48,1,Cc1ccc(C)c(NC(=O)Cc2nc(-c3ccccc3F)no2)c1,1
protein48,1,CCCOc1cccc(-c2c(C(=O)NCC3CCCO3)oc3ccccc23)c1,0
protein48,1,CCN(CC)CCNC(=O)c1cccc(C#N)c1,0
protein48,1,CC1(C)CCCC(C)(NC(=O)c2n[nH]c3ccnc(Oc4c(Cl)cccc4Cl)c23)C1O,0
protein48,1,CC1CN(C(=O)c2cc(C#N)cc(F)c2N2CCOCC2)C2COC3CS(=O)(=O)CC3N2C1,1
protein48,1,C=C1CCC2(CC)C(N)Cc3cc(CNc4nccc(N(C)C)n4)ccc3OC2C1,0
protein48,1,CCC(CC)Nc1nccc(-n2nc(-c3ccc(Cl)c([N+](=O)[O-])c3)cc2C)n1,1
protein48,1,Cc1ccc(NC(=S)NC(=O)C2COc3ccccc3O2)cc1C,1
protein48,1,Cc1ccc2c(C(=O)NCCN3CCSCC3)nn(-c3ccccc3C)c2c1,1
protein48,1,CCCCC(O)C(O)Cn1cnc2c(F)cccc21,0
protein48,1,CC1(C)CCn2c(nc3cc(-c4cnn(C5CC5)c4C(=O)N4CCNCC4)sc3c2=O)N1,1
protein48,1,CCOC(c1ccccn1)N1CCN(C(=O)OC(C)C)CC1,0
protein48,1,CCN1CCn2c(-c3ccc(F)cc3)ccc2C(OC)C1C,1
protein48,1,CCn1nc(C)c2c(-c3cc(NC(=O)N4CCOCC4)cc(C(F)(F)F)c3)ccnc21,1
protein48,1,CCCn1c(SC2CC(=O)N(c3ccccc3Cl)C2=O)nccc1=O,0
protein48,1,Cc1ccc(C(=O)NCC(O)C(O)CN2CCC(c3ccccc3C(F)(F)F)CC2)s1,0
protein48,1,CC1CCCCC1C(=O)N1C(O)C=C(Cl)C1C(=O)c1c(C(F)(F)F)[nH]c2c(N(C)C)cccc12,0
protein48,1,Cc1cccc(C)c1NC(=O)c1cc(Cl)ccc1S(=O)(=O)Nc1nccs1,0
protein48,1,CC=C(CO)N1CCN(C2CCc3ccccc3C2)CC1,0
protein48,1,O=C1CC(CCc2cccc(-c3ccc[nH]c3=O)c2)(C(F)(F)F)C(=O)N1C=S,0
protein48,1,Cc1cc(C(=O)N2CCCCC2c2ccccc2)c(N)n1-c1nnc(-c2ccncc2N2CCCCC2)s1,1
protein48,1,CCOCC1CC1C(=O)N1OC(C)(C)OCC1c1ccco1,1
protein48,1,CC1=CCN(CCc2cccc(OC(C)C)c2)C1,0
protein48,1,Cc1ccccc1-c1ccncc1C1CCN(C)C1,1
protein48,1,CCCCCOc1cc2c(cc1CNc1nc3ccccc3n1CCN1CCCC1)C(=O)OCC2,1
protein48,1,CCn1cc(-c2cncc(-c3ccccc3)c2)nc1-n1ccnc1,0
protein48,1,O=C(NC1CCCc2ccccc21)C1CC=CN1C(=O)O,0
protein48,1,CCCCNC(=O)C1CC2CC1Cc1ccc(cc1-c1ccc(F)cc1)NC2=O,0
protein48,1,Cc1sc(NC(=O)c2cccnc2Oc2ccccc2)nc1-c1cc(F)ccc1F,1
protein48,1,CC(C)CNCC1CCN(c2ncnc3sc(CC4CCCC4)c(CC4CSCN4)c23)CC1,0
protein48,1,Cc1cccc2c1ncc1nn(-c3ccc(C(=O)O)cc3)nc12,0
protein48,1,COc1cccc2c1C(N1CCN(c3nsc4ccccc34)CC1)CC2,1
protein48,1,O=C1C(Cl)=C(c2cccc(S(=O)(=O)O)c2)CN1c1ccc(F)c(Cl)c1F,0
protein48,1,CCCCn1c(=S)[nH]c2c([nH]c3ccc(C)cc32)c1=O,0
protein48,1,CCCCC1(CC)CN(c2cccc(OC(F)(F)F)c2)C(=O)N1,0
protein48,1,CCn1cnc2cc(Nc3c(F)cccc3F)c(C)cc2c1=O,1
protein48,1,O=C1C2CCCCN2C(=O)N1c1ccccc1,0
protein48,1,Nc1nnc(C(OCCCC2CCN(c3ncccn3)CC2)c2cccc(Cl)c2)s1,0
protein48,1,CC(C)CSC(=N)NCCn1c2nc(c1-c1ccccn1)-c1ccccc1OCC2,1
protein48,1,CCC(N)C(=O)N1CCCC1C(=O)O,0
protein48,1,CCN1C(=O)c2ccc(-c3ccnc4ccc(Nc5ccncc5)nc34)cc2C1(C)C,1
protein48,1,CCN1CCC2CCCN3C(C)CC(c4c(cccc4OC)CC21)C(OC)S3(=O)=O,1
protein48,1,Cc1c(CCC(C)N2CCN(CCCN(C)C)CC2)[nH]c2ccccc12,0
protein48,1,CCCCN(CC)CCn1c(-c2cc(C(C)(C)C)on2)nc2cc(Cc3ccccc3C(=O)O)ccc21,0
protein48,1,Nc1nc(-c2cccc(Cl)c2)cc(N2CCNC(c3ccccn3)C2)n1,0
protein48,1,Cc1ccc(CNc2cc(N3CCCCC3)c(C#N)cc2[N+](=O)[O-])cc1,1
protein48,1,Nc1nc(Cl)c(-c2ccccc2)nc1Nc1ccc2c(c1)CCCC2,1
protein48,1,Cc1nc(-c2cccc3c4c([nH]c23)C(O)(C(F)(F)F)C(F)C4)cc(N2CCN3CCCCC3C2)n1,0
protein48,1,O=C(O)C1(n2ccnc2)C=Cc2c(nc3ccccn23)-c2ccc([N+](=O)[O-])cc21,1
protein48,1,CC1Cc2cc(-c3nc4cc(F)c(F)cc4[nH]3)ccc2N(CCN2CCC(CN)CC2)C1=O,0
protein48,1,Fc1c(-c2ccc(COCC3CC3(F)F)nc2)ccnc1-c1ccc(OC(F)(F)F)c(Cl)n1,0
protein48,1,Nc1nc(-c2ccc(Cl)cc2)c2ncccc2c1O,1
protein48,1,CC1(C)CC1(N=NC(N)=S)c1cccnc1,0
protein48,1,Nc1nc([N+](=O)[O-])ccc1O,1
protein48,1,O=C1c2ccccc2CN1c1ccc2c(-c3cc4c(C(F)(F)F)cccc4s3)n[nH]c2n1,1
protein48,1,CC1CCN(c2ccc(C(=O)Nc3cccc(-c4c(C(F)(F)F)nn5ccc(C(F)(F)F)nc45)c3)cc2)CC1,0
protein48,1,Cc1cc(C)c(COCCn2c(=N)c3cc(C(=O)N4CCCC4)cn3c3ccccc32)c(O)c1C,0
protein48,1,Cc1ccc(NC(=O)c2c(NC(=O)CS(=O)(=O)c3ccccc3)sc(C)c2C)c(C)c1,0
protein48,1,Cc1cc(-n2nc(C(=O)Nc3cccc(-c4ccccc4)n3)c3ccncc32)ccc1F,0
protein48,1,O=C1CC2(CCN(C=C3CCCCC3=O)CC2)c2cccc(O)c2C1=O,1
protein48,1,CCC(C)n1cc(C=CC(=O)N2CCN(CCO)CC2)c2cccnc21,0
protein48,1,O=C(Cc1csc2ccccc12)N1CCCN(c2scnc2-c2nc3ccccc3[nH]2)CC1,1
protein48,1,CCC(C)(Cc1c[nH]c2ccccc12)[N+](C)(C)C,0
protein48,1,CCN(CC)C(=O)c1ccc(OCC(=O)c2c(C)oc3ccccc23)cc1,1
protein48,1,CN(C)C1(C)CNC(=O)CC2(CC(C)(C)c3ccccc32)C1,0
protein48,1,CC(=O)NC(=Cc1ccccc1)C(=O)NCc1cccs1,0
protein48,1,CCC(F)(F)c1ncc(-c2cc3cc(C=Cc4ccnn4-c4ncccn4)ccn3c2)cn1,0
protein48,1,CCC1CC(CN)(S(=O)(=O)C(C)C)C(CCOc2ccc(C(C)NC(=O)c3ccccc3C(F)(F)F)cc2)CN1C,0
protein48,1,COc1cccc2c1c(-c1cccc3cccnc13)cn2C(=O)CCCN=C=O,1
protein48,1,Cc1nc2ccccc2c(N)c1-c1ccccc1,1
protein48,1,CCCN(CCC)C1CCc2ccc(OC)cc2C1Cc1ccccc1C(=O)O,0
protein48,1,Cc1nccc(-n2c(C)nc3ccccc32)c1NC(=O)c1ccc(N)nc1,0
protein48,1,CC1(C)CC(O)C(O)CC1C(=O)N1CCC(c2csc(Nc3cc(F)cc(F)c3F)n2)CC1,0
protein48,1,Nc1ncc(Cc2csc(NC(=O)c3ccc(F)cc3)n2)c(N)n1,0
protein48,1,CCCC(=O)Nc1nn(-c2ccc(OC)cc2)c(=Nc2ccc(F)cc2)s1,0
protein48,1,CC(=NO)c1ccc2[nH]c3c(c2c1)CCCCC3,1
protein48,1,CCn1nc([N+](=O)[O-])cc1C(=O)N1CCc2ccccc2C1,1
protein48,1,CN(C)C1(C)Cc2cc(C(=O)N3CCC3)ccc2C1NC(=O)C(C#N)=Cc1cccc(C(F)(F)F)c1,0
protein48,1,CCCCn1cncc1CNC(=O)c1ccc(OC(F)(F)F)cc1,0
protein48,1,Cc1ccc(S(=O)(=O)CCNC(=O)C2=CCCCC2)cc1,0
protein48,1,CCCS(=O)(=O)Nc1c2ccccc2nc2c(-c3cccc(N4C(=O)CC(N)C4=O)c3)coc12,0
protein48,1,CC(C)Nc1ncc(-c2ccnc(Nc3cccc(C(F)(F)F)c3)n2)c2cc(Cl)ccc12,0
protein48,1,CC1C(=O)NCCN1c1cccc(-c2ccc(NC(=O)c3cc(O)nc4ccccc34)cc2)n1,0
protein48,1,Cc1cc2c(-c3cccc(CNS(C)(=O)=O)c3)c(C)sc2c(C2CCNCC2)n1,1
protein48,1,CC(C)CN1CC=C(c2c(N)n(-c3ccncc3)c3cc(F)c(F)cc23)CC1,0
protein48,1,O=c1[nH]c2ccccc2n(-c2ccc([N+](=O)[O-])cc2)c1=S,1
protein48,1,CCN(C(=O)CSc1nc(C)c(Cc2ccccc2F)nc1N)c1cccc([N+](=O)[O-])c1,1
protein48,1,Cc1[nH]c2ccccc2c1C(=CC(=O)N1CCCCC1)c1c(Cl)cncc1Cl,0
protein48,1,CCc1nc(C(=O)Nc2cc(CN3CCCC(C(F)(F)F)C3)cc(C(C)(C)C)c2)cs1,0
protein48,1,Cc1ccc(S(=O)(=O)CC(=O)Nc2cc(C)no2)cc1,0
protein48,1,CN1C(=O)C(C)(C)N=C1c1ccc(Cl)c([N+](=O)[O-])c1,1
protein48,1,Cc1cccc(Nc2nnc(-c3ccc(NC(N)=O)cc3F)s2)c1,0
protein48,1,CC(=O)Nc1cn2cc(-c3cncc(F)c3)cc(NCc3c(F)c(F)cc(F)c3F)c2n1,0
protein49,1,CCCN1CCC(O)(CNS(=O)(=O)c2cccc3cccnc23)CC1c1ccccc1,0
protein49,1,Cc1ccncc1CNc1cc(Sc2c(N)n(C)cc(O)c2=O)sc1C(=O)O,0
protein49,1,Cc1ccc(-n2cccc(C(=O)Nc3cc(CN)ccc3C)c2=O)cc1,0
protein49,1,O=C1CCc2cc(S(=O)(=O)NC(c3ccc(C(F)(F)F)cc3)c3cccs3)ccc2N1,0
protein49,1,CCN(CC)C(=O)c1cn(-c2cc(F)c(C)cc2S(=O)(=O)N(C)C)cn1,0
protein49,1,CCCCc1cc(C2c3ccccc3OC2CNCCN(C)C)cc(OC)c1O,0
protein49,1,CCCCC1CN(Cc2c(O)ccc(-c3cnn4c3N(C)CC4=O)c2F)CC1C,0
protein49,1,Cc1cccc2c1CCC(Nc1ncncc1[N+](=O)[O-])C2,1
protein49,1,NC1CN(S(=O)(=O)c2ccc3ccc(Cl)cc3n2)C(C(=O)O)CC1OCc1ccc(F)cc1F,0
protein49,1,CNC(=O)c1sc2c(C)c(C)ccc2c1-c1ccnc(N2CCN(C)CC2)c1C#N,0
protein49,1,CCN1Cc2c(c(=O)c3ccccc3n2C)C1c1ccccc1,1
protein49,1,Cc1c(F)cc2c(c1Cl)OC(C)(C)C(N)=C(c1cnc(N)nc1)S2(=O)=O,0
protein49,1,CC(C)CNS(=O)(=O)c1ccc(NC(=O)C2CCc3ccccc3C2)cc1,0
protein49,1,Cc1cccc(C=NO)c1O,0
protein49,1,CCC(C)Sc1nc2cc(C)cnc2n1Cc1c(Cl)cccc1Cl,0
protein49,1,COc1ccc(Nc2ccnc(C)n2)cc1,0
protein49,1,Nc1nc(Nc2ccc(Cl)c(Cl)c2)c2ccccc2n1,1
protein49,1,c1ccc2c(N3CCNCC3)ccc(Nc3ccnc4ccc(C5CNCCN5)cc34)c2c1,1
protein49,1,CC(C)CCC1OC(C2OC(=O)c3cncc(O)c3C2=O)C1C,0
protein49,1,Cc1[nH]ncc1-c1c(Cl)cc(Cl)c(C(=O)NNC(=O)CN(C)C)c1Cl,0
protein49,1,CCCN1CCN(c2nccnc2C#N)CC1,0
protein49,1,O=C(COC(=O)c1cc2c(s1)CCCC2)Nc1cc([N+](=O)[O-])ccc1OC(F)(F)F,1
protein49,1,CCCCCN1CCc2ccccc2C1CNc1sc2c(c1C#N)C(N)=Nc1ccccc1C2,1
protein49,1,Cc1cn(C(C)C)c2ccc(-c3cncc(Nc4nc(N5CCN(C)CC5)cc(C(F)(F)F)n4)c3)cc12,1
protein49,1,CCN(CC)C(=S)Nc1ccc(-c2sc(N3CCC(Oc4ccc(F)cc4C)CC3)nc2S(C)(=O)=O)cc1,0
protein49,1,Cc1ccc(NC(=O)C(CCS(=O)(=O)C2CC(=O)N3Cc4c(ccc5c4CCCO5)C3C2)N2CCCC2)cc1C,0
protein49,1,CC(C)(C)CS(=O)(=O)Oc1ccc(C(F)(F)F)c([N+](=O)[O-])c1,0
protein49,1,CC(C)CCN1CCCC(Cn2cc(C(F)(F)F)ccc2=O)C1,0
protein49,1,Cc1ccn(C)c(=NC(=O)c2cc(-c3ccccc3OC(F)(F)F)no2)c1,1
protein49,1,CC(C)S(=O)(=O)c1nc(-c2cc(NC(=O)CCn3ccnc3)ccn2)cnc1N1CCCC1,0
protein49,1,CCN(CC)CCn1cc(-c2[nH]ncc2CNCCCS(C)(=O)=O)c2ccccc21,1
protein49,1,CCN1CCCc2cc(F)cc(F)c2-n2nc3c(c2Nc2cccc1n2)CCC3,0
protein49,1,Cc1cc(=O)c2ccc3c(c2o1)CC(C)(C)C3,1
protein49,1,CCOC(C)c1cc(C(=O)NCc2ccc([N+](=O)[O-])cc2)[nH]n1,1
protein49,1,O=C(CCS(=O)(=O)c1ccc(Cl)c(OC(F)(F)F)c1)Nc1cccnc1C(F)(F)F,0
protein49,1,CCCCS(=O)(=O)c1nnc(N2CC(C)c3ccccc32)s1,0
protein49,1,Cc1cc2nccc(S(N)(=O)=O)c2cc1-c1cccc(F)c1C#CCN(O)C=O,1
protein49,1,CCN(CC)C1CCc2c(sc3nc(-c4ccc5[nH]ccc5c4)nn23)C1,0
protein49,1,CC1=NCCn2c3cc(-c4ccccc4F)cc(-c4ccccc4)c3c(=O)n21,1
protein49,1,O=C(CCC(O)c1ccccc1OCOCCOCCN1CCC(c2ccc(F)cc2F)CC1)N1CCCCC1,0
protein49,1,O=C(Nc1nnc(-c2ccccc2)o1)c1ccc(Cl)c(Cl)c1,0
protein49,1,CC(C)Cc1ccc(C(NC(=O)c2ccc(-c3cnn(C4CCOCC4)c3)nc2O)C(N)=O)cc1,0
protein49,1,COc1cc2nc(C=Cc3ccccc3)n(-c3ccc4ncc(C)cc4c3)c(=O)c2cc1OC,1
protein49,1,CCC1Cc2nn(c(=O)c3c4c(sc23)S(=O)(=O)c2cnccc2N4C)C1,0
protein49,1,NC(=O)C(N)CSC(c1ccc(O)cc1)c1cc(Cl)ccc1F,0
protein49,1,CCn1c2ccc3c(c2c2cccnc21)CC(C)(c1ccccc1)NC3=O,1
protein49,1,CC1(C)CC(C(O)C(=O)O)c2ccccc2N1C(=O)c1ccc2cnc3c(F)c(F)ccc3c2n1,1
protein49,1,Cc1ccc(C(=O)N2CCC(c3nccn3CC3=CCCCC3)CC2)cc1,0
protein49,1,CCS(=O)(=O)N1CCC(N(C(=O)c2cn(C(C)C)c3cnccc23)c2cncc(-c3ncco3)c2)C1,0
protein49,1,CCOC1c2cc(OCCN)ccc2-c2ccccc2C(=O)N1c1nc2ccc(C)cc2s1,1
protein49,1,Cc1ccc(Oc2c(-c3ccc(S(=O)(=O)N(C)C)cc3)nc(N)c(-c3ccncc3)c2F)cc1,1
protein49,1,CCN(CC)CC(=O)Nc1ccc(OC(F)(F)F)cc1,0
protein49,1,CCN(CC)CC(C)C(=O)c1cccc(O)c1C(=O)Nc1ccccc1,0
protein49,1,CC(C)c1ccccc1-n1nc(C(=O)Nc2cccs2)ccc1=O,0
protein49,1,Cc1cccnc1N1CCCN(C(=O)c2cccs2)CC1,1
protein49,1,Cc1ccc(Oc2cncnc2)cc1Nc1cnccc1Nc1cccc(C(=O)O)c1,0
protein49,1,COc1cccc(F)c1-c1nnc(NC(C)=O)cc1Oc1ccc(C(=O)N2CCN(C)CC2)cc1Cl,0
protein49,1,Cc1ccc2c(c1)C(=O)C(Nc1ccc(F)c(C(=O)NC3CCCCCC3)c1)NC2=O,0
protein49,1,O=CC=C(c1ccc(O)c(O)c1)c1cccs1,0
protein49,1,CCN(CC)CCOC1c2ccccc2C(=O)N(CCCC(=O)N(C)C2CCCCC2)c2ccccc21,0
protein49,1,CC=CCn1c(N)nc2ccccc21,1
protein49,1,CCN(CC)C(=O)c1c(OC)cccc1-c1nnc(Sc2ccc(OCc3ccccc3)cc2)o1,1
protein49,1,COc1cc(-c2c(F)ccc3nc(Nc4ccccc4S(C)(=O)=O)n(O)c(=O)c23)ccc1NC(C)=O,1
protein49,1,CC1(C)CCN(C(=O)c2snnc2-c2ccncc2)CC1O,0
protein49,1,CCN1C(=O)CSc2ccc(C(F)(F)F)cc21,0
protein49,1,CCC1CCC(C)CN1C(=O)Cc1cnccc1Nc1cc(-c2nc(N(C)CC(F)(F)F)ns2)ncn1,0
protein49,1,Cc1cccn2c(=O)nc(Cl)cc12,1
protein49,1,Cc1cccc(N2CCN(CC3CCN(C4CCc5ccccc5C4)CC3)CC2)c1,0
protein49,1,CCOC(=O)C1=CC2CN(CCC2C(=O)OC)C1Cc1ccc(F)c(F)c1,0
protein49,1,CCc1cnc(CC2(NC(=O)C3Cc4cc(S(=O)(=O)O)ccc4NC3(C)C)CCCCC2)s1,0
protein49,1,O=C(Nc1ccncc1Cl)C1OCCC1CN1CCN(c2ccccc2OC(F)F)CC1,1
protein49,1,CC(=O)NC(CNc1cc(-c2ccco2)nc2ccccc12)c1ccc(Cl)cc1,0
protein49,1,O=C(Nc1ccc2c(c1)OCCO2)Nc1ccc(F)cc1C(F)(F)F,0
protein49,1,CCN(CC)c1cccc(-c2cc3ncnc(NCc4ccc(F)c(F)c4)c3c(F)c2OC)c1,1
protein49,1,Cc1ccc(C)c(NC(=O)c2cc(=NCc3ccc4c(ncc[n+]4[O-])c3O)oc3ccccc23)c1,1
protein49,1,Cc1ccc(N(C(=O)c2csc3ccc(OC(F)(F)F)cc23)C2CCOCC2)cc1,0
protein49,1,Cc1ncc(Nc2cc(Cl)ccc2C(=O)NC2CCC(Oc3ccc(C(F)(F)F)cc3)CC2)nc1C,0
protein49,1,Cc1nn(-c2ccccc2)cc1C(=O)N1CCCC(n2nccc2Cl)C1,0
protein49,1,CC1(C)CC(c2ccccc2)N(C(=O)C2CCCN(CCc3ccncc3)C2CO)C1,0
protein49,1,O=C(NN=C(c1ccc(F)cc1)c1cc2ccccc2[nH]1)c1cnco1,1
protein49,1,CCN(CC)CC#Cc1cnc2c(-c3cccc(OC)c3)cnn2c1,1
protein49,1,CCN(CC)Cc1nc(-c2cccnc2)n(CC(=O)N2CCCCCCC2)n1,0
protein49,1,CCCN1CCc2ccc(o2)-c2ccc(cc2OC)CC(C)C(CC(=O)OC2CCC(C)CO2)C1=O,1
protein49,1,CCC1C(=O)C2N(C(=O)Nc3cc(C)cc(C)n3)C1CC2(O)Sc1ccccc1,0
protein49,1,NC(=O)C1C(c2cc(F)c(Oc3ccncc3)c(F)c2)C1(O)c1cccc(Cl)c1,0
protein49,1,COc1ccc2nc3c(cc2c1)Cc1c-3c(C)cc(O)c1C1CCOC1=O,1
protein49,1,CC(C)N(Cc1cccc(Oc2ccc(Oc3ncc(Cl)cn3)cc2)c1)C(C)C,0
protein49,1,CCCCN1N=C(c2ccccc2)CCCOc2ccc(cc2)CCC1=O,0
protein49,1,CCC(CON=C1CC(=CCCF)c2ccccc21)N1CCCCC1,1
protein49,1,Cc1ccc(NC(=O)c2cccc(N(C)c3cc(O)nc4cc(F)ccc34)c2)cc1S(=O)(=O)N1CCCCC1,0
protein49,1,CCc1ccc(Nc2cncc(-c3cccc(C)c3C)n2)cc1,1
protein49,1,O=C(O)c1cn(CC2CCCCC2)c(C(F)(F)F)c(O)c1=O,0
protein49,1,CCOc1cc(C2CC(c3cc(C)sc3-c3ccccc3F)=NN2)ccc1O,0
protein49,1,CCc1ncnc(-n2cc(C)cn2)c1C#CC1COCCN1C(C)C,0
protein49,1,CC(=C(SCCO)C(=O)O)n1cnc(-c2cccc(OC(F)(F)F)c2)n1,0
protein49,1,Nc1ncc(-c2ccc(CC3CN(CC(F)(F)C(F)(F)F)CCN3Cc3ccccc3)cc2)cn1,1
protein49,1,CCCC(C(=O)O)[N+](S)=C1CCCC1,0
protein49,1,Cc1cc(C(F)F)nn1-c1cc(C(=O)NC2CCCC(C(F)(F)F)C2)cc2c1C1CCC(C2)N1,1
protein49,1,Cc1ccc(NC(=S)NC(=O)C(=Cc2ccccc2C(F)(F)F)C(C)C)cc1,0
protein49,1,CCc1nnc(NC(=O)CSc2nc(C)c3ccccc3n2)s1,1
protein5,1,CCC1CN(Cc2cccc(Oc3ccc(Cl)c(Cl)c3)c2)C(=N)N1C(C)(C)O,0
protein5,1,N#CC1(c2cc(-c3cc(C(N)=O)nn3-c3ccccn3)ccc2Cl)CC1,0
protein5,1,Cc1nc2c(nc1N1CCNC(C)C1)CCCC2,0
protein5,1,CCn1c2cc(NC(=O)CC#N)c(OC)cc2c2cc(Cl)cnc21,1
protein5,1,Cc1cc(C)n2nc(SCC(=O)O)nc2c1-c1ccc(-c2cn(CCCl)c3ccccc23)c(F)c1,0
protein5,1,CCOc1ccc(-c2nc(C)cnc2Nc2n[nH]c3ccc(C)cc23)cc1,1
protein5,1,CCS(=O)(=O)NCC(O)CCNc1nc(-c2ccncc2)nc2ccccc12,0
protein5,1,CCN(c1ccccc1)c1nc2c(C)cc(C)cn2c(=O)c1C(=NO)Nc1ccccc1C,0
protein5,1,Cc1ccc(-c2ccc(NC3=NCCS3)cc2)s1,0
protein5,1,NC(=S)Nc1ccc(Nc2ncnc3sccc23)cc1,0
protein5,1,CCOC(=O)Nc1c(C)c(-c2ccccc2Cl)nc2cc(C(=O)NC(C)C)oc12,0
protein5,1,CC(C)N=Nc1nc(C(C)(C)O)nc2c1cnn2-c1ccccc1,1
protein5,1,CCOc1ccc(Nc2nc3ccc(C)cc3s2)cc1C(=O)NC(=S)Nc1ccc(N(C)C)cc1,1
protein5,1,CC(C)C1CC2(C(C)C)C(=O)OC2c2nc3ccccc3cc21,1
protein5,1,CCC(C)C(NC(=O)Nc1cccc2nc(Nc3cccc(CC(=O)O)c3)c(C#N)c(=O)n12)C(=O)O,0
protein5,1,Cc1cc(N2CCCC3(CCC(Cn4nc(C)c(Cl)c4C)CC3)C2)ccn1,0
protein5,1,O=C1C=C(c2nc3ccccc3n2Cc2ccccc2Cl)O1,0
protein5,1,CCCc1nn(-c2ccc(C)c(Cl)c2)cc1C(=NO)NC(C)=O,0
protein5,1,CC(c1ccccc1)N(C)c1nnc(-c2cc(=O)n3cc(F)cnc3c2)s1,0
protein5,1,CCn1cnnc1-c1cccc(Nc2nccnc2N2CCCC(C)C2)c1,0
protein5,1,CC(c1cccs1)N1Cc2ccccc2Sc2ccc(C(=O)NCc3ncno3)cc21,0
protein5,1,CCn1c2cccc(C(C)(C)C)c2n2c(C)nnc12,0
protein5,1,CCC(C)CN1Cc2cc(N(C)C(C)=O)ccc2Oc2ccccc21,1
protein5,1,CCC1CN(c2nc(Nc3cnc(N4CCOCC4)c(F)c3)ncc2F)C(=O)O1,1
protein5,1,CCCc1cc(NC(=O)c2cnn3c2NCCC3C(F)(F)F)c(C)nc1C,0
protein5,1,CC(C)CC(=O)NC1Cc2ccccc2CCC1O,0
protein5,1,Cc1cnc(C(=O)Nc2ccccc2N2CCCOCC2)cn1,0
protein5,1,Cc1cc(C)cc(Nc2nc3cccc(C#N)c3nc2C)c1,1
protein5,1,CCn1c(C)c2ccccc2c1C(=O)c1cccc(C(=O)O)c1,1
protein5,1,Cc1nc2sc(=N)n(C)c2cc1Cl,0
protein5,1,CCCCc1ccccc1Cn1ccnc1,0
protein5,1,CC(=O)Nc1nnc(S(=O)(=O)N(C)c2cc(C(C)(C)C)c(O)c(C(C)(C)C)c2)s1,0
protein5,1,CCn1c2c(c3ccccc31)C(=O)N(c1cc(C)cc(C)c1)CC21CCN(C(C)=O)CC1,1
protein5,1,CC(C)N(c1ccc(NC=C(CCCN)C(N)=O)cc1)C(C)C,1
protein5,1,CC1=CCC(C(CO)NC(=O)C(N)C(C)C)CC1,0
protein5,1,O=C(CCN1CCCCC1)Nc1ccc([N+](=O)[O-])cc1C(F)(F)F,1
protein5,1,CC1CC2(CCc3ccc(O)cc32)CC(=N)O1,0
protein5,1,O=C1CCc2ccc(Oc3ccc(C(F)(F)F)nc3)cc2N1,0
protein5,1,CCNc1nc(-c2n[nH]c3cc(F)cc(F)c23)cc(N2C(=O)OCC2C2CC(C)(CC(C)CO)CCN2C2CCCCC2)n1,0
protein5,1,CCNc1nc2c(c(-c3ccc4c(c3)OC(C)(C)C(=O)N4)n1)C(=O)CC(C)(C)C2,1
protein5,1,CCNc1ncccc1Nc1cccc(-c2cncc(CN3CCCC(N(C)C)C3)c2)c1,0
protein5,1,Cc1cccc(NC(=O)c2sc(N3CCOCC3)nc2C(=O)O)c1,0
protein5,1,O=C(NC(=S)Nc1ccccc1Cl)c1cc([N+](=O)[O-])ccc1Cl,1
protein5,1,CCOCCN(C)c1cc(C)c2cc(-c3c(O)nc(N)nc3-c3ccc(C)cc3)ccc2n1,1
protein5,1,CCCCc1nc(NCC2CCCO2)cc(N2CCCCC2)n1,0
protein5,1,O=C(Oc1cccc(C(F)(F)F)c1)N1CCN(S(=O)(=O)c2ccc(Cl)c(O)c2F)CC1,0
protein5,1,Cc1ccccc1-c1ccc(C(=O)NN=Cc2ccccn2)cc1,1
protein5,1,Cc1ccc(NC(=O)CN(C)C2(C)CCCN(C)C2=O)c(C)c1,0
protein5,1,CC(C)CC(NC(=O)Nc1ccccc1NC1CCCCC1)C(=O)NO,0
protein5,1,Cc1nn(-c2ccc(Cl)cc2)c(F)c1C(=O)Nc1ccn(CC(=O)N2CCN(C)CC2)n1,0
protein5,1,CCOc1ccc2nccc(-c3cccc(F)c3)c2n1,1
protein5,1,Nc1ccc(C2NC(=O)c3[nH]c4ccccc4c32)c2c(CC(F)F)cccc12,1
protein5,1,O=C1c2ccc(O)cc2OCC1c1ccccc1F,1
protein5,1,CC(=O)NCC1CN(c2cc(F)c3nc(Oc4ccc(O)cc4)ccc3c2Cl)C(=O)O1,0
protein5,1,CCc1cc2cc3ncnc(N)c3c(N3CCCC3)c2n1C,1
protein5,1,Cc1cc(COc2ccc(Oc3ncnc4ccccc34)cc2)c2ccccc2n1,1
protein5,1,CCCCn1nc(-c2cc(O)c3ccccc3n2)c2ccccc21,1
protein5,1,Cc1cc(NC(C)c2ccc(CN3CCCCC3)cc2)nc(N)n1,0
protein5,1,CCCCC(C)NC(=O)c1ccccc1NC(=O)c1cccs1,0
protein5,1,CCCN1CC(OC(F)(F)F)C2(Cc3ccc(OC)cc3)C(=O)N(CC3CC3)CCC12,0
protein5,1,Cc1cc(C)cc(Nc2ncnc3c(C(F)(F)F)cc(-c4c(C)nn(C)c4N)cc23)c1,1
protein5,1,CC(CC1CCCN(CC(=O)Nc2ccc(F)cc2F)C1)CS(=O)(=O)N1CCOCC1,0
protein5,1,O=Cc1cc(S(=O)(=O)N(Cc2ccccc2)C2CCS(=O)(=O)C2)ccc1Cl,0
protein5,1,Cc1[nH]c2nc(N)nc(O)c2c1C(F)(F)F,0
protein5,1,COc1nc(N)cc2nccc(Nc3nc(-c4ccccc4)ccc3NC(C)=O)c12,1
protein5,1,CCOc1cc(F)ccc1NC(=O)N1CCN(CC(CC)Oc2ccc(C(C)(C)C(F)(F)F)cc2C#N)CC1,0
protein5,1,CCN(CC)c1ccc(Nc2nc3nc(-c4ccccn4)nc(N)c3s2)cc1,0
protein5,1,CC(C)CCCC1Cn2cnc(C(=O)Nc3cc(Cl)cc(C(F)(F)F)c3)c2CN1,0
protein5,1,CSc1cc(=O)oc2c(C(C)C(=O)O)cccc12,0
protein5,1,CCC(NC(=O)C1CSCCC2CN(c3ccc(C)c(C)c3)C(=O)[S+]21)C(C)C,0
protein5,1,CCn1cc(-c2cnc(NN=Cc3ccc(O)cc3O)c3cccnc23)cn1,1
protein5,1,Cc1ccccc1Nc1c2c(n(-c3ccc(S(=O)(=O)C(F)(F)F)cc3)c1C)-c1ccnc(C)c1S(=O)(=O)C2,0
protein5,1,Cc1nn(-c2ccc(O)cc2)c(O)c1C=NO,0
protein5,1,CC1(C(=O)N(CC#CCN2CCCC2)c2ccccc2)CCN(c2nc3cc(F)ccc3n2Cc2ccc(F)cc2)CC1,0
protein5,1,Cc1cc(SCc2ccc(O)cc2)nc2ccccc12,1
protein5,1,CCN1CCc2c(sc3c(-c4ccccc4)nn(CC(=O)NC(C)(C)C)c(=O)c23)C1,1
protein5,1,O=C(Nc1nc2ccc(-c3cccc(OC(F)(F)F)c3)cc2s1)c1cnn(-c2ncccc2Cl)c1,1
protein5,1,O=C(Nc1ccc(C(=O)N2CCCC2)cc1)C1CCCO1,0
protein5,1,CC(C)CON1C(C)CCCC1C(=O)Nc1ccc(Nc2ccncc2)cc1Cl,0
protein5,1,CC(C)CCC1(C(=O)NC(C)(C)C)NC(=O)C1=NO,0
protein5,1,O=C(Nc1cc(OC2CCCCC2O)nn1-c1ccccc1)c1ccccc1F,0
protein5,1,CCN(CC)CC#CCn1cc(C)c(=O)[nH]c1=O,0
protein5,1,Cc1cc(N2CCCC(C)C2)c(=O)ccc1-c1cc(C2CC2)nc(N2CC(C)N(C)C(CO)C2)c1F,1
protein5,1,CCS(=O)(=O)Nc1ccnc(NCC2CCCCC2)n1,0
protein5,1,CC(=NNc1nnc(-c2ccc(Cl)cc2)cc1Cl)c1cccs1,0
protein5,1,CCN(CC)Cc1[nH]c2ccccc2c1-c1cn(C)c2cc(F)ccc12,1
protein5,1,CCC(C)Nc1c(C(C)C)c(=O)c2c3c(ccc2n1C)OC(CN(CCO)C(C)C)O3,1
protein5,1,CCC(C)OC1CCN(c2nc(N)cc(CNC(CO)C(C)Cn3c4ncncc4c(=O)n3-c3ccccc3)n2)C1,0
protein5,1,CC(C)(CO)COP(=O)(O)ON=C1Cc2ccccc2-c2cccc(OC(F)(F)F)c21,1
protein5,1,Cc1ncc(C(c2ccsc2)N2CCC(O)(C(C)C)CC2)cc1-c1ccc(CCCO)o1,0
protein5,1,O=C(NO)C1CCCCN1C(=O)C1CCC2(CCNC2)CO1,0
protein5,1,Cc1cc(-n2ncc(C(=O)NC3CCCc4ncccc43)c2C(F)(F)F)ccc1F,0
protein5,1,Cc1ccc(Nc2nccc(N3CCc4cc(cc(C(F)(F)F)c4)C3)n2)nc1,0
protein5,1,Cc1ccc(-c2cc(NC(=O)c3cnccn3)cc(Nc3cc(Cl)cc(Cl)c3S(=O)(=O)N(C)C)c2)cn1,0
protein5,1,CC(C)(CN1CCCCC1)NC(=O)c1nc2n(c1Cl)-c1ccccc1CC2,0
protein5,1,CC(=O)OCCC1CCCC=C1CN(C)C,0
protein5,1,O=C(Nc1cc(C(F)(F)F)ccc1S)c1c(F)cccc1F,0
protein5,1,CCn1cc(-c2cncc(-c3cccc(C)c3)c2)[n+](O)c1C#N,0
protein5,1,O=C(NCC1CCCO1)c1cc(C(F)(F)F)ccc1N1CCOCC1,0
protein5,1,Cc1ccc(-c2cc(C3(CN4CCOCC4)CCC(C)(C)CC3)cnc2Nc2ccc(OCc3cccc(F)c3)nc2)nc1,0
protein50,1,CCCC(=O)NCCC1(c2ccccc2)CNC(=O)c2cc(OC)c(OC)cc21,0
protein50,1,CC(=O)c1ccc(C=NNC(=O)c2ccc(N3CCCC3)cc2)s1,0
protein50,1,C[S+]([O-])c1ccc(-c2ccc(Cl)c(N3C(=O)CCC3=O)c2)cc1,0
protein50,1,Cc1nsc(NC(=O)CCN(c2ccc(C#N)c(C(F)(F)F)c2)S(=O)(=O)c2ccccc2Cl)n1,1
protein50,1,CC(C)C(C(C)C)C(SC(=O)C=Cc1cccc(N)c1)C(=O)N1CCC(O)CC1,0
protein50,1,CCN(CC)C(=O)N1C(=C2CCCCC2C)S(=O)(=O)c2ccc(Cl)cc21,0
protein50,1,CCCC(C)C(C)(C)C(=O)Nc1cc2c(n(-c3ccccc3)c1=O)CCN(C(=O)COCC)C2C,0
protein50,1,CCn1c(C)cc2cc(C(=O)Nc3c(C)nn(-c4nc(-c5ccncc5)nc(OC)c4C#N)c3C)ccc21,1
protein50,1,CC1(C)C=Cc2cc(-c3ccc4cc(O)ccc4n3)cc([N+](=O)[O-])c2N1,1
protein50,1,CCn1cc(C(=O)Nc2ccccc2C#N)c2ccccc21,1
protein50,1,CCCNC(=O)C1Cc2ccccc2CN1C(=O)CSC1=NN(C(C)=O)C(c2ccccc2)C1,0
protein50,1,CCN(CC)C(=O)CN1Cc2cc(C)ccc2-n2nc(-c3ccc(F)cc3F)cc21,1
protein50,1,CC(C)c1cc2ccccc2nc1SC1=C(Cl)C(=O)c2cnccc2C1=O,0
protein50,1,CCC1NC(=O)C2(CCN(C(=O)c3cnn(-c4ccc(F)cc4)c3C)CC2)C(Cc2ccco2)N1,0
protein50,1,Cc1cc(C)c(OCc2c(Cl)cccc2Cl)c(-n2nccc2-c2cc(C(=O)N3CCCNCC3)cnc2N)c1,0
protein50,1,Cc1cnccc1-c1cc(CC2CN(Cc3cnn(C(C)(C)C)c3)CCN2C)[nH]c(=O)c1,1
protein50,1,NCC(N)C(=O)N1CCC2C(O)CCC(OS(=O)(=O)O)C21,0
protein50,1,CC(=O)Nc1ccc2cccc([S+](=O)([O-])[O-])c2n1,1
protein50,1,Cc1ccc(-c2cc(F)ccc2NC(=O)c2cc(SCC(=O)N3CCC3)nc3ccccc23)c(F)c1,1
protein50,1,CC1(C)CC(Cc2ccc(-c3cccc4c3ncn4CCO)cc2C(F)(F)F)CC(C)(C)N1O,1
protein50,1,Cc1cc(N)c2cccnc2c1O,1
protein50,1,CC(C)CC1CCNC2CC(n3c(=S)[nH]c4ccc5[nH]c(O)nc5c43)CCC12,0
protein50,1,Cc1cccc(C)c1CSc1nc(C)c(C)c(N)n1,1
protein50,1,Cc1cc(CS(=O)(=O)NCC2CCCO2)ccc1F,0
protein50,1,CCCC(=O)Nc1nnc(-c2ccncc2)s1,0
protein50,1,Cc1ccc(CN2CCCC(CCc3ccccc3)(N(C)CC(O)c3cccnc3)C2)o1,0
protein50,1,CCCCc1nc(N)nc(Nc2cc(OC)c(OC)cc2C(=O)NCc2cccnc2N(C)C)n1,0
protein50,1,Cc1nn(-c2ccc(Cl)cc2)c(C)c1CNCC1CCCO1,0
protein50,1,O=C(O)C1CCCN1C(=O)C1CCC(Nc2nnc(-c3ccsc3)c3ccccc23)CC1,0
protein50,1,CCOP(=O)(Oc1ccc(C(=O)O)cc1)C(C)NCc1ccccc1CC,0
protein50,1,CC(c1cccs1)N1C(=O)c2ccccc2C1=O,0
protein50,1,O=C1CN(Cc2c3ccccc3nc3ccccc23)c2cc(Cl)c(S(=O)(=O)N3CCCCC3)cc2N1,1
protein50,1,CC(=O)N1N=C(c2ccc(-c3ccc(O)nn3)o2)OC1c1ccccc1Cl,1
protein50,1,NC(c1c(Nc2cccc(O)c2)nc(=O)n2sc3ccccc3c12)(C(F)(F)F)C(F)(F)F,1
protein50,1,Nc1nc2c(F)cc(Cl)cc2cc1Cl,0
protein50,1,CCCCC1COc2cccc(CO)c2C1=O,0
protein50,1,Cc1cc(C)n(-c2sc(-c3ccccc3C)nc2C(N)=O)n1,1
protein50,1,CC(C)C1C(c2ccccc2)Nc2ncccc2C(=O)N1Cc1cccnc1,1
protein50,1,CC(C)COc1cccc(Nc2c([N+](=O)[O-])cnc3cc(C4=NCCN4)ccc23)c1,1
protein50,1,CC(C)(CC1CN(C2CCCCC2N2CCCC(c3ccccc3)C2)C(=O)O1)C(C#N)C(F)(F)F,0
protein50,1,O=C(c1cn(-c2ccccc2)nc1-c1ccc(F)cc1)c1coc2ccc(F)cc12,0
protein50,1,Cc1cccc(NCc2cnccc2Nc2ccnc(-c3ccncc3)c2)n1,0
protein50,1,Nc1nc(-c2cccc3c2CCCC32CCN(CCNC(=O)Nc3ccc(OC(F)(F)F)cc3)CC2)ccc1F,1
protein50,1,CC(C)CN(CC(O)c1ccccc1I)CS(=O)(=O)O,0
protein50,1,CCNC(=O)C1CCC2C(Oc3ccccc3)Cc3c(O)cccc3C2C1,0
protein50,1,O=C(NCc1c[nH]c2ccccc12)c1c[nH]c2ccccc12,0
protein50,1,Cc1ccc2[nH]c3c(c2c1)C(=NNc1ccc(S(N)(=O)=O)cc1)C(C)CC3(C)C,1
protein50,1,CC(C)CC(=O)NCc1cccnc1Nc1ccc(F)cc1,0
protein50,1,CCCN1CCc2c(ccc3ccnnc23)C1=S,1
protein50,1,Cc1ccc(OC(C)(C)c2cccc(OCCN3CCCC3)c2)c(C)c1,0
protein50,1,COc1ccc(Cl)cc1-c1nnc(N2CCC(C)CC2)s1,0
protein50,1,COC(=O)C1=C(N2CC(O)C(C(C)(C)C)C2=O)CCC(=O)N1CCc1ccccc1,0
protein50,1,CC1(C)CCC(=NO)C=C1CN1CC(NCCO)Cc2cnc3cccc(Cl)c3c21,0
protein50,1,CC1CCC(N(C)C(=O)CN2CCC(c3nc4ccccc4cc3Cc3ccccn3)CC2)CC1,0
protein50,1,CCN1CCCCC1CNC(=O)c1cc(Cl)ccc1N1CCCC1,0
protein50,1,FC(F)(F)c1cccc(C2=NN(C(=S)N3CCCCC3)CC2)c1,0
protein50,1,Cc1ccc([N+](=O)[O-])cc1Nc1nc(-c2cccs2)nc2ccccc12,1
protein50,1,Cc1nn(C)c(=O)c2oc3c(Cl)cccc3c12,1
protein50,1,O=C(Nc1ccc(-c2nc3ccccc3[nH]2)cc1C(F)(F)F)NC1CCC(c2ccnc(NC3CCCCC3)n2)OC1,1
protein50,1,Cc1nc2c(Nc3ccccc3)cc(CO)cn2c1C(=O)NCC1CN(C2CCCCC2)CCO1,0
protein50,1,COc1ccc2nc(-c3ccnc(N)c3)n(Cc3nc4c(s3)C(=O)C(C)CC4)c2c1,1
protein50,1,CCN(CC)C(=O)c1ccc(Nc2nc(N3CCC3)nc3ccccc23)cc1,1
protein50,1,O=C(Nc1ccc(C2CCC2)cc1-c1cncc(C(F)(F)F)c1)c1cnccn1,0
protein50,1,N#Cc1ccc(CN2CCN(c3nc4cnnc5c3cccc45)CC2)cc1,1
protein50,1,O=C(c1ccc(N(C(=O)Nc2ccc(-c3ccncc3)cc2F)C2CCNCC2)cc1)N1CCCC1,1
protein50,1,O=C(NC1CCN(C2CCNC2=O)CC1)c1cc2c(-c3ccncc3)cc(-c3ccncc3)cc2[nH]1,0
protein50,1,O=[N+]([O-])c1cccnc1N1CCN(C(CO)=Nc2c3ncccc3nc3c2[nH]c2ccccc23)CC1,1
protein50,1,Cc1ccc(Oc2ccc(S(=O)(=O)c3nccs3)cc2C(C)(C)C)c(C(N)=O)c1,0
protein50,1,CCC(CS)NC(=O)c1ncc(-c2ccccc2OCC2CC2)nc1C(C#N)c1ccc(Cl)c(C)c1Cl,0
protein50,1,CCC1CN(C)CCC1(OCCn1ccc(=O)c(C(=O)O)c1)c1cc(C(F)(F)F)nc2ccccc12,0
protein50,1,CCCCCCCC1CC(C(C(=O)NO)c2cccc3ccc(OC(F)(F)F)c(O)c23)N(O)C1,1
protein50,1,O=C(Nn1cnc2[nH]c3c(c2c1=O)CC(O)CC3O)c1cccs1,1
protein50,1,CCc1nnc(NC(=O)CCC(=O)Nc2ccc(Cl)c(C)c2C)s1,0
protein50,1,O=Cc1ccc([N+](=O)[O-])cc1C(=O)Nc1ccc(F)c(Cl)c1,1
protein50,1,CC(C)C(COc1ccc2c(c1CNc1ccccc1)CCCC2)NS(=O)(=O)[O-],0
protein50,1,Cc1nc2cc(-n3cc(-c4cccnc4)c4c(N)ncnc43)ccc2[nH]1,1
protein50,1,CC(C)(C)CCC1Cc2ccccc2N=C2C(=NC1(C)C)C(O)=C2O,0
protein50,1,Cc1ccc(C2Cc3c([nH]c4ccc([N+](=O)[O-])cc34)C3(CCCC(N(C)C)C3)N2C)s1,1
protein50,1,CC(N)c1cccc(Nc2c(C(=O)N3CCOCC3)cnc3cc(F)ccc23)c1,0
protein50,1,CC(C)c1cc2c(N3CCOCC3)ncc(-c3csc(NCC(O)C(=O)NC4CC(C)(C)C(CO)NC4=O)n3)n2c1,0
protein50,1,CC(C)CC(NC(=O)c1cccc(S(=O)(=O)Nc2cccc(-c3cc(F)cc(Cl)c3)c2)c1)C(=O)NO,0
protein50,1,CCN1CCN(S(=O)(=O)c2ccc3c(nc(CCN4CCC(C)(C)CC4)n3Cc3ccccc3Cl)c2C#N)CC1,1
protein50,1,Cc1cccc(C(=O)Nc2nnc(-c3ccncc3)s2)c1,0
protein50,1,CC(C)CC1C(=O)NC(c2ccc(Cl)c(C3CCCCC3)c2Cl)CN1C(=O)C1CC1,0
protein50,1,O=c1c2ccccc2nc2[nH]cc(-c3ccccc3)n12,1
protein50,1,CCn1cc(CN2CCN(C(=S)Nc3cc(C)c(OC)cc3Cl)CC2)c2ccccc21,1
protein50,1,Cc1nc2ccc(Nc3ccc([N+](=O)[O-])cn3)cc2n1CC1(O)C(C)CCCC1CO,1
protein50,1,CCNC(=O)C1CCCN(c2nncc(-c3cccc(OC)c3)n2)C1,0
protein50,1,CCCc1nn(-c2ccccc2F)c2ccc(-c3cccc(OC)c3)nc12,1
protein50,1,CCC(=O)Nc1ccc2nn(CC(=O)N3C(C(N)=O)CCC3C(=O)O)c(C)c2c1,0
protein50,1,CCCCN(CCC)C(=O)c1sccc1NC(=O)C1=C(OC)Sc2ccccc2N1,0
protein50,1,Cc1ccccc1Nc1ncc2c(n1)Oc1cccc(OCCN3CCCC3)c1C2C1CCCC1,1
protein50,1,Cc1ccc(C#N)cc1C#CCCCO[N+](=O)[O-],1
protein50,1,CS(=O)(=O)SCCNc1cc(Cl)cc(Cl)c1,0
protein50,1,Cc1nc(C(=O)Nc2ccc(N3C(=O)c4ccccc4C3=O)cc2)cs1,1
protein50,1,CCn1cc(N2CCCC2)c2c3c(sc2c1=O)CCC(N1CCN(c2nc4ccccc4[nH]2)CC1)C3,1
protein50,1,Cc1ccc(C(C)Nc2nccc(NC(=O)CCN3CCN(c4ccccc4Cl)CC3)n2)[nH]c1=O,0
protein50,1,Cc1nc2c(NC(=O)c3c(Cl)n(CC(F)(F)F)c4cc(Cl)ccc34)cc(OCC3CC3)cn2c1-c1ccccc1,0
protein50,1,Cc1ccc(-n2nccn2)c(C(=O)N2CCC(CNCc3nc4cc(Cl)ccc4[nH]3)CC2)c1,0
protein50,1,CCN(CC)CCC(=O)Nc1sc2c(c1C(N)=O)CCCC2,0
protein51,1,Cc1cc(Nc2ccc(C#N)cc2N2CC3CC3C2)cc(-c2[nH]ncc2CN2CCC(O)CC2)n1,1
protein51,1,Cc1cc(OC(C)(C)c2nc(-c3ccccc3)no2)c2ncccc2c1C,1
protein51,1,CCC1Cc2ccccc2NC1c1ccccn1,0
protein51,1,CC(C)Nc1ccnc(Nc2cccc(OC(F)(F)F)c2)n1,0
protein51,1,CCC(C)Nc1nc(Nc2cc([N+](=O)[O-])cc(C(F)(F)F)c2)nc2ccccc12,1
protein51,1,Cc1cc(Nc2ccnc(-n3c(C(N)=O)csc3=O)c2)c2ccccc2n1,1
protein51,1,CC(=O)c1c(C)[nH]c(C(=O)NCc2ccc3c(c2)CCC3)c1C,0
protein51,1,CCCCc1ccc(-c2[nH]nc3c2NC(=O)CC3)cc1,1
protein51,1,Cc1ncc(CNC(=O)CCSc2ccnc3nc(-c4cccc([N+](=O)[O-])c4)cc(-c4cccn4C)c23)nc1Nc1ncncc1F,1
protein51,1,COc1cc(-c2nc3ccc(N(C)C(=O)Cc4ccccc4)cc3n2C)cc(C)c1OC(C)=O,1
protein51,1,CC(C)Cc1nc(NCC(F)(F)F)ncc1Cc1cn[nH]c1Cc1ccccc1,0
protein51,1,Cc1ccc2[nH]cc(C(=O)C3=C(N(C)C)c4ccccc4C(=NS(=O)(=O)c4ccn(C)c4)C3)c2n1,1
protein51,1,Cc1cc(C(F)(F)F)n(-c2ccc(C(=O)NCCN3CCCc4ccccc43)cn2)n1,0
protein51,1,Cc1cccc(C(=O)Nc2cc(C(F)(F)F)ccc2N2CCNCC2)c1,0
protein51,1,Cc1[nH]c(C(=O)NCc2cccc(F)c2F)cc1C1c2ccccc2C(=O)N1c1ncccn1,1
protein51,1,CC(C)CC(=O)C(N=[N+]=[N-])C(O)(CS(=O)(=O)C1CCC(c2ccccc2)CC1)c1ccccc1,1
protein51,1,CN1CCC(O)CC1Cc1c[nH]c2ccc(-c3ccccc3C3(O)C(O)CCCS3(=O)=O)cc12,0
protein51,1,Cc1cc(N)nc(-c2cccc(N(C)C)c2)n1,1
protein51,1,O=C(Nc1c2ccccc2c(-c2cccnc2)n1C1CCNCC1)c1ccccc1,0
protein51,1,Cc1ccc2c(n1)-n1nc(C(C)(C)C)cc1C(=O)NCc1ccc(c([N+](=O)[O-])c1)OC2,1
protein51,1,CCCCn1c(=S)[nH]c2ccc(S(=O)(=O)N(CC)Cc3ccccc3Cl)cc2c1=O,0
protein51,1,CCn1c(COCC2CCN(C(=N)N)CC2)nc2cc([N+](=O)[O-])ccc21,1
protein51,1,CCn1c(C(=O)N2CCc3ccccc3C2)nc2ccc3c(c21)S(=O)(=O)Cc1ccccc1-3,1
protein51,1,CCCN(C)c1nc(Nc2cccc(C3(C#N)CCCN(CC)C3)c2)ncc1C#N,1
protein51,1,CCOc1cc(F)ccc1-c1c(C(=O)N(C)C)cnc(N2CCCC2C(=O)NC2CC2)c1-c1cnc(CC)nc1,1
protein51,1,O=C1c2cc(C(F)(F)F)c(F)cc2C2Cn3ccnc3C3(Cl)OC(C(F)(F)F)OCC3N12,1
protein51,1,CCC(C)CN(CC1CCN(C)CC1COc1ccc(C)c(C)c1)S(=O)(=O)CC,0
protein51,1,Cc1ccc2c(c1)-c1cc(Cl)c3cc1OC2c1c(C(F)(F)F)n[nH]c1N3,1
protein51,1,CCC=C(C)CN(C1CCCCC1NC(=O)c1cccs1)C1Cc2cccc(O)c2C1CCN=C=S,1
protein51,1,CCC(CC)CNC(=O)CSc1nc2nc3ccc(O)cc3c(C)c2c(=O)[nH]1,1
protein51,1,Clc1ccc(CNC2CCCCC2)c(Cl)c1,0
protein51,1,Nc1cc(Cl)nc(N2CCCCCC2)c1NC(=O)c1cc2ccccc2[nH]1,1
protein51,1,NC(=NC1(c2cc(Cl)ccc2F)CCCCC1)c1ncccn1,1
protein51,1,CC(C)Cn1ncc2ccc(C(=O)NCCN(Cc3ccccc3)C3CCC3)cc21,0
protein51,1,CCc1c(C)nc(Nc2ccc(Cl)cc2)nc1N1CCc2c(C=NC(C)(C)C)c3cccnc3n2C1,0
protein51,1,CC1(C)Cc2cccc3[nH]cc(c23)C(=O)N1c1ccc(S(N)(=O)=O)cc1,1
protein51,1,CC#CCC(O)CCN1CCCCCC1(C)C,0
protein51,1,Cc1cn(CCCCCc2ccccc2C(F)(F)F)nc1C(N)=O,0
protein51,1,O=CNc1ccccc1CN1CCN(C2=Nc3cc(C(F)(F)F)ccc3NC(=O)C2)CC1,0
protein51,1,CC(C)CCCC(C)NC(=O)C1CC(O)C(C)(C)N1C(=O)NO,0
protein51,1,CCn1nccc1CNn1cnnc1-c1ccc(OC)c(OC)c1,0
protein51,1,O=C(c1c(-c2ccc(F)c(F)c2)nc(O)c2ccccc12)N1CC(OCC2CCCC2)CS1,1
protein51,1,O=C(NCCCNC(=O)c1ccccc1[S+]([O-])c1nc2ccccc2n1Cc1ccccc1F)c1ccccc1,1
protein51,1,CN1c2ccccc2C(O)(C(F)(F)F)C1NS(=O)(=O)c1cc2cc(O)ccc2n(C)c1=O,0
protein51,1,Cc1[nH]nc(C(F)(F)F)c1-c1ccc(C(=O)Nc2cc(C3CC3)nn2C)cc1,0
protein51,1,CC(=O)c1cc(-c2ccnc(N)c2)c(Cl)s1,0
protein51,1,FC(F)(F)c1cnc(Oc2c(Cl)cccc2Br)c(Cl)c1,0
protein51,1,Cc1csc(-c2cnccc2Cc2ncc(C)n2Cc2ccccc2)n1,1
protein51,1,CCC(NC(=O)c1cc(Cl)cc(C)c1Nc1ccc(C(C)(C)C)cc1C(N)=O)C(=O)N1CCCC1,0
protein51,1,CCCNc1nc(N)cc(-c2cnn(C3CCOc4cc(F)ccc43)c2)n1,1
protein51,1,CC1CCc2c1cc(C(=O)O)[n+]([O-])c2C(C)(C)C,0
protein51,1,CCN(CC)Cc1nc2c(c(OC)n1)CN(S(=O)(=O)c1ccc3c(c1)oc(=O)n3C)CC2,0
protein51,1,NC1=NCCCN1Cc1ccccc1,0
protein51,1,CC(C)NCC(=O)Nc1cc(OCC(F)(F)F)c(-c2cn(C(C)C)c3ccnc(N=CN(C)C)c23)cc1Cl,1
protein51,1,CCS(=O)(=O)Nc1ccc(C(C#CCCN2CC(O)C(O)C23CCCCC3)c2ccccc2)cc1,0
protein51,1,Cc1cc2nc(-c3nc(-c4ccc(F)cc4F)sc3N(CCC#N)C3CCNCC3)[nH]c2cc1C,1
protein51,1,Cc1ccc(Cl)cc1Nc1nc(C(C)C)nc(OC2CCCC2)c1[N+](=O)[O-],1
protein51,1,CCOC(=O)c1ccc(NC(C(=O)Nc2cccc(C)c2C#N)C(C)(C)C)c(S(=O)(=O)N2CCN(CC)CC2)c1,0
protein51,1,CCCCC(C(=O)O)N1CCc2ccccc2C1c1c(C)ccc(O)c1OC,1
protein51,1,CCCC1CN(c2sc(Nc3ccccc3C(N)=O)nc2-c2cc(C(F)(F)F)cc(C(F)(F)F)c2C#N)CC1CO,1
protein51,1,Cc1ccc2c(c1O)CC(O)C(CCCC(=O)O)C2(C)C,0
protein51,1,O=C1C=CCC(c2cc(=O)n(-c3ccccc3)n2-c2ccc([N+](=O)[O-])cc2)C1,1
protein51,1,CCN(CC)Cc1c(C)n(-c2ccc(OC)cc2)c(=O)c2ccccc12,1
protein51,1,CC(C)N1CCN(c2cncc(Cl)n2)CC1,0
protein51,1,CCN1CCC(CN2CCOCC2)(c2ccc(-c3cn4cccnc4n3)cc2)CCCC1=O,0
protein51,1,Cc1ccc(S(=O)(=O)N2CCOCC2)cc1NC(=O)COc1c(Cl)n(C)c2ccccc12,0
protein51,1,O=C(Nc1ccc2nc(C3CC3)cc(N3CCCCC3)c2c1)c1c(F)cccc1F,1
protein51,1,Cc1ccccc1NC(=O)C1(NC(=O)C(C)C#N)Cc2ccccc2Oc2ccccc21,0
protein51,1,CCCCC1CCN(C(S)=NCC2CCCCC2)CC1,0
protein51,1,CCNC(=O)c1ccccc1NC(=O)c1ccccc1Nc1ccc(C)nn1,0
protein51,1,Cc1cc(C)c(S(C)(=O)=O)c(Oc2ccc(S(=O)(=O)Nc3ccccc3C(F)(F)F)cc2C(N)=O)c1,0
protein51,1,CCS(=O)(=O)NCC1CCCN1CCN1CCCc2ccccc21,0
protein51,1,CC(C)CC1C(=O)NC(=O)C12Cc1ccccc12,0
protein51,1,CCN(CC)CC(=O)n1c(N)cc(-n2ccsc2=O)nc1=O,1
protein51,1,CC(C)CCNC(=O)C(C#N)=Cc1ccccc1OCC(=O)CN1CCC(C(F)(F)F)CC1,0
protein51,1,NC(CC(=O)O)C(=O)O,0
protein51,1,CN(C)CCCC1CCNCC1,0
protein51,1,O=C1C(=CNC(=S)N2CCCCC2)CCc2cccc(F)c21,0
protein51,1,O=C(NCc1c(-c2ccc(F)cc2Cl)nc2c(N3CCNCC3)cccn12)c1ccccn1,0
protein51,1,CC(=O)Oc1ccc(C(=O)O)cc1-c1ccc(Cn2cnc3ccccc32)cc1,0
protein51,1,CCn1c(=O)c(F)c2nc(Oc3ccccc3F)c3cc(C#N)ccc3n21,1
protein51,1,O=C(Nc1ccc2c(c1)CN(c1ccc(Cl)c3cnccc13)C2=O)c1cccnc1F,0
protein51,1,CCC1CNC(=O)N1Cc1ccc(Oc2c(C)cc(-c3ccc[n+]([O-])n3)cc2F)cc1F,1
protein51,1,CCN1C(=O)c2ccccc2C1Sc1ccc(C=O)c(C)c1,1
protein51,1,O=C(O)c1c2c(n3c(O)c4cnccc4nc13)CCCC2,0
protein51,1,CCn1cc(C(=O)NCC2CCCO2)c2cc(Cl)ccc2c1=O,0
protein51,1,Cc1cncc(N2CCCN(c3ncccn3)CC2)c1,0
protein51,1,Cc1cc(C)n2nc(-c3ccc(F)cc3)cc2n1,1
protein51,1,CCC(NS(=O)(=O)c1cn(Cc2cc(Cl)cc(Cl)c2)c2ccccc12)C(=O)NC1CC(Cn2cccc2)OC1=O,1
protein51,1,CCOC(=O)Nc1ccccc1NC(=O)c1ccco1,0
protein51,1,CCC(C)n1cc(S(=O)(=O)Nc2nc(-c3cccc(C)c3)ncc2F)nc1Cl,0
protein51,1,CCN(CC(=O)NCc1ccc(OC)cc1)C(C)C,1
protein51,1,CC(=NNC(=O)c1cc2cccc(N)c2[nH]1)c1cccs1,1
protein51,1,CCOc1ccc([N+](=O)[O-])cc1NC(=O)c1[nH]nc2c1CCCC2,1
protein51,1,Cc1cc(CN(C)CC(=O)Nc2c(Cl)cccc2Cl)on1,0
protein51,1,CCCCN1CSCC1=O,0
protein51,1,CC(=O)c1cc(NC(=O)C2=NOC(CCO)CO2)cc(-c2ccccc2F)c1,1
protein51,1,Cc1cc(-c2ccc(C3CCCNC3)cc2)ccc1NC(=O)N1CCN(C)CC1,0
protein51,1,CCc1onc2c1C(=O)NCC21CCN(CCS(=O)(=O)c2ccc(Cl)cc2)CC1,0
protein51,1,CCC1CCCCN1C(=O)Nc1nncs1,0
protein52,1,CCC(C)CN1CCCC(c2cccc3ncccc23)C1C,1
protein52,1,N#Cc1ccc(Oc2ccnc(Nc3cc([N+](=O)[O-])c(C(F)(F)F)cc3N)n2)cc1,0
protein52,1,CCCCCCNc1nc(N)c2c(C(OCCO)C(C)C)cn(C)c2n1,0
protein52,1,Cc1ccc(C(C#N)c2ccccc2Nc2ncc3c(-c4nc5cc(F)ccc5[nH]4)c[nH]c3n2)nc1,1
protein52,1,Cc1cccc2c(S)c3c(nc12)CCNCC3,1
protein52,1,CC(c1nnc(-c2ccncc2)[nH]1)S(=O)(=O)c1ccccc1,0
protein52,1,CCS(=O)(=O)Nc1cc(Nc2ncnc3c(CCc4ccccc4)csc23)ccc1C,1
protein52,1,CN(C)C(C)(CCl)C(=O)NCc1cc2c(N=Nc3ccccc3)cccc2s1,1
protein52,1,Cc1c2c(cc3sc(N(C)C)nc13)CC1CCC(=NNC(=O)O)C21,1
protein52,1,CCOC1(C(=O)NCCN2CCCCC2)CCCCC1,0
protein52,1,CCN(CC)c1ncccc1NC(=O)c1ccc([N+](=O)[O-])o1,1
protein52,1,O=C(O)CCC(=O)C(=Cc1ccccc1O)SC(=S)NC1CCCc2ccccc21,0
protein52,1,Cc1ccc(NC(=O)Nc2cccc(C(=O)O)c2)c(O)n1,0
protein52,1,O=C(CN1C(=O)C(=Nc2ccccc2C(F)(F)F)c2ccccc21)NO,0
protein52,1,Cc1nc(N)nc(N)c1NCc1ccc(-c2cc(C#N)no2)cc1C(F)(F)F,0
protein52,1,Cc1cc(-n2nc(C3CC3)cc2C(F)(F)F)ccc1NC(=O)c1cc(-c2ccncc2)nc2ccccc12,0
protein52,1,O=Cc1cccc(-c2nc3n(c2-c2cc4ccccc4o2)CCS3(=O)=O)c1,0
protein52,1,CCn1cc(-c2cc(S(=O)(=O)O)ccc2N2C(=O)CSC2c2cccc(Cl)c2Cl)cn1,0
protein52,1,CCCCC(CCO)NC(N)=NS(=O)(=O)c1ccccc1C(F)(F)F,0
protein52,1,CC1C(=O)N(CCN2CCc3ccccc3C2)C2Cc3ccccc3C1(C)C2=O,0
protein52,1,O=C(Nc1ccc(Cl)cn1)N1CCN(c2ncccn2)CC1,0
protein52,1,NC1=NC(=O)NCc2c1c(-c1cccnc1)nn2-c1ccccc1Cl,0
protein52,1,CCOc1cc(C(=O)NCC(CO)NC(C)CC)ccc1Nc1ncc(F)c(N)n1,0
protein52,1,O=C(O)CCNc1nc2ccccc2c2sc(-c3cccnc3)cc12,1
protein52,1,O=C(CCCN(Cc1ccc([N+](=O)[O-])cc1)c1ncccn1)NCNC(=O)C1CC1c1ccccc1,1
protein52,1,CCn1c2c(c3ccccc31)CCN1CCC(CC1)C2c1cccc(C(=O)N2CCOc3ccccc32)c1,1
protein52,1,Cc1noc(C)c1CN1c2ccc3nc(-c4c(F)cccc4Cl)[nH]c3c2C2CCC(NC(=O)CO)CC21C,1
protein52,1,CC(=O)OC(CC=CCCCC#N)C(=O)NCCC(C)C,0
protein52,1,CC(C)CC1CN(C(=O)c2ccc(C(=N)N)cc2)C(C2(c3ccccn3)CC2)C=CC1NS(=O)(=O)N(C)C,0
protein52,1,CCn1ccc2c(-c3ccccc3C(=O)N3CCN(C)CC3)ccc(C(=O)Nc3c(C)nn(C)c3C)c21,1
protein52,1,CCNC(=O)c1cccc(Nc2nc(-c3ccccc3)nc3cc(Cl)ccc23)c1,0
protein52,1,CCC(Nc1nccc(-n2nc3ccccc3[n+]2[O-])n1)c1ccc(F)cc1F,1
protein52,1,O=C(Nc1ccc(OC(F)(F)F)c(S(=O)(=O)N2CCOCC2)c1)c1cccnc1Cl,0
protein52,1,CC(C)C1CN(c2ccc(Cl)cc2C(=O)N2CC(F)CC2CO)CCN1c1ccc(C#N)cn1,0
protein52,1,CCn1cc(Nc2nc(N)c3cc(OC)c(C(=O)OC(C)C4(C)CCCCC4)cc3n2)cn1,1
protein52,1,Cc1cc(CN2c3c(C)cccc3C(=O)NC3CC2C(O)CN2CCCCC32)ccc1Cl,0
protein52,1,Cc1ccc(-n2ccc(=O)n(N=Cc3c(C)nn(-c4ccccc4)c3Cl)c2=O)c(C)c1,1
protein52,1,CCCS(=O)(=O)N1c2ccc(Cl)cc2OCC1CCC(=O)OCC1CCN(C(C)C)CC1,0
protein52,1,Cc1cc(F)c([N+](=O)[O-])c(F)c1,1
protein52,1,COc1nc(-c2nc(-c3ccc(C(N)=O)c(O)c3OC)cc3cc(C(=O)O)ccc23)nc(N2CCN(C)CC2)c1C#N,1
protein52,1,O=C(NC1CCN(c2cc(=O)[nH]nc2-c2ccccc2)C1=O)C1c2ccccc2-c2ccccc21,0
protein52,1,Nc1nc(Nc2cc3c(s2)CCCC3)ncc1[N+](=O)[O-],1
protein52,1,CCN(CC)Cc1cn(-c2ccc(C(=O)O)cc2)c2cc(F)c(C)cc12,0
protein52,1,CCn1c(=O)c2c(ncn2Cc2ccccc2Cl)n(C)c1=O,0
protein52,1,O=CN(Cc1ccccc1F)Cc1nc2ccccc2n1Cc1ccccc1,1
protein52,1,O=C1NC2CC=CCC2CC1c1csc(-c2cccnc2C(F)(F)F)n1,0
protein52,1,CC1=C(C(=O)O)CCC(C)N1c1nc2c(c(-c3ccc(Cl)c(Cl)c3)n1)COCC2,0
protein52,1,O=C(CCCCCCNCC(Cl)c1ccccc1F)NO,0
protein52,1,CCc1ccc(NC(C)(C)C(=O)Oc2ccc(N)c(O)c2)cc1,0
protein52,1,O=C(C1CCN2CCCC(O)C12)N1CCCC1c1nccc(-c2ccc(Cl)cc2)n1,0
protein52,1,CCCN1CCN(c2nc(C)nc3ccc(S(C)(=O)=O)cc23)CC1,1
protein52,1,CCN1CCn2c(c(C(=O)NCc3cccnc3N3CCCC3CO)c3ccccc32)C1,1
protein52,1,CCOS(=O)(=O)c1ccc(-c2cc(N)nc(-c3cc(F)cc(N4CCN(C)CC4)c3)c2)cc1,1
protein52,1,FC(F)(F)c1cccc(CC(Cn2ccnc2)c2nc3ccccc3[nH]2)c1,0
protein52,1,O=CC1CCC(=O)N1S(=O)(=O)c1cccc(Cl)c1,0
protein52,1,CCN(CC)C(=N)S(N)(=O)=O,0
protein52,1,O=C(c1ccccc1)n1nc2c(O)nc3ccccc3c2c1N1CCCCC1,1
protein52,1,Cc1cccc(NC(=O)C2CCCCC=C2NC(=S)N2CCCc3ccccc32)c1,0
protein52,1,O=C1C(P(=O)(O)O)C=[SH]N1c1ccc(C(F)(F)F)c(C(F)(F)F)c1,0
protein52,1,CC1(C)CCCn2ccc3c(C#N)cc4nc(nc(N)c4c32)NCC1,1
protein52,1,CCC1C2c3[nH]c4ccc(C#N)cc4c3CCN2C(=O)c2cc(-c3cc4cc(C)ccc4[nH]3)nn21,0
protein52,1,Cc1nc(C(C)(C)C)sc1-c1cc(N)c2c(n1)CCCC2,0
protein52,1,CC(C)(C)c1ccc(NC(=O)c2c(N)nn3c(-c4ccc5c(c4)COCC5)cccc23)c(C#N)c1,1
protein52,1,CCN(CC)CCn1c(C#Cc2ccccn2)nc2ccccc21,1
protein52,1,Oc1nnc(-c2c(N3CCNCC3)cc(C(F)(F)F)c(F)c2F)s1,0
protein52,1,Cc1nn(C(C)(C)C)c2[nH]c3ccc(F)cc3nc(CCCC(C)C)oc(=O)c12,0
protein52,1,CCCCC(C)NS(=O)(=O)c1ccc2c(c1)OCC(c1cccs1)O2,0
protein52,1,CCN1C(=O)CN(S(=O)(=O)c2ccc(-c3ccc(C(=N)S)cc3)cc2)c2c1ncc(Cl)c2Cl,0
protein52,1,CC1CCCC(C)N1Cc1ccc(C(F)(F)F)cc1C(=O)Nc1nn(-c2ccccc2)c(=Nc2ccccc2)s1,0
protein52,1,Cc1onc(-c2c(F)ccc(Cl)c2Cl)c1C(=O)N(C)C1CCS(=O)(=O)C1,0
protein52,1,CCS(=O)(=O)N1Cc2sc(-c3cc(C#N)ccn3)nc2-c2cccc(OC)c21,1
protein52,1,CC1=C(C(Cl)(Cl)Cl)CC(NC(=O)c2ccccn2)CC1,0
protein52,1,CCn1cnnc1N1CCN(Cc2c(C)ccc3cc(OC)ccc23)CC1,1
protein52,1,Cc1cc(C(=O)Nc2cc(-n3cnc4cccnc43)ccc2Cl)c2ccccc2n1,0
protein52,1,CC(Nc1cc(-c2ccccc2Cl)oc(=O)c1N)c1cccs1,1
protein52,1,CC(C)CCC1CC2C(C#N)c3ccc(-c4ccc(OCCCC(=N)N)cc4)cc3CN2C1,0
protein52,1,CCn1c2c(c3cc4c(cc31)C(=O)NC4=O)CCCC2,1
protein52,1,Cc1cc(CN2CCCCCC2)cn1C,0
protein52,1,O=C(C1CCCCC1)N1CCN(Cc2cc(F)ccc2F)CC1,0
protein52,1,CC(C)Cn1c2ccccc2c2c(Nc3ncccn3)c(Cl)c(C#N)cc21,1
protein52,1,Cc1cc(-c2nnc(NC(=O)C3CC(=O)N(C4CCCCC4)C3)s2)cc(C)c1O,0
protein52,1,Cc1ccc(-c2c(-c3ccc(Cl)cc3)nc3c(N(C)C)cccn23)c(NC(=O)c2cccc3ncccc23)c1,1
protein52,1,Fc1cccc2c1Cc1c(nn3c(-c4cc[n+](CCCN5CCOCC5)cc4)ccnc13)C2,0
protein52,1,CCN(CC)C(=O)c1[nH]c2ccc(OC)cc2c1CCN1CCN(C)CC1,0
protein52,1,Cc1ccc(C)c(C(=O)N2CCN(c3ncccc3CNc3ncncc3C(F)(F)F)CC2)n1,1
protein52,1,CC(C)CCNS(=O)(=O)c1sc(Cl)c(CC(=O)N(Cc2ccccc2)c2ccccc2)c1Cl,0
protein52,1,CC(C)C1CN(C)CCN1Cc1nc2c(o1)C(=O)c1ccccc1C2=O,1
protein52,1,Cc1nc(N)cc(-c2cc3ccc(O)cc3cc2O)n1,1
protein52,1,Fc1ccc(-c2nccnc2NC2CCNC2)cc1F,0
protein52,1,CC(=O)c1c(OCC2CCCCC2=O)ccc(NC(C)c2ccc(F)cc2)c1C,0
protein52,1,O=C(NC(=O)c1cccnc1Sc1cccnc1N1CCCCCC1)c1ccc([N+](=O)[O-])cc1,1
protein52,1,Cc1cc(-c2ccc3[nH]c(C=NN(C)c4ccc([N+](=O)[O-])cc4[N+](=O)[O-])cc3c2)ccc1N,1
protein52,1,Cc1ccncc1-c1ccc(C#N)c(Nc2c3c(nc4ncccc24)CC(C)(C)NC3=N)n1,1
protein52,1,CC(=CC(=O)Nc1cc(C(F)(F)F)ccc1NCCO)c1ccco1,0
protein52,1,Cc1cccnc1NC(=O)c1cc2c(c(Cl)c1F)C(C)(C)Nc1[nH]nc(-c3ccccc3C#N)c1-2,1
protein52,1,CC(=O)N(CC(=O)N1CCCCC1)c1cc(F)ccc1-c1ccc2ccncc2c1,1
protein52,1,CCc1c(-c2ccccn2)cnn1CCOC(C)Cn1c(C)c(-c2cccs2)c2c(C)ncnc21,1
protein52,1,Cc1ccc(C(=O)NCCC2CCN(c3nc4ccccc4s3)CC2)o1,0
protein52,1,CCN1C(=O)C(c2ccccc2)=C(c2ccc(Nc3c(C#N)cnc4c3cnn4C(C)C)c(S(N)(=O)=O)c2)C1=O,0
protein52,1,Cc1cccc(C2CCN(C)CC2OCCCCN2CCn3ccnc3C2)c1C,0
protein53,1,CCCN(C)c1ccc(-c2cnn(-c3ccc(Cl)c(Cl)c3)c2C2CCN(C(C)=O)CC2)nn1,1
protein53,1,CC(C)c1c(O)c(=O)n(CC(=O)N(Cc2ccc(Cl)cc2)C2CCCC2)c2ccccc12,0
protein53,1,CCCn1c(SC)nc2cc(C(=O)NC3CCCCC3C(=O)N3CCCC3)ccc21,0
protein53,1,CCn1cc(C2CCOCCN2Cc2cccc(F)c2)c2cc(F)ccc21,1
protein53,1,CCN(C(=O)c1cc2ccccc2[nH]1)c1cc2c(=O)n(C)nc(-c3ccccc3)c2cc1N1CCC(NC)CC1,0
protein53,1,CC(=O)Nc1ccc(S(=O)(=O)N2CCN(Cc3c(F)cccc3Cl)CC2)cc1,0
protein53,1,CCn1c(=O)c2c(c3ccccc31)C=CC(C)(C)O2,1
protein53,1,CCn1cc(CCN2C(=O)CC(c3ccccc3)C2=O)c2nc(C(C)(C)C)ccc21,0
protein53,1,CCn1ncc2c1C1(CC)CCCC(=O)N(C2)C1,0
protein53,1,CCC1CCCCN1C(=O)c1ccccc1NC(=O)c1ccc(Cl)cc1Cl,0
protein53,1,Cc1nc(-c2coc3ccccc23)n(CC(=O)NCCC2CCOCC2)c1[N+](=O)[O-],1
protein53,1,O=C1C=C(N(CCNC(=O)c2ccco2)Cc2ccccc2)CCC1,0
protein53,1,Cc1ccc(NC(=O)C2c3ccccc3CCN2C(=O)C2CCCC2)cc1S(=O)(=O)N1CCCCC1,0
protein53,1,CCCCCCC(=[N+]1CCCc2ccccc21)C(F)(F)F,0
protein53,1,Nc1c(Cl)cc2c(c1Cl)CC(n1ccnc1)c1cc(C(=O)O)ccc1-2,0
protein53,1,CC(C)CC(S)C1(N)CCN(Cc2ccc(Oc3ccccc3)cc2)C1,0
protein53,1,COc1ccc(C=C(NC(=O)c2cccc(N3CCCCC3)c2)C(=O)NCc2ccccc2)cc1O,1
protein53,1,CCn1c2c(c3ccccc31)CN(CC1CCOC1)CC2C(=O)NCc1cncc(F)c1,1
protein53,1,O=c1[nH]c(-c2ccc3[nH]cc(-c4ccncc4)c3c2)nc2ccccc12,1
protein53,1,CC(=O)NCC1CN(c2cc(F)c(N3CCN(C)CC3)c(F)c2)C(=O)O1,1
protein53,1,CC(C(=O)Nc1nccn1Cc1ccccc1)n1cc(C=O)c2ccccc21,0
protein53,1,CCCC(CCC)n1c(=N)oc2ccc(-c3ccccc3)cc21,0
protein53,1,Cc1cnccc1-c1ccc(F)cc1-c1nc(NC2CCCC2)nc(N)c1-c1ccccn1,0
protein53,1,O=C(Nc1ccc2c(c1)Cc1nc3ncccn3c1C2)c1cncc(-c2cccc(Cl)c2F)n1,1
protein53,1,O=C1N(c2ccc(F)c(Cl)c2)CCN2CCCCC12c1ccccc1,0
protein53,1,Cc1cc(SCC(=O)NCC(C)(C)C)nc2cc(Cl)ccc12,0
protein53,1,O=C(c1ccsc1)N1CCCC1CCn1c([N+](=O)[O-])cnc1O,1
protein53,1,CC(=O)NC1OC(C(=O)[O-])=C(C)C(c2ccccc2)(c2cccc(Cl)c2)C1N,0
protein53,1,Nc1nc(-c2ccncc2)nc(N2CCCC2)c1F,1
protein53,1,CC1CC(=O)NC1C(=O)OCc1ccccc1-c1sc2nc(N)nc(N)c2c1Cl,1
protein53,1,CCN1CCC2(CCc3ccc(C)cc32)CS1(=O)=O,0
protein53,1,CCCC(CCC)NC=O,0
protein53,1,CC1(C)CCC(O)C(c2cc([N+](=O)[O-])ccc2NS(C)(=O)=O)O1,1
protein53,1,CC1Cc2ccccc2N1C(=O)CCCCN1CCN(c2nsc3ccccc23)CC1,0
protein53,1,CC(C)CC1OC(=O)C2CSC(c3ccccc3)N2C1=O,0
protein53,1,Cc1ccc(S(=O)(=O)N2CCC(O)CC2)cc1NC(=O)C1CC(c2ccc(F)c(C(F)(F)F)c2)=NO1,0
protein53,1,Cc1cc(Nc2ccncc2)c2c(n1)CCN(c1ccnc(Oc3ccccc3F)n1)CC2,0
protein53,1,CCCC1CCN(C(=O)c2ccc(S(=O)(=O)C(C)(C)C)cc2)CC1,0
protein53,1,CC(=O)c1cccc(NC(=S)Nc2ccc(Cl)cc2)c1,0
protein53,1,CCCS(=O)(=O)c1ncc2nc3n(c2n1)CCC12Cc4c-3cc(OC)cc4C(CCN1C)C2,0
protein53,1,CC(C)(C)n1ncc(-c2nccnn2)c1C(O)c1ccc(F)c(Cl)c1,0
protein53,1,CCCCn1cc(-c2cc(N)cc(C(=O)O)c2)c2c(Nc3ccccc3Cl)ncnc21,0
protein53,1,O=C1COc2ccc(Cc3cccc(-c4ccnn4-c4ccc(F)cc4)c3)cc2N1,0
protein53,1,CCC1CN=C2C1c1ccc(Cl)cc1N2CC,0
protein53,1,Cc1nc2ncccc2c(Sc2ccccc2C(=O)NCCN(C)C)c1-c1cccc([N+](=O)[O-])c1,1
protein53,1,CN1C(=O)c2onc(CS)c2CC(C)(C)CC2CCNCC2OC(N)=C(C#N)c2cn(c3ccccc23)-c2ccc(F)c1c2,1
protein53,1,Cc1cccc(Nc2ccccc2C(=O)c2cccnc2)c1,0
protein53,1,O=c1cc(CCCOCCCN2CCOCC2)[nH]c2cc(Cl)ccc12,0
protein53,1,CC1(CNC(=O)c2cscn2)Cc2ccc(OS(N)(=O)=O)cc2C1,0
protein53,1,CC1CCN(C(=NO)c2ccc3c(c2)[nH]c(=S)n3-c2ccc(F)cc2F)CC1,1
protein53,1,CCC1CCCCN(CC(=O)N2CCCc3ccccc32)S1(=O)=O,0
protein53,1,Cc1cccc(NC=NC(=O)CCCN2CCC(O)C2=O)c1C,0
protein53,1,Cc1n[nH]c(C)c1-c1ccc(Nc2ncc3[nH]c4c(c3n2)N2CCN=C2c2ccccc2-4)cc1,1
protein53,1,O=C(NC(c1cscn1)c1cc2ccccc2o1)C1=C(O)CCC1,0
protein53,1,CCN(CC)Cc1nnc(-c2ccc([N+](=O)[O-])cc2)o1,1
protein53,1,Cc1cccc(Nc2ccc3ccn(S(=O)(=O)c4ccc5c(c4)OCCO5)c3c2)n1,0
protein53,1,CC#CCOc1ccc2c(C)c(Cc3ccccc3F)c(=O)oc2c1C(OC)C1CO1,1
protein53,1,NC(=O)C1CCN(C(c2cccc(F)c2)C2c3ccccc3CC2OCCC2CCN(C(=O)Cc3ccccc3C(F)(F)F)CC2)CC1,0
protein53,1,CC(=O)c1nc2c(NC(=O)c3ccc(CS(C)(=O)=O)o3)cccc2c2c1OC(C)(c1ccccc1)CC2,1
protein53,1,CC(=O)Nc1cc(-c2ccccn2)c([N+](=O)[O-])s1,1
protein53,1,CCCCNc1cccc(-c2cn3nc(Nc4ccc(OC)cc4OC)c4ccccc4n23)c1C,1
protein53,1,CC1CCCCC1CNC1CCCn2nc3c(ncc4ccc(C(N)=O)c(O)c43)c2C1(O)c1ccc(F)cc1F,0
protein53,1,CCc1cnn2c(Nc3ccncc3)cc(-c3cc(C)c(C)c(N4CCC(O)C4)c3)nc12,0
protein53,1,O=C(Nc1ccc(CC(=O)N2CC3OCCCCN(c4ccccn4)C3C2)cc1)c1ccccc1Cl,0
protein53,1,Cc1ccc(-c2nccc(Nc3ccc(N(C)C)c(C)c3)n2)s1,1
protein53,1,O=C1C(CN2CCCCC2)=C(OCCO)c2ccccc21,0
protein53,1,NC(=O)C1C2CCC(c3ccccc32)S1(=O)=O,0
protein53,1,Cc1ccc(S(=O)(=O)NCc2nc(C)c(-c3ccc(F)cc3F)o2)cc1,0
protein53,1,FC(F)(Cl)Oc1cc2c(C=Nn3cnnc3)cccc2[nH]1,1
protein53,1,O=C(Nc1nc2nc(-c3ccccc3)ccc2s1)C(F)(F)F,0
protein53,1,CNC1CCC(Br)C1,0
protein53,1,Cc1cccnc1-c1nc(N(C)c2cccc(C(F)(F)F)c2C)c2ccccc2n1,1
protein53,1,Cc1nc2c(=N)cc(N3CCOCC3)c(C)c-2[nH]c1N(CCC1(O)CN2CCC1C(C)C2)Cc1cccnc1,0
protein53,1,O=C(NC1CCCCC1)C1CCCN1S(=O)(=O)c1coc2cc(Cl)ccc12,0
protein53,1,COc1ccc2c3cc(=O)n4c(c3C(C)(C)O)c(cn4CC3CCCO3)c2c1CN1CCN(C)CC1,1
protein53,1,O=C(Nc1cnn(S(=O)(=O)c2ccccc2)c1)c1ccc(Cl)cc1C(F)(F)F,0
protein53,1,O=Cc1ccc2c(c1)OCCN2c1ccc2c3c(ccc2c1N1CCNCC1)OCCO3,0
protein53,1,CCCN1CC=C(c2cccc(-c3ccc(NC4=NCCN4C#N)cc3)c2)CC1,0
protein53,1,CC(=O)OC12CCC(CN(C(=O)c3noc4c3CC(c3ccccc3)CCC4)C1)C2,0
protein53,1,N=C(N)c1ccc(-n2cncc2-c2ccc(OC(F)(F)Cl)c(Cl)c2)cc1,0
protein53,1,CCS(=O)(=O)N1CCN(c2nnc(C(F)(F)F)s2)CC1,0
protein53,1,Cc1cc2c(c3c1c(-c1ccc(Cl)cc1)nn3-c1ccccc1)C(=O)NC2,0
protein53,1,CCOCC1(O)C(=O)c2cc(F)ccc2CCC1O,0
protein53,1,NC(=O)c1cccc2c1C(=O)N(C(=O)N1C3CCCC1CC3)C2,0
protein53,1,Cc1nc(N2CCC(O)CC2)sc1-c1ccc2ncnc(Nc3ccccc3C(N)=O)c2c1,0
protein53,1,CCCCC1c2ccccc2N(C)C12CCN(C(=O)C1CCN(c3cc(C#N)c(OC)cc3C)CC1)CC2,0
protein53,1,Cc1ccc(-n2ncc3c(-c4cccc(F)c4)nc(C(F)(F)F)cc32)cc1,0
protein53,1,CC(C)CC(=O)Nc1ccccc1C(=O)Nc1cc([N+](=O)[O-])ccc1N1CCOCC1,1
protein53,1,O=C(NCC(CN(C(=O)c1cscn1)C1CNC2CCC(O)C2C1)OCc1ccc(-c2cccnc2)cc1)c1cccs1,0
protein53,1,Cc1ccc(C(O)C(C)(C)N)c(C)c1O,0
protein53,1,CC(=O)N1c2ccc(C=O)cc2-c2ccccc2C1S(=O)(=O)N1CCOCC1,1
protein53,1,CCc1ccc2nc(C3CCCCN3c3cccc(C(=O)N4C(C)CCCC4C)c3)[nH]c2c1,0
protein53,1,Cc1ncc(S(=O)(=O)c2ccc(Cl)cc2)c(Nc2cccc3[nH]ccc23)n1,0
protein53,1,Cc1coc(-c2cccc(OCCCCN3CCN(c4nc5ccc(F)cc5s4)CC3)c2)n1,0
protein53,1,CCOc1cccc2ccc(-c3ccc(C(=O)NC(=N)N)cc3)nc12,1
protein53,1,O=C(Nc1cc([N+](=O)[O-])ccc1N1CCCCC1)c1cccnc1,1
protein53,1,NC(=O)c1cccn1-c1nnc2ccc(C(F)(F)F)cn12,0
protein53,1,CC1C(=O)CCCC1(C)C(N)=O,0
protein53,1,Cc1ccc(-c2cccc(NC(=O)c3cnn4c3NC(C(C)C)CC4C(F)(F)F)c2)n1C,0
protein53,1,CC(=O)c1cn(CC(C)c2ccccc2)nc1-c1ccc([N+](=O)[O-])cc1,1
protein54,1,CC(=NNC(=O)c1ccncc1)C(=O)Nc1ccc(C)cc1C,0
protein54,1,O=C(NCCC1CCc2ccsc2C1)C(=O)Nc1cc(Cl)ccc1C(F)(F)F,0
protein54,1,O=C1c2ccc(O)nc2C(=O)N1c1ccc(Cl)cc1,0
protein54,1,Cc1nc(Nc2ccc(NCC(=O)O)cc2C(F)(F)F)ncc1-c1cnc(N)cn1,1
protein54,1,O=C(Nc1nnc(-c2ccccc2C(F)(F)F)o1)c1ccc(F)cc1,0
protein54,1,COc1cc(C(N)=O)cc(C#N)c1OC(CC(N)=O)c1ccc(-c2ccc(CCC(C)C)cc2)cc1,0
protein54,1,O=C(Nc1ccc2c3c(c(=O)oc2c1)CCC3)c1cc(NCC(F)(F)F)ccc1Cl,0
protein54,1,CC(C)CC1C2Cc3ccc(O)c4c3C(CC4)N2C(=O)c2ccccc2N1C(=O)Nc1cccc(OCCC(F)(F)F)n1,1
protein54,1,CCn1cc(C(=O)O)c(=O)c2cc(C)sc21,0
protein54,1,CN(C)CCCN1CC2Cc3c(ccc4c3OC(C)(C)CC4)C(C2)C1,0
protein54,1,O=C(Nc1cccc(F)c1)c1ccccc1NC(=S)N1CCN(C2CCCCC2)CC1,0
protein54,1,CCCn1cc(S(=O)(=O)C(C)c2ccc(C)cn2)c2c(Cl)ccc(C#N)c21,0
protein54,1,CCCc1ncc(-c2cc(OC)c3c(c2)C(C)N(C2CCN(C)CC2)C3=O)cn1,0
protein54,1,O=C1CCC23CCCCC2OCCN3C1=CN1CCCCCC1,0
protein54,1,CC(CC(=O)Nc1ccc2c(c1)CCC2)N1C(=O)c2ccccc2C1=O,0
protein54,1,Cc1nc(CN(CC2CCOC2)c2ncc(F)cn2)cs1,1
protein54,1,Nc1nc2cc(-c3ccccc3CN3CCOCC3)ccc2cc1CN1CCCCC1,1
protein54,1,O=C(NO)C1C(c2ccccc2Cl)CCN1C(=O)C1CCCC1,0
protein54,1,CCC1CC(=O)c2cc(Cl)cc(F)c2C1c1ccc(CN2CCCC(N(C)C)C2)cc1,1
protein54,1,CC(C)c1ccc2c(c1)C1(NCC(=O)Nc3ccc(F)cc3F)CCC1C(C)(C)O2,0
protein54,1,CC(Cl)CC(N)C(=O)NC1COC(C)(C)CC1=O,1
protein54,1,Fc1ccc(CN2CCCn3c(-c4ccc(C5CCCNC5)cc4)cnc32)c(F)c1F,0
protein54,1,O=C1CN(C2CCC(Oc3ccccc3-c3ccc(Cl)cn3)CC2)S(=O)(=O)c2ccccc2N1,0
protein54,1,O=C1CC2(COc3ccccc32)C(=S)N1,0
protein54,1,O=C1NCCc2cc(Nc3ccccc3C(=O)Nc3cccc(Nc4ncccn4)c3)ccc21,1
protein54,1,O=C(Nc1cccc(F)c1)C1(Cc2cccnc2)NCCN(Cc2cccs2)C1=O,0
protein54,1,CCC1C(=O)OCc2c1ccc(-n1cccc(N3CCN(C)CC3)c1=O)c2F,1
protein54,1,CC(C)CC(Nc1ncc(C#CCN(CCO)C(C)C)s1)c1cc(F)c(F)c(F)c1,0
protein54,1,Cc1ccc(S(=O)(=O)N(C)c2cc(Nc3cc(O)c4ccccc4n3)ccc2F)cc1,1
protein54,1,CC(C)C#Cc1nc2ccc(NC(=O)c3ccccc3C(F)(F)F)cc2s1,0
protein54,1,CC(=O)c1cccc(Nc2nc(N)c3cc(C(C)(C)C)ccc3n2)c1C,0
protein54,1,CC(C)C(CO)NP(=O)(O)C(O)C(O)CS(=O)(=O)O,0
protein54,1,Cc1cc(C(=O)Nc2cccnc2)c2ccc3noc(C(=O)N4CCc5ccccc5C4)c3c2n1,1
protein54,1,Cc1cccc(-n2[nH]c(C)c(C(O)(c3ccccc3)c3ccc(F)cc3)c2=O)c1C,0
protein54,1,Cc1cc(C)c(C)c(OC(C)C(=O)Nc2nnc(-c3cccc(OC(F)(F)F)c3)s2)c1,0
protein54,1,CCC1=CCS(=O)(=O)C1,0
protein54,1,NC(=O)c1c(Nc2nccn(CC3CCCCC3)c2=O)sc2c1CCc1cc(O)ccc1-2,0
protein54,1,CCCCc1ccc(C2CC(c3ccccc3)=NN2C(=O)CN2CCCCC2)cc1,0
protein54,1,COc1ccc2c(ccc3[nH]c(C)c(-c4nncs4)c(=O)c32)c1,1
protein54,1,Cc1ccc(C)c(C(=O)N(CCS(=O)(=O)c2ccccc2C(=O)N(C)C)c2ccccc2O)c1,1
protein54,1,O=C(Nc1cc(N2CCOCC2)ccc1-c1nc2cc([N+](=O)[O-])ccc2[nH]1)c1c(F)cncc1F,1
protein54,1,CCCS(=O)(=O)N1c2ccccc2Oc2ncc(CCc3cnc(N)cc3-c3ccccc3)cc21,1
protein54,1,CCC(NC(=O)c1cccc2ccnc(C(=O)N(C)C3CCS(=O)(=O)C3)c12)c1cccc(C(F)(F)F)c1Cl,1
protein54,1,Cc1cccc(C)c1NC(=O)CN1CCC(Nc2ccc([N+](=O)[O-])cc2S(C)(=O)=O)CC1,1
protein54,1,CCn1c2c(c3ccccc31)CCCC2N1CCN(C)CC1,1
protein54,1,CC(=O)Nc1nnc(SCc2cnccc2Cl)s1,0
protein54,1,Cc1nc2ccccc2c(Cl)c1C(=O)Nc1ccncc1,1
protein54,1,CC1=NOC2(c3ccc([N+](=O)[O-])cc3)C(=O)C(CCC2CC2CCNC2)N2C(=O)C(C1)c1cccc(Cl)c12,1
protein54,1,O=C(NC1c2ccccc2Oc2ccccc21)c1ccncc1O,0
protein54,1,CC1(C)CC1(O)Cn1cc(N(C(=O)c2cc(C(F)(F)F)ccc2F)C2CC(=O)NC2=O)cn1,0
protein54,1,NC(CC(=O)O)C(=O)NC1CCCN(C2CCc3c(Oc4ccccc4)cccc32)C1=O,0
protein54,1,O=C(O)Cc1cc(CC2OCC(CN3CCCCC3)CO2)c(Nc2ccc(Cl)c(Cl)c2)c(-c2cncc(CO)c2)c1,0
protein54,1,N=C(Nn1cnnc1-c1ccccn1)c1ccc(-c2cnn(CCCBr)c2)cc1,0
protein54,1,CC1(C)CC1CN(CCc1nc(-c2cccc([N+](=O)[O-])c2)n[nH]1)C(=O)C1CCCN(c2ncccn2)C1,1
protein54,1,CC(C)(CO)CON1C(=S)CC2(CCCCC2)C1c1ccc(Cl)c(C(F)(F)F)c1,0
protein54,1,CCNc1ccccc1NC(=O)c1cncc(Oc2cc(CN(C)C)ccc2C)c1,0
protein54,1,O=C(O)CC(c1ccccc1)C1C(=O)NC(=S)N(c2cccc(-c3ccccc3)c2)C1=O,0
protein54,1,CCN(CC(=O)NC1CCN(c2ncnc3ccccc23)CC1)c1ccccc1,1
protein54,1,COc1ccc(Nc2nccc3c(C)nc(N4Cc5ccccc5C(C)C4)c(=O)n23)c(C(N)=O)c1,1
protein54,1,O=C(Nc1ccc(F)cc1F)c1ccc(S(=O)(=O)Nc2cc(C(F)(F)F)ccc2Cl)nn1,0
protein54,1,CC(Oc1ccccc1)C(=O)N1CCN(c2ccccc2O)CC1,0
protein54,1,Cc1ccc(Nc2nc3cc(O)c4cc(O)ccc4n3c2-c2ccc(S(C)(=O)=O)cc2)cc1,1
protein54,1,O=C(CN1CCN(c2nsc3ccccc23)CC1)NO,1
protein54,1,Cc1ccc(C(C#N)=CNc2sc3c(c2C(=O)O)CCC(C)(C)C3)cc1,0
protein54,1,CC1(C)CC(c2ccc(C(=O)O)cc2)c2c(c3ccccc3oc2=O)O1,1
protein54,1,CCCCC1CNC(=O)c2ccc(cc2)NC(=O)N1CC(=O)Nc1c(C)cccc1C,0
protein54,1,CC1=NC(C)(C)CCC1C(=O)Nc1cccc2c1NC(=O)C2(O)C(C#N)(C#N)Cc1ccccc1,0
protein54,1,O=C(Nc1nc2ccccc2o1)c1cc2ccccc2[nH]1,0
protein54,1,CCN(CC)C(=O)CCC1C(=O)NN=C1c1cc2c(c(OC)c1)OCCC2,0
protein54,1,O=C(NCc1ccccc1)c1cccc([N+](=O)[O-])c1C(F)(F)F,1
protein54,1,Cc1nc(Nc2sc(C=NO)c3ccccc23)c2ccccc2n1,1
protein54,1,CC(C)(C#Cc1cc(F)c(NCc2ncn3c2CNCCC3)nc1Cl)n1ccnc1,0
protein54,1,CCCCn1nc(C(=Cc2cccnc2)C(=O)Nc2ccc3c(c2)OCCO3)c2c(N3CCNCC3)cccc21,0
protein54,1,Cc1cnccc1-c1ccc2[nH]c3c(c2c1)-c1nnc(C(N)=O)c(F)c1CCCCCC3,0
protein54,1,CCc1nc(-c2ccccn2)cc2c(N)c3c4c([nH]c3nc12)CCCC4,1
protein54,1,Cc1ccccc1CSc1nc2sc(C3=NCCN3)cc2n1C,1
protein54,1,CCC(C)n1cnc2c1CC(C)(C(=O)NCc1cc(F)ccc1Cl)NC2,0
protein54,1,CC(=O)N(c1ccccc1)C1COc2ccccc2C(=O)N1c1cccc([N+](=O)[O-])c1,1
protein54,1,Cn1nc(CC(=O)O)c2c3[nH]c4ccccc4c(=O)c3c3ccccc3c21,1
protein54,1,O=C(Nc1ccc(F)cc1F)NC1COC(=O)C1c1ccccc1F,1
protein54,1,O=CNc1ccc(C#CCNC(=O)c2cc3c([nH]c4cccc(O)c43)c(=O)n2CC2CCCO2)cc1,0
protein54,1,O=CNC(=S)N1CCN(C2c3ccccc3Oc3ccccc32)CC1,1
protein54,1,O=C(Nc1ccc(F)c(F)c1)c1cc(-c2cccs2)nn1-c1ccccc1,0
protein54,1,CCOc1ccccc1C(C)Nc1ncnc2c1c(-c1ccco1)cn2-c1ccc(C)cn1,1
protein54,1,CCCCNC(=O)C(C(C)C)N1C(=O)SC(=Cc2cn(CCCO)c3ccccc23)C1=O,0
protein54,1,Cc1cc(C)c(NC(=O)c2cnccc2-c2cccs2)c(C)c1,0
protein54,1,O=C(NO)C1CCCN(CCc2nc[nH]c2CC(F)(F)F)C1,0
protein54,1,CCCCNc1c(-c2ccc(OC)cc2)[nH]c2c(C)cnn12,0
protein54,1,CCCN1C(=O)C=C(NC(C)=O)C1(C)C,0
protein54,1,Cc1cccc(CNc2ncncc2-c2cccc3c2CCC3)n1,0
protein54,1,Cc1ccc(Nc2ncnc3sc4c(c23)CCCC4)cc1,0
protein54,1,CC(C)C1Nc2nc(C(F)(F)F)ccc2CNC1CSc1cnccc1F,0
protein54,1,CCCCCN1C(=O)C(c2ccccn2)Cc2cccc(O)c21,0
protein54,1,CCOCc1c2n(sc1=S)Cc1cc([N+](=O)[O-])ccc1N2Cc1ccc(C(=N)N)cc1,1
protein54,1,Cc1ccc(Nc2ncccc2NC(=O)c2sc3nc(C)c4c(c3c2N)CCCC4)cc1C,1
protein54,1,CC(C)(CN)C1CCc2c(O)cccc21,0
protein54,1,Cc1cccc(NC(=O)Nc2ccccc2SC(F)(F)F)c1,0
protein54,1,CC(C)(C)n1nc(NS(=O)(=O)c2ccccc2)c(-c2cncc(N)n2)n1,0
protein54,1,O=C(NCc1ccc(F)cc1)c1cc(-c2cccnc2)n2cc(N3CCCCC3)ccc12,0
protein54,1,Cc1nccc(-c2ccc(F)cc2)c1COc1ccc(S(=O)(=O)N(C)C)cc1C(=O)N1CCN(C)CC1,0
protein55,1,Cc1c([N+](=O)[O-])c(Nc2cccc(C#N)c2)nn1-c1ccccc1,1
protein55,1,CCCS(=O)(=O)N1CCCC(c2ncc(C(F)(F)F)cc2N2C(=O)c3ccccc3C2=O)C1,0
protein55,1,Cc1ccc(NC(=O)CC#N)cc1S(=O)(=O)N=[N+]=[N-],1
protein55,1,O=c1[nH]c(-c2cccnc2)nc2cc(Cl)ccc12,1
protein55,1,O=C(Nc1cc(C(F)(F)F)cc(C(F)(F)F)c1)Nc1ccc2c(c1)c(-c1cncc(F)c1)cn2CCCO,0
protein55,1,NCCCSc1cccc([N+](=O)[O-])c1C(=O)O,1
protein55,1,O=C(Nc1cccnc1)C1CCN(C2CCc3ccc(Cl)c(Cl)c32)CC1,1
protein55,1,Cc1ccc2nc3n(c2c1)C1C(=O)N(Cc2cccc(F)c2)CCC1C3,0
protein55,1,CC1CC=CCN1c1cc(C(=O)NS(=O)(=O)c2ccc(F)cc2Cl)ncn1,0
protein55,1,NC(=Cc1ccncc1)C(=O)O,0
protein55,1,CC(C)CCCC=Nn1c(N)nnc1-c1cccc([N+](=O)[O-])c1,1
protein55,1,CC(=Cc1cc(F)ccc1F)S(=O)(=O)N1CCCC1,0
protein55,1,O=C1CSc2cc(Cl)ccc2N1Cc1cccs1,0
protein55,1,CCCC1Nc2cc(-c3cnc(N)c(-c4ccc(S(C)(=O)=O)cc4OC)n3)ccc2NC1=O,1
protein55,1,CCCCC(C)Nc1nc(O)nc2c(C#N)cc(-c3cc(OC)cc(-n4nccc4C)c3)cc12,0
protein55,1,CCC1CCCC[N+]1([O-])c1ccc(Cl)cc1Cl,0
protein55,1,Cc1cccc(N2C(=O)c3[nH]c4ccccc4c3NC2c2ccc(O)cc2)c1,0
protein55,1,CC1(C)C=C2C(=O)N(c3ccccc32)c2ccccc21,0
protein55,1,CC(C)Nc1scnc1-c1nnc(N2CC3CCC(C3)C2)n(Cc2ccccc2)c1=O,0
protein55,1,Cc1ccccc1Nc1nc2cc(N3CCCC3)c(Cl)cc2c2c1CN1CCN=C21,1
protein55,1,FC(F)(F)c1ccc2c(c1)CCC(Nc1nc3ccccc3[nH]1)C2,0
protein55,1,O=C(Nc1cc(C(F)(F)F)ccc1N1CCCCC1)c1sc(-c2ccccn2)nc1C(F)(F)F,1
protein55,1,CC(C)(C(=O)NN=Cc1c(O)cnc2ccccc12)c1ccccc1,1
protein55,1,CC1=C(c2ccccc2)CCC2COc3cc(C(=O)O)c(cc3O2)NS1(=O)=O,1
protein55,1,Cc1cnc(N)c(-c2c(F)cc(C3=NOC4(CCNCC4)C3)cc2F)c1,1
protein55,1,CN1CC(C)(C)CC2=C1Cc1cccc([N+](=O)[O-])c1C2=O,1
protein55,1,Cc1cccc(N2C(=O)CSC2c2ncccc2[N+](=O)[O-])c1,1
protein55,1,CC(C)(Cc1nc(N)cc(Nc2ccc(-c3cnccn3)cc2F)n1)NCCO,0
protein55,1,CCN1C(C)=C(C2CCCCC2)Cc2c1c1cc(O)c(-n3ccncc3=O)cc1n2C,0
protein55,1,CCOC(=O)c1c(C)cc(C)nc1O,0
protein55,1,Cc1ccc(Nc2nc(O)c3cccc(N4Cc5ccccc5C(=NO)C4=O)c3n2)cc1,1
protein55,1,CCc1c(C=O)c2ccccc2n1Cc1ccccc1CCN1CCOCC1,1
protein55,1,O=C(CCCN1C(=O)c2ccccc2C1=O)NCc1ccccc1F,1
protein55,1,CCNCC(O)Cn1c(-c2ccccc2NC(=O)c2ccc(Nc3ccccc3)c([N+](=O)[O-])c2)nc2ccccc21,1
protein55,1,Cc1nc2ccc(-c3cccc(O)c3)cn2c1-c1ccccc1,0
protein55,1,CC1(C)CCC(N(CCCO)CCC2c3ccccc3-c3[nH]c4cnccc4c32)=NC1,1
protein55,1,CCCCCC(C)CS(=O)(=O)N1CCN(C(=S)c2ccccc2C(=O)O)CC1,0
protein55,1,NCCCN1c2ccccc2CCc2cc3ccc(Cl)cc3nc21,0
protein55,1,Cc1nc(Nc2cccc(NC(=N)NC3(C)CC(C)(C)S(=O)(=O)C3)c2)c2ccccc2n1,1
protein55,1,Cc1cc(N)nc(SCc2ccc3nc(C(C)C)cc(N4CCC(N)C4)c3c2)n1,0
protein55,1,O=C(NC1CN2CCC1CC2)c1nc2cc(OC(F)(F)F)c(OC(F)(F)F)cc2o1,0
protein55,1,CC1CCN(CC#Cc2ccccc2)CC1,0
protein55,1,O=[N+]([O-])c1cc(F)c(-c2cnn3cc(-c4ccccc4C(F)(F)F)[nH]c23)nc1N1CCCC1,1
protein55,1,Cc1cc(Nc2ccc(C(=O)N3CCCCC3)cc2)c2ccccc2n1,1
protein55,1,CCCn1c(SCC(=O)Nc2ccc(OC(F)(F)F)cc2)nc2ccccc21,0
protein55,1,CC(C)(CCC1Cc2ccccc2C1=CF)CC(=O)O,0
protein55,1,Cc1cccc(Nc2ncnc3c2cnn3Cc2ccccc2F)c1C,1
protein55,1,CC(C)c1cc(C(=NO)NS(=O)(=O)c2ccc(Cl)cc2)c(O)c2cnccc12,0
protein55,1,CC(=O)OC(C)C1(c2ccccc2)C(=O)N(C)c2ccccc21,0
protein55,1,Cc1cnc2c(NCC(=O)NCc3ccc(F)cc3)cc(-c3ccccc3F)cn12,1
protein55,1,Cc1ccc2c(ccc[n+]2CC(=O)N2CCCC2(C)c2nccs2)c1-n1nccn1,1
protein55,1,Cc1cccc(NC(=O)c2ccc(-c3ccc(CO)cc3)[nH]2)c1C,0
protein55,1,CCC(C)CN(Cc1cccc2cc(N(C)c3ccc(F)cc3)oc(=O)c12)C(C)CN1CCC(O)(C(C)C)CC1,1
protein55,1,CC1CCC(C(N)Cc2ccoc2)CC1,0
protein55,1,Cc1nnc(NC(=O)c2cc(S(=O)(=O)Nc3cccc(Cl)c3C)c(C(F)(F)F)c3cccnc23)s1,0
protein55,1,CCn1nc(C)c2sc(C(=O)Nc3ccc(Cl)cc3)cc2c1=O,0
protein55,1,Cc1cccnc1NC(=NO)c1cc([N+](=O)[O-])cnc1Oc1ccccc1Cl,1
protein55,1,O=[N+]([O-])c1cc2c(cc1-c1ccc(Cl)cc1)OCC2,1
protein55,1,Cc1ccc2nc(Nc3nnc(-c4ccc(C)nc4Nc4ccccc4C)s3)[nH]c2c1,1
protein55,1,CCc1nnc(S(N)(=O)=O)s1,0
protein55,1,CCc1ccc(OC(C)c2nc(C)c(C(=O)N3CCOCC3)s2)cc1,0
protein55,1,Cc1ccc(O)c(S(=O)(=O)Cc2ccccc2)c1,0
protein55,1,COc1cc2c(c(C(=O)Nc3cc(C(N)=O)ccc3N3CCOCC3)c1)CCCCCCC2,0
protein55,1,CC(=O)Nc1ccc(-c2csc3ncnc(Nc4cc(C)ccc4C)c23)cc1,1
protein55,1,Cc1ccc(NC(=O)C(=O)Nc2csc(-c3cccnc3)n2)c(-c2cncc(Cc3cccnc3)c2)c1,1
protein55,1,CCC(CC)CN(C(C)C)S(=O)(=O)c1ccc(C)cc1,0
protein55,1,CCn1cnc2c(CNc3cccc(Cl)c3)c(F)c(F)cc21,0
protein55,1,CCOC(=O)C1CN(C)CCC1(C(=O)N1CCC(c2nc3ccc(F)cc3[nH]2)CC1)c1ccccc1F,0
protein55,1,COC(C)(C)N1CC(n2c(=O)n(C)c3cc(-c4cccs4)ccc32)=Cc2ccc(C)cc21,1
protein55,1,CSc1cc(C)ccc1Sc1ccc2c(c1N1CCN(CC(O)CO)CC1)CCC2,0
protein55,1,CCn1cnc2cc(NC(=O)c3ccc(F)cc3F)ccc21,0
protein55,1,O=C(Nc1cc([N+](=O)[O-])ccc1N1CCCC1)c1cc2ccccc2[nH]1,1
protein55,1,CC(C)C(NC(=O)CN1CC(C)(OCc2ccccc2)CCC1C)C(=O)NO,0
protein55,1,CCc1ccc(C2(C(Cl)(Cl)Cl)CCCCC2N=C(S)N2CCN(C)CC2)c(N)c1,0
protein55,1,Cc1nn(-c2ccc(Cl)cc2)c(O)c1C(=O)N1C(C)CCCC1C,0
protein55,1,CCCCCCOc1ccc(-c2cccc(N)c2)cc1,0
protein55,1,Cc1cc(C(=O)NC(C)C(=O)N2CCCC(N)C2)ccc1[N+](=O)[O-],1
protein55,1,Nc1cnc(-c2ccc(C(F)(F)F)c(Cl)c2F)cn1,1
protein55,1,O=C1Nc2cc(Cc3ccc(Nc4nccc(-c5cccnc5)n4)cc3F)ccc2C12CCCC(O)C2,0
protein55,1,O=C1Nc2cccc(-c3ccccc3)c2C1OCc1ncc(C(F)(F)F)cc1F,0
protein55,1,CC(C)C(Nc1ncc(C#N)cc1N1CCCC1)C(=O)NN=Cc1cccc(C(F)(F)F)c1F,1
protein55,1,CCc1ccccc1NC(=O)Cn1nc(C(F)(F)F)cc(-c2ccc(OC)cc2)c1=O,0
protein55,1,CCCc1cc(C(F)(F)F)n(C(=O)c2nn(C)cc2I)n1,0
protein55,1,CC(C)(CC1CC1)NC(=O)Nc1ncc2c(n1)CCC2,0
protein55,1,Cc1cccc(-c2ccc(Cl)c(OC(CO)CCN3CCc4ncccc4C3)c2)c1,0
protein55,1,O=C1c2cnc3ncccc3c2C2=Nc3cc(F)ccc3NC1C2,1
protein55,1,NC(=O)c1ccc(CNc2ccc([N+](=O)[O-])cc2[N+](=O)[O-])c2cccc(C3CC3)c12,1
protein55,1,CC(C(=O)c1c[nH]c2c(c1=O)COC(C)(C)C2)c1cccc(-c2cn3ccccc3n2)c1,0
protein55,1,N#Cc1ccccc1-n1c(=O)n(Cc2ccc(S(=O)(=O)O)cc2)c2cnccc21,0
protein55,1,CCn1c(CCc2cccc(C(F)F)n2)nc2ccc(C(C)(C)C)cc21,0
protein55,1,CCOc1ccccc1Nc1nccc(OCCCC2CCN(C)CC2)n1,0
protein55,1,CCOc1ccc([N+](=O)[O-])cc1C(=O)Nc1c(C)ccnc1C,1
protein55,1,O=C(Nc1ccccc1Oc1ccc(C(F)(F)F)cn1)c1ccc(Cl)cc1F,0
protein55,1,Cc1cn2c(n1)C(C#Cc1ccc(-c3cc(C(F)(F)F)nn3-c3ccccc3)c(C)c1)COCC2,1
protein55,1,Cc1nn(C)c(C)c1S(=O)(=O)N1CCCCCC1,0
protein55,1,CCN(CC)CC=CCCN(c1ccccc1C(=O)O)S(=O)(=O)c1ccc(OC)c(OC)c1,1
protein55,1,CCc1cc(-c2nn(C3CCCN(Cc4cnn(CC)c4)C3)c3ccc(C(=N)N)cc23)ccc1F,0
protein55,1,Cc1nc2ccccc2n1-c1nc(CN2CCN(CC3COC3)C(=O)C2)c(Cl)c(N2CCCC2)n1,1
protein55,1,CC1=C(C)C(=O)N2CCN(CC2)C(C)(C)COC2Cc3cc(Cl)ccc3CC2NC1=O,1
protein55,1,CC1=CC2=C3C(=CC=CN3C(C)(C)C)C(=O)n3c(c2nc(-c2cncc(-c4cccc(OC(F)(F)F)c4)c2)c3=O)N1C,0
protein56,1,CCC(C)C(NC(=O)c1ccc(-c2ccc(Cl)cc2Cl)cc1O)C(=O)NO,0
protein56,1,CC1(C)C2CCC(N)(CO)C1Cn1cc(-c3ccc(Cl)cc3)cc12,0
protein56,1,CCOc1ccc(C2(C)CCN(Cc3ncc[nH]3)C2=O)cc1,0
protein56,1,CCOc1cc(C(=O)NC(C(=O)Nc2ccc(C)cc2)=C(O)c2cn(Cc3ccc(F)cc3F)nn2)ccc1OC,0
protein56,1,O=C(O)CCC(=O)N(C1=NCCS1)c1ccccc1,0
protein56,1,O=C(COc1ccc(Cl)cc1)NC1CCC(c2ccc(F)cc2S(=O)(=O)NO)C1,0
protein56,1,NC1=NC(C(=O)O)CS1,0
protein56,1,CCCC(=O)NC1CCN2CCC2(C)COC(C#Cc2c(Cl)nc[nH]c2=O)(C(F)(F)F)C1,0
protein56,1,CC1(N)CCC1(O)c1ccc(Oc2ccc(NC(=O)CCc3ccccc3[N+](=O)[O-])cc2)cc1,1
protein56,1,Cc1nnc(Nc2cccc(C3(CNC(=O)C(F)(F)F)CCC3C)c2)s1,0
protein56,1,Nc1ncc2c(O)c(OCCCCCCN3CCCC3=O)c(C3CCCC3)nc2n1,0
protein56,1,CCC(OC(=O)c1cc([N+](=O)[O-])cc([N+](=O)[O-])c1Cl)C(=O)N1CCN(CC)c2ncccc21,1
protein56,1,CCC1(C)CCc2sc(C(=O)Nc3ccc4c(c3)OCCO4)nc2C1,0
protein56,1,CC1(C)C=Cc2c(Cl)[nH]c(C(C)(C)CCl)c2C1=O,0
protein56,1,O=C(O)C1CCCN1c1c([N+](=O)[O-])cnc(Cl)c1Cl,1
protein56,1,O=C(Nc1ccc(-c2csc(-c3ncccn3)n2)c(F)c1)c1ccc([N+](=O)[O-])c(C(F)(F)F)c1,1
protein56,1,CC(C)C(=O)N1CC(c2ccccc2)CCC1C(=O)NCc1ccon1,0
protein56,1,CCNC(=O)CCNc1c(C#N)cnc2cc(C)ccc12,1
protein56,1,COc1c(C(=O)Nc2cccc(-c3nn(C(C)C)c4cccc(N5CCCC5)c34)c2)cnc2cc(N3CCC(C)C3)ncc12,0
protein56,1,Cc1c(F)cc([N+](=O)[O-])cc1S(=O)(=O)N1CCC(C2CCNCC2)C(C)C1,0
protein56,1,CC(C1=C(N2C(C)CCCC2C)CC2CNC(=O)C(=O)N1C2C(=O)O)c1cccc(F)c1Cl,0
protein56,1,O=C(CCCc1ccc(F)cc1)Nc1ccc2c(c1)CN(c1ccccc1)C2=O,1
protein56,1,CCOc1cccc(C=NN(C(=O)c2cccs2)c2cccc([N+](=O)[O-])c2)c1O,1
protein56,1,Cc1nc2ccccc2c2c1CCCC2,1
protein56,1,Cc1cccc2c1C(C)CCC21CN(C(CO)c2ccc([N+](=O)[O-])cc2)C(=O)CN1,1
protein56,1,CC1CC2C(C#N)=C(N)c3ccccc3C2C(C)(C)C1,1
protein56,1,CCCNCc1cccc2c1oc1ncn(-c3ccc(F)cc3F)c(=O)c12,1
protein56,1,NC(=O)c1cn(-c2ccc(Cn3c(-c4cc(F)ccc4OC(F)(F)F)nc4c(F)cccc43)cc2)c2cnccc12,1
protein56,1,Cc1ccc2[nH]c3c(c2c1)CCC3=O,1
protein56,1,O=C1c2cc(c3ccc(Cl)c(C(F)(F)F)c3c2)N1Cc1cccs1,0
protein56,1,O=C1CCC(=O)N1c1nc(Cl)cc(Nc2ccccc2F)n1,0
protein56,1,CC(=O)N1N=C(c2ccc(O)cc2S(=O)(=O)Nc2nnc(C(C)C)s2)CC1c1ccc(Cl)cc1,0
protein56,1,CCOC(=O)C(NC(=S)Nc1ccc(C(=O)O)cc1)c1c(C)[nH]c2ccccc12,0
protein56,1,Cc1cccnc1N(C)c1cccc(C(=O)N2CCN(C)CC2)n1,1
protein56,1,O=C(CC1CCC(N(c2cc(F)cc(Cl)c2)S(=O)(=O)c2ccccc2)O1)N1CCN(c2ccccc2)CC1,0
protein56,1,Cc1scnc1CS(=O)(=O)c1nc(-c2ccncc2)n[nH]1,0
protein56,1,O=C1C=C(NC2CCCN(S(=O)(=O)c3[nH]nc4c(Cl)cc(Cl)cc34)C2)CC1F,0
protein56,1,CCN(C(=O)C1=Cc2cccc3c(OC)c(Cl)nc1c23)c1cc(C)oc(=O)c1,1
protein56,1,NC(=O)c1csc(Nc2ccc(Cl)cc2)n1,0
protein56,1,CCOc1ccc(-c2nnc3c(n2)CS(=O)(=O)C3)cc1CN1CCCC(N(C)C)C1,0
protein56,1,Cc1[nH]nc(-c2ccc(S(=O)(=O)NC(N)=O)cc2)c1-c1ccc(C(C)(C)C)cc1,0
protein56,1,c1cc(N2CCCC2)c(Nc2ncnc3[nH]c4c(c23)C2CN(CCO2)CC4)cn1,1
protein56,1,Cc1ccc(-n2cnc(N)c2-c2nc3ccccc3s2)c(Cl)c1C,1
protein56,1,CCC1CNCCC1CCC1CCN(C(=O)CC#N)C2C(O)CCCC12,0
protein56,1,O=C(Nc1ccccc1N1CCCCC1)c1nc[nH]c1C(=O)Nc1ccccc1F,1
protein56,1,CCN(CC)CCOc1ccc2c(c1C)C=C(c1cccc(O)c1)CC2,0
protein56,1,CCN(CC)C1C(=O)Nc2ccc3nc(C(N)O)n(Cc4ccc(F)cc4Cl)c3c21,1
protein56,1,Cc1ccc(C(=NO)NC2(C(=O)N3CCN(c4ccc(F)cn4)CC3C)CCCCC2)cc1C#N,0
protein56,1,CC(C)=C(C)C(=O)Nc1sc(-c2ccc(C(F)(F)F)cc2)nc1C#N,0
protein56,1,CCN(CC)CCN1C(=O)C(=CCC(=O)O)c2[nH]c3ccccc3c21,0
protein56,1,O=C1C=CC(N(C(=O)c2cccc(Cl)c2Cl)c2ccc(OC(F)(F)F)cc2)C(O)C1,0
protein56,1,CCCCC(C)CC(C=O)CC(=O)NCCN=C(S)N(Cc1ccccc1)CC(C)C,0
protein56,1,Nc1nc2c(c(-c3ccc(Cl)cc3)n1)CN(c1ncccn1)C2,0
protein56,1,CC(C)C1Nn2c(cc(-c3cc(Cl)ccc3-c3cnc(C#N)c(N4CCCC4)c3)nc2=O)NC1=O,0
protein56,1,CCS(=O)(=O)Nc1ccc(OCC(=O)N2CCCCC2)c([N+](=O)[O-])c1,1
protein56,1,COc1ccc(CN2C(=O)C(c3ccc(S(=O)(=O)N(C)N)cc3)=C(C)C2C)cc1,0
protein56,1,CC(C)c1ccc(C(C)(C)C(=O)NNC(=O)CCC(=Cc2cn(C)c3ccccc23)C(=O)O)cc1,0
protein56,1,Cc1cccc(Oc2c(Cl)nc3c4c(ncnc24)Nc2ccc(cc2)OCCNC3=O)n1,1
protein56,1,Cc1nc2c(c(=O)[nH]1)CS(=O)(=O)CC2,0
protein56,1,CCCCS(=O)(=O)Nc1cccc(Nc2nccc(-c3ccc4c(c3)OCCO4)n2)c1,0
protein56,1,O=C1c2ccccc2C(O)(c2ccccc2)C(=O)N1c1ccccc1,0
protein56,1,CCN1CCCc2cc(-c3ccc(S(=O)(=O)OC)cc3)ccc21,0
protein56,1,O=C(NC(=S)Nc1cccc([N+](=O)[O-])c1)c1c(F)cccc1F,1
protein56,1,CC(C)CC(CO)N(Cc1ccc(F)cc1)C(=O)C(C)N1C(=O)C(C(F)(F)F)Oc2ccccc21,0
protein56,1,CCCCC1C(C)C(=O)N2Cc3cc(OC(F)(F)F)ccc3CC2C1(C)OOC,0
protein56,1,CC1=C(C)C(=O)CCN1,0
protein56,1,NC1(OOC(F)(F)F)CCCC(F)(F)CC1(F)F,0
protein56,1,CCN1CCC(c2noc3ccc(C(C)(C)C)cc23)CC1,0
protein56,1,CC(NS(=O)(=O)c1cc(F)c(Oc2ccc(Cl)cc2F)c(C2CCN(C)C2C(=O)O)c1)c1cccnc1,0
protein56,1,CCNC(=S)SC=CC(=O)NO,0
protein56,1,CCCC(C)(C)CN1CCC1C(O)C(OC(C)=O)c1c(-c2ccc([N+](=O)[O-])cc2)[nH]c2ccccc12,1
protein56,1,O=C(O)c1csc(NC(=O)c2cc(Cl)cc(Cl)c2O)n1,0
protein56,1,CCC1CC=CC1NCCc1ccc(OC)cc1CNC1CC(O)c2cccc(OC)c21,1
protein56,1,O=C(Nc1ccccc1N1CCCC1)c1cncc2sccc12,1
protein56,1,CC(=O)c1ccc(C(=O)N(C)CC(=O)Nc2ccc3c(c2)S(=O)(=O)N(C)CC3=O)cc1,1
protein56,1,Cc1cc2c(n1C)-c1c3c(nc4ccc(Cl)cc14)C2ON=C3N(C)C,1
protein56,1,CCCN(CCC)C(=O)C(NC(=O)NC1CCCCC1)C(C)C,0
protein56,1,O=C(CNC(=O)c1ccco1)OCc1ccccc1,0
protein56,1,CCN(CC)C(C)C1=CSc2ccc(Cl)cc2N1C(=O)c1cn(C)nc1OC,0
protein56,1,Cc1noc(C(F)(F)F)c1-c1nc(N2CCC(=O)N(C(C)C)CC2)n(C)c1C#N,0
protein56,1,CCCOn1c2ccc(C(=O)C(Cl)Cl)cc2c2cccnc21,0
protein56,1,Cc1cc(C(=O)NCC2(N3CCOCC3)CCCCC2)cc(-c2nc3ccccc3n2CC2CCNCC2)c1,0
protein56,1,Cc1ccc(C)c(S(=O)(=O)Nc2ccc3c(c2)Cc2ccccc2-3)c1,0
protein56,1,CCN1CCC(Cc2cccc(C#N)c2)(S(=O)(=O)c2ccc(C)cc2Cl)CC1,0
protein56,1,O=C(NC(CN1CCN(c2nc3ccccc3s2)CC1)C(=O)NO)C1CC1,1
protein56,1,CC(C)N(CCc1cc2cc(Cl)ccc2[nH]1)C(C)(C)S,0
protein56,1,CCC(C(=O)Nc1cccc(C)c1Cl)n1nc2ccccc2c1O,0
protein56,1,CCc1nc(O)c(O)c(C(C)(C)C)n1,0
protein56,1,CC(=O)Nc1ccc2nc3cc(NC(=O)C(C)C(F)(F)F)sc3cc2c1,1
protein56,1,CC(=O)Nc1cc(-c2cnccn2)cc(-c2cnc3c(c(C(F)(F)F)cn3C)c2N2CCCC2)c1,1
protein56,1,CCOc1ccc(C(=NO)NC2CCC(C)CC2C)cn1,0
protein56,1,CC(C)CS(=O)(=O)N1CCN(C(=O)c2ccccc2-n2nccn2)CC1,0
protein56,1,O=C(NCc1cc2ccc(N3CCOCC3)nc2nc1NC1CCC1)Oc1ccccc1,0
protein56,1,O=C(CN1CCN(c2ncccn2)CC1)Nc1c(Cl)cccc1Cl,0
protein56,1,N#Cc1c(-c2ccc(Oc3ccc(Cl)cc3Cl)c(F)c2)cc(-c2cnc(N)nc2)nc1N,0
protein56,1,CC(CC(=O)C([N+](=O)[O-])C(C)(C)C)Cc1ccccc1,0
protein56,1,Nc1nc(Nc2ccc(F)cc2-c2nc3ccc(F)cc3[nH]2)c(C(F)(F)F)nc1F,1
protein56,1,CCCCC1(O)CC(=O)N(c2ccc(N(C)C)cc2N2CCOCC2)C(=O)C1,0
protein56,1,CC(=NNc1ccc(C#N)cc1)C(=O)NS(=O)(=O)c1c(C)cccc1C,0
protein56,1,Cc1nn2cc(COc3c(C)ccc4c3C(N(C)C)CCC4(C)C)nc2s1,0
protein57,1,CC(Cl)=CN1CCN(c2cccnn2)CC1,0
protein57,1,Cc1ccc(N2CCN(C(=O)C3CCOC(C)(C)C3)CC2)cc1,0
protein57,1,Cc1cccc2cc(C3(O)CCC4CCCN(CCC3c3ccccc3)C4)[nH]c12,1
protein57,1,O=C1Nc2ccccc2C2(c3ccccc3)SC(=NC2=O)c2ccc(cc2)-c2ccc1[nH]2,0
protein57,1,COC1CN2CCC3Oc4c(O)c3c3ccccc3c4C(C2)C1C,1
protein57,1,CCS(=O)(=O)N1CCC(NC(=O)c2ccc(Cl)c(Cl)c2Nc2csc(C(N)=O)c2)C(F)C1,0
protein57,1,NC(=O)c1ccc([N+](=O)[O-])c(Sc2ccccc2N)c1,1
protein57,1,CC1CCCC(C)N1CC(O)COc1ccc(OCc2cccnc2)cc1C#N,0
protein57,1,CC1=CC(=O)C2C(N(C)CC3=C(C)CCCC3C)COc3cc(-c4ccno4)ccc3N12,1
protein57,1,Cc1ccc(Nc2noc(-c3ccccc3)c2S(=O)(=O)c2ccc3c(c2)OCCO3)cc1C,0
protein57,1,Cc1cc(C(=O)c2sc(-n3nccc3C(C)C)nc2C)ccc1F,0
protein57,1,CC(C)S(=O)(=O)NCc1c(CCCCN(Cc2ccccc2F)CC(F)(F)F)nn(-c2cccc(C(=O)O)c2)c1Cl,0
protein57,1,CC(C)CC(NC(=O)C1CCN(S(C)(=O)=O)CC1)C(=O)NC1CS(=O)(=O)CC1O,0
protein57,1,O=C(c1ccccc1)N(CC1CCCO1)c1cc(OC(F)(F)F)ccc1SP(=O)(c1ccccc1)c1ccccc1,1
protein57,1,Cc1nc2cccnc2n1-c1cn(CCC(=O)[O-])nc1-c1cccc(Cl)c1,1
protein57,1,CC1=C(c2nc(-c3ccnc(N4CCNCC4)c3)n(C)n2)CNC(CC(C)C)C1,1
protein57,1,CCCCC(CO)C(=O)OCC1OC1c1ccccc1-n1cccn1,0
protein57,1,CCCCCN1CCOc2ccc(C(=O)Nc3nccc4c3cnn4-c3cccc(NCCCl)c3)cc21,0
protein57,1,CCN(CC)CCCN1C(=O)Cc2c(OC)ccc(OCC(=O)O)c2-c2ccccc21,0
protein57,1,Cn1c(C(=O)OCCN2CCCC2)c(Sc2ccc(Cl)cc2)c2ccccc21,0
protein57,1,CCCN1c2ncccc2CCC1CCn1c(-c2cccc(F)c2)nc2c(F)ccc(N(CC)C(C)CO)c21,0
protein57,1,Cc1nc2ccc(C(=O)Nc3cccc(F)c3)cc2c(=O)[nH]1,1
protein57,1,Nc1cc2c(cnc3cc4n(c(=O)c32)CCCCC4)cc1N1CCCC1,1
protein57,1,O=C(Nc1ccc(Cl)cc1N1CCSCC1)c1ccsc1,0
protein57,1,Cc1cc(O)c(C=NN2CCCCC2)cc1N,1
protein57,1,CCC(NC(=S)Nc1cccc(Oc2cc(NCc3ccco3)ncn2)c1)c1ccccn1,0
protein57,1,Cc1cccc(-c2nocc2NC(=O)C2CCN(c3ccc(-c4ccccc4S(N)(=O)=O)nn3)CC2)c1,0
protein57,1,CCc1cc(OCC(=O)NC(=S)N(C)C)ccc1-c1ccn(Cc2cccnc2C(F)(F)F)n1,0
protein57,1,CCS(=O)(=O)Nc1nc(Nc2ccc(C(C)C)cc2OC)nc2ccc(C(F)(F)F)cc12,1
protein57,1,CC(C)=C(C)C(=O)N1CCN(C(c2ccccc2)c2cc3ccccc3[nH]2)CC1,0
protein57,1,Nc1ccn(C(CC2OCCC2COCC(F)(F)F)C(F)(F)F)c(=O)n1,1
protein57,1,CCC(C)(C)C(=O)C=C1Nc2ccccc2C1(C)C,0
protein57,1,CCC1CC2(CCN(C)CC2)c2cc(OC)ccc21,0
protein57,1,CC(=Nc1cc(Cl)ccc1N1CCCC1)N(C)C,1
protein57,1,Cc1cnc(NC2CCN(S(=O)(=O)C3CCC3)C2)cn1,0
protein57,1,O=c1c(N2CCCCC2)cc2cn1c1ccc(-c3cccc(F)c3)cc21,1
protein57,1,CC(C)Cc1nc(-c2ccc3c(c2)c(CC(CO)NC(=O)C2CCCC(C=O)C2)cn3C)cc(-n2nccc2C(F)(F)F)n1,0
protein57,1,CC(C)NC(=O)C1CC(Oc2cc(Cl)c(Cl)cc2-c2cc(C(F)(F)F)[nH]n2)CN1,0
protein57,1,Nc1nc(-c2ccc(F)cc2)cs1,1
protein57,1,O=C(NCCN1CCC(F)(F)CC1)c1oc2ccc(Cl)cc2c1Cc1ccccc1F,0
protein57,1,O=C(NS(=O)(=O)c1cccs1)c1nc(C2CCCCC2)c(O)c2ccccc12,0
protein57,1,Cc1cc(CCC#N)n2nc(-c3ccc(F)cc3)c(NS(=O)(=O)c3ccc(F)cc3)c2n1,0
protein57,1,CCS(=O)(=O)Oc1ccc(-c2ccc(S(=O)(=O)Nc3onc(C)c3C)cc2)cc1,0
protein57,1,O=P(O)(O)C(F)(F)C(F)P(=O)(O)C(F)(F)F,0
protein57,1,OCC1CCCN(c2nc3ccc(Cl)cc3cc2-c2cccnn2)C1,0
protein57,1,CCc1nc2cc(-c3ccc(OC)cc3)nn2c(N2CCN(C)CC2)c1C,0
protein57,1,CCn1c2c(c3ccccc31)CC(NC(C)=O)CC2CN1CCC(C)CC1,1
protein57,1,Cc1cc(=O)[nH]c(Cc2cc(F)c(F)c(F)c2F)n1,0
protein57,1,Nc1nc(=O)n(C2OC(CO)C(O)C2Cl)cc1F,0
protein57,1,FC(F)(F)c1ccccc1Nc1ncnc2cc(Cl)c(Cl)cc12,0
protein57,1,CC(C)C(C)(C)Oc1cc(C(=O)Nc2cc(-c3ccc(F)cc3)n[nH]2)c([N+](=O)[O-])cc1C#N,0
protein57,1,CCNc1cc(C)nc2ccc(Oc3cccc(C#N)c3)cc12,1
protein57,1,CCOc1ccc2c(c1)C(CCCN1CCN=C1CC)CN2C(=O)c1ccc(-n2cccn2)cc1,0
protein57,1,Cc1cn(C2CCNCC2)c2c(-c3ccccc3)c(C#N)c(NCc3cccnc3)nc12,0
protein57,1,CCc1ccccc1N(C(=O)c1nccnc1NC(CCN1CCOCC1)c1ccccc1F)C(C)C,0
protein57,1,CC(=O)Nc1ccnc(Nc2cc(-c3cnc4ccccn34)ncn2)c1,0
protein57,1,CC1CCOc2ccc(Cc3cnc(NC(=S)NC(=O)c4ccccc4F)s3)cc21,0
protein57,1,CC(C)c1[nH]c2nc(-c3ccccc3)cc(=O)n2c1-c1ccc(N)cc1,1
protein57,1,CC(C)n1cc(C(=O)NCc2cccc(-c3nnco3)c2)c(-c2ccc(F)cc2C(F)(F)F)n1,1
protein57,1,Cc1c(-c2ccc(O)nc2)c(N)nc2c(-c3ccccc3)cccc12,1
protein57,1,CCC1CC2C(Cn3cc([N+](=O)[O-])nc3Cl)CN12,1
protein57,1,O=CCn1c(-c2cc(Cl)cc(Cl)c2)nc2ccccc21,0
protein57,1,Cc1ccc(C(=O)NCc2cccnc2Cl)cc1-n1ncc2c3ncccc3c([N+](=O)[O-])cc21,1
protein57,1,CCCC(CC(=O)N1C2CCN(C(=O)OC(C)(C)C)C1Cc1c2cc(F)c2c[nH]c(=O)c(C)c12)N(C)C,0
protein57,1,Cc1nc(Nc2ccc(C3C4CCN(CC4)C3CCC(F)CCC(=O)O)cc2)cc(-c2ccccn2)n1,0
protein57,1,COc1cc(CCC2=CC(C)(C)N(C(=O)C=C(C)C)c3ccccc32)cc(OC)c1,0
protein57,1,C#CCOC1CCN2CCc3cc(CNC(=O)c4noc5c4CN(c4ccc(N6CCOCC6)cc4F)CC5)ccc3C2C1,0
protein57,1,NC(=O)c1cccc2c1nc(Sc1cc(Cl)ccc1[N+](=O)[O-])n2-c1ccnc(N)n1,1
protein57,1,Cc1ccc(CN2CCN(N=Cc3cccs3)CC2)nc1,1
protein57,1,O=CC(O)CCc1nn(-c2ccccc2)c(=O)c2ccccc12,0
protein57,1,Cc1cc(C(=O)Nc2cc(Cl)c(-c3nnc(N)[nH]3)cc2S(=O)(=O)N(C)C)c2ccccc2n1,1
protein57,1,O=C(O)c1cccc(-n2ccc(C(=O)Nc3ccc(F)cc3F)n2)c1,0
protein57,1,Cc1ccc(C)c(N2CCN(C)CC2(C)C(=O)NCCCCCCn2cccn2)c1,0
protein57,1,CCn1c(N)c2cc(OCC(F)(F)F)ccc2nc1=O,1
protein57,1,CCc1cccc2c1N(CCCCC(=O)O)C(=O)C2=O,0
protein57,1,CCCCC1c2c(c([N+](=O)[O-])cn2CC(F)(F)F)CNC1Cc1cccnc1,1
protein57,1,O=C(CCC1NCCC1S(=O)(=O)Cc1ccccc1)Nc1cccc(Cl)c1Cl,0
protein57,1,CCCn1c(C)c(C(=O)Nc2ccc(OC)c(S(=O)(=O)N3CCOCC3)c2)c2ccccc21,1
protein57,1,CN(CCc1ccccc1C(F)(F)F)Cc1cccc2c(NC3CC3)ncnc12,0
protein57,1,CCCCC(C)C(NC(=O)OC(C)(C)C)P(=O)(O)O,0
protein57,1,CCc1c(C)cccc1NC(=O)c1ccc2c(c1)ncn2CCN1CCCCC1,0
protein57,1,Cc1c(C(F)(F)F)ccc(-c2nc(Nc3ccc(C(=O)O)cc3)c3cscc3n2)c1F,0
protein57,1,O=C(NC1C(=O)N(Cc2ccc(Cl)cc2)C1c1ccc(O)c(Cl)c1)c1cccnc1,0
protein57,1,Cc1cnn(Cc2cnc3sc(C(=O)N4CCCC4)c(-c4cccc(Cl)c4)c3c2N)c1,1
protein57,1,CC(CCNc1nc(-c2ccc(Cl)cc2)nc2[nH]ccc12)CC(=O)O,0
protein57,1,Nc1ncc(-c2c(F)c(O)nc3cc(-c4ccc(F)cc4)ccc23)cn1,1
protein57,1,CC1(C)CC(c2ccccc2Cl)CC(=O)N1CCN1CCc2ccccc2C1,0
protein57,1,CCC(S)CCCC1CNC(=O)C(CC(C)(C)C)n2nc(-c3cc(C)no3)cc21,0
protein57,1,O=C(CCCC1CCN(CC(=O)Nc2ccccc2OC(F)(F)F)CC1)NO,0
protein57,1,CC(C)SC(CNC(CO)C(C)C)CS(=O)(=O)c1cn(-c2ccc(OCc3ccccc3)cc2)c(=O)[nH]1,0
protein57,1,CC1OCc2c1ccc1c2CCC(C)(CCO)C1=O,0
protein57,1,CC1(C)CC2=NN(c3ccc(C#N)cc3-c3ccccc3Cl)C(C)(C2)C1,0
protein57,1,CC(C)(C)NC(=O)C1CCC(=O)N1CCN1CCCC(Oc2cccc3cccnc23)C1,0
protein57,1,CCC1=NC(C#N)C(C)(C)CC1,0
protein57,1,Cc1cccc(NC(=S)NC(=O)c2ccc(C(C)NP(C)(=O)O)cc2)c1C,0
protein57,1,Cc1nc(CN(C)C(=O)C2CCN(C(=O)c3cnc4c(-c5ccccc5)cnn4c3N)CC2)cs1,0
protein57,1,Cc1ccccc1Oc1cccc(C(=O)NCC2CCCC(=O)O2)c1,0
protein57,1,CCCCc1cccc(NC(=O)CNCc2cccs2)c1,0
protein57,1,Cc1ccc(C#N)c(N2CCN(C(CCO)Cn3c(=O)[nH]c4ccccc43)CC2)n1,1
protein57,1,CCC(=O)N1CCc2cc(S(=O)(=O)N(C)C(=O)c3cccc(S(=O)(=O)N(CC)CC)c3)ccc21,0
protein58,1,NC(=O)C1CCCN1c1cc(C(F)(F)F)n2ncc(-c3cc4ccccc4[nH]3)c2n1,0
protein58,1,CCNC(=O)c1cnn2c(-c3cccc(OC(F)(F)F)c3)ccnc12,0
protein58,1,CC(=CC(=O)Nc1c(C)cccc1C)C(=O)S,0
protein58,1,CC1CCC(=O)N1c1ccc(C(=O)Nc2ccc(Cl)cn2)cc1F,0
protein58,1,CC(=O)OC1Cc2cc(F)ccc2C2(c3ccccc3)c3cc4ccccc4nc3CN12,1
protein58,1,O=C(Nc1nnc[nH]1)c1ccc(S(=O)(=O)NC(=O)c2cc3c([N+](=O)[O-])cccc3[nH]2)cc1,1
protein58,1,Cn1ncc2c1C(c1ccccn1)n1c-2ccc(C(F)(F)F)c1=O,0
protein58,1,CC(c1nc2ccc(F)cc2n1C(C)c1c(F)ccc(F)c1F)N1C(=O)c2ccccc2C1=O,0
protein58,1,Cc1ccc(-c2cc(C(F)(F)F)nn2CC(O)C(CN2CCC(O)C2)C(=O)NC2CCC(C)CC2)cc1F,0
protein58,1,O=C(c1cc(F)cc(F)c1)C(O)(c1cccnc1)c1cnn(-c2cccc(F)c2F)c1,0
protein58,1,CCC(C)C(C(=O)O)N1C(=O)CC1Nc1ccc(C2CN3CCN2CC3C2CCCCC2)cc1F,0
protein58,1,NC1=NC(C2(O)Cc3ccccc3C(OC(=O)c3ccc(C(F)(F)F)cc3)C2)C(C(O)c2ccccc2C(F)(F)F)C1,0
protein58,1,CCC1CN(S(=O)(=O)c2ccc(C3=C(c4ccccc4C(F)(F)F)C(=O)NC3)cc2)CCN1C,0
protein58,1,Cc1cccc(NC(=O)OCCCS(=O)(=O)C=Cc2ccc(O)c(O)c2)c1,0
protein58,1,Cc1ccc(C2CC(C)C(=O)N2CCN(C)C)c2c1OC(C)(C)C(O)=C2,0
protein58,1,Cc1ncc(-c2cc(OCC(O)CN3CCC(C)CC3)ccc2F)n1C,0
protein58,1,CCCc1cc(O)nc(N2CCN(C(=O)c3cccc(C(F)(F)F)c3F)CC2)n1,0
protein58,1,Cc1ccc(NC(=S)n2ccc(S(=O)(=O)N3CCCCC3)c2C)cc1C,0
protein58,1,Cc1cc(N(C)C)c([N+](=O)[O-])cc1C(=O)Nc1nccc(-c2cnc3ccccn23)n1,1
protein58,1,CCC12CCCCN1C(CCCO)=NS(=O)(=O)N2C,0
protein58,1,NCCCOc1ccc2c(=O)cc(-c3ccc(F)cc3)oc2c1,0
protein58,1,O=C(O)c1ccc2cc(C(=O)N3CCc4c([nH]c5ccc(OCC6CC6)cc45)C3)oc2c1,0
protein58,1,O=C(O)c1c[nH]nc1Nc1cc(C(=O)Nc2ccc(Cl)c(S(=O)(=O)N3CCCCC3)c2)c2ccccc2n1,0
protein58,1,O=C1CCCC(=O)N1C1CCCc2c(Oc3ccc([N+](=O)[O-])cc3C(F)(F)F)cccc21,1
protein58,1,CCSc1nc2ncc(-c3c(N(C)C)nc(C)c4c3OC3(C)CCC3(C)C4=O)cc2n1C,0
protein58,1,CCCCn1c(Nc2ccccc2)nc(-c2ccc([N+](=O)[O-])s2)cc1=O,1
protein58,1,O=C(CSc1nc2ccccc2cc1-c1ccc(C(=O)O)cc1)Nc1c(Cl)cccc1C(F)(F)F,0
protein58,1,CC(C)CCC1COc2c(cc(NC(=O)c3ccccc3S(C)(=O)=O)cc2S(=O)(=O)N(C)C)C1N1CCCC1,1
protein58,1,CC(C)CCCC1CCCc2c1[nH]c1c(N)ncnc21,1
protein58,1,CC1CCC([O-])CC1=CC(N)=NC(=O)NCc1ccc([N+](=O)[O-])cc1F,1
protein58,1,O=C(NCC(O)CN1CCCCC1)c1ccccc1NC(=O)C(F)(F)F,0
protein58,1,O=C1NC2=Nc3cc(OC(F)(F)F)ccc3SC2c2c(F)cccc21,1
protein58,1,CC1CCCCC1NC1=CC(=O)CC(C)(C)C1,0
protein58,1,O=C(c1ccc(Nc2ccnc3ccc(F)cc23)nc1)N1CCCCC1CCl,0
protein58,1,O=C1C(=O)N(C(CC2CCOCC2)c2ccccc2)c2ccccc21,0
protein58,1,CC(C)N(C(=O)NC1CCC(C)(C)C1N(C=O)C(=O)c1cc(S(C)(=O)=O)ccc1Nc1cccnc1)c1ccccc1,0
protein58,1,CCc1nc(C(=O)N2c3ccccc3CC2C(=O)N2CCC(C)CC2)cs1,0
protein58,1,Nc1cccc(-c2nc(SCc3c(N)nc4ccccc4c3Cl)n[nH]2)c1,1
protein58,1,CCC(C)C1C=C2OC(Cc3c2oc2nc(C)c(C)c(CCc4ccccc4)c32)O1,1
protein58,1,Cc1nc2c(NC(C#N)c3ccccc3F)cccc2c(O)c1C(=O)Nc1ccc2ncn(C)c2c1,1
protein58,1,Cc1cc2c(OCc3c(F)ccc(C#N)c3F)cccc2n1-c1nnc(Nc2cccc(F)c2)s1,1
protein58,1,CC1(C)C(=O)N=C(S)NC1=O,0
protein58,1,CC1CN(C)c2cc(S(=O)(=O)N3CCN(C(C)C)CC3)ccc2O1,0
protein58,1,CCN(CC)CCN1CCc2c1oc1ccccc21,0
protein58,1,CCCNc1c(-c2cn(Cc3ccc(Cl)cc3)c3ccccc23)c(C)nc2c(C#N)cnn12,1
protein58,1,CCC1CCCN(Cc2nccnc2Oc2cccc(OC(F)(F)F)c2)C1,0
protein58,1,CCC1Cc2c3c(oc(=O)c2CN1CC(C)c1ccccc1)CCCC3,0
protein58,1,COC(=O)C(NC(=O)C1Cc2ccccc2C(OC)N1C(=O)c1ccc(O)cc1)C1CCCC1,0
protein58,1,CC(C)N(CCc1cn2cccc(OCc3c4n(c5ccccc35)CC(=O)NC4=O)c2n1)C(=O)C1CC2CCC1CO2,1
protein58,1,CC=C(C(=O)O)N1CCN(C(=S)S)CC1,0
protein58,1,CC(C)CNC(=O)C1CC(=O)N(c2ccccc2NCCN2CCCCC2)C1,0
protein58,1,CCCCN1CC(c2ccc(C)s2)CNC1=O,0
protein58,1,CCCNC(=O)c1[nH]cc(S(=O)(=O)c2ccccc2)c(=O)c1O,0
protein58,1,CCN(CC)c1nccc(N2C(=O)OCC2(C)c2ccc(Cl)cc2)n1,1
protein58,1,CCC1CCN(Cc2c(C(=O)N3CCC(=O)NCC3C)oc3cc(OC)ccc23)CC1,0
protein58,1,CC(=O)Nc1ccc(-n2ccnc2)c(OCCn2c(C)cc3c(C(F)(F)F)cccc32)c1,1
protein58,1,Fc1cccc(-c2cc(CN3CCCC(Nc4ccccc4OC(F)(F)F)C3)ncn2)c1,0
protein58,1,CC(C)CN1CC(C(C)C)N(S(=O)(=O)OC(C)(C)C)C(C(=O)N2CCCC2)CC1=O,0
protein58,1,Cc1cccc2c1c(NCc1cccnc1)nc1nc3cc(N4CCN(C)CC4)ccc3nc12,1
protein58,1,CCOc1ccc(CN=C(S)N2CCC(Cc3cnccc3NS(=O)(=O)c3ccccc3C)CC2)cc1,1
protein58,1,CCN(C(=O)c1n[nH]c2c1CNc1ccccc1-2)C(C)C,0
protein58,1,CC(=O)Nc1ccccc1NC(=O)CSc1ncccn1,0
protein58,1,CC1CCN(C(=S)Sc2nnc(-c3cccnc3)s2)CC1,0
protein58,1,CCN1C(=O)SC(C(C)=C(CF)CC(C)N(Cc2ccccc2)S(C)(=O)=O)C1=O,0
protein58,1,CCn1ccnc1CN1CCCC(CNc2ccnc3cc(Cl)ccc23)C1,1
protein58,1,O=C(NO)c1ccc(Cl)c(Cl)c1,0
protein58,1,Cc1ccsc1C(=O)CCCC(=O)N1CCCCC1,0
protein58,1,CCCC(=O)Nc1nc2c(s1)CCCC2,0
protein58,1,Cc1c(C(C)(C)C)[nH]c2c(Nc3ccncc3OC(F)(F)F)c(C(N)=O)ccc12,0
protein58,1,CCCCC#CC(=C(O)c1ccc(O)c(O)c1)S(=O)(=O)c1ccccc1,0
protein58,1,Nc1ccc2[nH]cc(Cc3ccccc3)c2c1C(=O)c1ccccc1,1
protein58,1,CCOC(=O)c1cnn(-c2ccccc2)c1NC(=O)c1ccccc1C(F)(F)F,0
protein58,1,O=C1Cc2ccccc2N1c1cc(F)c(O)c(F)c1,0
protein58,1,CCn1cc(C(=O)O)c(=O)c2cc(F)c(N3CCCC3c3ccccc3OC(F)(F)F)nc21,0
protein58,1,CCCN1CCC(Oc2ccc(C3(C(=O)N4CCCc5ccccc54)CCN(C)CC3)cc2)CC1,0
protein58,1,Cc1ccc2c(c1N)c(-c1ccc(CC3CNC(=O)N3CC(C)C)c(F)c1)c(C(N)=O)n2C,1
protein58,1,CCOc1cc(OC)ccc1C(C)=NNc1nnc(-c2ccccc2)s1,0
protein58,1,CC(F)=CCCn1ncc2ccccc2c1=O,1
protein58,1,CCOc1ccc(-c2csc(NC(=O)c3ccc(Cl)cc3)n2)cc1,0
protein58,1,CCS(=O)(=O)N(Cc1cc(OC(F)(F)F)ccc1NC(=O)c1cccs1)C1CCCCC1,0
protein58,1,Cc1csc(C2CCCN(CCN3CCCC3)C2)n1,0
protein58,1,Nc1ncc(-c2cc([N+](=O)[O-])cc3c4c(oc23)CC(N2CCCC2)CC4)cn1,1
protein58,1,Cc1cccc(Nc2nc(-c3ccc(S(=O)(=O)N4CCCCCC4)cc3)cc(C(F)(F)F)n2)c1,0
protein58,1,CC1(NC(=O)Nc2cc(-c3cccc(C(F)(F)F)c3)nn2-c2ccccc2)CCC(c2c[nH]cn2)CC1,0
protein58,1,O=C(O)c1ccccc1S(=O)(=O)NCCC1=CCCCC1,0
protein58,1,Cc1cc(-n2ncc(CS(=O)(=O)c3cccc4cccnc34)n2)c(C(N)=O)cc1Cl,0
protein58,1,CCn1c(Sc2nc3ccccc3o2)nc2ccccc21,0
protein58,1,Cc1cc2nc(CC3CN(C)c4c3ccc3c4CC(O)C(C)(C)O3)[nH]c2cc1C,1
protein58,1,CCCN=C1CC(C)(C)CCC1(c1ccccc1)n1nc(C)cc1-c1ccc([N+](=O)[O-])cc1,1
protein58,1,CCN(C)c1cc(CN2CCCCC2CNC(=O)c2cccc(-c3ccncn3)n2)nc(C)n1,1
protein58,1,Nc1nc(Nc2ccc(Cl)c([N+](=O)[O-])c2)cnc1Cl,1
protein58,1,Oc1nccc2c1ncn2-c1cccc(Nc2nc(Cl)cnc2N2CCC(C(F)(F)F)CC2)c1,0
protein58,1,CC(=O)Nc1cccc2c3c(cnc12)CCCN1c2cc(C)ccc2N3CC1C,1
protein58,1,CCc1noc(NC2CCCN(c3ccc(F)cc3Sc3ccc(Cl)nc3)C2=O)c1C#N,0
protein58,1,CC1(C)C(N2CCC(O)C2)C(=O)N(CC2CCCN2CCC2CC=CCC2)C1c1cccc(F)c1,0
protein58,1,CC(C)C(CNC(=O)c1cccc(F)c1)n1cnc(Nc2c(Cl)ccc(Cl)c2Cl)cc1=O,0
protein58,1,O=C(Nc1cc([N+](=O)[O-])ccc1N1CCCCC1)c1cccc([N+](=O)[O-])c1,1
protein58,1,CCC(C)C(=O)C(O)CC1OC(=O)c2ccccc21,1
protein58,1,CCS(=O)(=O)N1CCCC12CCC(c1ccc(S(N)(=O)=O)cc1F)c1cc(OC)ccc12,0
protein58,1,CCS(=O)(=O)OC1C[n+]2ccccc2-c2nc3ccccc3n21,1
protein59,1,CCNC(=O)Nc1ccc(CN2CCCC2c2ccnc(Nc3cncc(NC)c3)n2)cc1,0
protein59,1,CCc1ccccc1CNC(=O)C1c2ccccc2C(C#N)(Cc2ccccc2)C(=O)N1N(C)Cc1ccc(OC)cc1,1
protein59,1,CC(C)CC=C1CSc2nc3c(N)nc(Cl)nc3n2C1,0
protein59,1,CCN(CC)CCCNc1c2cc(O)ccc2nc2c(C(=O)N(C)CC)cccc12,1
protein59,1,O=C(NO)C1CCCN1S(=O)(=O)c1cccc2nsnc12,0
protein59,1,CC1(C)c2cccc(c2NC(=O)c2cc([N+](=O)[O-])cc(C(F)(F)F)c2Cl)Cn2nccc21,1
protein59,1,CCC1CCN(c2ccccc2C2C(N)c3cc(Oc4ccccc4F)c(C#N)cc3C3CCC(CC(O)CO)(OC)CC32)C1=O,0
protein59,1,[O-][n+]1cc(Nc2ccccc2)n2ncc(-c3ccc(Cl)c(Cl)c3)c2n1,1
protein59,1,CCCCCc1nc2ncccc2c(=O)n1N,0
protein59,1,CC(C)Cc1ccc(-c2nc3c(C(=O)NC4C(=O)N(Cc5ccccc5)C4SCC(=O)O)cccc3[nH]2)cc1,0
protein59,1,CCC(CNCc1ccc(Cl)cc1)N1C(=O)c2ccccc2C1=O,0
protein59,1,Cc1ccc2c(c1)c1cc(F)ccc1n2Cc1ccc(C(=O)N2CCCCCC2)cc1,0
protein59,1,Cc1csc(NC(=O)c2ccc(Cl)cc2N)n1,1
protein59,1,Cc1cc(C(F)(F)F)c(C2NC(=O)C3(CCCCC3)N2C(=O)c2cc(OC(F)(F)F)ccc2-n2nccn2)cc1C#N,0
protein59,1,Cc1ccc2c(c1)C1CCN(c3ccc(NCC4CNC(=O)O4)cc3F)C1=CC2NC(=O)Cc1cccs1,0
protein59,1,CC(=O)NN=Cc1c(C)n(C(C#N)c2ccc(N(C)C)c([N+](=O)[O-])c2)c2ccccc12,1
protein59,1,O=C(Nc1cc(-c2cncc(Cl)c2)c(Cl)cc1S(=O)(=O)N1CCCCC1)c1cnn2ccccc12,0
protein59,1,CC1=NN(c2ccccc2)C(=O)C1CC1CCC(N)CN1C(=O)c1ccc(F)cc1F,0
protein59,1,Nc1nc(Cl)cc(-n2c(C(F)(F)F)nc3ccccc32)n1,0
protein59,1,CC(C)(C)C(C(=O)Nc1ccc(F)c(OC(C(F)F)C(F)F)c1)C(=O)N1CCCC1C(=O)NCc1ccc(O)cc1,0
protein59,1,Cc1ccc(N(CC(=O)NC2CCCC2)S(=O)(=O)c2ccccc2)cc1C,1
protein59,1,NCC1CNCC1CCCN1C(=O)C(=O)c2cc(Cl)c(Cl)c(Cl)c21,0
protein59,1,Cc1ccc(S(=O)(=O)NC(=O)CCc2ccc3c(c2)CCC3)cc1,0
protein59,1,Cc1nnc(Nc2nccc(N3C(=O)OCC3c3ccc(C(F)(F)F)cc3)n2)[nH]1,1
protein59,1,CC=C1CCCCC1C(=O)Nc1cc(NC(=O)c2cscn2)ccc1O,0
protein59,1,Nc1cnc(-c2ccc(CN3CCC4(CC3)Oc3ccc(F)cc3C4=O)cn2)cn1,0
protein59,1,CCN(CC)CC(O)CNC(=O)c1ccc(Cl)c2c1CCc1cccc(OC)c1-2,0
protein59,1,CCN(CC)Cc1ccc2c(c1)[nH]c1nc(Nc3ccccn3)ncc12,1
protein59,1,CCN(CC)C(=O)n1c2c(cnc1=S)C1=NCC(c3cccc(Cl)c3)(C1)N2,0
protein59,1,CCNC(=O)C(N)Cc1nc(C)c2ccc(-c3ccc(C)cc3)cc2n1,0
protein59,1,CCn1c(=O)n(CCCCNC(C)c2ccccc2)c(=O)c2ccccc21,0
protein59,1,CCn1cc(CCn2c(NC(=O)c3cccs3)nc3ccccc32)c2ccc(C)cc21,1
protein59,1,CC(C)(S)CCCCN1CCn2ncc(-c3ccco3)c2C1=O,0
protein59,1,CCOC(=O)c1cc(-c2cnn(-c3ccc(C)cc3)c2)cc(C)c1NC(=O)CC(=O)O,0
protein59,1,O=C(NCc1nc(-c2ccccc2Cl)no1)C1Cc2ccccc2N1C(=O)OCc1ccccc1,0
protein59,1,Brc1ncccc1-n1cccc1-c1ccccc1C1CCNC1,1
protein59,1,CC(=O)Nc1cc2nc(C3=C(C4CCC5CNC(=O)C54)CNCC3)ccc2cc1C,0
protein59,1,N#Cc1cc(-c2cnnc(NC3CCC(O)(CO)C3)c2)ccc1Oc1ccnc(N2CCCC2c2ccccn2)n1,0
protein59,1,CC(C)N1C(C)CN(C(=O)c2ccc(S(=O)(=O)NCc3ccccc3Cl)cc2)CC1C,0
protein59,1,Cc1ccc(N(C)c2cccc3c2c(C2=NCCN2)c(O)n3C#N)cc1Cl,0
protein59,1,CCCCCCC1c2cc(NC(=O)COCC)c(O)cc2CCN1CI,0
protein59,1,CCC1CCCc2c1nc1ccc(N3CCN(C)CC3)nn21,0
protein59,1,CC1(C)CN(C(=O)c2ccc(-c3ccnc(S(C)(=O)=O)n3)s2)c2ccccc21,0
protein59,1,Cc1ccnc(SCC2Cc3ccccc3CN2O)n1,0
protein59,1,CCOc1ccc(CS(=O)(=O)c2c(C)n(C)c3ccccc23)c(C)c1,1
protein59,1,CCN1CCN(c2nc(N)nc3s[n+]([O-])cc23)CC1,1
protein59,1,Cc1c(Cl)nc2c(Cl)c(Cl)ccn2c1=O,0
protein59,1,Cc1ccc(C(=O)O)cc1N1C2=CC(=O)C(C(C)(C)C)CC2NC(=O)C1C,0
protein59,1,CCc1ccccc1N1CCCc2cc(S(=O)(=O)Nc3nccs3)ccc21,0
protein59,1,CC(=O)NCC1CN(c2ccc(Nc3c(C#N)cn4c(-c5ccc(Cl)cc5)cn(C)c(=O)c34)c(F)c2)C(=O)O1,1
protein59,1,CC(=O)c1ccccc1N1C(=O)OC2c3ccccc3CC(C)(C)N21,1
protein59,1,CCN(CC)CCNC(=O)c1ccc(-c2ccccc2S(=O)(=O)N2CCC(Oc3ccc(C#N)cc3C(C)(C)C)CC2)cc1,0
protein59,1,Cc1cccc(C)c1-n1ccc2c(NC(=O)c3ccc(Cl)c(S(N)(=O)=O)c3)c(C)nc(C)c21,0
protein59,1,O=C(Nc1cc2c(cc1C=NN1CCN(Cc3ccccn3)CC1)OCCO2)c1ccc(F)cc1,1
protein59,1,CC(C)CC(O)CC1c2ccccc2-n2c(-c3ccc(Cl)cc3)c(C#N)c(S(C)(=O)=O)c21,0
protein59,1,O=C(Nc1cc(Cl)cc(Cl)c1)c1cc([N+](=O)[O-])ccc1O,1
protein59,1,CC(=O)Nc1c(CN2CCCC(CCO)C2)cnc2ccc(C(F)(F)F)cc12,0
protein59,1,O=C1OC2(CCN(Cc3ccc4c(c3)OC(F)(F)O4)CC2)c2ccccc21,0
protein59,1,CCC1=NN(c2ccc(C)cc2)C(=O)C1C,0
protein59,1,CC(=NNC(=O)c1scnc1C)c1ccccc1O,1
protein59,1,CCn1c(=O)c(C(=O)Nc2ccc(C)c(C)c2)cc2cc(C#N)ccc21,1
protein59,1,CCNCCOc1ccc2c(CSc3ccccc3C)cc(=O)oc2c1,0
protein59,1,CC(O)(C1CCCC1)P(=O)(O)OCCc1ccccc1C(F)(F)F,0
protein59,1,CC(C)c1cncc(-c2ccnc(CCC(=O)O)c2)c1O,0
protein59,1,Cc1ccc(C(=O)Nc2ccc3c(c2)OCCO3)cc1Nc1cc(C)c(-c2ccc(Cl)cc2F)nn1,0
protein59,1,CCn1cc(CCNc2cc(N(C)c3ccncn3)c3cccc(CCCN4CCCCC4)c3n2)cn1,1
protein59,1,CC1CCCC1NC(=O)N1c2ccccc2Oc2cc(N3CCCC3)ccc21,0
protein59,1,O=C(Nc1ncccc1F)c1cc2c(O)cc3c(c2[nH]1)Cc1ccccc1C3,0
protein59,1,CC1CCCCN1Cc1cc(O)c2c(c1)C(=O)N(c1cc(Cl)c(OCCF)cc1O)CC2=O,0
protein59,1,CCNC(=O)C1CCC(CNS(=O)(=O)c2ccc(C)cc2)CC1,0
protein59,1,Cn1c(=O)c2ccccc2n1S(=O)(=O)c1cc2c(Nc3cc(F)c(F)cc3F)c(C(N)=O)sc2nc1Cl,1
protein59,1,CC(=O)c1cn(C)c2ccc(-c3ccccc3Cn3cc(CCc4ccccc4)n4nc(C(=O)O)cc34)cc12,0
protein59,1,Cc1nc2cc(-c3ccc(F)cc3)nn2c2c1CCC2,1
protein59,1,O=C(NCCN1CCOCC1)c1[nH]c2ccc(Cl)cc2c1Sc1ccccc1,0
protein59,1,Nc1nc(=Nc2ccccc2)c(=O)cc(CSc2ccc(C(F)(F)F)cc2OCCCO)n1-c1ccccc1,0
protein59,1,CCCC(=Cc1ccccc1)C(Cl)Sc1ccc(-c2cnccn2)nn1,0
protein59,1,Cc1ccc(-c2occc2SCC(=O)Nc2nccs2)cc1,1
protein59,1,CCN(CC)CCC1c2ccc(OC)cc2-c2cc3ccccc3n21,1
protein59,1,CC1=CC(c2cccc(Cl)c2Cl)CC(=O)Nc2c1cnn2-c1ccccc1,0
protein59,1,CC(C)C1COc2ccccc2-c2nnc(o2)N2CCC3(CC2)OC1NC3=O,1
protein59,1,CC#CCC(C)n1cc(-c2cncnc2)nn1,0
protein59,1,CCC1CNC(=N)N1S(=O)(=O)c1ccc(-c2cncc(F)c2)cc1,0
protein59,1,Cc1cccc(CC(c2ccccc2)n2cncn2)c1,0
protein59,1,Cc1csc(NC(=O)c2csc(Nc3nc4ccccc4s3)n2)c1C(=O)O,0
protein59,1,Cc1ncc(NC(=O)c2ccc(C(F)(F)F)cc2C(F)(F)F)c(-c2ccc(C=NO)cc2)c1C#CCO,0
protein59,1,O=C(C=Cc1ccc([N+](=O)[O-])cc1)Nc1ccccc1N1CCNCC1,1
protein59,1,Cc1nc(N2CCC(C(=O)O)CC2)sc1-c1ccc2cccc(Cc3ccccc3)c2n1,0
protein59,1,Cc1nc2ccc(-n3cccc3-c3ccccc3C(=O)O)nn2c1-c1cccc(C#N)c1,0
protein59,1,CCCCn1c(NCC2(C)CCCO2)nc2ccccc21,0
protein59,1,Cc1ccc2c(n1)c(C(=O)NCNc1ccccc1N1CCN(C)CC1)cn2Cc1ccccc1,1
protein59,1,Cc1cc(COc2ccccc2)c(NN=Cc2ccco2)c(C)[n+]1[O-],1
protein59,1,CCn1c(NCc2ccccc2C(F)(F)F)nc2c(-c3ccccc3C(F)(F)F)cnn2c1=O,1
protein59,1,CCOCc1nnc(N=C(N)c2cccc(Oc3ccccc3)c2)o1,1
protein59,1,COc1cccc(CNC(=O)CCn2c(=O)[nH]c3ccccc32)c1OCc1ccccc1,0
protein59,1,Cc1[nH]nc(-c2ccccc2)c1C(=O)OC(C)(C)C,0
protein59,1,Cc1cccc(C)c1OCC1(CC#N)C(c2cccc(-n3ccnc3)n2)=NOC1C,1
protein59,1,Cc1cc(C(NC(=O)CCC(=O)NC2CCCCCC2)C(C)(C)C)no1,0
protein59,1,NC(CCCNCC1CC1)C(=O)N1CCN(Cc2ccc(Cl)cc2)CC1,0
protein59,1,CCOc1cc(OCc2ccccc2C(=O)O)ccc1-n1cc2c(n1)CCCC2,0
protein59,1,O=c1c(O)cn(Cc2c(F)cccc2F)c2nccnc12,1
protein6,1,Cc1ccc(CN2CC(c3nc4sc5c(c4c(=O)[nH]3)CCCC5)C2)c([N+](=O)[O-])c1,1
protein6,1,CC1(C)CC=C(C(O)C2CCCCC2n2ccnc(-c3ccc(N)cc3)c2=O)CO1,0
protein6,1,Cc1sccc1-c1nnc(CC(=O)N2c3ccccc3S(=O)(=O)CC2c2ccc(-c3ccccc3C#N)cc2)[nH]1,0
protein6,1,CCc1ccccc1N(C(C)=O)c1ccccc1,0
protein6,1,Cc1nc2c3c(ccc2s1)C(=O)C(=O)N(c1ccccc1C(=O)N1CCCCC1)C3,0
protein6,1,CCC(C)Cn1cc(NC(=S)N(C(=O)C(C)(c2ccccc2)N2CCOCC2)c2ccccc2)cn1,0
protein6,1,NC(=O)c1ccccc1-c1ccc2c(N)nc(-c3cccc(C(F)(F)F)c3)nc2c1,1
protein6,1,CC(c1cc(C(=O)N2CCN3CCCCC3C2)c2ccccn12)(C(F)(F)F)C(F)(F)F,0
protein6,1,Cc1noc2c(-c3cccc(-c4nc5ccc(C(N)=O)nc5[nH]4)c3)cccc12,1
protein6,1,Cc1c(F)ccc(-c2nc3ncc(OCC(C)C)cn3c2N2CCNCC2)c1F,1
protein6,1,CCC(CC)C(=O)Nc1nnc(-c2c(Cl)cc(Cl)c(O)c2Cl)o1,0
protein6,1,Cc1sc2ccnc(CN(C)C3(c4ccccc4)CCCCC3)c2c1C(=O)O,1
protein6,1,O=S(=O)(c1ccc(-n2ncc(Cl)c2C(F)(F)F)cc1)N1CCOCC1,0
protein6,1,CC1(C)CCCC(Nc2nc(=O)n(CCN3CCOCC3)c3c(C(O)C4CC4)cc(-c4cccnc4)cc23)C1,0
protein6,1,CCCCCc1c(C(N)=O)nn2c1CN(C)C(C)C2,0
protein6,1,Cc1cccc(-n2c(=O)n(CCCN3CCN(c4ccnc(C)n4)CC3)c3ncccc32)n1,0
protein6,1,Cc1c(C)n(CN(C)C)c2cc(SCc3ccc(F)cc3)ccc12,1
protein6,1,NC(=O)c1cccc2c(N3CCN(Cc4ccc(F)cc4Cl)CC3)ncnc12,0
protein6,1,CCC(CC)CCNc1nc(N)ncc1-c1ccc(C(=N)N)cc1Cl,0
protein6,1,CCN1CCN(c2c(OC)c3ccccc3oc2=O)c2cc(C(=O)O)ccc21,1
protein6,1,O=C1OC(c2ccccc2)(c2ccccc2)CCN1CCCn1ccnc1,0
protein6,1,Nc1c2c(n(Cc3ccc(OC(F)(F)F)cc3)c1[N+](=O)[O-])CC(O)C2,1
protein6,1,Cc1c(C(N)=O)c(Cl)nn1-c1nccc(Oc2c(Cl)c(=O)[nH]c3ccccc23)n1,1
protein6,1,Cc1cc(C)c(Oc2ncnc(N=CN(C)C)c2[N+](=O)[O-])c(C)c1,1
protein6,1,Cc1ccc2nc(C(=O)C3CCN(C(=O)C4CCCN(S(=O)(=O)c5cn(C)nc5C)C4)CC3)[nH]c2c1,0
protein6,1,CCCC(NC(=O)Cc1ccccc1Cl)C(=O)N1CCc2ccccc21,0
protein6,1,CC1(C)CCN(Cc2ccc(Cl)cc2)CC1(O)C(N)=O,0
protein6,1,CCCC(Nc1nc(N)c2c(Cl)c(S(=O)(=O)N3CCCCCC3)ccc2n1)c1cccnc1,0
protein6,1,Cc1c(-c2ccccc2)ccc2ccn(CCNC(=O)CN3CCC(C)CC3)c12,0
protein6,1,CC1(CC(=O)Nc2cc(Cl)ccc2-n2cnc(-c3cc(Oc4cncnc4)cc(C(F)(F)F)n3)c2)NCCC1CN,1
protein6,1,CC(C)CCC(C)(C#N)NCCc1ccc(S(N)(=O)=O)cc1Cl,0
protein6,1,Cc1ccc2c(c1Nc1ccc(Cl)nc1)C1=NC2CCC(C)C1,0
protein6,1,CC#CCn1nc(Oc2ccc3c(c2)CCCCC3(OC)C(=O)NC(C)CC)c2ccccc21,0
protein6,1,Cc1ccc(C(=O)CN2C(=O)NC(CS)C2=O)cc1C,0
protein6,1,CC1CCC(NC(=O)OCC(=O)N(c2ccc(F)cc2F)S(C)(=O)=O)CC1,1
protein6,1,CC(C)=CCn1cc(C(=O)C(=O)N(C)c2cc(Cl)c3c(c2)nc2n3CCOC2)c2ccccc21,1
protein6,1,NC(=O)C1CCc2cc(-c3nc(N)ncc3-c3ccccc3)cc(Cl)c2N1,0
protein6,1,O=C(O)c1c2n(c3c(F)c(-c4ccccc4)c(F)cc3c1=O)CCN2,0
protein6,1,CCCCCNc1nc(-c2cccc(C(C)(Cc3ccccc3)C(=O)O)n2)cs1,0
protein6,1,O=C(Nc1nc2c(C(F)(F)F)cccc2[nH]1)c1cc(O)ccc1Oc1ccccc1,1
protein6,1,CCCCc1noc(-c2ccccc2Cl)n1,0
protein6,1,CC(C)(C)CC(C)(CCS(=O)(=O)Nc1ccc(N2CCOCC2)cc1)N1C(=O)COC1=O,1
protein6,1,CC(C)N1c2nc3ccccc3cc2CC1CC(=O)NN=C1C(=O)N(C)c2ccccc21,1
protein6,1,CCn1cc(C(=O)O)c(=O)c2ccc(-c3cc(OC)cc(OC)c3)nc21,0
protein6,1,CCn1cc(C(=O)NN=C(C)c2cc(OC)ccc2O)nn1,1
protein6,1,CS(=O)(=O)N1CCc2cccc(C(=O)NC3CCC(c4cc(F)c5ccccc5n4)CC3)c21,1
protein6,1,CCc1cc2[nH]c3c(c2cn1)CN(C(=O)c1ccccc1)CC3,0
protein6,1,N#Cc1ncc(-c2ccc(C3(CNCCCN4CCOCC4)CCN(S(=O)(=O)c4cccc(C(F)(F)F)c4)c4ccccc43)cc2)cc1F,0
protein6,1,CC1CC(C)CN(S(=O)(=O)c2ccc(NC(=O)Cc3nc4ccccc4s3)cc2)C1,0
protein6,1,CCN(C)C(=NO)C(C#CC1CC1c1ccccc1)N1CCCC1,1
protein6,1,CC(C)C(CO)Nc1ccc(NC(=O)c2cnccn2)c(OCc2ccccn2)c1,0
protein6,1,Cc1ccc(-c2nn(C)c(C)c2Cl)c(-c2c(N)ncc3c2CCCC(O)C3)n1,1
protein6,1,CCn1cc(C(=O)N2CCC(C)N(c3nccc(-n4cc(C(F)(F)F)nc4-c4ccccn4)n3)CC2)cn1,0
protein6,1,O=C(NC1=NCCN1)c1ccccc1S(=O)(=O)Nc1ccc(F)cc1,0
protein6,1,CC1(C)CCc2cc(C(C)(C)C)cc([N+](=O)[O-])c2O1,0
protein6,1,Cc1c2nc(N3CCN(C(=O)c4ccc(F)cc4F)CC3)ncc2nn1-c1ccccc1,1
protein6,1,CCCCCC(=O)N1CC(CN(C)C)C(=O)NC2CCCCC21,0
protein6,1,CCNC(=O)C=C1C(=O)N(C2CCCCCC2)c2ccc(F)cc21,0
protein6,1,CCn1cc(N)c(-c2cnc(Cl)c(Oc3ccc4c(c3)C(N(C)CC3(F)CCOCC3)OC4(C)C)c2)n1,1
protein6,1,CC(C)Cc1cc(C(=O)N(C#N)Cc2cc(F)ccc2Cl)n(-c2ccccc2)n1,0
protein6,1,Cc1cccc(NC(=O)c2cc(Cl)cc(S(=O)(=O)NC3CCCCCC3)c2Cl)c1,0
protein6,1,Cc1[nH]ncc1-c1ccc(C(=O)Nc2ccc(NC(=O)COC(=O)c3cn(C)c4cc(F)ccc34)cc2)cn1,0
protein6,1,Cc1ccccc1NC(=O)c1sc(C)c(S(=O)(=O)N2CCc3ccccc32)c1C,0
protein6,1,CCC1COc2c(OC)cccc2-c2nc(c(C)[nH]2)C(=O)N1CC,1
protein6,1,Cn1ccc2c(-n3cc(O)c(C(=O)O)n3)ccnc21,0
protein6,1,Cc1cc(Cl)cc(-c2c(CO)nc3nc(N4CCN(C)CC4)ccn23)c1,0
protein6,1,Cc1ccc2[nH]c(Nc3nnc(-c4ccc(C)c(S(=O)(=O)N(C)C)c4)s3)nc2c1,0
protein6,1,CCN1C(=O)C(=Cc2ccc(C)c(C)c2)[S+]([O-])C1=S,0
protein6,1,Cc1ccc(-c2cn[nH]c2C(N)=O)cc1,0
protein6,1,O=C(O)c1ccccc1-c1cc(N2C(=O)Cc3ccccc32)nc2ccccc12,0
protein6,1,CC(C)CC1OS(=O)(=O)c2c1nc1c(c2N)CCc2ccccc2-1,1
protein6,1,COc1ccc(Cn2c3c(c4ccccc42)CCC(C)C3CNC(C)C(=O)O)cc1,1
protein6,1,Cc1ccccc1CS(=O)(=O)c1ccc(-c2ccc(C(=O)N=C(N)N)s2)cc1,0
protein6,1,Cc1ccccc1-c1nnc(O)c2c1CCCC2,1
protein6,1,Cc1nn(-c2ccc(C(=O)Nc3ccccn3)cc2)c(C)c1C(F)(F)F,0
protein6,1,Cc1oc(-c2ccc(N)cc2)cc1C(C)C,1
protein6,1,CCC(CCC1CCCNC1C1OC(=O)c2cnc3c(F)c(F)ccc3c21)C(C)N(C)C(=O)CCS(C)(=O)=O,1
protein6,1,NC(=O)c1cnc(Nc2cccc(F)c2)c(-c2ccc(Cl)cc2)n1,0
protein6,1,Nc1nc(I)c2cc(S(=O)(=O)N3CCc4cc(Cl)ccc4C3)ccc2n1,0
protein6,1,CC(C)CC(NC(=O)c1cc(-c2cccc(OC(F)(F)F)c2)nn1C)C(=O)N1CCCC(C(F)(F)F)C1,0
protein6,1,CCCS(=O)(=O)N1CCN(c2nc(NC3CCCCC3)c3ccccc3n2)CC1,1
protein6,1,CC1CC(Oc2ccccc2C(=O)Nc2ccc(Nc3ncnc4c3C3(CCCC3)CCO4)c([N+](=O)[O-])c2)C1,1
protein6,1,Cc1cnc(C(=O)N2CCN(CC(F)(F)F)CC2)cn1,0
protein6,1,CCN(CC)Cc1cnc2c(C(O)(C(F)(F)F)C(F)(F)F)c3n(c2c1)CCCCC3,0
protein6,1,Cc1cccc2c1nc1n2C(c2ccc(Cl)cc2Cl)Cn2cc-1cn2,0
protein6,1,CCOC1OCCCC1Cc1cc(Cl)c(OCC(=O)O)c(Cl)c1,0
protein6,1,Nc1c2c(ccc3cccc(F)c32)nn1-c1ccccc1Cl,1
protein6,1,CC1CN2CC3(Cc4ccccc42)C(=O)N(C(=O)C3C(C)C(C)C)c2cccc(c2)O1,0
protein6,1,CCN1C(=O)n2c(cc3ccccc32)C2(CCCC2)C1=O,1
protein6,1,Cc1sc(NC(=O)c2cccc(S(=O)(=O)N(C)CC(C)C)c2)c(C#N)c1-c1ccc(F)cc1,0
protein6,1,CN1CCC(c2ccc(-c3cccc(C#N)c3)cc2)CC(C)(C)C1=O,0
protein6,1,O=C(c1cnc2ccccc2c1)c1ccc2c(c1)[nH]c(=S)n2C(=O)C(O)c1ccccc1,0
protein6,1,CCc1ccccc1Nc1c(CN2CCCCC2)cnc2cc(C(=O)O)ccc12,0
protein6,1,COP(=O)(O)OP(=O)(O)O,0
protein6,1,Cc1cccc(C)c1Nc1nccc(Nc2cccc(N3CCCC3)c2)n1,1
protein6,1,NCCCSC(CS)c1c(Cl)cccc1Cl,0
protein6,1,CCCCN1CC(=O)NCC2c3nc4ccc(OC)cc4c(c31)-c1ccccc1C1(CCCC(O)C1)CCN2C(C)=O,0
protein6,1,Sc1ncc2nc3n(CCBr)c2c1S3,1
protein6,1,CCN(CC)CCNC(=O)c1nc2ccccc2cc1-c1cccc(Cc2ccccc2)c1,1
protein6,1,Cc1cnc(C2CN(Cc3nc4cc(Cl)ccc4[nH]c3=O)CCO2)c(C)n1,0
protein60,1,Cc1cc(C(C)(C)NC(=O)NCC2CCN(S(C)(=O)=O)CC2)on1,0
protein60,1,CC(=O)c1cn(C2CC3(CCN(Cc4cnc(N)nc4)CC3)Oc3ccccc32)c2ccc(F)cc12,1
protein60,1,CCS(=O)(=O)NC(=O)c1ccc(Cc2cc(C)cc(C)c2NC(=O)C(C)NC(=O)C2CCCC2)cc1Cl,0
protein60,1,Cc1ccccc1[S+](C)[O-],0
protein60,1,CCc1cnc2n(c1=O)CCN(CCCN1CC(C)(C)Oc3c1[nH]c1ccccc31)C2,0
protein60,1,CCn1nc(C(=O)Nc2ccc(Nc3ccc(F)cc3)cc2)c2ccccc2c1=O,1
protein60,1,CCc1ccc(C(=O)NN=Cc2ccc([N+](=O)[O-])o2)cc1,1
protein60,1,Cc1ccc(C)n2c(=O)c3sc(N4CCCC4c4cc(NC(=O)C5CC5)nn4C)nc3cc12,1
protein60,1,Fc1c[nH]nc1N1CCN(CCc2c[nH]c3ccc(Cl)c(Cl)c23)CC1,0
protein60,1,CCN(CC)CCn1c(=O)c(-c2cnn(C3CCOCC3)c2Nc2ccc(OC(F)(F)F)cc2)nc2ccccc21,1
protein60,1,Cc1ccccc1CCNc1ncc(N)c(CC(C)C)n1,1
protein60,1,CCc1ccc2c(c1)OC1C=CCC1C(=O)Nc1ccc(cc1)CN(C1CCCCC1)C(=O)CCCO2,0
protein60,1,CC(=O)OC1CN(C(=O)c2cccc3ccn(C(=O)Oc4cccc(Cl)c4)c23)CC1(C)C,0
protein60,1,N=C1CN(CCc2ccccc2-c2ccccc2)CCS1,0
protein60,1,CCCCC1CCN(c2c3c(nc4ccccc24)CCN(CC(N)=O)C3)CC1,0
protein60,1,CC(C)CCNC(=O)c1cc2ccnc(N3CCNCC3)n2n1,0
protein60,1,COc1cc(-c2cnc3c(C(=O)NC4CCCC4)c(C)n(Cc4ccccc4C#N)c3c2)ccc1C,1
protein60,1,NC1=NC(=O)C2(CCc3cccc(OCc4ccccc4)c3C2O)N1,1
protein60,1,Cc1[nH]c2ccccc2c1CNc1c(C(F)(F)F)cc2sc(CC(=O)Nc3nc(C(C)C)cs3)nn2c1=O,0
protein60,1,Nc1nc(C2CCCO2)n2ncc(-c3cc(C(=O)Nc4cccc(F)c4)ccc3Cl)c2n1,0
protein60,1,CCN(C)S(=O)(=O)c1ccc(OC(=O)c2ccc(Cl)c([N+](=O)[O-])c2)cc1Cl,1
protein60,1,O=C1c2cccnc2C(CCCN2CCC(Oc3ccccc3)CC2)CN1CC1CCCO1,0
protein60,1,CCN(C)C(=O)CCC(=O)c1cc2ccccc2nc1O,1
protein60,1,CCC(C)NC1(c2cc(C3CCNC3)n[nH]2)c2ccccc2Cc2ccccc21,0
protein60,1,O=C(O)C1CC(O)CN1Cc1ccc2c(O)c1C(Cc1ccccc1)C(Cn1ccnc1)O2,1
protein60,1,CC1CCCC(O)(C(CCl)C(N)Cc2ccc(O)cc2)C1,0
protein60,1,CCN(CC)C(=O)Nc1cccc2c1c(CCO)c(N)n2Cc1ccc(OC(F)(F)F)cc1,1
protein60,1,CCn1cc(NC(=S)NC(=O)C2(C)CCN(Cc3ccc(OC(F)(F)F)cc3)CC2)cn1,0
protein60,1,CC(C)c1cc(C2c3cc(O)c(O)cc3C(=O)C2N2CC3(CO)CCN(C3)C2=O)cc(C#N)c1Cl,0
protein60,1,CCCCC1CNCC(=O)Nc2ccc(F)cc2S1(=O)=O,0
protein60,1,CCCCN1C(=O)C(CS)CCC(C)c2nc1c1ccccc1n2,0
protein60,1,Cc1cc(-c2cnc3c(C#N)cc(C)n3c2Nc2ccccn2)c(Cl)cc1S(C)(=O)=O,0
protein60,1,O=C(CN1CCCCC1)Nc1ccc(Cl)cc1Nc1ccc2c(O)ccc(O)c2n1,1
protein60,1,O=CNc1ccccc1-c1cc(C(F)(F)F)nc2c(CN3CCCCC3)cccc12,1
protein60,1,Cc1cccc(C(=O)Nc2nnc(-c3cccc([N+](=O)[O-])c3)s2)c1,1
protein60,1,CCC(CCC1CCCN(C)C1)Nc1nc(N)nc2c(C=CS(=O)(=O)c3ccc(Cl)cc3)c[nH]c12,0
protein60,1,CCCS(=O)(=O)N1CCC(NCCCCCF)c2cccc(O)c21,0
protein60,1,CCOCCN(C(=O)c1ccc2c(c1)N(C(=O)NC)C(C)CO2)C(C)(C)C,1
protein60,1,CCCCC(C)CN1CC(O)C2C(CCCN2CCc2ccc(N3C(=O)COC3=O)c(C)c2C)C1=O,0
protein60,1,CCCC12Cc3[nH]nc(-c4ccccc4O)c3C(=N1)Nc1nn(C)c(C)c12,1
protein60,1,O=C(Nc1c(F)cccc1F)c1cc(-c2cccc(F)c2)nn(-c2ccccc2F)c1=O,0
protein60,1,Cc1ccc(C)n1-c1csc(NC(=O)C2CCCCC2)c1C(N)=O,0
protein60,1,CCCc1nc(C(=O)N2CCN(Cc3ccc(OC)c(OC)c3)CC2)co1,0
protein60,1,CCc1cnn(S(=O)(=O)c2ccc(Nc3cc(C(F)(F)F)ccc3CC)cc2)c1,0
protein60,1,Cc1ccc(C(F)(F)F)cc1N1CC2CCN(CC2F)c2cnc(C)c(n2)C1=O,1
protein60,1,CCN(c1cc(-c2ccc(C)c(F)c2)nc(N(C)C)n1)S(C)(=O)=O,0
protein60,1,CC(C)C(C(=O)NCc1ccccc1)N1CCN(C(=O)OC(c2ccccc2)c2ccccc2)CC1,0
protein60,1,CCOC(=O)C12CCC1C(=O)N(CCCCC(N)Cc1ccc(Cl)c(Cl)c1)c1ccccc12,0
protein60,1,O=C(c1ccc(-c2ccc(F)cc2)o1)N1CCOCC1,0
protein60,1,CCn1cc(-c2cccc(C(=O)N3C(=O)C(O)CC3C(C)(C)C)c2)c2c(OC)cccc21,1
protein60,1,CCn1c(-c2ccncc2)nc2cc(NC(=O)c3cc(Cl)nc4ccccc34)ccc21,0
protein60,1,Cc1nnc2sccc2c1C(=O)Nc1ccc(F)cc1F,0
protein60,1,CCN1CCC1(C)C(=O)Nc1nc(-c2ccccc2OC)cs1,0
protein60,1,Cc1nc2cc(-c3ccccc3)nn2c(Nc2cccnc2)c1C,0
protein60,1,O=C1CCCN1C(S)=Nc1nccc2ncccc12,0
protein60,1,CS(=O)(=O)c1ccc(C2CC(C(=O)NCCN3CCOCC3)CN(C(=O)Oc3ccc(Cl)cc3)C2)cc1,0
protein60,1,Cc1cccc2c3c(c(O)nc12)CCc1c-3[nH]c2ccccc12,1
protein60,1,CCc1ccccc1C(=O)NC(=O)CN1CCC(CCS(=O)(=O)c2ccc(Cl)cc2)CC1,0
protein60,1,CC(C)Nc1nccc(N2C(=O)OCC2C2CCCN(c3ncccn3)C2)n1,1
protein60,1,CC(=O)C1N(C(C)=O)c2cc3[nH]c(-c4nn5c(C)c(-c6ccc(Cl)cc6)c(C)nc5c4C#N)cc3cc2C1(C)C,1
protein60,1,CC(C)CCc1cccc2c1Cc1cc(O)c(O)cc1C(OC(=O)N1CCOCC1)C2,0
protein60,1,O=C(Nc1cncc(Oc2c(F)cccc2F)c1)c1cc(=O)n2ccccc2n1,1
protein60,1,Cc1ccccc1Nc1cnccc1-c1nc2c3c(ccc2[nH]1)C(C)(C)C=C(O)C3=O,1
protein60,1,Cc1cn(-c2nccc(N3C(=O)OCC3C(C)CCn3nc(-c4ccccc4)c4ccccc4c3=O)n2)c(C(F)(F)F)n1,1
protein60,1,CCn1cnc2c(nc(C=C(OCCOC(C)(C)C)C(Cl)(Cl)Cl)n2-c2cccc3c2CCc2ccccc2-3)c1=O,0
protein60,1,CC(C)CC1C(O)CN(C(=O)c2ccco2)C(Cc2cccnc2)C(=O)N1Cc1ccc(C(=N)N2CCC(C#N)CC2)cc1,0
protein60,1,CCn1c(=O)c(C(=O)NC(C)c2ccccc2)c(O)c2ccccc21,0
protein60,1,CC(C)C(n1ccnc1)C1(O)CCN(C(=O)c2ccc(N3CCCCC3)c3cccnc23)CC1,0
protein60,1,O=C1Nc2cc(Cl)ccc2C1=NO,1
protein60,1,CCCc1cc2c(nc1Nc1nnc(C)s1)CCCC2,0
protein60,1,Cc1ccccc1-n1nc(C(=O)O)c2c1nc1c3ccccc3nc-1n2C,1
protein60,1,CCOc1nc(-c2ccc3c(c2-c2ccncc2)C2CC(C)(CO2)O3)cc2c1CC(O)C(C)(C)O2,1
protein60,1,CCOC12CCCC(CCN1CCN(CCOC)C(=O)C1COc3ccccc3O1)C2,1
protein60,1,CCS(=O)(=O)NCCCCN1C(=O)C(C)c2ccccc21,1
protein60,1,CCN1C(=O)C(=O)C(c2ccc([N+](=O)[O-])cc2)Cc2cc(S(N)(=O)=O)ccc21,1
protein60,1,CC(C)Oc1cccnc1N(C)Cc1cccc(-c2n[nH]cc2Cn2cc(C(F)(F)F)cc(N)c2=O)n1,0
protein60,1,O=C(Nc1cccc(Cl)c1Cl)c1ccc([N+](=O)[O-])o1,1
protein60,1,O=C1NC2CCC(CC=C3C(=O)N3c3cccc4c3CCC1C4)OC2,1
protein60,1,COc1cc(CC(C)(C)C(C)=O)cc2c1C(C)NCC2,0
protein60,1,CCN(CCO)Cc1cc(-c2ccc(N(C)C)cc2)c2cccnc2c1O,1
protein60,1,Cc1cnc2c(CC(=O)Nc3ccc(NC(=O)c4ccccc4N4CCOCC4)cc3C(F)(F)F)cccc2c1,1
protein60,1,CCc1ccc(Cn2c(SCC(=O)N(C)C)nc3ccccc3c2=O)cc1,1
protein60,1,CC(C)(C)n1ccc(=O)c2c(O)ccc(C3CC3)c21,0
protein60,1,CCS(=O)(=O)Nc1ccc(C2(C)CCNC(C)=N2)cc1-c1cc(C(C)(C)C)c(OC(C)C)n2c(-c3ccccc3)nnc12,0
protein60,1,CCC1c2nn(C)cc2CN1C(=O)c1cnn(CC2CCCC2)n1,0
protein60,1,CC1(C)CCC(CNC(=N)Nc2nc3ccc(F)cc3s2)CO1,1
protein60,1,Nc1nc(-c2cccc(F)c2F)c(-c2cccnc2)n1CC1OC(CCN2CCCCC2)CN1C(=O)c1cnccn1,1
protein60,1,CCC(C)CCNc1cc(-c2cc(C(F)F)nn2-c2ccc(S(=O)(=O)F)cc2)nc(C)n1,0
protein60,1,Cc1ccc(NC2CN(C(=O)CC(C)(C)C)c3ccccc32)cc1,0
protein60,1,CC(C)CCN(C)CC1=CC(CN2CCCC2)c2ccc(OCCCS(=O)(=O)C3(Cl)CCCCC3=NNC(N)=S)cc2CC1(C)C,0
protein60,1,O=C(O)c1[nH]c(Cc2ccc(F)cc2)c2ccccc12,0
protein60,1,CCCCNc1c(-c2cccc(C(F)(F)F)c2)cnc2nc[nH]c(=O)c12,0
protein60,1,CC(=CC(N)=O)NCc1ccc(C(=NNc2cccc(Cl)c2)C2(N=O)Cc3ccccc3C2)o1,1
protein60,1,Nc1c2c(=Nc3cc([N+](=O)[O-])ccc3I)cnn(C(CCl)C(F)(F)F)c2cn1C1CCCCC1,1
protein60,1,CCn1c(CNC(=O)CCN(C)C(=O)c2ccccc2OC2CCCC2)nc2cc(Cl)c(Cl)cc21,0
protein60,1,CC1(S(=O)(=O)NC(=O)c2cccc(F)c2F)CCCCC1,0
protein60,1,O=C(Nc1cccnc1F)c1c(Cl)cccc1S(=O)(=O)Nc1ccc(F)cc1,0
protein60,1,CC(C)CCCC(C)(C)C1COc2cc(O)c(O)cc21,0
protein60,1,O=C1C(=O)N(Cc2ccccc2F)c2c1ccc(Cl)c2Cl,0
protein60,1,CCN(CC)C(=O)C(CC1c2c(cc(OC)c(N(CC)S(=O)(=O)c3cc(-c4cccc(F)c4F)ccc3C)c2C(C)C)CC(=O)N1C)OC,1
protein61,1,CCOC(=O)c1cc2cccnc2n1Cc1ccc(-c2ccc(O)cc2)cc1,0
protein61,1,CCN1CCC2c3nc4cccc(Nc5ccc(F)cc5)c4cc3NC(=O)C2C1=O,0
protein61,1,CC1(C)CCCC(O)(c2ccc(C=Nn3cnnc3)c(O)c2)C1,0
protein61,1,O=C(CCCCCCn1cc(C(=O)C(=O)Nc2ccc(Cl)cc2)c2ccccc21)NO,0
protein61,1,Cc1cccc(-n2cnc(-c3cccnn3)c2NC(S)=NC2CCCC2)c1C,1
protein61,1,CCn1c(NCCN2CCOCC2)nc2c(Cc3ccccc3)cc3ccccc3c21,1
protein61,1,CC(C)n1ccc2c(C3(C(N)=O)CCC3)c(F)cc(NC(=O)C3CCCN(Cc4cccc(Cl)c4)C3)c21,0
protein61,1,CCCCCCCN=C(N)N,0
protein61,1,Cc1ccc(N=c2[nH]c3ccc(Cl)cc3n2CC(=O)c2ccc(Cl)c([N+](=O)[O-])c2)cc1,1
protein61,1,Cc1cccnc1-n1cnc(Nc2ccc(F)cc2F)c1-c1ccccn1,1
protein61,1,COc1cccc2c1C(=O)N1Cc3cc(NC(C)=O)ccc3-c3ccccc3C1(C)N2,1
protein61,1,Cc1cc(-c2csc(NC(=O)c3ccc(Oc4ccc5nc(C)n(C(C)C)c5c4)cc3)n2)c(C)n1C,1
protein61,1,CCC(CCN1CC(n2cnc(-c3cnc4[nH]c(C(=O)N5CCS(=O)(=O)CC5)c(C)c4c3)c2)CC1CO)C(C)C,0
protein61,1,Cc1ccncc1-c1ccc(C2CCC(NS(=O)(=O)c3cccnc3)C3CC23n2cccc2)cc1,0
protein61,1,CCC(=O)c1nc(-c2c(F)ccc3c(N4CCNCC4)cc(-c4ccc(Cl)cn4)nc23)c[nH]1,1
protein61,1,CCc1nc2ccccc2c(C)c1CNc1ccc(C#N)cc1,1
protein61,1,Cc1onc(-c2ccccc2S(=O)(=O)c2ccc(OCCCN3CCOCC3)cc2)c1Cc1ccc(F)cc1F,0
protein61,1,Cc1cccc(Nc2nc(CSC(=S)Nc3ccc(CN)cc3)cc(N3CCN(C)CC3)n2)c1,0
protein61,1,CCCCSC(=S)NCC,0
protein61,1,CC1(C)CCC=C1N1CCC(CC(=O)O)CC1,0
protein61,1,NCCN1CCCCC1Cn1c(-c2cccnc2)nc2c1c(=O)ncn2-c1cccc(Cl)c1Cl,0
protein61,1,O=C1Nc2ccc(S(=O)(=O)c3cccc(F)c3)cc2NC1=Cc1ccncc1,0
protein61,1,Cc1ccc(C2=NOC3CN(Cc4nc(-c5ccccc5F)cs4)CCC23)cc1Cl,1
protein61,1,Cc1cccc(-n2nc3ccccc3c2SCC(=O)N(C)c2ccc(S(=O)(=O)N(C)C)cc2[N+](=O)[O-])c1C,1
protein61,1,Nc1nc(OC2CCN(c3ncnc4[nH]cc(C(F)(F)F)c34)CC2)ncc1C(F)(F)F,0
protein61,1,Nc1nc(-c2cccc(CSc3nc4ccccn4c(=O)c3Sc3cc(Cl)ccc3Cl)c2)cs1,0
protein61,1,CC1Cc2ccccc2C(O)(C(C)(F)F)N1C(=O)C1Cc2ccccc2CN1C(=O)OCc1ccccc1,0
protein61,1,Cc1nn(C)c2c1N=C(c1ccc(F)cc1)C(=C(O)O)C(=O)N(C1CCCCC1)C2,0
protein61,1,CC(C)(C)c1cccc(OCc2cn(CCN3CCOCC3)c3ccccc23)c1,1
protein61,1,O=C1CC(=Cc2ccc[nH]2)C(=O)N1c1ccccc1,0
protein61,1,O=C(O)CC(NC(=O)CC(CCC1COc2c1c(-c1ncnn1-c1ccc(F)cc1F)cc1cccc(O)c21)C(F)(F)F)C(=O)O,1
protein61,1,O=C(NO)C1CN2CCCC2C(=O)N1Cc1ccc(Cl)n1-c1ccc(Cl)c(Cl)c1,0
protein61,1,CCCc1nc2cccc(-c3ccc(CN4CCN(CCN)C(C)C4)cc3)c2s1,0
protein61,1,CCN(CC)CCCc1nc2cc(C(F)(F)F)ccc2s1,0
protein61,1,CC(=O)Oc1cccc(C2(C)CCN(Cc3ccccn3)C2)c1,0
protein61,1,CCCCC1CC(N(C(=O)C(C)(C)C)c2ccc(Nc3nccc(-c4cccnc4)n3)cc2)CC(=O)O1,0
protein61,1,CC1(C)CNS(=O)(=O)c2ccc(NC(=O)c3ccncc3)cc21,0
protein61,1,CCC(C)(CC(=O)O)c1cccc(S(=O)(=O)N2CCN(Cc3cccs3)C(C)C2)c1,0
protein61,1,CCN1C(=O)C(C2CCCC2)CC1C(=O)Nc1c(F)ccc2c(N)nc(N(C)C)cc12,0
protein61,1,CCCCNC(=O)Oc1cccc(-n2ccnc2Sc2nc3ccccc3o2)c1,0
protein61,1,O=C1CCCN2CCCC2=Nc2c(Br)nn(c2C(F)(F)F)-c2ccc(cc2)N1,0
protein61,1,Cc1nnc(NCc2nc3ncccc3c(C)c2-c2ccc(OCCC(C(N)=O)N3CCCCC3)cc2)s1,1
protein61,1,CC(CCC(C)CC(F)(F)F)Cn1cc(-c2c[nH]c3nc4c(-c5ccc(F)cc5F)c(c23)C(C(F)C(F)(F)F)N4)nn1,1
protein61,1,Cc1sc(NC(=O)C(N)Cc2ccccc2)nc1-c1ccncc1,0
protein61,1,Nc1ncnc2c(-c3ccccc3)nc(CCS)c(O)c12,1
protein61,1,NC(=O)NC(CF)CS(=O)(=O)c1ccc(-c2cccc(NC(=O)c3ccco3)c2)cc1,0
protein61,1,CC(=O)N1CCc2c(n(-c3nnc(NC(=O)C(=CC(C)(C)C)c4ccccc4)s3)c3ccccc23)CC1,0
protein61,1,Cc1cnc(Oc2cccc(C3(CCCC(O)CO)CC3)c2)c(C)c1,0
protein61,1,CCc1cc(N2CCOCC2)n2cc(-c3cncc(CO)c3)c(N)c(C#N)c12,1
protein61,1,CCC(CC(C)C)Nc1nc(O)nc2c(C(N)=O)cc(-c3ccccc3)c(C(F)(F)F)c12,1
protein61,1,COc1cccc(C2CCN(CCn3c(=O)c4ccccc4c4ccccc43)CC2)c1,1
protein61,1,CC1Nc2ccccc2C1CC1CC(N)CCC1(O)c1ccc([N+](C)(C)[O-])cc1,0
protein61,1,CCOc1cc(C2CC(C(F)(F)F)=NC2(C)c2cccc(OC)c2)ccc1O,0
protein61,1,Cc1sc2c(=O)n(N)c(-c3ccc([N+](=O)[O-])cc3)nc2c1-c1ccc2cc(C)n(C)c2n1,1
protein61,1,CC1CN2CCCC(C1=O)C2c1cc(C(N)=O)cs1,0
protein61,1,CCOc1ccc(C2CC=C(Cn3ccnc3)CC2)cc1,0
protein61,1,Cc1cc(N2C(=O)CC(C)C2=O)ccc1NC(=O)CC1CC(C)(C)c2ccccc21,0
protein61,1,CCN1C(=O)N(C(=O)c2cc(C)ccc2-n2ccnc2Nc2cc(F)c(C)c(Cl)c2Cl)CC1C(C)C,0
protein61,1,N=C1C=C(N)CS(=O)(=O)C1,1
protein61,1,CCC(C)NC1CCc2ccccc2C1CC12CCN(CC[S+](C)[O-])C(=NO1)C2,0
protein61,1,CCc1cn(-c2cc(Cl)ccc2CC(=O)O)c(Cl)c1-c1ccc(C#N)cc1,0
protein61,1,Cc1cn2cccc2c(NCC2(O)c3ccccc3-c3ccccc32)n1,1
protein61,1,CCN(CC)C(=O)Cn1c(N)c(N(C(=O)c2ccccc2O)C2CCCC2)c2cc(Cl)ccc21,0
protein61,1,COc1cc(C)c(S(=O)(=O)N(C)C)cc1NC(=O)Cn1c(=O)c2cccnc2c2c1nn1ccccc21,1
protein61,1,CC(=O)C1=C(C=O)C(Oc2cc(OCC3CC3)cc3c2CCC3)CCC(C)N1,0
protein61,1,Nc1ccccc1N=C1CCn2c(=O)c1c(O)c1ccccc12,1
protein61,1,CCC(C)C(CO)NC(=O)c1cc([N+](=O)[O-])c(C(F)(F)F)nc1Nc1ncnc2snc(C(C)C)c12,1
protein61,1,Cc1c(-c2ccccc2[N+](=O)[O-])oc(-c2ccccc2)c1C(=O)O,1
protein61,1,O=C1COc2ccc(Cl)cc2N1Cc1cc(-n2cccn2)ccc1Cl,0
protein61,1,O=C(O)C1Cc2c([nH]c3ccccc23)C(=O)N1C1(C(F)(F)F)OCCc2ccccc21,0
protein61,1,Cc1ccc(O)c(-c2nc3c([nH]2)-c2cc(C(=N)N)ccc2OC3)c1,1
protein61,1,CCCCC1Cc2ccccc2C=CC(S(=O)(=O)O)C1,0
protein61,1,CCOc1ccccc1Nc1nc(SCc2ccc(F)cc2F)ncc1Cl,0
protein61,1,NC(=O)c1ccsc1NC(=O)c1cccnc1Oc1c(Cl)cccc1Cl,0
protein61,1,CCN1CCn2nc(-c3ccccc3F)nc2C1,1
protein61,1,CC(=O)N1CC2(CCNCC2)CCC1C(=O)Nc1cc(-c2ncco2)ccc1N,0
protein61,1,Nc1ncc(NC(=O)c2ccc(Cc3ccc(Cn4cccn4)cc3)o2)cn1,0
protein61,1,CC(=O)Nc1ccc(-c2nn(C(C)C)cc2-c2cccc3c(=O)nc4n(c23)CC=NC(N)=N4)cc1,1
protein61,1,CC1=NCCCCC(c2cc([N+](=O)[O-])ccc2NCC2CC2)N2C(C)CCC2CN1C(=O)OC(C)(C)C,1
protein61,1,Cc1ccc(NC(=O)c2cccc(-n3ncc(C(O)c4cccc(C(F)(F)F)c4Cl)n3)c2C)cc1,0
protein61,1,CCCCN1CCC#Cc2ccc(cc2)C(=O)NC(=N)NCCC1,0
protein61,1,Cc1ccc(C(O)=NC(=O)CN2CCN(C)CC2)cc1,0
protein61,1,CCN(CC)CCOc1cccc(-c2cccc(NC(=O)c3cc(F)ccc3NS(=O)(=O)c3ccccc3)c2)c1,0
protein61,1,CCC1(C)CCc2c(N3CCCC3)c(-c3ccc(F)cc3)n(C)c(=O)c2C1,0
protein61,1,[C-]#[N+]c1c(F)ccc(C2CCC3CCN4CCCCC4C3O2)c1C,0
protein61,1,CC1C2CC(O)C=C3CCC(CC32)N1C(=O)c1ccc(C#N)cc1,0
protein61,1,Cc1ccccc1NC(=O)c1ccccc1-n1cc(-c2cccc(N3CCOCC3)c2)c2c(N)ncnc21,1
protein61,1,CC1(C)CNC(c2cccc3sc(N4CCCC4)nc23)=N1,1
protein61,1,CC(CO)(CCCN1CC#CCC1)c1ccccc1,0
protein61,1,O=C1c2nc3ccccc3c(O)c2C(=O)N1C1CCCCC1,1
protein61,1,O=C(CCc1ccccc1Cl)Nc1nnc(-c2ccnc(C3CCNc4ncccc43)c2)s1,0
protein61,1,Cn1c2c(c3ccc(OC(F)(F)F)cc31)CC(=O)N(O)C2(C)C,1
protein61,1,O=C(Nc1ccc(Cl)cc1Cl)c1[nH]nc2cccc(N3C(=O)c4ccccc4C3=O)c12,1
protein61,1,Cc1cc(OC(C)(C)C)nc(-c2cc(NCc3ccsc3)nc(N3CCCC3C)n2)n1,0
protein61,1,O=C(Nc1cccc(-c2cc3cnn(-c4ccccc4)c(=O)c3cn2)c1)N1CCCCC1,0
protein61,1,O=C(Nc1ccnn1CC(F)(F)F)N1CCCN(c2ncccn2)CC1,1
protein61,1,CS(=O)(=O)c1ccc(-n2nc(Cn3cccn3)cc(C(=O)NCc3ccccc3F)c2=O)cc1,0
protein61,1,Cc1ccc(NC(=O)Nc2nc(Cl)cc(Cl)c2[N+](=O)[O-])cc1F,1
protein61,1,CC(C)=C1C(=O)N(CC(O)CN2CCC(Oc3ccccc3C)CC2)c2ccc(I)cc21,1
protein61,1,Cc1nc(CC(C)(C)O)cc(Nc2ncc(Cl)c(-c3ccccc3)n2)n1,0
protein62,1,CCN(CC)C(=O)CN1C(=O)c2ccccc2C(=O)Oc2ccc(C#N)cc21,0
protein62,1,Nc1cccc(C(=O)NS(=O)(=O)C(F)(F)F)c1Cl,0
protein62,1,O=C1Nc2cc(NC(=O)C(Cl)(Cl)Cl)ccc2C1c1cccc(C(F)(F)F)c1,0
protein62,1,CCn1c(=NC2=CCCCC2C)c(OC)cc2cc(C)c(C)cc21,1
protein62,1,CC(=CC(=O)NCCCC(C)N)c1ccccc1,0
protein62,1,Cc1cc2nc(-c3ccc[nH]3)nc(N)c2c(F)c1C,1
protein62,1,CCN(CC)Cc1ccc2c(NCc3cccc(F)c3)ncnc2c1,0
protein62,1,CCS(=O)(=O)c1ccc(Nc2c(C#N)cnc3ccc(F)cc23)cc1,0
protein62,1,COc1c(-c2cc(C)nc(N3CCCC(C)C3)n2)nc2c(O)cccc2c1O,1
protein62,1,CCC1(NC(=O)c2c(N3CCCC3)c3ccccc3c3nc[nH]c23)C(=O)Nc2ccccc21,1
protein62,1,CCc1ccc(-n2nc(C)cc2N)nc1,0
protein62,1,CCC(CC)c1ccc(OCCCCCCCN(C)CC(N)=O)cc1,0
protein62,1,CC1CCc2nc(-c3cc(N)ccc3C(F)(F)F)nc(Nc3cccc(C#N)c3)c2C1,0
protein62,1,CC(C(=O)Nc1ccc(OCc2ccc3ncsc3c2)c(I)c1)n1cnc2ccccc21,0
protein62,1,Cc1ccc(C(O)(CN2CCC(C(=O)Nc3ccc(C)s3)CC2)Cn2cncn2)c(F)c1,0
protein62,1,CCCC(c1nc(NCc2ccc(Cl)cc2)c2ccccc2n1)N(C)C,0
protein62,1,O=Cc1cn(C(=O)C2(N3CCCC3)CCN(C(=O)c3cc(Cl)ccc3F)CC2)c2ccccc12,1
protein62,1,CCN(CC)Cc1c(C)n(CCC#N)c2cccc(-n3cccn3)c12,1
protein62,1,Cc1c(OCCc2cccc(F)c2)n(Cc2cccnc2)c2ccc([N+](=O)[O-])cc12,1
protein62,1,CCNc1ncc(-c2ccc(C3CCC34CN(S(C)(=O)=O)CCO4)cc2F)cn1,1
protein62,1,CSc1ccccc1C=O,0
protein62,1,CCOc1ccccc1N(CC(=O)Nc1c(F)cccc1F)C(=O)c1cnn2c(C)cc(-c3cccs3)nc12,1
protein62,1,CC1(C)CC(=O)c2c(-c3cc(F)ccc3F)nn3c2C1CCC3,1
protein62,1,O=C(c1ccc(O)c(O)c1)N1N=C(c2cccc(Cl)c2)CC1c1ccccc1[N+](=O)[O-],0
protein62,1,CC1(Oc2ccc(C(=O)NCCCN3CCCOCC3)cc2)CCCC1=NNc1cccc(C#N)c1,0
protein62,1,CCn1ncc2c(Nc3ccc(Cl)c(Cl)c3)nc(-c3ncccc3Cl)nc21,1
protein62,1,NC(=O)c1ccc(-c2c(-c3ccncc3)nc3sc(CC4CN(CC5(O)CCCCC5)CCO4)nn23)cc1,0
protein62,1,Cc1nsc(NC(=O)CN2CCS(=O)C2=O)n1,0
protein62,1,Cc1ccc(-n2ncc3c(NC(=O)C(C)C)nc(C)nc32)cc1,0
protein62,1,CCCCNC(=O)c1ccccc1NC(=O)c1cccc(N2CCOCC2)n1,0
protein62,1,CCc1cccc(C)c1Nc1c(-c2ccc(Cl)cc2)nn2c3c(ccc12)C(=O)OC3,0
protein62,1,CCC(C)C(=O)N1c2cc(C(=O)O)ccc2C2(O)C3c4ccccc4CCN3CCC12,0
protein62,1,Cc1cccc(Nc2ccc(N)cc2C=NNC(=O)c2ccncc2)n1,1
protein62,1,CCc1nnc(C(=O)Nc2ccccc2[N+](=O)[O-])s1,1
protein62,1,OC(C(F)(F)F)C(F)(F)C(F)F,0
protein62,1,Cc1nc(Oc2cccc(CC(C)(C)N)c2)c2ccccc2n1,1
protein62,1,CCOc1ncc2c(c1OCC(=O)Nc1cc(C)ccn1)CCc1c-2ccc2c1CCCN2CC,0
protein62,1,Cc1cc(C)n(-c2ncc(-c3cn(CCN(C#N)C(=O)OC(C)(C)C)cn3)cc2C)n1,0
protein62,1,CCN(CC)C(=O)c1nc2sc3nn2c1SCC(=O)Nc1ccc(c(C(F)(F)F)c1)-c1cccc-3c1O,1
protein62,1,O=Cc1ccccc1Nc1nc(Nc2cccc(Cl)c2)ncc1F,0
protein62,1,CC(C)CC1=C(CNC(=S)Nc2ccccc2)CCS1,0
protein62,1,CCN(C)Cc1cc(C(=O)Nc2cn3cccc(N4CCC(C)CC4)c3n2)c2ccccc2n1,1
protein62,1,Cc1nc(-n2nc3n(c2=O)CCCC3)sc1C,0
protein62,1,CC1(c2ccccc2O)CCCc2sc(C=O)cc21,0
protein62,1,O=C(NC1CCCC1)c1c2c(nc3ccncc13)NCCCC2,1
protein62,1,CCn1c(Cc2ccc(O)cc2OC)nc2c(OC)nc3c(Cl)cc(Cl)cc3c21,1
protein62,1,c1ccc(CN2CCC(n3cnc4c(NC5CCC5)ccnc43)CC2)nc1,1
protein62,1,O=C(Nc1cccc2c1CNC2=O)c1cc(Cl)ccc1OC1CCCCC1,0
protein62,1,O=C(c1ccccc1NC1Cc2ccccc2C1O)N1CCN(c2ccc(Cl)cc2)CC1,0
protein62,1,CCC1CCCCN1CC(=O)N1CCOc2ccccc2C1,0
protein62,1,CC(C)(C)c1ccc(C=Nc2nn(-c3ccc(F)cc3F)c3ccccc23)nc1,1
protein62,1,CCN(CC)S(=O)(=O)c1cccc(NC(=O)c2ccc([N+](=O)[O-])o2)c1C,1
protein62,1,CC1(C)Oc2ccccc2C1NC(=O)c1cc(-c2cc(F)cc(C(N)=O)c2N)c(F)c(F)c1-n1nccn1,1
protein62,1,CC(C)C(C)C(=O)NCC=Cc1cccc2c(N)nc(N)nc12,0
protein62,1,CCC(NC(=O)CCl)C(=O)NC(CC(C)C)C(N)=O,0
protein62,1,Cc1cccc(-c2cccc3ccc(NC(=O)C4CCCN4C(=O)OCCF)nc23)n1,1
protein62,1,CCCCN1CCc2sc3ncnc(NCC4CN(C)CCN4C)c3c2C1,0
protein62,1,Cc1cccc(CCC2CCN(c3nc(N)nc4ccc5c(c34)C(C)(C)CO5)C2)c1,1
protein62,1,Cc1cc(NC(=N)c2cn(C)nc2O)ccc1-c1nc(-c2ccc(Cl)cc2)cs1,1
protein62,1,CC1(CNC(=O)Nc2cccc(Cl)c2)CC1(Cl)Cl,0
protein62,1,Cc1ccc(NC(=O)NC(=O)c2ccccc2)cc1,0
protein62,1,CCC(NC(=O)CN1CCCCCC1)C(=O)O,0
protein62,1,Cc1nc2ccc(C(N)=O)cc2c(N2CCNCC2)c1CC(O)c1ccccc1,0
protein62,1,CCC(CC)Oc1ccc(C(=O)NC2CN(Cc3ccc4c(C(C)=O)c(N)oc4c3)CC2C(=O)O)cc1,0
protein62,1,CCCCOc1ccc(-c2cccc(F)c2)c(Oc2cncnc2N)c1,1
protein62,1,CCC1CCCCN1c1[nH]c2ccc(C#N)cc2c1CN1CCCCC1,0
protein62,1,CCCCC(C)CNC(=O)c1ccc(S(=O)(=O)Nc2nccs2)c(C(F)(F)F)c1,0
protein62,1,NC(=O)C1CCCN(c2nc(-c3cccnc3)nc3sc4c(c23)CCCC4)C1,1
protein62,1,Cc1cccc(NC(=O)c2cc([N+](=O)[O-])ccc2-n2nc(C)cc2C)n1,1
protein62,1,CCC(C)(CC)CNC(=O)c1cc(S(=O)(=O)N(C)Cc2cccnc2F)ccc1N1CCOCC1,0
protein62,1,CC(C)CCCCN1CCN(c2ccc(S(=O)(=O)O)cn2)CC1C,0
protein62,1,CC(C)Cn1c(=O)c2nc(-c3cncc(F)c3)[nH]c2n(Cc2ccc(F)cc2)c1=O,1
protein62,1,CC(C)CC(NC(=O)c1cn(C(C)(C)C)c2cccnc12)C(=O)NC1CCS(=O)(=O)C1,0
protein62,1,CC(C)N1CCC(COc2ccccc2C(=O)N2C(=O)c3ccccc3C2(O)Cl)CC1,0
protein62,1,CCC1C(=O)NC(C)N(c2ccc(-n3ccnc3S)cc2F)c2cc(Cl)cc(F)c21,1
protein62,1,CCOc1cc2c(cc1OC(C)=O)C(c1ccc(C)cc1)N(C(C)C)C(=O)CN=C2,0
protein62,1,Cc1ccc(C)c(NC(=S)Nc2ccc(Cl)c(Cl)c2)c1,0
protein62,1,CCC1N=C(c2ccc(C)cc2)c2cc(-c3cc4ncn(C)c(=O)c4[nH]3)ccc2NC1=O,0
protein62,1,CCC(=O)N1CCC(n2ncc3c(-c4ccc(F)cc4)nc(Nc4cccc(OC)c4)nc32)CC1,0
protein62,1,CC1(Cc2ccccc2)C(=O)Nc2ccccc2N=C1NC1CCCC1,0
protein62,1,Nc1ncnc2c3cc(cc12)-c1cccc(c1)C(C(F)(F)F)NC3=O,1
protein62,1,Cc1cc(NC(=O)c2ccco2)ccc1N1CCN(CCc2ccccc2)CC1,0
protein62,1,CCCCCN(CCn1cnc(=O)c2cnc3c(c21)CC(C)(C)O3)C(C)=O,0
protein62,1,CC(C)C(=O)Nc1ccc(S(=O)(=O)NC2=C(c3nc(-c4cnn(C)c4)cs3)CCc3ccccc32)cc1,0
protein62,1,CCc1c(O)c(CO)cc2c1C(=NNC(=O)CC(C)(C)C)CC2,1
protein62,1,CCc1ccccc1NC(=O)CSc1nc2cccc(Cl)c2[nH]1,0
protein62,1,Cc1cccc2c3c([nH]c12)CC1(CCNCC1)CN3Cc1c(Cl)ccc(OCC(F)(F)F)c1OCCO,0
protein62,1,Nc1ncc(C(=O)Nc2cc(F)cc(F)c2)c(N)n1,0
protein62,1,O=C(NC(Cc1c(C(F)(F)F)n[nH]c1-c1ccncc1)C(=O)NC1CCCC1Sc1ccccc1N1CCOCC1)C1CC1,0
protein62,1,CCC1CCC2Cn3c(nc4ccc([N+](=O)[O-])cc4c3=O)CN2S1(=O)=O,1
protein62,1,CCC(C)C(=O)OCc1ccccc1CCCc1nc(N)c2cccc(OC)c2n1,1
protein62,1,CC(C)C1CN(CC2CC2)CC2Cc3c(n(C4(C(=O)O)CCC(F)(F)CC4)c4cc(F)ccc34)CN2C1=O,0
protein62,1,CCN(CC)C1CN(C(=O)c2cc3ccccc3s2)C2CCCC12C(=O)N(C)C,0
protein62,1,Cc1cnc(C)c(Nc2ccc(C3=NC(c4cccs4)N(CCF)C3=O)cc2)n1,0
protein62,1,CC(C)CCC1C(=O)N2CCCC(CN3CCCC3)C2C[S+]1[O-],0
protein62,1,Cc1ccc(Oc2cc(C3=NCC(Cn4ncnc4-c4ccc(C(F)(F)F)cc4)O3)ccc2C)c(C2(N3CCNCC3)CC2)c1,0
protein62,1,Cc1cnc(Nc2c([N+](=O)[O-])cc(F)c(Cl)c2-c2ccc(CO)cc2CCC2CCC(N)CC2)cn1,1
protein62,1,NC(=O)c1cc(-c2ccc(C3CCCC3)cc2)c2cc(C(=O)N3CCCC3CO)ccn12,1
protein62,1,CCCCCCC(C)NCC(CC)C(=O)c1cccc(N(C)C)c1,0
protein62,1,O=C(c1ccccn1)N1CC(C(=O)N2CCN(CC(F)(F)F)CC2)C2(CCN(Cc3nc4ccccc4[nH]3)CC2)C1,0
protein63,1,CC(C)N1CC(CN2CCN(Cc3ccccc3)CC2)CC1=O,0
protein63,1,CC(=NNc1cccnn1)c1ccccn1,0
protein63,1,Cc1nn2ccccc2c1C1CCOCC1,1
protein63,1,O=C1OC(c2[nH]c(-c3cccc(OC(F)(F)F)c3)nc2-c2nc3ccccc3s2)c2ccccc21,1
protein63,1,Cc1cc(Cl)ccc1NC(=O)CSc1nc2ccccc2s1,0
protein63,1,CCC1c2ccccc2CC2(C)SCC(=O)N12,0
protein63,1,CCCC(C(C)C)C1CN(C(=O)c2ccc(S(=O)(=O)N(C)C3CCCCC3)cc2)C(=O)O1,0
protein63,1,NCc1ccc(-c2ccc(=O)n(C3CCCCCC3)n2)cc1,0
protein63,1,CCN1CCc2c(c(COc3cccc(C(=N)N)c3)nn2-c2cccc(C(F)(F)F)c2)C1,0
protein63,1,CC1CCN1C(=O)c1c(-c2ccc(Cl)cc2)nc2c(CN3CCN(C)CC3)ccc(-c3cccs3)n12,0
protein63,1,CCC(CN1C(=O)c2ccccc2C1=O)N1CCC(N)CC1,0
protein63,1,CCC1C(=O)NN=C1C(F)(F)F,0
protein63,1,CCc1ccc2nc(N3CCN(C(=O)CC(C)O)CC3)sc2c1,0
protein63,1,Cc1ccc2c(c1-c1cc3c(c(C(C)C)c1)OC(C)(C)CS3)C(C)(C)C(=O)N2,1
protein63,1,O=C(Nc1ccc2nccc(O)c2c1)c1ccncc1-n1cc(-c2ccccc2F)cn1,0
protein63,1,Cc1cn(CC(=O)N(CCO)CC(F)(F)F)c2cccc(-c3cncc(-c4ccc(C#N)cc4)c3Cl)c12,1
protein63,1,CCCCN1CCC(Oc2ncnc3c2Sc2ccccc2N3)CC1,0
protein63,1,O=C1C(=O)N(CCc2ccc(OC3CCOC4(CCNCC4)C3)cc2)c2ccccc21,0
protein63,1,CCC(=O)N(CC(C)(C)P(=O)(NC(C)C)OCC(F)(F)F)C1CCc2cc(OC)ccc2C1,0
protein63,1,O=Cc1ccc(Cc2ccccc2C(=O)N2CCN(c3ccccc3)CC2)s1,0
protein63,1,S=C(Nc1ccc(-c2cnc3c(n2)CCNC3)cc1)c1ccccc1Cl,0
protein63,1,COc1ccccc1OCc1nc2ccccc2n1Cc1cccc(NC(=S)NC(C)=O)c1,0
protein63,1,CCC(=O)N1CCCC2c3cn(c4ccc(OC)cc4c3=O)C2C(=COC(C)=O)C1,0
protein63,1,CCCC1(c2cccc(F)c2)CC(CN)NC(F)(F)C1,1
protein63,1,Cc1ccn2ncc(C=Cc3c(O)n(CCCN4CCN(C)CC4)c4ccccc34)c2n1,1
protein63,1,Cc1ccc(S(=O)(=O)Nc2nc(N3CC4COCC3CN4C)ncc2F)cc1C,1
protein63,1,CCCCC(=O)Nc1nc(-c2cccc(C(C)(C)C)c2)cs1,0
protein63,1,CCCC(CO)n1cc(-c2cncc(CN3CCCC4(CCN(C)c5ccnc6c5ncn6CCO4)C3)c2)c2cc(F)ccc21,0
protein63,1,CC=C1CN2CCC(CC2)n2cc(c3ccccc32)C1=O,1
protein63,1,O=C(CCS(=O)(=O)c1ccc(Cl)cc1)Nc1ccccc1Cl,0
protein63,1,Nc1c(-c2cc(Cl)nnc2Cl)ccc2[nH]nc(C(F)(F)F)c12,1
protein63,1,CCN(CC)c1nccc(-n2c(C)cc3c(=O)[nH]c(C)nc32)n1,1
protein63,1,CCCCCCN1CCC(CN(C)c2cc(OC3CCOCC3)nc3c(Cc4cccnc4)c(C)nn23)CC1,0
protein63,1,CC(C)(C)OC(=O)N1CCCc2cc(S(=O)(=O)[O-])ccc21,0
protein63,1,O=C(NC(Cc1cccc(Cl)c1)P(=O)(O)O)c1cc2c(Cl)cccc2[nH]1,0
protein63,1,Nc1cnc(-c2cc(-c3ccc4nc(O)cc(C(F)(F)F)c4c3)nc(N3CCCCC3)n2)cn1,1
protein63,1,CCNC(=O)C1CCCN(c2ccc3c(=O)n4c(nc3c2)CCCCC4)c2cccnc21,0
protein63,1,CCn1nc2ccccc2c1CNC(=O)c1ccc([N+](=O)[O-])cc1,1
protein63,1,O=Cc1c(-c2ccc(OCC(=O)NCCCn3cnc4ccccc43)cc2)[s+]([O-])c2ccccc12,0
protein63,1,CCCCc1ccc(-c2ccsc2C(=O)O)cc1,0
protein63,1,COc1cccc(-n2c(O)c(C(C)=O)c3cc4c(cc32)C=CS(=O)(=O)C4)c1,1
protein63,1,Cc1nc(CN2C(=O)c3ccc([N+](=O)[O-])cc3C2=O)sc1-c1ccnc(NCc2ccccc2C(F)(F)F)n1,1
protein63,1,Nc1nnc(COc2ccccc2OC(F)(F)F)s1,0
protein63,1,CCN(CC)S(=O)(=O)c1ccc2nc(Nc3cc(C)nc4ccccc34)sc2c1,1
protein63,1,CC(C)CC1CCN(c2nc(N)ncc2-c2ccc([N+](=O)[O-])cc2F)C1,1
protein63,1,O=c1nc(-c2ccccc2)c2cc(Oc3ccc(F)cc3)ccc2[nH]1,1
protein63,1,CC1=CCCC(C)(C)C1NC(=O)N1CCN(c2ccc(F)cc2)CC1,0
protein63,1,CCCC1CC(=O)N(c2cc3c(cc2OC)CCCC3C)C1=O,0
protein63,1,Cc1nc(-c2ccccn2)oc1C1CCN(c2nc(-c3ccccc3C(F)(F)F)c(C#N)s2)CC1,0
protein63,1,CCN(CC)CCNC(=O)c1cc2cnc(-c3cccnc3)c(-n3cccc3)c2cc1OC1CCOC1,1
protein63,1,CCN1C(=O)c2cc(OC3CCN(C(=O)C=Cc4ccccc4)CC3)ccc2C1c1ccccn1,0
protein63,1,O=C(c1ccc(S(=O)(=O)Nc2ccccc2OC(F)(F)F)cc1C(F)(F)F)N1CCCC1,0
protein63,1,CCc1ncccc1-c1cccc(C=NNC(=O)C2CCN(C(=O)CCC(N)C(=O)O)CC2)c1O,0
protein63,1,Nc1ccc(-c2ccc(OCCCN3CCNCC3)cc2F)c(-n2ccc3ccc(F)cc32)n1,1
protein63,1,CC(C)CN1C(=O)C2CC(CCS(=O)(=O)O)(CN2C(=O)CN2CCOCC2)c2ccccc21,0
protein63,1,CCC(C)C(N)C(=O)O,0
protein63,1,CCN(CC)Cc1nccc2ccc(Cc3ncsc3-c3ccc(O)c4[nH]cc(CCN(C)CC#N)c34)cc12,0
protein63,1,CC1CCCC(C)N1C(=O)c1cn(C(C)(C)C)c2c(OCC(O)C(C)(C)C)ccnc12,0
protein63,1,Cc1noc(Cc2ccccc2Oc2ccc3c(c2N2CCN(C)CC2)CCC3)n1,1
protein63,1,CC(C)(O)C#Cc1cnc(C(F)(F)F)c(NCC2CNC(=O)N2Cc2ccccc2)c1,0
protein63,1,CCN(CC)CCNc1cccc2c(=O)[nH]c3ccccc3c12,1
protein63,1,O=C(O)C(CSc1ccccn1)c1ccccc1C(F)(F)F,0
protein63,1,O=C(C=CCC1CC2CCN3CCC(CO)(O1)C2C3)N1CCc2ccccc21,0
protein63,1,CCCS(=O)(=O)Nc1ccc(Oc2ccc(C(=N)N)cc2Cn2nc(-c3ccccn3)cc2C(F)(F)F)cc1,0
protein63,1,Cc1cc(NC(=O)CSc2cc(F)ccc2[N+](=O)[O-])no1,1
protein63,1,Cc1ncsc1CN1CCCC(Nc2ncc3ccncc3n2)C1,0
protein63,1,CC(=O)Nc1ccc(Nc2c3ccccc3nc3c(C(N)=O)cccc23)cc1,1
protein63,1,CC(C)C(NS(=O)(=O)c1ccccc1)C(=O)NCCOC1CC(C(C)(C)CO)OCC1n1ccnc1,1
protein63,1,Cc1ccccc1C(=O)Nc1nnc(-c2ccc(N)c(F)c2)o1,1
protein63,1,CCc1ccc(N2CCN(CC3=CCCCC3)CC2)cc1,0
protein63,1,CCN1CCCCC1CNc1nc(-c2snnc2CN(C)C)nc2ccccc12,1
protein63,1,Nc1nc2cccc(-c3cccc4c3Cn3c-4nc4ccc(N5CCOCC5)cc4c3=O)c2s1,1
protein63,1,Nc1cc2c(-c3ccc(F)cc3)n(CC3CCN(CCCC4CCNO4)CC3)nc2c(N)n1,1
protein63,1,Cc1ncsc1C(=O)Nc1cc(F)ccc1-c1nc[nH]c1-c1ccncc1,1
protein63,1,CCc1ccccc1NC(=S)OCCC(=O)NC(C)(C)C,0
protein63,1,Cc1nn(C(=O)CSc2nc(O)cc(O)n2)c(C)c1[N+](=O)[O-],1
protein63,1,CCN1c2ccccc2S(=O)(=O)c2c1oc1ccccc21,1
protein63,1,Cc1cc(=O)n(-c2nnc3cccc(-c4cccc(C(N)=NC(N)=O)c4)c3n2)cc1C,1
protein63,1,CC(=O)Nc1c2c(nn1-c1ccc(F)c(F)c1)-c1cc(C#CC3CCCC3)ccc1OC2,0
protein63,1,CCCCCS(=O)(=O)c1cccc(-c2cncc(CCCC3CCN(C)C3CC(=O)O)c2)c1,0
protein63,1,Nc1ncc([N+](=O)[O-])c(-n2c(CCCC(=O)O)nc3c(Cl)cccc32)n1,1
protein63,1,Cc1ccc(Nc2cc(-c3nccn3CCCN3CCOCC3)ncn2)cc1-c1ccccc1,0
protein63,1,CCCCNc1ccccc1C(=O)N1CCN(Cc2ccccn2)CC1,0
protein63,1,CCN(CC)S(=O)(=O)c1cc(C(=O)Nc2cccc(OC)c2)ccc1C(=O)O,0
protein63,1,Cc1c2c(nn1-c1ccsc1)CC(C)(C)CC2=O,0
protein63,1,CC(C)CCC(=O)NC(=O)Nc1ccc2c(c1)Cc1n[nH]c-2c1CN(C)C,0
protein63,1,CC1(C)CCC2(NC(=O)C1)OC(c1ccccc1F)c1cccc(c1)NC(=O)c1oc3ccccc3c12,1
protein63,1,COc1ccccc1-c1cc(C(=O)Nc2cccc(-c3cccnc3C3=CCCN(C(C)C)C3)c2)n2ccccc12,0
protein63,1,CC1(CC(C#N)(c2ccccc2)c2ccc(C#N)cc2)CC(Cl)=CS(=O)(=O)C1,0
protein63,1,Cc1ccccc1C(C)CNCCC=NOCC(=O)Nc1ccccc1,0
protein63,1,CC(C)=CCn1c(-c2ccc([N+](=O)[O-])cc2)nc2ccccc21,1
protein63,1,O=C(CNC(=O)C1CCCO1)Nc1cc(Nc2nc3ccc(F)cc3[nH]2)c(CN2CCCC(CS)C2)cc1Cl,0
protein63,1,CC(C)(CCl)C(=O)NCCOCCN1CCCC1,0
protein63,1,Cc1ccc(-c2nc3ccc(S(=O)(=O)N4CCCC4)nn3c2C)cc1C(F)(F)F,1
protein63,1,CCN=c1[nH]c2ccccc2n1C1CCCCC1,0
protein63,1,CCCCOc1c(C#CC(N)=O)n(Cc2ccccc2[N+](=O)[O-])c2ccccc12,1
protein63,1,CC1CCCCC1N(C)Cc1cc(-c2cncnc2)ccc1OC1CCOCC1,0
protein63,1,CCn1c(-c2ccccc2OC)nc2ccnc(Nc3ccc(Cl)cc3Cl)c2c1=O,1
protein63,1,[H]C(Cl)Sc1ccc(C2=CC(C)(C)NC2=O)cc1,1
protein63,1,Cc1ccccc1-n1[nH]c(C)c(N=Nc2c(C)n(C)n(-c3ccccc3)c2=O)c1=O,1
protein64,1,CCN(C)CC(=O)N1c2ccccc2Oc2ccc(OC)cc21,1
protein64,1,CC(C)(C)C(S)C(=O)Nc1nc(C(F)(F)F)c(C(=O)O)s1,0
protein64,1,CC(C)Oc1c(Cl)cn(Cc2ccc(F)cc2)c(=O)c1NCC(=O)NC1CCCCC1,0
protein64,1,CCCN1CCC1CCN1C2CCC1C(C(=O)NCCc1ccc(NC(=O)OC)cc1)C(O)C2,0
protein64,1,CC(=O)OC1CCCCCC12Nc1c(C)c(=O)n2c2ccccc12,1
protein64,1,CCCCCNC(=O)C(O)C(CC(C)C)c1ccccc1,0
protein64,1,Cc1ccc2cc(Nc3nc(-c4ccccc4)ncc3Cl)ccc2[n+]1C,1
protein64,1,Cc1cc(NC(=O)c2ccccc2)c2nsnc2c1C1CCN(C)C1,1
protein64,1,CC(C)N1Cc2[nH]c3ccc(F)cc3c2CC1C(C=C(Cn1ccnc1)c1ccc(Cl)cc1)CCCCO,0
protein64,1,CCOc1ccccc1CNC(=O)c1nc2ccccc2c(C)c1O,1
protein64,1,COc1cc2nc(C3CCNCC3)n(-c3ccc(F)cc3)c(=O)c2cc1OC,1
protein64,1,O=C(CSc1nc2c(NCC3CCCCN3)cccc2s1)NCc1ccco1,0
protein64,1,NC(=O)C1CC(O)CN1c1ncc(Cl)c(N2C(=O)C(N)C2C2CCCO2)c1F,0
protein64,1,CCC(O)=C(C#N)c1nc2ccccc2c(=O)n1-n1cnc(C)cc1=O,1
protein64,1,CCCCNc1nc(-c2ccc(OC)cc2)cc(-c2cnc(Nc3nc4cc(C(F)(F)F)ccc4[nH]3)nc2)c1C#N,1
protein64,1,CC1CCN(c2ccc(Cl)cc2S(=O)(=O)N(C)C)CC1,0
protein64,1,Cc1c(CC#N)cc(Oc2c(C(=O)N(C)C3CCCC3)cnc3c2CCCC3)nc1-c1ccccc1Cl,1
protein64,1,S=C1N=C(CCCN2CCN(c3c(Cl)cccc3Cl)CC2)OCCN1,0
protein64,1,CCn1cnnc1-c1cccc(F)c1,0
protein64,1,CCn1cc(C(N)=O)c2c1CCCC2c1ccccc1,1
protein64,1,CCN1CCN(c2nc(N)cc(-c3ccncc3)n2)CC1,1
protein64,1,C=CCN(C(=O)C(Cl)(Cl)Cl)c1cc(CN2CCCC2COC)ccc1C,1
protein64,1,Cc1nn(Cc2ccc(CCC3CN4CCC3CC4)cc2F)c(N)c1C(=N)S,1
protein64,1,O=C(NCc1ccc(Cl)cc1)c1cn(CCN2CCOCC2)c2cc(-c3cccc(F)c3F)c(-c3ccccc3)nc12,0
protein64,1,O=C(Nc1ccc(-c2nc3ccccc3[nH]2)cc1)c1cc(C2CC2)ncc1F,0
protein64,1,Cc1cncc(C(=O)N2CCCCN(Cc3cnc4ccc(C)cn34)CC2)c1,0
protein64,1,CCN(CC)c1ccc(C(=O)N2CCC(C(=O)N3CCN(C)CC3)CC2)cc1,0
protein64,1,Nc1ccnc2c([N+](=O)[O-])ccc(N3N=C4CCCCC4C3c3ccccc3)c12,1
protein64,1,Cc1cc(Nc2ccc(C3CNCC(C(F)(F)F)O3)cc2)n(-c2ccccc2)n1,1
protein64,1,NC(=O)c1csc(-n2nc3c(c2-c2cccnc2)CCCCC3)n1,0
protein64,1,CCC1CCNc2cc(O)c3cccc(c3n2)C2OC2CC1C#N,1
protein64,1,COc1ccc2c(c1)CCCC(CC[N+](=O)[O-])C2C,1
protein64,1,CCCCc1nc(C)cc(-c2cccc(C(=O)Nc3cc(C(C)(C)CCC(C)C)[nH]n3)c2)c1C#N,0
protein64,1,CCC(OC)N(CCO)Cc1coc(-c2ccc(S(=O)(=O)N(C)c3oc4ccccc4c3N3CCCCC3)cc2F)n1,1
protein64,1,Cc1cc(NC(=O)CC[S+]([O-])c2ccccc2O)c2ccccc2n1,0
protein64,1,NC(=O)C1(c2csc(NC(=O)NC3CN(CC(F)(F)F)CCC3c3ccccc3)n2)CCCCC1,0
protein64,1,Cc1c(C(=O)Nc2ccc(N3CCOCC3)cc2)c(F)c2c3ccccc3c(N)nn12,1
protein64,1,Cc1cc(C)c(NC(=O)C(C#N)C2C(=O)N(Cc3ccccc3Cl)c3ccccc32)c(C)c1,0
protein64,1,COc1ccc(NC(=O)Cn2cc(C=C3C(=O)Nc4ccccc43)nn2)c(C(C)(C)C)c1,0
protein64,1,CCOc1ccccc1N(C(=O)c1ccco1)C1CCCCC1,0
protein64,1,Nc1cc(Cl)ccc1C(=O)Nc1ccc2c(c1)SCC(=O)N2CCN1CCCCC1Cn1cccn1,0
protein64,1,CC=C1Sc2ccc(S(=O)(=O)n3c(CCl)c(C=O)c4ccccc43)cc2N(C)C1=O,1
protein64,1,Cc1cc(C(=O)NC(=S)N2CCSc3ccccc32)c(C)n1C(C)C,0
protein64,1,CC(CC(=O)N1c2ccccc2Sc2ccccc21)c1ccccc1,0
protein64,1,Cc1ccccc1Nc1nc(-c2ccc(C(=N)N)cc2)cc2ncn(C)c12,1
protein64,1,CC(C)=C(CN1CCC(c2cccc(O)c2O)(c2cccc3c2OCO3)CC1)C(C)CCC(C)C,0
protein64,1,CCCSc1nc(O)cc(C(=O)O)n1,0
protein64,1,O=C(Nc1ccc2c(c1)OCCO2)C1CCC2CNCCN(C2)C1,0
protein64,1,CC(C)COc1ncc(C(N)=O)c2c1CCc1cc(OCc3nnc4n3C(=O)CC4)ccc1-2,1
protein64,1,O=C(C=CCN1CCCC1)NS(=O)(=O)c1c(-c2ccccc2)sc2ccccc12,0
protein64,1,CCC(C)(C)C(=O)NN=C(C)c1ccc([N+](=O)[O-])cc1,1
protein64,1,COc1ccc(OC(F)(F)F)cc1NC(=O)C1(c2ccc(S(N)(=O)=O)cc2)CCCC1,0
protein64,1,CC(=O)N1CCCC(Oc2cc(Cl)c(Cl)cc2Cl)C1,0
protein64,1,CC12CCc3c4c(F)cc5c(nccc35)C(=NC1)N2c1cc(ccc1F)Nc1ccc(cn1)O4,1
protein64,1,O=C(Nc1ccn(Cc2cccnc2)n1)c1ccc(Cl)cc1F,0
protein64,1,Cc1ccc(NC(=O)CCC(N)CCC(=O)Nc2cc(Cl)nc3cc(Cl)ccc23)cc1F,0
protein64,1,CCN(CC)Cc1cn(Cc2ccccc2)c2ccc3c(c12)C(CNS(C)(=O)=O)CC(C)(C)O3,1
protein64,1,Cc1cccc(C(=O)Nc2nc(NCCN3CCOCC3)nc3ccccc23)c1,1
protein64,1,O=C1C(=O)N(Cc2ccc(OC(F)(F)F)cc2)c2ncccc21,0
protein64,1,CCC(C)C1Cc2c(ccc(O)c2OC)C1S(=O)(=O)N1CCN(C2CCc3ccccc32)CC1,0
protein64,1,CC1=NC(C(F)(F)F)(C(F)(F)F)CC(c2ccccc2)N1c1nnc(-c2cc(S(N)(=O)=O)c(N(C)C)c3c2CCC3)s1,0
protein64,1,Cc1ccc(S(=O)(=O)C(C)(C#N)c2cc([N+](=O)[O-])c(C(F)(F)F)cc2N2CCOCC2)cc1,0
protein64,1,Cc1ccc(-c2cnn(Cc3c(Cl)ccc(Cl)c3Cl)c2)c(S(=O)(=O)N2CCCC(N)C2=O)c1,0
protein64,1,Cc1ccc(S(=O)(=O)CCC(=O)Nc2cccc(C)c2)cc1,0
protein64,1,O=C(CCc1cccs1)Nc1nn(-c2ccccc2)c(=O)s1,0
protein64,1,CC(C)CNc1nc(NC(=O)c2ccccc2Nc2ccccc2C(F)(F)F)n[nH]1,0
protein64,1,CCCC(=O)N1c2ccc(C(=O)Nc3nnc(Cc4cccc(OC)c4)s3)cc2N(C)C(=O)C1(C)C,1
protein64,1,CC(C)Oc1ccccc1-c1cncc(-c2cn(C(=O)N3CC(=O)N(C)C(C)C3)c3cc(OCc4ccccc4C(N)=O)ccc23)c1,0
protein64,1,Cc1ccc(N2C(=O)CCN(C(=O)c3cc4cc(C(F)(F)F)c(Cl)c(O)c4[nH]3)C2=S)cc1,0
protein64,1,CCC(C)Cn1cc(-c2cnc3nc(NC(C)c4ccc5c(N)ccc(CCN6CCOCC6)c5n4)c(-c4ccnc(N)n4)cn23)cn1,0
protein64,1,CC1CN(CCCc2c[nH]c3cc(F)ccc23)C(O)CO1,1
protein64,1,O=C1OC2(CCN(c3nnc(-c4cc(Cl)ccc4OC(F)(F)F)c4ccccc34)CC2)CC1O,0
protein64,1,O=C(Nc1cccc(-c2cccc(Cl)c2Cl)n1)c1ccccc1NC(=O)C1CCS(=O)(=O)C1,0
protein64,1,CCC1CCC(n2cc(Cn3ccnc3)c3cc(OC)ccc32)CC1,0
protein64,1,CCCCN(C)CCCOc1cccc2c1C(CC#N)CC2,0
protein64,1,Clc1cccc(CC2CCNCC2)c1,0
protein64,1,COC(=O)C1CC(=C(C)CN)C1c1ccccc1,0
protein64,1,O=C(Nc1cc([N+](=O)[O-])ccc1N1CCCCC1)c1ncccc1Cl,1
protein64,1,CCCCCC(NC(=O)C(C)N1Cc2c(nc3ccc(F)cc3c2OC)C1=O)C(=O)OC,0
protein64,1,O=C(c1cccc(S(=O)(=O)N2CCCCC2)c1)N1CCCc2ccccc21,0
protein64,1,O=C(c1cn(-c2ccccn2)nc1C(Cl)C(F)(F)F)N1CCCCCC1,0
protein64,1,Cc1ccccc1NC(=O)Nc1c2c3cc(Cl)cc2nn1C=C3,1
protein64,1,CCN(CC)CCn1c(=O)[nH]c2ccccc21,0
protein64,1,Cc1nc(CN2CCNCC2)c2n(c1=O)C(c1cccnc1)c1ccccc1-2,1
protein64,1,CCn1c(-c2nnc(NC(=O)c3cccs3)s2)cc2ccccc21,1
protein64,1,COc1ccc2cc1S(=O)(=O)NCC1=CC3=CC(C)C1N(C3)Cc1noc-2n1,1
protein64,1,Cc1nc2c(N3CCOCC3)cc(-c3ccc(-c4nnc(N5CCC(C)CC5)o4)c(F)c3)cc2[nH]1,1
protein64,1,O=Cc1cccc2c1ccn2CC=CC(=O)N1c2ccccc2CC12CCN(CCO)CC2,0
protein64,1,CCc1cnc(NC(C)C)nc1-n1ccnc1-c1nc(O)ccc1-c1ccc(F)cc1F,1
protein64,1,CC1(C)COc2ccc(CCNC(=N)c3ccc(Cl)cc3)cc2O1,0
protein64,1,CCCCOc1ccccc1C=NNC(=O)c1cc2ccccc2[nH]1,0
protein64,1,OCCN1CCOC(Cn2cc(-c3ccc4ncc(-c5cccc(C(F)(F)F)c5)n4c3)cn2)C1,0
protein64,1,O=C1Nc2cc(Cl)ccc2C1=NOCCO,1
protein64,1,CCN(CC)CCNC(=O)c1sc2nncc(-c3ccc(OC)cc3OC)c2c1N,1
protein64,1,Cc1cnc2c3c(n(Cc4ccccc4)c2c1)C(=O)NC3C(=O)NC1CCCCC1,1
protein64,1,O=C(NN=Cc1cccc(Oc2ccc(Cl)nc2)c1)C1CCCCC1,1
protein64,1,CC1(C)CCc2c([nH]c3c(-c4ccc(C(=O)NO)cc4)c(O)nn23)C1,0
protein64,1,CC12CCC3CC(O)C(N)C(=O)N3C1CCC2=NNC(=O)C1CCCCC1,0
protein64,1,CC1CCCCC1NC(=O)c1cnc(O)c(C(c2ccc(N)cc2)c2ccc(Cl)cc2)c1,0
protein64,1,CCCOc1nc(N)c2c(I)cccc2n1,1
protein65,1,CC(CC1=CCCNC1=O)c1ccccc1OCc1cc2c(cc1F)CCN=C2N,0
protein65,1,COc1ccc(-c2nc3c(OCCCO)cccn3c2-c2ccnc(Nc3ccc(C)cc3)n2)cc1,0
protein65,1,CCOc1ccc(N2C(=O)CS(=O)(=O)C2C(C)Sc2ccc(C#N)cc2)cc1,0
protein65,1,CCCC12CCC(CC1)c1cc(C(F)(F)F)cc(C(=O)Nc3cnn(C)c3)c1O2,0
protein65,1,Cc1ccc(S(=O)(=O)N(C)C)cc1C(=O)N1CCc2cc(Nc3nc(-c4cnnc(N5CCOCC5)c4)cs3)ccc2C1,1
protein65,1,Cc1cc2c(C=Nc3ccc4c(c3)OCCO4)cccc2n1C,1
protein65,1,Cc1nc(Oc2ccc3[nH]cc(C#N)c3c2)c2cnn(C)c2n1,1
protein65,1,COc1ccc(Cl)cc1C(=O)N1CCC(NC(=O)c2cc3c(F)cccc3[nH]2)(c2ccccc2F)CC1,0
protein65,1,O=C(Nc1ncnc2c(OC(F)(F)F)c(Cl)c(F)cc12)c1cc(F)c(Cl)cc1F,0
protein65,1,CCC1CC(O)CN1C(=O)c1c(N2CCC(C)CC2)nc2cnc(OC)cc2c1NC(C)C(C)(C)F,0
protein65,1,Cc1ccc(S(=O)(=O)N2CCC(C(=O)NCCCn3c(C)cc4ccccc43)CC2)cc1,0
protein65,1,CCc1ccc(Oc2c(-c3cnc4nccc(N)n34)ccc(F)c2F)nc1CC,1
protein65,1,Cc1cccc(OCC(=O)N2C(=O)C(=Cc3ccccc3)SC2=S)c1,0
protein65,1,CCn1c(-c2ccccc2)nc2cc(NC(=O)c3ccc(C(N)=O)cc3OC)ccc21,1
protein65,1,Cc1cc2c(c3nc4cc[nH]n4c(=O)c13)C=CC(C)(C)O2,1
protein65,1,O=C(NCCCO)c1ccccc1Nc1ccccc1,0
protein65,1,Cc1ccc([N+](=O)[O-])cc1NC(=S)N1CCC(N2CCCCC2)CC1,1
protein65,1,Cc1onc(-c2ccc(Cl)cc2)c1C(=O)NC(CC(C)C)C(=O)N1CC(F)C(OCc2cccc(F)c2)C1,0
protein65,1,CCC(=O)Nc1ccc(CCC(=O)Nc2nc(-c3ccc(OC)cc3)cs2)cc1,0
protein65,1,Nc1ccn(CC=CC(O)CO)c(=O)n1,1
protein65,1,Cc1ccc(COC(CN(O)C(=N)N)C(C)CO)cc1,0
protein65,1,Cc1ncc([N+](=O)[O-])c(N2CCCn3c(cc4ccccc43)C2C)n1,1
protein65,1,Cc1cc(NC(=O)C(Sc2nnc(-c3ccc4n[nH]c(C(C)(C)C)c4c3)cc2N2CCOCC2)c2cc(F)ccc2F)no1,0
protein65,1,CCN1CCC(n2c(=O)[nH]c3cc(Cl)ccc32)CC1,0
protein65,1,NCC1=C(c2c(O)cccc2F)CC(n2cc(-c3ccccc3)nn2)C1,1
protein65,1,CC1CCN(c2cc3ncc(-c4ccccc4O)n3c(SCc3cc(N)nc(N)c3)n2)CC1,1
protein65,1,O=C1Nc2ccc(Cl)c(c2C(F)(F)F)OCCCC12CCN(c1ccncc1)CC2,0
protein65,1,CCn1c(SCC(=O)O)nc2ccccc21,0
protein65,1,Cc1nc2sc(S(=O)(=O)Nc3ccc(F)cc3F)nn2c1C,0
protein65,1,O=C(O)Cc1ccccc1Nc1c2ccc(Cl)cc2nc2ncccc12,0
protein65,1,Cc1nc(Oc2ccc3nc(-c4ccnn4C(C)C)c(C)cc3c2)c([N+](=O)[O-])c(N2CCCC2)n1,1
protein65,1,CN1CCC(n2ncc3c(-c4ccc(F)c(NC(=O)c5c(F)cccc5F)c4)nc(N)nc32)C(CN)C1=O,1
protein65,1,CCc1ccccc1CNc1cnn(Cc2ccc([N+](=O)[O-])cc2)c1,1
protein65,1,O=C(C1=CN(CCC2c3ccc(C(F)(F)F)cc3CCC2N2CCCC2)CCC1)c1cccnc1,0
protein65,1,CC1CC=C(C(C(=O)NC2CCCN(c3cc(F)ccc3F)C2)N2C(=O)c3ccccc3C2=O)O1,0
protein65,1,CC(C)C1CCN(C(=O)c2c(Cl)cc(Cl)c(-c3nnc(Cc4ccccc4)o3)c2Cl)C1,0
protein65,1,OCC1(Cc2ccc(OCC(F)(F)F)c(N3CCNCC3)c2)CCCC1,0
protein65,1,Cc1ccc([N+](=O)[O-])cc1S(=O)(=O)NC1CCCC(=CC(=O)NC2CCCCC2)C1O,1
protein65,1,Cc1noc(C)c1COc1cccc(C(=O)N(C)Cc2cc(N)c3ccccc3n2)c1OCCN1CCOCC1,0
protein65,1,CC1CCc2c(cc(F)c(C(=O)[O-])c2O)C1C,0
protein65,1,CCN(CC)c1cc(C)c2c(=O)c(C)c(C)n(Cc3ccccc3[N+](=O)[O-])c2c1,1
protein65,1,CCC1CCN(C)c2nc3c(cc(C)n3C3(C(=O)O)CCN1CC3)c(=O)n2CCc1ccccc1,0
protein65,1,Cc1c(C(=O)Nc2c(F)cccc2F)cnc2ccccc12,0
protein65,1,CCCC1CCC(C)SC1=COc1ccc([N+](=O)[O-])cc1S(=O)(=O)N(C)C,1
protein65,1,CCNC(=O)COC(=O)c1c(Cl)cccc1Nc1ccccc1,0
protein65,1,Cc1cnc2cc(-c3nn(-c4cccc(F)c4)c4c3CN(C(=O)NC(C)C)CC4c3cccnc3)c(=N)oc2c1,0
protein65,1,CC1CCN(c2ncnc3cc(-c4ccc(OC(F)(F)F)c([N+](=O)[O-])c4)sc23)C1,1
protein65,1,CC(N)C(=O)NCCCCC(=O)O,0
protein65,1,CCCCC(C)COc1cccc(-c2nnc(N)n2-c2ccc(OC(C)=O)cc2)c1,0
protein65,1,C=CCC(C)OC1CCC(Nc2nc(N)nc3cc(Cl)c(C)cc23)CC1,0
protein65,1,O=C1NC(=O)C(c2cc[nH]c2)N1,0
protein65,1,CCC(CC)S(=O)(=O)Nc1ccc(-c2nnc(N)c(Cc3cc(C=O)c(O)cc3C)n2)cc1,1
protein65,1,Cc1ccc2c(c1)c(CCc1cccc(N)c1)cn2-c1nc(N2CCCCC2)ncc1[N+](=O)[O-],1
protein65,1,Cc1cncc(NC(=O)c2c(C)nn(-c3c(F)cccc3F)c2Cl)c1,0
protein65,1,CCc1cccc(C(C)(C)C)c1NC(=O)CN(C(=O)C1CC(c2ccccc2F)C(C)O1)c1cc2cc(C)ccc2nc1O,0
protein65,1,CCC(O)C(O)C(=O)O,0
protein65,1,CC(C)CNC(=O)c1cc(-c2cccc(Cl)c2)cn1Cc1ccccc1,0
protein65,1,O=C(Cc1c2c(nc3c1sc1c(C(=O)N4CCN(CC5CC5)CC4)cccc13)CCCNCC2)NC1CCCCC1,0
protein65,1,CCCCC(=O)c1cccc(CCC2=NCCN2)c1,0
protein65,1,CC(C)=CC1CCC(C(=O)NCc2ccncc2)N1C(=O)Nc1cc(C(C)=C(C#N)C(N)=O)cc(C(C)(C)C)c1,0
protein65,1,CC(C)c1ccc(-c2cccc(C(=O)O)c2)c(C(=O)O)c1,0
protein65,1,Cc1cc2c3c(c1)C(CN1CCN(C)CC1)CCN3C(=O)C2,0
protein65,1,Cc1ccc(NC(=S)N2CCN(Cc3ccc(F)cc3Cl)CC2)cc1,0
protein65,1,COc1cccc(C2Cc3c([nH]c4ccccc34)C(C)C(=O)N2)c1,1
protein65,1,CCc1nccc(-c2c(-c3ccc(C(=O)N4CCCC(N(C)CCC(F)(F)F)C4)cc3)cnnc2O)n1,0
protein65,1,CC(C)n1ncc2c(Nc3ccccc3C(=O)NC3CCC4c5ccnn5CCC4C3)c(C(=O)N3CCCC3)cnc21,0
protein65,1,CCN(CC)c1nnc(NC(=O)C2CCN(C(=O)c3ccccc3-n3nccn3)CC2)s1,0
protein65,1,CC1(C)CC2c3ccc(Cl)c(c3Cl)CCN2CC1OCc1cncc(F)c1,0
protein65,1,COC1(c2ccccc2-c2ccc(CC(=O)NNc3ccc(C)c(F)c3)cc2)CCN(C)CC1,0
protein65,1,Cc1coc(CN2CCC(CN3CCc4ccccc4C3)CC2)n1,0
protein65,1,Cc1nc2c(c(Nc3cc(Cl)ccc3Cl)n1)CCNCC2,0
protein65,1,Cc1nn2cc(-c3ccc(C=O)cc3)nc2c(Nc2ccc(S(C)(=O)=O)cc2)c1C,0
protein65,1,CCN1CCN(c2c(Cl)cc([N+](=O)[O-])cc2[N+](=O)[O-])CC1,1
protein65,1,Cc1cc(S(=O)(=O)N(C)c2nc(-c3ccccc3)ns2)ccc1-c1nc(CN2C(=O)CSC2=S)cs1,1
protein65,1,CC(C)(C)OC(=O)N1CCCC1C(CCN(CC1CCCC1)C(=O)c1cc[nH]n1)C(=O)Nc1ccc2cccc(C(=O)O)c2c1C#N,0
protein65,1,CCCCOC(=O)C1(N)CC1c1ccccc1-c1ccccc1,0
protein65,1,CCCC=C(C(C)=O)c1nc2cc(F)ccc2[nH]1,0
protein65,1,CC(Nc1nc(C)c2sc(C)nc2n1)=C(C(=O)N(C)C)c1c(C)cccc1C,0
protein65,1,COc1ccc2c(c1)CC(C)N2C(=O)c1cnc2ccc(OCC(F)CC(N)C(=O)O)c(-c3ccc(C(F)(F)F)cc3)c2n1,0
protein65,1,CCOC(N)=O,0
protein65,1,Cc1cccc(COc2cc(C)c(F)cc2-n2nc(-c3ncccc3CN3CCN(C)CC3)c3cccnc32)c1,1
protein65,1,CC(C)c1cccc(Nc2ccncc2N2CCNCC2)c1,0
protein65,1,Cc1c(C[PH](=O)O)c2cccc(C)c2[nH]c1=O,1
protein65,1,Nc1nc(N)[n+]([O-])c2cccc(O)c12,1
protein65,1,Cc1n[nH]cc1-c1cccc(N2CCN(CC=Cc3ccccc3)CC2)c1,0
protein65,1,CN(CCl)N=Nc1ccc(Cl)cc1,1
protein65,1,CN1CCN(Cc2ccc(C(=O)Nc3cn(-c4ncc(C#N)c5c4CCC(C)(C)C5)cn3)cc2)CC1CO,0
protein65,1,Cc1c(C(=O)O)cnn1-c1cccc(C(=O)N2CCN(C(=S)Nc3ccccc3F)CC2)c1,0
protein65,1,CCOc1ccc2ccncc2c1Nc1ccc(C(=O)Nc2nnc(C(F)(F)F)s2)cc1,1
protein65,1,CCCC1(C)CC(S)C2=NCNN2P1(C)=O,0
protein65,1,Cc1ccccc1NC(=S)Nc1ccc(C)c(S(=O)(=O)N(C)C)c1,0
protein65,1,CCn1ccc2c(-c3ccnc(Nc4ccc(F)c(C#CC(C)O)c4)n3)n[nH]c2c1=O,0
protein65,1,CC(C)c1ccc2c(c1)c(=O)c1ccccc1n2CCCN(C)C,0
protein65,1,CC1CCCC(c2nc(O)c3ccccc3n2)C1,1
protein65,1,O=C1CSC(=S)N1,0
protein65,1,COc1ccc(-c2cc(-c3ccc(F)cc3)nnc2N2CCOCC2)cc1,0
protein65,1,CCn1cc(C=C(C=O)NC(=O)c2cccs2)c2ccccc21,1
protein65,1,CCCSC1=C(S(=O)(=O)O)C(c2cccs2)C(C)(CC)C(=O)N1,0
protein65,1,Cc1nc(O)c(C2=NCC(CC3CCC(=O)NC3C(=O)N3CCCC3)CN2)s1,0
protein65,1,Cc1nocc1CN(C)C(=O)c1c(CC(C)(C)C)c(Nc2ccccc2S(=O)(=O)NC(=O)CO)c2ccccn12,1
protein66,1,CCc1ccccc1NC(=O)c1ccc(C)c(OC)c1-c1ccc2c(c1)N(S(=O)(=O)O)CC(C)(C)O2,1
protein66,1,Nc1cc(F)c(F)cc1F,1
protein66,1,CC(C)CC(NC(=O)C(N)CC(=O)NCc1ccc(F)cc1Cl)C(=O)NCc1ccc(Cl)cc1,0
protein66,1,CCN(C)C(=O)c1ccc2c(c1)c1c(n2Cc2ccccc2)CCCC1,1
protein66,1,CC(C)C(C(=O)C(F)(F)F)c1ccc(-c2ccccc2)c(F)c1,0
protein66,1,O=C(Nc1cccc(Oc2cc(Cl)cnc2N2CCCCC2CCl)n1)c1ccc(Cl)nc1,0
protein66,1,Cc1ncc(-c2ccc(-c3cc(Cl)nc(-n4ccnc4C)n3)c(C(F)(F)F)c2)o1,1
protein66,1,CCCCCNc1nc(Nc2ccc(C)cc2Cl)c2ncccc2n1,0
protein66,1,COc1ccc(-c2[nH]nc(C)c2Cl)c(OCC2(C)CCN2C(C)(C)C)c1,0
protein66,1,N=C(CN(C(=O)c1ccc(F)c([N+](=O)[O-])c1)c1ccccc1OCc1ccccc1)NO,1
protein66,1,Cc1cc(Cl)c(N2C(=O)CCC2=O)cc1N(C)S(=O)(=O)c1ccc(NC(=O)c2ccc(C(C)C)cc2)cc1,0
protein66,1,COCCN1CCC(C)(c2cc(F)cc(F)c2F)C(CN2CCCC2=O)C1,0
protein66,1,CCOc1ccc2c3c(c(=O)oc2c1)CCC3,0
protein66,1,Cc1cccc(NCN2CC=C(CC(C)CC(C)(C)C)NC2)c1,0
protein66,1,CCOc1ccc(NC(=O)Cn2cc([N+](=O)[O-])nc2C)cc1,1
protein66,1,CN(CC(=O)Nc1ccc2c(c1)OCCO2)S(=O)(=O)c1cccc(Cl)c1C#N,0
protein66,1,CCCCNC(=O)c1ccc(N2CCCC(c3nccc(C)n3)C2)cc1,0
protein66,1,Cc1c(CN(Cc2ccc(O)nc2)Cc2ccccc2Cl)cnn1-c1ccccc1C(N)=O,0
protein66,1,Cc1ccc2c(CN(C)C(=O)c3cc(C=NN(C)C=O)ccc3Cl)coc2c1,0
protein66,1,[C-]#[N+]CC(=O)NCc1ccco1,0
protein66,1,Cc1noc(C)c1CN1CCC(C(=O)N2CCN(Cc3ccc(F)cc3)CC2)C(O)C1,0
protein66,1,CCS(=O)(=O)Nc1ccc(F)c(Oc2ncnc(N3CCOCC3)c2-c2cncc(F)c2)c1,0
protein66,1,CCOc1cc(C(=O)N(C)C2CCN(Cc3ccc(C(F)(F)F)cc3)C2)ccc1CC,0
protein66,1,O=C1SC(=S)c2ccccc21,0
protein66,1,CC1(C)CCCC(C)(N(O)c2ccncc2)C1NC(=O)Nc1nccs1,0
protein66,1,CC(=O)Nc1ccc(Cl)cc1Sc1ccc(CCNC(=O)C(C#N)=C(C)C)o1,1
protein66,1,CCn1nc(CCC2CCCN(CC(=O)NCc3ccc(F)cc3)C2)nc1N,0
protein66,1,Cc1ccc(N=C2SCC(=O)N2CN2C(C)CCCC2(C)C)cc1,0
protein66,1,O=C(CCCCCS(=O)(=O)c1ccc(F)cc1)N1CCCC(n2ccnc2)C1,0
protein66,1,CCC(c1cnn(C)c1)N1CCN(c2ccc(Cl)cc2Cl)CC1,0
protein66,1,Cc1cccc2c(NC(=O)Cn3c4ncccc4c(=O)n3Cc3ccccc3)nccc12,0
protein66,1,CC(C)CC1C(=O)N(C(C)(C)C)C(=O)C1Nc1nc2n(c(=O)c1C#CC(C)(C)S)Cc1ccccc1-2,0
protein66,1,CCCC1(C)C(=O)N(CC(=O)OC)c2ccc(OC(F)(F)F)cc21,0
protein66,1,Cc1ccc(-c2cccc(NC(=O)C3CCN(c4ncc5c(n4)CCCC5)CC3)n2)s1,0
protein66,1,Cc1n[nH]cc1-c1ccnc2ccccc12,1
protein66,1,CCCCCCC1CN(c2ccccn2)c2c(C)oc(C)c2C1=O,0
protein66,1,Cn1cc(-c2ccc3onc(-c4cccc(N)c4)c3c2)cn1,1
protein66,1,CCCCCCn1c(-c2cc(S(N)(=O)=O)c(OC)cc2O)nc2ccccc21,0
protein66,1,CCCc1nc2ccc(C)cn2c1N1CCN(C(=O)c2cccc3cn[nH]c23)CC1,1
protein66,1,CC(CN1CCN(c2ncccn2)CC1)c1ccccc1,0
protein66,1,Cc1nc(NC(=O)c2ccccc2NC(=O)c2cccc(N(C)C)c2)sc1-c1cscn1,1
protein66,1,Nc1nc(N2CC3CCCC2C3)c2c(-c3ccccn3)c[nH]c2n1,0
protein66,1,CC1CCCN(c2nnc(-c3nccnc3Nc3ccccc3)s2)C1,0
protein66,1,CCONC(=O)c1cccc(S(=O)(=O)Nc2cccc(CSc3nc4ccccc4c(=O)n3Cc3ccccc3)c2)c1,1
protein66,1,Cc1nc(C#N)c(N2CCCN(Cc3c(C)noc3C)CC2)o1,0
protein66,1,CCc1ccc(-c2c(C)[nH]c(=O)n(Cc3ccccc3)c2=O)cc1,1
protein66,1,CC(C)CN1CCCC2c3cccc4c3cc(c(=O)n4C)-c3cnc4c(c3)CCCN4C21,0
protein66,1,Cc1[nH]ncc1-c1nccnc1Nc1nnc(-c2ccc(Cl)c3c2CCCC3(C)C)s1,1
protein66,1,O=C1Nc2c(F)cccc2-c2cccc(n2)COC1CC1c2cc(F)cc(F)c2C(=O)N1CC1CC1,1
protein66,1,Cc1cc(C(=O)N2CCN(Cc3ccc(F)cc3)CC2)[nH]n1,0
protein66,1,CC(C)C1C(=O)N(c2ccc(Cl)c(-c3ccccc3)c2)CC1C(=O)N1CCC(O)C1,0
protein66,1,CCC(=O)c1ccc(CCCCCCC(=O)NO)cc1,0
protein66,1,CCOC(=O)c1c2c(cn1Cc1ccccc1)-c1ccccc1S(=O)(=O)N2CC,0
protein66,1,O=C(CSc1cc2c(cc1F)C1CCCN1CC2O)Nc1ccccc1[N+](=O)[O-],1
protein66,1,CC(C)CCN(C1CCC(n2ccnc2O)CC1OC(=O)NCc1ccc(F)c(Cl)c1)S(=O)(=O)C(F)F,0
protein66,1,O=C(Nc1cc(Cl)ccc1OCCCCNCCC(F)(F)F)c1ccc(Cl)c(Cl)c1,0
protein66,1,CCOC(=O)Nc1ccc(-c2c(C)nsc2-c2cc(C(N)=O)cnc2N)cc1Cl,0
protein66,1,Cc1cccc2c1C(=O)N(c1nccs1)C2=O,1
protein66,1,Cc1cccc(Cl)c1NC(=O)c1cccc(Nc2ncnc3c(CN4C(=O)CCC4C(=O)NC4CCCC4)cccc23)c1,0
protein66,1,O=C1Nc2ccccc2N2C(c3ccccc3C(F)(F)F)=C(Cl)C(=O)C12,0
protein66,1,c1ccc(-c2ccccc2CN2CCOC(CN3CCc4ccccc4C3)C2)cc1,1
protein66,1,O=C(OCCn1cc(C23CCC(O)(CC2)CC3)c2ccccc21)c1cc(Cl)ccc1N1CCNCC1,0
protein66,1,c1cncc(CNCc2ccc(OC3CCCC3)cc2)c1,0
protein66,1,Cc1nsc(NN=Cc2cccc([N+](=O)[O-])c2)n1,1
protein66,1,CCNc1ccccc1NC(=O)c1cc(OC)cc(S(=O)(=O)N2CCCCC2)c1,0
protein66,1,CC1CCCN(c2ccc(C(=O)N(C)C)c(-c3cccc4c3[nH]c3c(N)ncnc34)n2)C1,1
protein66,1,CCC(CC)CCN1C(=O)CCC=C(C)C1=O,0
protein66,1,Cc1cc(NC(=S)NC(=O)c2cccnc2)ccc1Oc1ccc(F)cc1,0
protein66,1,NC(=O)c1ccc2c(C(=O)NCc3cc(F)cc(F)c3)ccnc2c1O,1
protein66,1,CCN1C(=O)CSC1c1ccccc1Oc1ccccc1,1
protein66,1,CCCCNc1c(CCc2ccccc2)c2ccccc2n1C,0
protein66,1,O=C1Nc2cccc(C(=O)Oc3ccccc3Cl)c2C(=O)Nc2cc(Cl)ccc21,0
protein66,1,O=C1CCc2cc(Oc3ccc(S(=O)(=O)N4CCCC(C(=O)O)C4)c4cccc(Cl)c34)ccc2N1,0
protein66,1,Cc1cc(C2CC2)nc(Nc2ccc(NCC3(N(C)C)CCCCC3)cc2C(=O)OC(C)(C)F)n1,0
protein66,1,CC1(C)CCC2C(NC(=O)c3cnccn3)CC(O)CC2O1,0
protein66,1,CCn1c(C)ccc1-c1ccnc(Nc2ccc(C=c3[nH]c(=O)c(=Cc4nc5cc(F)ccc5s4)[nH]c3=O)nc2)n1,1
protein66,1,Cc1cccc(C)c1OCCCC(=O)N1CCc2c(ncc(C)c2Oc2ccc([N+](=O)[O-])cn2)C1,1
protein66,1,O=C(Nc1ccc(O)c(-c2nc3cc(F)c(Cl)cc3[nH]2)c1)c1cc(Cl)cc(Cl)c1,0
protein66,1,CC(C)(C)N=C(S)Nc1cccc(C(F)(F)F)c1,0
protein66,1,CCC1CN(Cc2nnc(C3CC3)o2)CC(C=C(C)C)C1Cc1ccc(OC)cc1,0
protein66,1,Cc1nsc(NC(=O)CCNC(=O)C2CCC(c3ccccn3)(c3cnccn3)CC2)n1,0
protein66,1,O=c1[nH]c(Nc2ccccc2)nc2c(-c3ccccc3)csc12,1
protein66,1,CCCC1CN(c2ccc(Nc3nccc(-c4cnc(N)cc4C)n3)cc2)C(=S)N1c1ccc([N+](=O)[O-])cc1,1
protein66,1,Cc1cc(S(=O)(=O)N(C(=O)c2ccc(Cl)cc2)C(C(=O)c2ccccc2)C2CCCCC2C)ccc1NC(=O)CN1CCOCC1,0
protein66,1,Cc1noc(C)c1CN(CCO)C1CCN(Cc2cccnc2N(C)C)CC1,0
protein66,1,CCN(CC)C(=O)c1cc(COc2cccc(NC(=N)N3CCOCC3)c2)c2ccccc2n1,1
protein66,1,CC(C)C(NS(=O)(=O)c1cccc(-c2nnc(S(C)(=O)=O)o2)c1)c1ccc(C(F)(F)F)cc1,0
protein66,1,CCCC1CCCN1C(C)=NCCc1ncc(C(=O)O)c(=O)[nH]1,1
protein66,1,CCC1CN(C)CC1CNC1CCCCC(NC)C1,0
protein66,1,CCCCCCCCNS(C)(=O)=O,0
protein66,1,Cc1c2c(c3ccccc3c1C)-n1cc(cn1)CN(C)C1CCOc3cc(c(CC(=O)O)cc31)OC2,0
protein66,1,Cc1ccc(-c2nc3ccc4c(c3o2)N2c3ccccc3CCC2C(=O)N4)cc1N,1
protein66,1,O=C1COc2ccccc2N1CC(NS(=O)(=O)c1ccc(Cl)cc1)C1CCCC1,0
protein66,1,CC1CCN(c2ccc(-c3nc(Nc4cc(O)cc(Cl)c4)c4ccccc4n3)cc2)C1,0
protein66,1,CC(C)c1scnc1C(=O)Nc1cnn(C2CCCCC2)c1,0
protein66,1,CC(=O)Nc1nc(C)c(C)s1,0
protein66,1,CCOCCCNc1nnc(C(c2ccc(C(C)(C)C)cc2)N(C)C)s1,0
protein66,1,CC(=O)NC(C(=O)O)C(C)c1ccc(-c2ccc3c(c2)CCN3C(=O)c2cccc3ccc(C(F)(F)F)nc23)cc1,0
protein66,1,CCCCC(=O)Nc1nnc(COc2ccccc2F)s1,0
protein66,1,Cc1cc(-c2nc(-c3cnc4cc(C)c(NS(C)(=O)=O)cn34)[nH]c2N)ccc1F,1
protein67,1,NCC=C(C(=O)N1c2ccccc2CC1CN1CCOCC1)C1CCCCC1,0
protein67,1,CCN1C(=O)CC(S(=O)(=O)c2ccc(OCc3ccccc3)cc2)C1=O,0
protein67,1,Cc1ccc(OCC(=O)OCC(=O)N(Cc2ccccc2)c2ccccc2N)cc1C,0
protein67,1,Cc1ccsc1C(=O)Nc1ccc2c(c1)C(N1CCN(Cc3ccc([N+](=O)[O-])cc3)CC1)CC2,1
protein67,1,CCn1c(SCC(=O)N2CCc3cc(NC(C)=O)ccc32)nc2ccccc21,1
protein67,1,CCOC12CCCCC1NC(=O)c1c(C)n(c3cc(C(F)(F)F)ccc13)CC2,0
protein67,1,CN(C(=O)c1ccccc1)C(=S)NC(=O)c1ccccc1[N+](=O)[O-],1
protein67,1,Cc1cnc(NC(=O)c2c(-c3ccc(C(=O)Nc4c(Cl)cccc4Cl)cc3)nc3ccccn23)nc1,1
protein67,1,Cn1ccc(-c2cn(-c3ccc(S(N)(=O)=O)cc3)nc2C(C)(C)C)c1,0
protein67,1,CCn1cnc2cc(Cl)c(CN3C(=O)CCCc4cc(S(=O)(=O)N(C)C)ccc43)cc21,0
protein67,1,Cc1c(C)c2ncc(C(=O)N3CCN(C)CC3)n2c2ccc(Cl)cc12,0
protein67,1,Cc1oc(-c2ccc(CC(N)C(=O)N3CCNCC3)c(F)c2)cc1C(F)(F)F,0
protein67,1,O=c1n(CCCc2ccccc2Cl)nc2sc3ccccc3c2[n+]1[O-],1
protein67,1,CC(C)(C)NC(=O)CN(C(=O)c1ccc2oc(-c3cccnc3)cc2c1Cl)C(C)(C)C,0
protein67,1,Fc1ccc(CNCc2ccc(Cl)cc2)cn1,0
protein67,1,CN(C)c1ccnc(N2CCNC(CSc3ccc(C(C)(C)CS(=O)(=O)N4CCCc5ccccc54)cc3)C2)c1,0
protein67,1,Cc1ccc(N(Cc2cnn(C)c2C)C(=O)c2occc2C)cc1Cl,0
protein67,1,CCC(C)C(NC(=O)c1cc(-c2ccccc2Cl)n(-c2ccccc2)n1)C(=O)O,0
protein67,1,CCc1ccc(CN(C(=O)C2(OC)COC(=O)c3ccccc32)C(C)(C)C)cc1NC(=O)c1cnn2ccc(OC)cc12,1
protein67,1,Cc1cc(C(C)(C)C(=O)O)nc(Nc2cc(C(=O)N(C)C)c(-n3nccn3)cc2C)n1,0
protein67,1,CC(=O)N1C(CC2CCCCC2)CC(=NOCCN(C(=O)C2CC2)c2ccccc2C#N)C1C,1
protein67,1,Nc1c(C(=O)Nc2c(-c3ccc(F)cc3)nc3ccc(Cl)cc3c2O)[nH]c2ncncc12,1
protein67,1,Cc1ccc2c(N)nc(Sc3ccc([N+](=O)[O-])cc3)nc2n1,1
protein67,1,Cc1ccc2cc(C#N)c(NC(=O)C3CCC(NC(=O)c4cc(C#N)cnc4C)CC3)nc2c1C,1
protein67,1,CCCC1CCCCC1NC(=O)C1CN(C(=O)C2CCC2)CCC1C(=O)OS(=O)(=O)O,0
protein67,1,Cc1nc(-c2ccccc2C(=O)NC2CCCCC2)sc1C(N)=O,1
protein67,1,CCC1(CO)N=C(Nc2cccc(C)c2)c2ccccc2NC1=O,0
protein67,1,Cc1ccccc1Cn1cc2c3c1C(C1=NCCCN1CCNC(=O)c1ccc4c(c1)N(C2=O)C(C)C4)C(C)(C)C(O)C3,1
protein67,1,Cc1ccc(S(=O)(=O)N2CCCCC2)cc1C(=O)NCCN1CCOCC1,0
protein67,1,Cc1cccc(-n2nc(C(N)=O)c3cc(C(=O)N4C(C)CCC4c4cnccn4)ccc32)c1,0
protein67,1,CCCCC1Cc2cn3c(c2CC1N1CCN(C(=O)c2ccco2)CC1)COCC(O)C3,0
protein67,1,CC=CCN1CCN(c2ncccc2NC(=O)c2cccc(C(F)(F)F)c2)CC1,0
protein67,1,CC(C)CN1CCN(C(=O)OCc2ccccc2)CC1,0
protein67,1,CC(C)NCCCn1nc(-c2cn(Cc3ccccc3F)nc2Nc2cncc(CCCO)c2)c2cc(F)c(F)cc21,0
protein67,1,CCCCCNCc1cccc2cc(O)c(OC)cc12,0
protein67,1,Cc1ccc(N2C(=O)CC(CC(=O)Nc3c(F)cccc3Cl)C2=O)cc1[N+](=O)[O-],1
protein67,1,Cc1ccc(NC(=S)NS(=O)(=O)c2cc(Cl)ccc2-c2ccccc2)cc1,0
protein67,1,CCCn1cc(C(=O)NCCN2CCC(O)(c3ccc(Cl)cc3)CC2)c2ncc(I)cc21,0
protein67,1,CCN(CC)CCn1c2c(c3ccccc3c1=O)C(=O)c1cc(C)ccc1-2,1
protein67,1,CCn1c(=O)c2c(c3c(OC)cccc31)C(=O)CC2,1
protein67,1,Cc1cnc(Nc2cc(-c3ccc(N4CCN(CC(F)(F)F)CC4)nn3)ccc2C(F)(F)F)nc1,1
protein67,1,CN1CCCC1=Nc1c(Cl)cccc1CN1CC(c2ccc(F)cc2)OC(C(C)(C)F)C1,1
protein67,1,CC(C)c1cc(O)c2nccc(C(=O)NN=C3CC(c4ccc(F)cc4F)OC3CN(C)C)c2c1,1
protein67,1,CC1CCN(C(=O)c2cccnc2Sc2ccccc2C(=O)N2CCN(C)CC2)CC1,0
protein67,1,CC[n+]1cc2ccccc2n1Cc1cccc(F)c1,1
protein67,1,CCCCNc1nc(C)cc(Oc2cccc(C=C3C(=O)NC(=O)NC3(C)C)c2)n1,0
protein67,1,CCCCCC1(C)CNC(c2ccccc2I)=CC1=O,0
protein67,1,Cc1ccccc1NC(=O)CS(=O)(=O)c1cc[nH]c1,0
protein67,1,c1ccc(CNc2nc(NC3CCCCC3)nc3sc4c(c23)CCOC4)cc1,1
protein67,1,CC(C)C1CCC(=Nc2n[nH]c3c(-c4cccnc4)cccc23)CC1,0
protein67,1,Cc1c(C)n(CCCC(=NO)c2cccc([N+](=O)[O-])c2)c2ccccc12,1
protein67,1,CC1Cc2cc(-c3cn4c(C(C)(C)O)ccc(C#N)c4n3)cc(Cl)c2O1,0
protein67,1,Cc1onc(O)c1C(c1ccccc1-c1ccccc1C(=O)O)N1CCC(n2c(=O)[nH]c3ccsc32)CC1,0
protein67,1,CCCN(CCC)c1cncc(N2C(C)c3[nH]ncc3C2c2cccc(OC)c2)n1,1
protein67,1,CCN1CC=C(CCCCCc2ccc(C)cc2Nc2ccccn2)NC1,1
protein67,1,CC1(C)C=C(C=Nn2ccnc2)CCC1,0
protein67,1,Cc1ccccc1Nc1nc2ccccc2[nH]1,0
protein67,1,Cc1nc2c(cnn2-c2ccccc2)c(=O)[nH]1,1
protein67,1,O=C1NCNC(=O)C1CC1=Cc2cnccc2Oc2ccccc21,0
protein67,1,CC1CC(=NS(=O)(=O)c2ccc(NC(=O)C(Cl)Cl)cc2)OC(c2ccc(F)cc2F)C1,0
protein67,1,CC1CCNC1C(=O)Nc1cccc2ccc(-c3ccc(OCCN4CCNCC4)cc3)nc12,1
protein67,1,Cc1cnc(Nc2ncc3[nH]c(C(=O)c4ccccc4CCF)c(C4CC4)c3n2)c(C)n1,1
protein67,1,Cc1noc(C)c1-c1ccc(C#N)cc1Oc1ccc(C=NN2CCN(C)CC2)cc1,1
protein67,1,CCOCc1ccccc1NC(=O)Nc1sc2c(c1C(N)=O)CCCC2,0
protein67,1,Cc1cc(C)n(-c2cc(-c3cccc(S(C)(=O)=O)c3)nc(Nc3ccc(Cn4ccnc4)cc3)n2)n1,0
protein67,1,Cc1nn(-c2ccc(C(=O)NCC(C)C)cc2)c(Cl)c1C(=O)c1ccco1,0
protein67,1,CCn1c(-c2ccc(NC(=O)CCS(=O)(=O)O)cc2)nc2cc(OC(F)(F)F)ccc21,0
protein67,1,CCSC(C)C1C(C)=NOC1C(N)=O,0
protein67,1,CN1CCN(c2cccc3sc4c(C(=O)NC5N(C(=O)C6CC6)c6ncc(Cl)cc6C5(C)C)nccc4c23)CC1,1
protein67,1,CCC1(Cn2ccnc2)CN2CCCCOc3ccc(cc3-c3ccc(C(=O)N4CCCCC4)cc3)C2=N1,0
protein67,1,CCc1c(C#N)cccc1-c1nc2c3cc[nH]c-2c1CCCCNS(=O)(=O)c1ccccc1-3,0
protein67,1,CCc1ccc(Cl)cc1Nc1nc(C(F)(F)F)nc2c1cnn2C,0
protein67,1,CCCCCC=C1c2c(N(C)C)cc(-c3ccccc3)nc2C(=O)N2Cc3cc[nH]c3CC12,1
protein67,1,O=C(Cc1ccc(Cl)cc1)Nc1cc(-c2cnc3ccccc3c2)ccc1N1CCC(O)CC1,0
protein67,1,CCc1occc1C(=O)Nc1ccc(Nc2cccc(F)c2F)cc1,0
protein67,1,CC(C)CCCC1C(NS(=O)(=O)C(C)(C)C)C(=O)N(C)C2CCc3cc(O)ccc3C12,0
protein67,1,CCCCCC(Nc1nc(N2N=C(c3cc(F)ccc3CC)CC2C(C)C)nc(C)c1C#N)C(=O)OC,0
protein67,1,CCCCC1CC(O)CN(C(=O)c2cc3c([nH]2)CCC(C)(C(C)C)CC3)C1,0
protein67,1,O=C(NCCOCCN1CCCCC1)C(=O)Nc1cc(Cl)cc(C(F)(F)F)c1,0
protein67,1,Cc1nc(Cc2cccc(Oc3ccccc3)c2-c2nnc(CN(C)C)s2)no1,1
protein67,1,Cc1cc(C)n(CCNCC(O)COc2ccc(C)c(CC#N)c2)n1,0
protein67,1,CCOc1c(C=NN(C(=O)c2ccc(OC)c(OC)c2)c2cccc(C(F)(F)F)c2)[n+]([O-])c2cc(OC)ccc2[n+]1[O-],1
protein67,1,CCCn1ccnc1,0
protein67,1,O=C(Nc1ccccc1N1CCCC1)c1cc2ccccc2o1,1
protein67,1,CCCN1CCOc2cc(F)c(-c3ccnc4ccc(C(=O)N5CCCCC5C)nc34)cc2C1,1
protein67,1,CCCC1(C)C(=O)Nc2cc(CN3CCCCCC3)c(O)cc21,0
protein67,1,Cc1cccc2c1c1c(n2C)CC2(C1)C(=O)Nc1c(F)cccc12,1
protein67,1,CCN(CC)CCN1C(=O)c2ccccc2Sc2ccccc21,0
protein67,1,Cc1cc(C(=O)NC(N)=S)ccc1-c1cc2ccccc2o1,1
protein67,1,Cc1cc2c(cc1-c1ccccc1)C(=O)CC(C)(c1cccc(O)c1N(C)C)N2,0
protein67,1,CC(C)Cn1c(CN2C(=O)c3cc(NC(=O)C4(c5ccccc5)CCCC4)ccc3OC3CCCCC32)cnc1S,0
protein67,1,CC(=O)NC1CC2C(O)CC3C4CCN3C(C)(C)CC4c3n[nH]c4cccc(c34)-c3cccc(n3)C(=O)N2C1,0
protein67,1,CC(C)CN(Cc1ccc(F)cc1)C(=S)NC1CCCC1,0
protein67,1,Cc1nc(-c2ccccc2)c(-c2ccc(Cl)cc2)c(N)c1C#N,1
protein67,1,Cc1ccc(-c2cc(Nc3cccc(N4CCCC4)n3)n3cncc3c2)c(C)n1,0
protein67,1,CCc1cc(NC)nc(-c2ccc(Oc3cccc(CCC(=O)O)c3)cc2)n1,0
protein67,1,Cc1cccc2c(Nc3cccc(O)c3)cc(N3CCNCC3)nc12,1
protein67,1,Cc1ncsc1C(=O)NC(C)C(=O)N1CC(c2ccccc2Cl)CC(c2ccccc2F)S1(=O)=O,0
protein67,1,CCn1cc(CNC(=O)c2c(OC)cc(C(F)(F)F)nc2C(F)(F)F)cn1,1
protein67,1,CCCc1cc(-c2cc(C)c(C(C)(C)C#N)cc2O)c(O)nc1C,0
protein68,1,CC1CCCCN1C(=O)c1nc2nc(N(C)C)ccn2c1CN1CCCC1,0
protein68,1,CCC#CCC(C)C(=O)c1sc(-c2ccc(O)c(OC)c2)nc1C,0
protein68,1,COC(=O)C1=C(N(C)C)CC(C)CC1,0
protein68,1,CCN(CC)CC(=O)Nc1ccc(-c2cncs2)cc1,0
protein68,1,CCc1cncc(-c2ccc(NCc3cnc4ccccn34)nc2)c1,0
protein68,1,Cc1nn(Cc2ccc(S(=O)(=O)NCC(C)CC(N)=O)c(F)c2)c(-c2ccccc2)c1C(O)c1ccc(F)cc1,0
protein68,1,O=C(CO)Nc1ccccc1C(=O)NCCc1ccc(-c2cc(Cl)cc(Cl)c2O)cc1,0
protein68,1,O=C(Nc1ccc(-c2ncc(-c3ccccc3)o2)cc1)c1ccco1,0
protein68,1,Cc1ccc(NC(=O)c2ccc(Cl)nn2)cc1Oc1cccc2c(Cl)c(C#N)cnc12,0
protein68,1,CCn1c(Nc2nnc(-c3cccs3)s2)nc2ccccc21,1
protein68,1,COc1ccc(Cl)cc1C(O)C1(C)C=Cc2ccc([N+](=O)[O-])cc2N1C(=O)OC(C)(C)C,1
protein68,1,Cc1nn(-c2ccccc2)c2sc3ncc(-c4ccc(F)cc4)n3c(=O)c12,1
protein68,1,CC(=NN(C)C)c1ccc(-n2nc3ccccc3c2Cl)cc1,1
protein68,1,O=C(CN1C(=O)c2cccnc2C1=O)Nc1cccc(F)c1,1
protein68,1,CCCCC(NC1CCN(C)S1(=O)=O)c1ccc(OCc2ccccc2)cc1F,0
protein68,1,CCCCC(C)Oc1c(CC)c(=O)[nH]c2nc(C)cc(-c3ccccc3)c12,0
protein68,1,Cc1cc(NS(=O)(=O)c2cc(Cl)ccc2Cl)nn1C(=O)c1ccc2c(c1)oc(=O)n2C,0
protein68,1,CC1(C)CCOC1CC1NC(=O)C(N)CCCCN2CCN(CC2)c2nc3ccc(Cl)cc3c(F)c21,0
protein68,1,CC1(C)CCC(NC(=O)c2ccc3c(c2)S(=O)(=O)c2ccc(Cl)cc2N3)C1,0
protein68,1,Cc1ccc(Nc2nc(N(C)C)ncc2Cl)cc1Oc1c(C)cccc1C,0
protein68,1,CNC(=O)Cn1ncc2c3cccc(-c4cccnc4)c3n(Cc3ccccc3)c2c1=O,1
protein68,1,CC(C)S(=O)(=O)Nc1ccc(NC(=O)c2ccccc2C(F)(F)F)cc1,0
protein68,1,CCN(C1CCN(CCN(C)C(C)=O)C1)S(=O)(=O)c1ccc(C)cc1,0
protein68,1,Cc1oc(-c2ccc(-n3c(C#CCO)nc4cncnc43)cc2)nc1COc1cc(NC(C)CC(C)C)c(F)cc1F,1
protein68,1,Cc1cnc(N2CCCC2)c(Nc2ccc(S(=O)(=O)NC3(C)CC3)cc2)n1,0
protein68,1,CC(C)(C)OC(=O)C1CCN(C(=S)Nc2cc3c(cc2C(N)=O)CCO3)CC1,0
protein68,1,CCCCCN1CC(C)c2c1nc1cc(-c3cccc(OC)c3)nn1c2C,0
protein68,1,Cc1cc(NC(=N)N2CCC(CC(=O)O)CC2)cc(C)c1-c1nc(C(F)(F)F)no1,0
protein68,1,CC1=C(N2C(=O)CC(C)(C)NC2=S)CCC2CN(Cc3ccccc3)CCN12,0
protein68,1,CCC1(CN2CCN(C)CC2)CCCCC1C(=O)Nc1c(Cl)cnn1Cc1ccccc1F,0
protein68,1,CCn1c2c(c(C)cc1=O)C(CO)c1sccc1C2CN(C)C(=O)C(F)(F)F,1
protein68,1,O=Cc1ccccc1CCC1(c2ccccc2F)CCN(C2COC2)CC1,1
protein68,1,CCn1nc(CNS(=O)(=O)c2cc(Cl)cc(C(F)(F)F)c2)c2c(Cl)cc(Cl)cc21,1
protein68,1,CC(C)N1CCCCC1CNC(=O)c1cc2cc(I)ccc2[nH]1,0
protein68,1,CCCCC1=C(CN(C)C)CN(C)CCC(c2cccc(O)c2)C1,0
protein68,1,CCN1CCCc2cc(S(=O)(=O)NC(C)(C(=O)OC)c3ccccc3)ccc21,0
protein68,1,NC(=O)c1cc2cc(Nc3ncc4c(n3)NCCC4Cc3ccccc3C(F)(F)F)ccc2[nH]1,0
protein68,1,O=C(Nc1csc(S(=O)(=O)N2CCOCC2)c1)c1cccs1,0
protein68,1,CC(C=O)C(NC(=O)c1ccc([N+](=O)[O-])cc1)C(=O)O,1
protein68,1,O=C(CC1COCCO1)NCc1c(Cl)cc(F)cc1Cl,1
protein68,1,CC(C)(C)OC(=O)N1CCC(CCCN2C(=O)C(NC(=O)c3cc4ccccc4[nH]3)C(C)(C)C2c2ccccc2)CC1,0
protein68,1,O=C(CCCC1CN(Cc2ccccc2)C(=O)C2CCC(=O)N12)Nc1ccc(F)cc1F,0
protein68,1,CC1=CCN(C(=O)C2CCc3c(C)nc(nc3O)S2)C1,0
protein68,1,CCn1cc(-c2cn(C(C)C)c3nc(N)ccc23)c2nnc(C)n21,1
protein68,1,O=C(O)NC1CCC(CCN2CCCC2CN2CCC(NC(=O)c3ccc(F)cc3)(c3ccccc3)CC2)C1O,0
protein68,1,CCCCC1C(=O)CCOC1(Cn1ccnc1)c1ccc(Cl)cc1,0
protein68,1,CCCCn1cnc2c(N)nc(-c3ccc(OCCC(C)C)c(OC)c3)nc21,1
protein68,1,CCOc1ccc(C=NN2CCCCC2)cc1C,1
protein68,1,O=C(O)CC1(c2cccc3[nH]ccc23)CCCCC1NCc1c(O)ccc2ccc(O)cc12,0
protein68,1,O=C(Nc1cccc(OCCCN(CC2CC2)c2ncccn2)c1O)c1cccc(C(F)(F)F)c1,0
protein68,1,O=C(NCC1COc2c(cccc2-c2cc(C(=O)N3CCCCC3)n3cc(F)ccc23)O1)c1cccnc1,1
protein68,1,Nc1ncc(N2CCNCC2)c2cc(OC(F)(F)F)ccc12,1
protein68,1,CCOP(=O)(O)OC(=O)Nc1ccc([N+](=O)[O-])c(OCc2nc3ccccc3n2Cc2ccc(Cl)cc2)c1,1
protein68,1,Fc1cc(F)c(-c2ncc(Cl)c(N3CCOCC3)n2)c(Cl)c1,0
protein68,1,CC(=O)N(Cc1ccc(Cl)cc1)c1cc(-c2sc(N)nc2C(F)(F)F)nc(N2CCCC2)n1,0
protein68,1,CC1=CC(C)C(C(=O)Nc2ccc(Oc3cccc(C(N)=O)c3)cc2)CC1,0
protein68,1,O=C(Nc1ccc(N2C(=O)CCC2=O)cc1Cl)c1ccccc1F,0
protein68,1,O=C(NN=Cc1ccccc1O)c1cc([N+](=O)[O-])cc([N+](=O)[O-])c1,1
protein68,1,CC1CNCCC1CN1C(=O)C(=C(O)c2ccc(-c3ccccc3C(F)(F)F)s2)c2ccccc21,0
protein68,1,CN1C(C)(C)CCCC1(C)C1Cc2c(O)c(CNCC[S+](C)[O-])cc(C(N)=O)c2O1,0
protein68,1,CCCCc1cccc(-c2cccc(NC(=O)Cn3cc([N+](=O)[O-])cn3)c2)c1,1
protein68,1,CCN(CC)Cc1c(CO)cc(N)nc1C,1
protein68,1,O=C(Nc1nnc(-c2ccc([N+](=O)[O-])cc2)o1)c1ccccc1,1
protein68,1,Clc1ncc(Cl)c2[nH]c(N3CCOCC3)nc12,0
protein68,1,N#CC1CCCN1C(=O)C(Cc1c[nH]c2ccccc12)NC(=O)C(Cc1c[nH]c2ccc(F)cc12)NC=O,0
protein68,1,CC1(C)Cc2cccc(-c3nc(NCCCN4CCOCC4)nc4cc5c(cc34)CCO5)c2N1,0
protein68,1,CCn1c(Nn2c(CC3CCCC3)nc3ccccc32)nc2ccccc21,0
protein68,1,NCCCCC(CC(O)CO)CN1CCN(C(=O)c2cccc(F)c2F)CC1,0
protein68,1,Cc1cc(-c2ccccc2)c(C(=O)NC(C)Cn2ccnc2C)o1,0
protein68,1,CC(C(=O)N(c1ccccc1)c1ccccc1)=C(C)[N+](=O)[O-],1
protein68,1,CC(C)=CCOc1ccc(-c2nc3ccccc3n2CC(=O)N2CCC(Cn3ccnc3)CC2)cc1,0
protein68,1,Nc1nc2c(s1)C(=O)Cc1ccc(NC(=O)CN(CCCl)C3Cc4ccccc4C3)cc1-2,1
protein68,1,CC(C)CCC#CC1(O)C(=O)N(C(=O)c2ccccc2)c2ccccc21,0
protein68,1,CCc1ccc(C(=O)CN(C(C)=O)c2ccccc2NC(=O)COc2ccccc2F)cc1,0
protein68,1,Cc1cc(C(=O)Nc2cc(Nc3ncnc4ccccc34)cnc2Cl)c(C)[nH]1,0
protein68,1,CCCS(=O)(=O)N1c2cc(Cl)ccc2-c2cnccc2C1C(C)(C)C,0
protein68,1,CCN(CC)CCNC(=O)c1cc2c(OC(C)=O)c(Cl)ccc2n1Cc1ccccn1,1
protein68,1,CCC1CCCCN1C(=O)c1ccccc1NC(=O)CS(=O)(=O)c1cn(C)c2ccccc12,0
protein68,1,Cc1nc(Nc2ccc(N3CCNCC3CCOC3CCCCC3)cc2Cl)c2c(C(=N)N)c[nH]c2n1,1
protein68,1,Cc1cc(C(=O)N2CCCC(Cn3ccnc3)(C3CCNCC3)C2)c(C)o1,0
protein68,1,NC(=O)N1CCCC1=O,0
protein68,1,CCN(CC(=O)Nc1ccc(F)cc1F)Cc1ccc(-n2cc3c(c2C)COC(C)C3)cc1,1
protein68,1,CCC(C(O)OC)N(C(=O)c1c(O)cccc1O)c1ccc(C#N)cc1,0
protein68,1,CCCCC1(CC)C(=O)N2c3sc4ccnc(N)c4c3CC21,1
protein68,1,Cc1ccc2cc(C(=O)O)c(=NCc3cccc4c3ccn4CCS(=O)(=O)O)sc2c1,0
protein68,1,O=C(c1cc2cccnc2o1)N(Cc1ccc(Cl)cc1)c1cccc(C(F)(F)F)c1,0
protein68,1,CC(=CCCC(C)N)C(=O)N(C)c1cc([N+](=O)[O-])ccc1-n1c(C)ccc1C,1
protein68,1,CCCC(O)c1ccc2c(c1C)C1OC(C)(C)OCC1C(C)(C)O2,1
protein68,1,CCC1CN(CC(C)=COc2ccnc3ccccc23)C(=O)C1NS(C)(=N)=O,0
protein68,1,CC1=CC(C)(C)NCC(CN(C)Cc2cccc(F)c2)NC2CCC1CC2,1
protein68,1,CC1=CCC(C)(P(C)(N)=O)CC1,0
protein68,1,CCc1onc(-c2ccccc2)c1C(=O)n1cnc2ccccc21,0
protein68,1,CCCC(=O)N(C)CCCc1ccccc1,0
protein68,1,CN1CCN(Cc2c[nH]c3c4c(ccc23)NC(=O)C(C)(C)O4)CC1,1
protein68,1,CCc1nc2ccccn2c1S(=O)(=O)NC(=O)c1cccc(C(F)(F)F)c1Cl,0
protein68,1,CC(C)CC(=O)Nc1cc([N+](=O)[O-])ccc1N1CCNCC1,1
protein68,1,Cc1ccc(-n2cnc3c2CCCC3)cc1-c1ccc(C(=N)N)cc1,0
protein68,1,Cc1cc(O)nc(-n2nc(C)cc2-c2cccc(C(=O)N3CCN(c4ccccc4F)CC3)c2)n1,0
protein68,1,Cc1cc2cc3[nH]c(-n4ccnc4)c(C(N)=O)c3nc2cc1C,1
protein68,1,CCCNCC(CNC(=O)OC(C)(C)C)N(C(=O)N1CCOCC1)c1cccc(Cl)c1,0
protein69,1,Cc1c(CO)c2c3c4c1c(CNc1ccccc1S(C)(=O)=O)nn4CC(CO2)C3,1
protein69,1,Cc1snc(SCCC2C=CCCC2)c1C#N,0
protein69,1,O=C1CC(O)C(=O)N1c1cccc(-c2ccc(OC(F)(F)F)c(O)c2)c1,0
protein69,1,CCN1C(=O)C2Cc3ccccc3C(C1=O)N2C(=O)c1ccc(F)cc1,1
protein69,1,CC(C)CC(C(=O)Cc1cccc(O)c1)N1CCN(C)CC1,0
protein69,1,CCCCCOc1ncc(C2CC2)cc1-c1ccc(O)cc1,0
protein69,1,Cc1noc(C=Cc2ccccc2S(C)(=O)=O)c1C(=O)Nc1ccc2c(c1)OCCO2,0
protein69,1,OC1CCN(c2cncc(-c3ccccc3OCc3cccc(OC(F)(F)F)c3)n2)C1,0
protein69,1,O=C1CC(N=Cc2c(O)ccc(O)c2O)C(=O)N1Cc1ccccc1,1
protein69,1,Cc1cccc(NC(=O)c2cnc3c(CC(=O)Nc4ccccc4C(=O)NC4CCCCC4)nn(C)c3c2)c1,1
protein69,1,Cc1csc(C(=O)NC(=S)N2CCN(c3ccccc3F)CC2)c1,1
protein69,1,Nc1c(CSc2nc3ccccc3c(=O)[nH]2)oc2c(O)ccc(C(F)(F)F)c12,1
protein69,1,CCCN(C)C(=O)c1c(OC)c(-c2ccccc2)cc2c1N1CCC2C1,0
protein69,1,Cc1cc(-c2ccc(Cl)cc2)cn(N)c1=O,0
protein69,1,CCCCC(CCO)(c1ccccc1)C1CC(=O)N(c2ccccc2)C1=O,0
protein69,1,CCn1c(SCC(=O)N2CCCCCC2)nc2ccccc21,1
protein69,1,CCC(CN)NC(=O)c1cc2c(cc1OCc1ccccc1)NS(=O)(=O)c1ccccc1-2,0
protein69,1,CC(C)S(=O)(=O)NC1CC2C(=O)N(C1)c1cccc(-c3ccccc3)c1N2C,0
protein69,1,CC#Cc1ccccc1N1CCN(CC2CC(=O)N(C(=O)CCCc3cccnc3)C2)CC1,0
protein69,1,CC(C)CCNc1nc2c(c(-c3cccc4[nH]c(=O)oc34)n1)C1CC1N2,1
protein69,1,Nc1ccc(C(F)(F)F)cc1C=CC(=O)c1cc2n(n1)CCN(C(=O)c1cc(F)cc(F)c1)C2,0
protein69,1,CC(=O)OCCCCN1CCN(c2ncccn2)CC1,0
protein69,1,CC(C)(C)CN(C(=O)C(C)(C)S(=O)(=O)CC(N)=O)c1nc2ccc(-c3ccn[nH]3)cc2s1,0
protein69,1,CCC1CNc2ccccc2-c2nc3ncccc3c(C)c2CN1C(C)=O,1
protein69,1,Cc1ccc(O)c(NC(=O)c2[nH]c3ccccc3c2S(=O)(=O)c2ccccc2Cl)c1,0
protein69,1,CCCC(CC)C(=O)Nc1ccc(C)cn1,0
protein69,1,Nc1nccc(-c2cnc3c(c2)OC2(CCN(Cc4cccnc4)CC2)CC3CO)n1,0
protein69,1,CCn1cc(C(=O)O)c(=O)c2cc(F)c(N3CCC(Oc4ccccc4C(CC(=O)O)c4ccccc4Cl)CC3)nc21,0
protein69,1,CCOC12CCN(CC1)C(=O)c1onc(c1C)CSc1ccc(Cl)cc1NC(=O)C2,0
protein69,1,CC1CCCC2=C1N(Cc1ccccc1)C1=NCCN1C2,0
protein69,1,CCC1CCC2SC(NC3CN(C)C3)=NC3c4nc(-c5ccccc5F)sc4CN(C)Cc4ccccc4CCC(=O)N1C23,0
protein69,1,C[N+]1(CC(=O)N=C(N)Nc2ccc(S(=O)(=O)O)cc2O)CCCC1,0
protein69,1,CCN1CC(c2cnn(C)c2)N(c2ccc(I)cc2)C1=O,0
protein69,1,Cc1ccc(-c2cncc(-c3cnn(CC(=O)N4CCCC5(CCN(C)CC5)C4)c3)c2)cc1,0
protein69,1,CC(C)C(C)(C)CN1CCC(N2C(O)=C3C(=O)N=c4ccccc4=C32)CC1,0
protein69,1,CC(C)(C)OCCCCN1CCN(c2cnn3c2CCC3)CC1,0
protein69,1,CCCCC1(c2ccc(Cl)cc2Cl)C(=O)NN=C1I,0
protein69,1,CC(C)CN(Cc1ccc([N+](=O)[O-])cc1)S(=O)(=O)c1cccc(C(=O)N(C)c2ccc(S(=O)(=O)N(C)C(C)C)cc2)c1,1
protein69,1,CCCCc1nc2cc(Cl)ccc2n1-c1ncc2c(n1)N(C(=O)C(C)C)CCN2C,0
protein69,1,Cc1c(Cl)cccc1NC(=O)c1sccc1C(=O)O,0
protein69,1,CC(=O)OCC1CCC(CCS(=O)(=O)c2ccc(C)cc2)N(C)C1,0
protein69,1,CCN(CC)CC#CC(O)c1ccccc1,0
protein69,1,CCNC(=Nc1nc2cc(C)ccc2[nH]1)Nc1cc(C)[nH]n1,1
protein69,1,CC1(C)CC(N2CCNCC2)Cc2cn(S(=O)(=O)c3ccccc3)c3ccc(cc23)C(=O)NCc2nc3ccccc3n2C1,1
protein69,1,Cc1ccsc1C(=O)Nc1cc(Nc2nc3nc(-c4nccs4)ccc3cc2C(N)=O)ccc1F,1
protein69,1,CC1CCC(N(C)Cc2cc(-c3cccc(CC(C)(C)CC(=O)O)c3N)cc(Cl)c2O)CC1,0
protein69,1,O=C(NC(=S)Nc1ccc(F)cc1F)C1CCN(c2ccc(F)c(Cl)c2)C1,0
protein69,1,CCC1(CC)NCN(CCCN2CCc3nc4ncccc4c(Nc4cc(C(F)(F)F)nc5cc(Cl)ccc45)c3C2)C1=O,1
protein69,1,CC(C)CCCCC1(C)CCC=CCCNCC(O)COC1,0
protein69,1,CC(C)CC(NC(=O)C(NC(=O)c1cccc(F)c1)C(C)C)C(=O)NO,0
protein69,1,O=C(Nc1ccc(Cl)cc1)C1CCN(c2cc(-c3nn(C4CCOC4)c4ncccc34)ncn2)CC1,1
protein69,1,CCN(CC)CC,0
protein69,1,Cc1ccccc1CC(=O)N1CCCCC1c1nc(C#N)no1,0
protein69,1,CCC(CC)C(=O)N(CCC#Cc1ccccc1Cl)c1c(N)n(C(C)(C)C)cnc1=O,0
protein69,1,Nc1ccc(-c2cc(C(F)(F)F)c3c(Nc4cc(N)ncn4)cccc3n2)cc1,1
protein69,1,CCCn1c(N2CCN(N=Cc3ccccc3C#N)CC2)nc2ccccc21,1
protein69,1,CCCn1c(=O)c2c(c3cc4cccc(OC)c4nc31)C(=O)N(C)C2=O,1
protein69,1,CCn1cc(C(=O)NS(=O)(=O)c2ccccc2C(F)(F)F)c(=O)n2c(=O)cc(C)nc12,0
protein69,1,CCC(C)C(=O)Nc1nc(Nc2cc(Cl)cc(Cl)c2Cl)cc(=O)[nH]1,0
protein69,1,Cc1ccc(NS(=O)(=O)c2cccc(-n3c(=S)n(C)c4c(-c5ccccn5)nnc(C)c43)c2)cc1,0
protein69,1,CC(C)Nc1nc(Cl)cc(NC(=O)OC(C(F)(F)F)(C(F)(F)F)C(F)(F)F)n1,0
protein69,1,CCCNC(=O)c1sc(Nc2ccc([N+](=O)[O-])cc2)nc1C,1
protein69,1,Cc1ccccc1CN1C(=N)N(C)C=NC1(C)C,1
protein69,1,CCn1cnnc1-n1c(=O)n(CC2COCCN2)c2cccc(-c3nc(OC)ccc3C(F)(F)F)c21,1
protein69,1,O=C1NCC2(N1)c1[nH]c3ccccc3c1C1CCCC2C1,1
protein69,1,O=C(Nc1cc(C2CCN(Cc3ccccc3)CC2)ns1)c1ccccc1F,1
protein69,1,O=C(COc1ccccc1-c1ccccc1F)NN=C1CCCC1,0
protein69,1,CC(Cn1c(=O)c2c(c3cccnc31)CCCC2)N1CCOCC1,0
protein69,1,O=Cc1ccc(CCc2ccccc2C(F)(F)F)c(O)c1O,0
protein69,1,O=C(Nc1ccc(OC(F)(F)F)cc1)NC1CCCN(Cc2ccccc2F)C1,0
protein69,1,CCn1cc(C(=O)O)c(=O)c2cc(F)c(N3CCN(CC(F)(F)F)CC3)cc21,1
protein69,1,CCN1CCN(c2nc3ccc([N+](=O)[O-])cc3c(C)c2C#N)CC1,1
protein69,1,CCOC(=O)C1CCCCCC1N(C)C(=O)N(C)c1cc(-c2ccccc2)n(C(C)=O)c1,1
protein69,1,O=C1C=C(Nc2cccc(C(F)(F)F)c2)CCC1,0
protein69,1,CC(C)CC(=O)c1sccc1NC(=O)c1c(F)ccc(F)c1F,0
protein69,1,CC(=O)Oc1ccccc1C1=NN(C(N)=O)C(c2c(F)cccc2F)C1,1
protein69,1,CC(CN)(CCCC1CCCCN1)c1ccc(F)cc1,0
protein69,1,Cc1cnc(C(=O)OCC(=O)Nc2ccccc2Cl)cn1,0
protein69,1,CCOC(=NNC(=O)c1ccncc1)c1cn(Cc2c(O)ccc3cccc(CC)c23)nn1,1
protein69,1,CC(C)CS(=O)(=O)N(C)C(=O)c1ccccc1-c1ccc2c(c1)CC(NC(=O)C1CC1)C2,0
protein69,1,CC(=O)NC(=S)Nc1ccc([N+](=O)[O-])cc1Cl,1
protein69,1,O=C1NC(Cc2ccccc2-c2nc(NCC(F)F)c3sccc3n2)C(=O)N2CCCC12,0
protein69,1,Cc1cccc(CN2CCN(CC(O)COCCn3c(Cl)nc4cccnc43)CC2)c1,0
protein69,1,CC(C)Sc1nc(C(N)=O)cc(-c2ccnc(Nc3ccc(Cl)c(Cl)c3)n2)c1N,0
protein69,1,CN1C(C)(C)CC(O)C12CCN(C(=O)c1cc3n(n1)C(C(F)(F)F)CNC3)CC2,0
protein69,1,Cc1ccc(OC(=O)N2CCN(C(c3ccccc3)c3cc(NC(=O)c4ccccc4-n4nccn4)ccc3C)CC2)cc1,0
protein69,1,O=C1CCC(c2ccc(Cc3c[nH]c4c(Nc5ncnc6[nH]ccc56)ncc(C5CC5)c34)cc2)CC1,0
protein69,1,Cc1cccc2nc(N3CCC4(CC3)C(=O)N(O)C(=O)c3ccccc34)oc(=O)c12,1
protein69,1,O=C(Nc1cccc(C(F)(F)F)c1)Nc1ccc(I)cc1Cl,0
protein69,1,CC(C)CC1C(=O)NC(C(=O)O)C(C2CCCCCC2)N1CC1CCCCC1,0
protein69,1,Cc1cc(COc2cccc3c(C4CC4)cn(Cc4ccc(Cl)cc4)c(=O)c23)no1,1
protein69,1,CC(C)(c1cn(-c2nnc(C(F)(F)F)s2)c2ccccc12)C(N1CCCC1)C(O)(Cn1cncn1)c1ccc(F)cc1F,0
protein69,1,NCCC12CCN(C(=O)Nc3ccccc3OC(F)(F)F)CCC1c1ccc(F)cc12,0
protein69,1,O=C(Nc1cn(-c2ncccn2)nc1-c1ccc(C(F)(F)F)cc1C(F)(F)F)c1ccccc1F,1
protein69,1,CCc1cc(S(=O)(=O)Nc2ncccn2)ccc1N1Cc2ccccc2C1=O,0
protein69,1,CCc1sc(C(=O)Nc2nc(Nc3ccccc3C)c3ccccn23)nc1C,1
protein69,1,Cc1ccccc1N1CCN(C(=S)Nc2cccc(-c3cc4c(oc3=O)C(=O)N(C(=O)C3CCCC3)C4=O)c2)CC1,1
protein69,1,CCCCc1nc2ccc(C)cc2c2c1OCO2,0
protein69,1,NCCSc1ccccc1,0
protein69,1,O=C(O)CCNC(=O)C1CCCN1S(=O)(=O)c1ccc2c(c1)C(=O)c1ccc(F)cc1CC2,0
protein7,1,CC1(C)CCc2c(c(NC(=O)CC#N)nc3ccccc23)C1,0
protein7,1,CC(C)(C)C(C)(O)CN1CCc2ccccc2C1,0
protein7,1,CCC(C)C(=O)NC1CCCCC(N(C(=O)Nc2ccc(Cl)c(Cl)c2)n2c(C(F)(F)F)cc3cccnc32)C1,1
protein7,1,Nc1cccc(-c2cnc(-c3ncccc3C3Nc4cc(Cl)ccc4NC3=O)s2)c1,0
protein7,1,CCNC(=O)c1c2c(n(C)c1C)-c1ccccc1S(=O)(=O)N2C,0
protein7,1,O=C(Nc1ccccc1N1CCCC1)Nc1ccccc1C(F)(F)F,0
protein7,1,CC(NC(=O)c1cccc(Cl)c1)C(O)=C(C#N)c1nc2ccccc2n(C)c1=O,0
protein7,1,CC1CCN(C(=O)c2ccc(S(=O)(=O)N(Cc3cc(Cl)ccc3OC(F)(F)F)CC3CCCO3)cc2)CC1,1
protein7,1,CC(C)N1CCCc2cc(-c3nc(-c4ccc(F)cc4F)cnc3N)c(F)cc21,1
protein7,1,Cc1ccc(C(=O)Oc2ccc3c4nnc5c(c4n(C)c3c2)N(C(C)C)C(=O)CS5)cc1N(C)C,1
protein7,1,CCNc1ccc(NC(=O)CCCN2CCN(c3ncccc3C)CC2)c(F)c1,0
protein7,1,CCCCCCN(C)Cc1ccc(OC)c2ccccc12,0
protein7,1,O=C(Cn1c(-c2cc(Cl)ccc2O)nc2ccccc21)Nc1cc(Cl)ccc1N1CCOCC1,0
protein7,1,CCC(C)C1CC2CN(CC[S+]([O-])c3ccc(cc3)-c3noc(n3)C(Cc3ccccc3)NC2=O)C1=O,1
protein7,1,Cc1cc(CN2CC(C)CC(CN(Cc3c(C)noc3C)C(=O)C3CCCCC3F)C2)no1,0
protein7,1,CCn1c(C(F)(F)F)c(C=NCC(=O)Nc2cccc(Cl)c2C)c2ccccc21,1
protein7,1,Cc1ccc(C)c(OCC(=O)NC(C(=O)NC(C#N)C(c2ccc(-c3ccncc3)cc2)C(C)(C)O)C(C)(C)C)c1,0
protein7,1,CCS(=O)(=O)N1Cc2ccccc2SC12CCN(C)CC2,0
protein7,1,CCN=C(N)OCc1c(O)cccc1C1CC(=O)c2ccc(OC)cc2C1,1
protein7,1,O=C1c2ccccc2-c2ccc(cc2)OCC2CC(=O)N(C2)c2cccnc21,1
protein7,1,CC(C)C(NC(=O)c1ccc(F)cc1C(F)(F)F)C(=O)NC1c2c(C(F)(F)F)ccc([N+](=O)[O-])c2CC1O,1
protein7,1,CC(C)c1cc(-c2ccc(CC3CC(C)(C)NC3=O)cc2)ccc1CC1N(C)CC(O)CN1C(C)C(=O)NO,0
protein7,1,Cc1cnc(C(=O)Nc2cc(-c3cncc(F)c3)ccc2CC2COCC(=O)N2C)cn1,1
protein7,1,CC1CCCN(c2cc(OCc3cc4c(cc3Cl)CCCC4N3CCOCC3)ccc2Cl)C1,0
protein7,1,CC(N)=CCC1COc2cc(O)c(-c3ccccc3)cc2C1(C)C,0
protein7,1,CCCCOc1ccc(-c2nn3c(C4CCCCC4)nn(c3=S)c3ccccc3o2)cc1,0
protein7,1,Cc1ccc(N2C(=O)CC(N3CCCCCC3)C2=O)cc1,0
protein7,1,CC(CC(=O)N1CCOCC1)Cc1nn2cc(-c3ccccc3Cl)nc2s1,0
protein7,1,CCc1cc(Nc2ccc(C)c(S(=O)(=O)N(C)C)c2)nc2ccccc12,1
protein7,1,CC(=O)N1CCN(c2ccc(-c3ccc(C(=N)NO)nc3)cn2)CC1,1
protein7,1,Nc1ncc(C(F)(F)F)c(N2CCOCC2)n1,0
protein7,1,CCC1CN(C2CCCC2)C(=O)c2ccc(-c3nc(N4CCNCC4)c4ccccc4c3C#N)cc2O1,1
protein7,1,CC1(C(F)(F)F)CC([N+](=O)[O-])=C(N)O1,1
protein7,1,O=C1NC(Cc2c(F)ccc(F)c2F)CN(Cc2ccccc2OC(F)(F)F)C1Cc1cn[nH]c1,1
protein7,1,CC1(C)Nc2c(cc(NC(=O)c3cc(C(C)(C)C)ccc3O)c3cnccc23)NC1=O,1
protein7,1,CC=C(C#N)c1ccccc1,0
protein7,1,O=c1ccc2c(O)c(OCc3ccccc3)ccc2o1,0
protein7,1,CCCN(CCC)C1Cc2cccc3c2C1CO3,1
protein7,1,CC(C)C12Oc3ccccc3-c3cc(F)cc(c31)COC2C,1
protein7,1,CCCCOC(=O)C1CSC=C(C)C(C(C)=O)C(c2ccccc2)C=CCC(=O)N1,0
protein7,1,CCC(CO)NC(=O)OCc1cccc(-c2cc(CN3CCN(C)CC3)cnc2Sc2ccc(F)cc2)c1,0
protein7,1,Cc1cc(N2CCN(C)CC2)nc2cc(-c3ccc(C4CC(=O)N4)cc3)ccc12,1
protein7,1,O=C1Nc2ccc(Cl)cc2C1=C(O)c1c(Cl)ccc([N+](=O)[O-])c1Cl,1
protein7,1,CC(=NNc1ccc([N+](=O)[O-])cc1)C1CCC(C)CC1,1
protein7,1,Cc1c[nH]c(-c2ccc(-c3nc4cc5c(cc4[nH]3)OCCO5)cn2)n1,1
protein7,1,CCn1c(=O)c2c(cc(-c3cc(Cl)cc(OC(F)(F)F)c3)n2-c2ccc(N3CCCC3CO)nn2)n(C)c1=O,1
protein7,1,Cc1cc2c(c(NC(=N)N)n1)c(-c1cccc(F)c1)nn2CC(F)(F)F,1
protein7,1,CCN(CC)CC#CCC1(c2ccccc2-c2ccccc2)CCCN(C(C)=O)C1,0
protein7,1,CCCCC(C)C(C)(C)NC(=O)C#CC=[N+](C)CCO,0
protein7,1,CCn1cc(NC(=O)c2cncc(-c3cccc(Cl)c3)n2)cn1,0
protein7,1,CCN(CC(N)=O)c1cccc(-c2ccc3c(c2)C(=O)NC(=O)C3N2CCCC2COC)c1C,1
protein7,1,CCc1ccc(Cn2c(=O)[nH]c3cn(Cc4ccccc4Cl)nc3c2=O)cc1,0
protein7,1,CCC(C(=O)NC(C(=O)Nc1nnc(-c2cccc(C(C)(C)C)c2)s1)C(C)C(C)C)n1ccccc1=O,0
protein7,1,Cc1cc(O)nc(N=NC(=N)S)n1,0
protein7,1,Nc1nc(N)c2c(O)c(CSc3ccccc3)ccc2n1,1
protein7,1,Nc1ncnc2c1c(-c1ccccc1)cn2COC(CO)CO,1
protein7,1,CCOc1ccc([N+](=O)[O-])cc1,1
protein7,1,CC(C)CCN1CCC(OCc2ccc(Oc3ccccc3)cc2)C1,0
protein7,1,O=C(Nc1nc2cc(Cl)c(F)cc2s1)c1cc(C(F)(F)F)ncc1Cl,0
protein7,1,Cc1cccc(CN2CCCCC2C)c1-c1ccc(C#N)cc1,1
protein7,1,Cc1ccc(N(C)c2ccccc2-c2cc(C(=O)O)cn2-c2cccnc2)cc1,1
protein7,1,Cc1ccc(-n2ccnc2SCC(=O)Nc2ccc(C(=O)Nc3ccccc3C#N)cc2)cc1,0
protein7,1,Cc1ccc2c(c1)nc(N)n2CC1=CC(CO)CC2(C1)Cc1ccccc1C2,1
protein7,1,CCC(CC1CCN(C)C(Cc2ccccc2)C1)Cn1nnc(C(=O)Nc2c(Cl)cccc2Cl)c1N,0
protein7,1,CCCCC(N)C(=O)NCC(=O)Nc1ccc(F)c(C)c1,0
protein7,1,CCn1ccc(-c2ccc(C(N)=O)c(O)c2F)n1,1
protein7,1,CCn1cnc2c(Cl)nc(-c3cc4n(n3)CCCN4c3ccc(C(F)(F)F)cc3)nc21,1
protein7,1,Cc1noc(C)c1CN(C)c1cnnc(Cc2c(F)cccc2F)n1,0
protein7,1,CCCNC1c2cc(-c3cnc(Cl)c(C(F)(F)F)c3)ccc2N2CCN(C)CC1C2,0
protein7,1,O=C(Nc1ccc([N+](=O)[O-])cc1-c1nc2ccccc2c(=O)n1O)C(F)(F)F,1
protein7,1,Nc1ccc(C(=O)CSc2nnc(-c3cc(Cl)ccc3OC3CCCC3)n2-c2ccccc2)cc1O,0
protein7,1,O=C(Nc1nnc(-c2cccc(F)c2F)c2ccc(C(F)(F)F)cc12)c1c(F)cccc1F,0
protein7,1,CCC(CC(C)C)N(C(=O)Nc1nc2ccc(S(=O)(=O)c3ccccc3C)cc2n(C)c1=O)C(C)C,1
protein7,1,Nc1ncc(-c2cc(C3CCN(CC(=O)NCc4ccc(F)c(C(F)(F)F)n4)C3)ccc2F)cn1,1
protein7,1,O=[N+]([O-])c1c(Cc2ccc(OC(F)(F)F)cc2)n[nH]c1-c1ccccc1C(F)(F)F,0
protein7,1,CCC1n2c(nc3cc(Cl)ccc32)N(CCC(C)C)CCN2CCC(C2)CC1(O)C(C)(C)CO,0
protein7,1,Cc1ccc(-c2n[nH]c(=S)n2Cc2ccc(CCS(=O)(=O)N3CCOCC3)cc2)cc1C,0
protein7,1,CCCCC1CNCC(CC2CCN3CCC4CCC(CO2)N4C3=O)O1,0
protein7,1,Cc1c(C(=O)NC(C)C)n(CC(=O)NCc2ccc(F)cc2)c2ccccc12,0
protein7,1,CC(C)(C)C1C(=O)NC(c2ccc(OC3(c4ccc(F)cc4F)CCC(CO)C3)cc2)C2CCN(CCCC1O)CC2,0
protein7,1,Fc1ccccc1OCc1oc(-c2ccccc2F)cc1-c1nc2ccccc2[nH]1,1
protein7,1,CC(C)C=C1C(=O)Nc2ccccc2N(CC2(N(C)C)CCOCC2)C1C(F)(F)F,0
protein7,1,O=Cc1cc(S(=O)(=O)NC2CCCCC2)ccc1F,0
protein7,1,O=C1Nc2ccc(-c3csc(N4CCCCC4)n3)cc2C1C1CCN(CCO)CC1,1
protein7,1,CCCCNC(=O)C1CC(N(C)C(=O)C=C(c2ccccc2)c2ccccc2)CN1,0
protein7,1,CC(C)(Cc1ccc(C(F)(F)F)cc1)C(O)C(=O)O,0
protein7,1,CCCN(C)Cc1coc(COc2ccc(Cl)cc2)n1,0
protein7,1,CCn1c2c(c3ccccc31)CC1Cc3cc(Cl)ccc3C2N1,1
protein7,1,Cc1ccccc1C1CC2CCCCN2C(CCCCCC(=O)NO)CN1C,0
protein7,1,CCN(CC)c1ccc(-c2nc3cc(C(=O)Nc4ccccc4N4CCCC4)ccc3s2)cc1,1
protein7,1,CCCNc1cc(=O)[nH]c2cccc(Nc3ccccc3C(=O)O)c12,1
protein7,1,CCC(Nc1nc(N)c(C(N)=O)c2cc(C(F)(F)F)c([N+](=O)[O-])cc12)c1ccccn1,1
protein7,1,CCC(C)C1=C(O)CN(C(C)=O)C(c2cc(OC)cc(OC)c2-c2ccccc2C#N)S1,0
protein7,1,Cc1cc(NC(=O)OCC23CCN(CC2)C(C)(C)C3)no1,1
protein7,1,O=C(O)C1CSc2nc(Cc3cccc(Cl)c3)cc(=O)n21,0
protein7,1,CCN(C)c1ccc(OCc2c(N3CCOCC3)nc3sc(-c4ccncc4)nn23)cc1,1
protein7,1,Cc1nc2cc(C(=O)N3CCN(c4ncccn4)CC3)ccc2[nH]1,1
protein7,1,CCN(CC)C(=S)NN=C(C)CCl,1
protein7,1,CCC1CN(C(CO)c2ccc(Cl)cc2Cn2c(N3CCNC3=O)nc3c(-c4ccccc4F)cn(C)c3c2=O)C(=O)O1,1
protein7,1,CC(=O)N1CCC(Oc2cc(-c3ccc(C4CC4)nc3)nc(Oc3cc(C)c(F)c(C)c3)n2)CC1,1
protein70,1,CC(C)CCCCC1C(=O)N(c2ccccc2)C(=O)C1N=[N+]=[N-],1
protein70,1,CC(C)CCCC1CC(=NO)C(NCC(O)c2cccnc2)C1,0
protein70,1,CC(C)CC1(N2CCC(C(=O)O)C(F)C2)CC(n2cnc(-c3ccncc3)n2)CC1O,0
protein70,1,Nc1nsc(Sc2ccc(Cl)cc2)n1,1
protein70,1,CC(=O)Nc1nnc(S(=O)(=O)N2CCC(CC(C)(C)C)CC2)s1,0
protein70,1,CC(Cc1ccccc1)NC(=O)CCOc1ccc([N+](=O)[O-])cc1[N+](=O)[O-],1
protein70,1,O=C1NC2(C(=O)Nc3ccccc31)c1ccccc1COc1ccc(F)cc12,0
protein70,1,CCc1cc2ccccc2nc1SCC1(CN2CCCCC2)CCOC1CC1COC(=O)N1Cc1ccc(C(=N)N)cc1,0
protein70,1,CCCn1c(CNc2ccccc2[N+](=O)[O-])nc2ccccc21,1
protein70,1,Cc1nc2ccc(N(C)c3ccc(F)cc3)cc2n1CCCC(=O)NC(C)C,0
protein70,1,CC(C)(CC(=O)O)CC(=O)Nc1ccc([N+](=O)[O-])nc1,1
protein70,1,Cc1cc(-c2cccc3sc(Nc4ccc(C(=O)N(C)C)c(OC(F)(F)F)c4)nc23)no1,1
protein70,1,CCN1C(=NC#N)OCC(C)(C)c2cccc(C)c21,1
protein70,1,CCCCCCCC(C(=O)OC)N1C(=O)c2ccccc2C1=O,0
protein70,1,COc1cccc(C2(Oc3cc4c(c5c(=O)[nH]ccc35)CCCN4C(=O)C(CC(C)C)CC(C)C(N)C(=O)O)CCNCC2)c1,0
protein70,1,Cc1ccccc1NC(=O)CSc1nc(-c2cccc(OCC(N)=O)c2)c2[nH]c3ccccc3c2c1C#N,1
protein70,1,Cc1ccccc1NC(=O)c1sc2nc(-c3ccccc3)cn2c(=O)c1CC(=O)O,0
protein70,1,Cc1nc(-c2cc3ncc2-c2cc(C(=O)O)ccc2OC2CCN3CC2)nc2[nH]cc(-c3ccc(F)cc3)c12,0
protein70,1,CCS(=O)(=O)N1CCN(C(=S)SCc2ccc(C(C)C(F)(F)F)cc2)CC1,0
protein70,1,O=Cc1cc(NC(=O)c2ccnc3cc(F)c(F)c(F)c23)cnc1OCc1ccccc1,1
protein70,1,O=Cc1ccnc(C(=O)Nc2cc(C(=O)C(F)(F)F)ccc2N2CCCCC2)c1,0
protein70,1,Cc1ccc(-c2nc(CNCc3c(F)cccc3Cl)co2)cc1,0
protein70,1,O=C(Nc1nc(-c2cccc([N+](=O)[O-])c2)cs1)c1ccc(NCC(F)(F)C(F)(F)F)c([N+](=O)[O-])c1,1
protein70,1,CC(=O)c1ccc([N+](=O)[O-])c(NC(=S)Nc2ccc(S(=O)(=O)Nc3ncncc3Cl)cc2)c1,1
protein70,1,CC(C)C12NCC3CC1CN(C(=O)CCO)C3C=Cc1cc2c(Cl)c(C(F)(F)F)c1O,0
protein70,1,O=C(c1cc2c(O)cccc2[nH]1)N1CCCC1,0
protein70,1,Cc1ccc(C)c(Nc2ncnc3c(C(N)=O)cc(-c4ccncc4)cc23)c1,1
protein70,1,CCCCN(C)c1cccc2nc(C(=O)Nc3ccccc3N3CCNCC3)n(C)c12,0
protein70,1,O=C1Cc2ccccc2CN1c1cc2ccc(-c3ncccn3)cc2s1,1
protein70,1,Cc1ccc(Cl)nc1C(NC(=O)c1cc(Cl)c(C)c2onc(C)c12)c1ccccc1F,1
protein70,1,O=C(CCn1c(C2=CCCC2)nc2ccccc2c1=O)N1CCN(Cc2ccccc2F)CC1,1
protein70,1,O=C(Nc1ccc([N+](=O)[O-])cc1)C(CN1CCN(c2ccccc2)CC1)c1ccccc1,1
protein70,1,Cc1ccc(S(=O)(=O)Nc2ccn(Cc3ccccc3)n2)cc1,0
protein70,1,CCC1C(=O)NC(=S)N(Cc2cc(-c3c(F)cc4c(=O)[nH]c5ccccc5n4c3=O)ccc2F)C1=O,0
protein70,1,CCC1CCC(Oc2ncc(Cl)cc2F)CN1S(=O)(=O)c1ccc(NC(=O)c2ccccc2O)cc1,0
protein70,1,O=C(CN1CCc2ccccc2C1)NCc1cc(C(F)(F)F)ccc1F,0
protein70,1,Cc1noc(C2CC2)c1C(=O)NC(C)(C)c1ccc(C(=O)C(C)C)cc1,0
protein70,1,Cc1cc2sc(N3CCCC(C(O)(c4ccccc4)c4cccnc4)C3)cc2nc1C,0
protein70,1,Cc1ccc(N)cc1-c1nc(N(CCC(F)(F)F)CC(C)C)nc(NC(=O)OCC2NC(=O)CC2CC2CCCOC2)c1F,1
protein70,1,COc1cccc(-c2nc(-c3ccccc3)nc3ccc(NC(=O)C(C)N)cc23)c1,1
protein70,1,Cc1cc(C(=O)Nc2cccnc2C(F)(F)F)no1,0
protein70,1,Cc1ccc(-c2cccc(NC(=O)C(C)[S+]([O-])Cc3ccccc3F)c2)nc1,0
protein70,1,N#CC1(C(=O)N(CCNS(=O)(=O)c2ccccc2Cl)c2ccccc2)CCCCC1,0
protein70,1,CCC1Cc2c(O)cc(O)cc2CN1,0
protein70,1,CCn1cc(NC(=O)NCC2CN(c3ccnc(N(C)C4CCC4)n3)C(=O)O2)cn1,1
protein70,1,CC(C)n1c2c(c3cc(Cl)ccc31)CC(O)C=C2,0
protein70,1,CC#CCN(C)C1=Nc2ccc3ccc(C)c4c3c2OC1(C#N)CCC(=O)N4,1
protein70,1,CCCCN(CCN1CCCC1)c1cc(N(C)C)cc2[nH]c(-c3ccc4cc(OC(F)(F)F)ccc4n3)cc12,1
protein70,1,O=CCC1CCN(S(=O)(=O)c2cc(C(=O)N3CCCC3c3nccs3)ccc2Cl)CC1,0
protein70,1,Cc1cc(NC(=O)c2c(CCCN3CCCCC3)c3ccc(F)cc3n2S(=O)(=O)c2ccccc2)cc(C)c1OC1(C)CCC1,0
protein70,1,CC(=O)NC(C)c1ccccc1OCC1(c2cc(F)c(N)c(F)c2)CC1c1ccc(C(F)(F)F)nc1,0
protein70,1,CCc1nc2c(N)c(CN3CCNCC3)cc(F)c2n1Cc1cccc(Cl)c1F,1
protein70,1,Nc1nc(N)nc(C2CCN(Cc3cnccn3)CC2)n1,1
protein70,1,Cc1ccc(Nc2cc(-c3ccc(Nc4nccs4)nc3)nc(C)c2C#N)cn1,0
protein70,1,CCCC(=O)N1c2ccccc2COc2ccc(-c3cccc(NC(=O)C(CC(=O)OCC)N4CCC(O)C4)c3)cc21,0
protein70,1,CC(C)(C(=O)NC1CCc2cc(-c3ccccc3)c3[nH]cnc3c2C1)n1c(C(F)(F)F)nc2cccnc21,0
protein70,1,CCc1cc(C(=O)Nc2ccc([N+](=O)[O-])cc2S(=O)(=O)N(C)C)c(C)nn1,1
protein70,1,CCn1c2ccc(NC(=O)C=C(C)C)cc2c2nc3c(nc21)CCNC3,1
protein70,1,COc1ccc(N(CCN(C)C)S(=O)(=O)c2ccc(NC(=O)c3ccccc3Nc3cccc(C(N)=O)c3C)cc2)cc1,0
protein70,1,CCC1(F)CN(c2ncccn2)CC(CNC(=O)c2cccs2)O1,0
protein70,1,Cc1nc(-c2ccc(Cl)cc2)n(-c2ccccc2)c1[N+](=O)[O-],1
protein70,1,CC1=NCC(C#CCN2CCN(c3ccc([N+](=O)[O-])c(C(F)(F)F)c3)C(=O)C2)O1,0
protein70,1,Nc1ccc(NC(=O)c2cc(Oc3cccc(N4CCCC4)c3)c3cc(F)ccc3n2)nc1,1
protein70,1,Cc1c[nH]c2ncn(Cc3ccccc3-c3ccccc3)c(=O)c12,1
protein70,1,CC(C)(Cn1ccnc1)n1c(=S)n(C2CCOCC2)c2c(Cl)cc(Cl)cc21,0
protein70,1,O=C(NO)c1ccc(N2CCN(CC3CCc4c(NCc5c(F)cccc5Cl)cccc43)CC2)nc1,0
protein70,1,Nc1cc(F)cc(S(N)(=O)=O)c1,0
protein70,1,CCN(c1cccc(Cl)c1)S(=O)(=O)c1ccc(-c2nnc3c4ccccc4cn3c2NCCCN(C)C)s1,1
protein70,1,CCOC1c2cc(O)ccc2COc2ccc3c(c(C(=O)N4CCNCC4)nc4c(C)cccc43)c21,1
protein70,1,Cc1ccn(-c2ccc(C(c3ccc(F)cc3)N3CCN(C(=O)C(Cc4ccc(OCCC(F)(F)F)cc4)C4CC(=O)N5CCOC(C4)C5)CC3)cc2)n1,0
protein70,1,O=C1NC(=O)N2c3ccc(-n4ccnc4)cc3CCC12,0
protein70,1,O=C(Nc1ccc(F)cc1F)C12C=NN=C1N=c1ccccc1=C2,1
protein70,1,Cc1c(OC2CCCC2)cc(C(=O)Nc2nncs2)cc1-c1ccc(O)cc1,0
protein70,1,O=C(c1c(O)c(N2CCCCC2)nn2cc3ccccc3c12)N1CCCC1,1
protein70,1,CCOCc1nnc(SC)c2ccccc12,0
protein70,1,CC1CCCCC1Nc1cc(NC(=O)c2cc(Cl)ccc2N)ncc1[N+](=O)[O-],1
protein70,1,Cc1cc2ncnc(NS(=O)(=O)c3ccccc3-c3ccc(C(=O)N4CCCCC4)o3)c2cc1C,0
protein70,1,Cc1noc(-c2ccc3c(c2)OCCO3)c1-c1ccc(Oc2ccc(C(C)(C)C#N)cn2)cc1,0
protein70,1,Cc1ccc(-n2nnc(CS(=O)(=O)c3ccc(F)cc3)n2)c(C)c1,0
protein70,1,Cc1nc2c(c3ccccc13)OC1(CC2)CCN(C(=O)c2c[nH]c3cccnc23)CC1,0
protein70,1,Cc1cc2c(CCN3CCCCC3)c(O)c(I)c(Cl)c2s1,0
protein70,1,CCCS(=O)(=O)N1CCC(Oc2ccc(C(C)=NNC(=O)c3ccccc3C(F)(F)F)cc2OCC)CC1,0
protein70,1,CC(C)C(C(=O)Nc1ccc([N+](=O)[O-])c(C(F)(F)F)c1)c1ccccc1,0
protein70,1,O=C(Nc1ccnc2ccc(-c3cc4ccccn4c3)cc12)c1ccc(N2CCOCC2)cc1Cl,0
protein70,1,CCn1c(CC(N)C(=O)N2CCCC2C(=O)N2CCCC2)nc2ccccc21,0
protein70,1,NC(=CC(=O)CCC1CCN(c2nc3ccc(F)cc3[nH]2)CC1)C(=O)O,0
protein70,1,Cc1nc2cc(NC(=O)c3c(C(F)(F)F)ccc(N(C)C)c3S(=O)(=O)CC#N)ccc2n1-c1ccccc1,1
protein70,1,O=Cc1cn(CC(Cc2cccnc2)CS(=O)(=O)c2ccccc2)c2ccccc12,0
protein70,1,O=C(CN1CCCC(Cn2cc(CC3CCCOC3)cn2)C1)Nc1ccccc1F,1
protein70,1,O=C(C[n+]1cccc(N2CCOCC2)c1)Nc1ccon1,0
protein70,1,CC(C)CC(NC(=O)C(C(C)C)N1C(=O)c2ccc(Cl)cc2C1=O)C(N)=O,0
protein70,1,CC(C)CC1OC(N)=NC1c1cc(Cl)c(C(NCC2(N3CCOCC3)CCCCC2)c2ccccc2N2CCNCC2)cc1F,0
protein70,1,Cc1nc([N+](=O)[O-])cn1Cc1cc(F)c(F)cc1F,1
protein70,1,Cc1sc(SC(=NC#N)N2CCC(c3nc4c(C)ccc(C)c4n3C)CC2)c(C(N)=O)c1C,1
protein70,1,CCN(O)C(=N)NC1CCCCC1C,0
protein70,1,CCc1ccc(Nc2c(C(=O)NCc3ccc(F)cc3)nc3c(C(F)(F)F)cccn23)cc1,0
protein70,1,CCCCN(CC)Cc1c(C)noc1C(=O)Nc1nc2ccccc2[nH]1,0
protein70,1,Cc1cc([N+](=O)[O-])cn2c(NCCN3CCOCC3)c(-c3ccccc3)nc12,1
protein70,1,CCCCCN(CCO)Cc1coc(-c2cc(-c3cccnc3OC)ccc2C)n1,0
protein70,1,Cc1ncc(N2CCCN(C)CC2)nc1-c1ccc(C(=O)Nc2cc(Cl)cc(C(=O)O)c2)c(F)c1F,1
protein71,1,Cc1cccc(Cl)c1N1C(=O)CC(N2CCc3ccccc3C2)C1=O,0
protein71,1,N=C(N)C(=Cc1cnn(-c2ccccc2)c1)C(=O)Nc1cccc(-c2nc3ccccc3s2)c1,0
protein71,1,c1ccc(CCCC2CCN(Cc3cccs3)CC2)cc1,0
protein71,1,CCNC(=O)c1c(=O)n(C)nc2ccc3c(c(-c4ccc(OC)c(C)c4)nn3-c3ccccc3)c12,1
protein71,1,O=C(Nc1cccc2cc(-c3nn(-c4ccc(O)cn4)cc3F)c(OCc3ccccn3)nc12)c1ccccc1,1
protein71,1,O=c1[nH]c(=O)n(Cc2ccc(Cl)cc2)c2ncccc12,1
protein71,1,CCC(C)CC(=O)OC1(C)CC[N+](C)(CC(=O)c2c[nH]c3ccccc23)CC1,0
protein71,1,CCN1c2ccccc2Sc2cc(C(=O)NC(C)C(=O)N(O)Cc3ccccc3)ccc21,0
protein71,1,CCCC(c1ccccc1)N(C(=O)COC(=O)Cc1nc(SC)sc1[N+](=O)[O-])c1cccc(Cl)c1,0
protein71,1,CCN(C)c1nc(Cl)nc2c1nc(C)n2C(=O)OC1CCCCCC1,0
protein71,1,CN1CC2CC(C(=O)NC(C)(C)c3ncc[nH]3)OC2C1,0
protein71,1,CCOc1ccc2c(c1)CCC(O)C2(C)OC(=O)C1=CN(C)CCC1c1cccc(OC)c1,0
protein71,1,CC(C)(C)NS(=O)(=O)c1ccc(NCc2cn(Cc3ccccc3)nc2-c2ccccc2)cc1,0
protein71,1,CCCCCN(Cc1nnc(N2CCCCC2C)s1)c1ncccn1,0
protein71,1,Nc1ccccc1Nc1c(C(=O)NCc2ccccc2)cnc2cc(F)c(S(=O)(=O)O)cc12,1
protein71,1,CCn1cc(C)c2c(-c3cc(N4CCOCC4)nc(NCc4ccc(F)cc4)n3)cccc21,1
protein71,1,CC(C)CCc1nc2ccc(C(=O)Nc3cccc(-c4ccnn4CCO)c3)cc2cc1C(N)=O,0
protein71,1,O=C(C=NOCc1ccccc1)NCc1ccc2c(=O)n(Cc3ccc(Cl)cc3Cl)c(=O)[nH]c2c1,0
protein71,1,Cc1ccc(-c2c(C(=O)NCC(C)Cn3c(C(F)(F)F)nc4ccccc43)no[n+]2[O-])cc1,1
protein71,1,NC(=S)Nc1ccc([N+](=O)[O-])cc1Oc1ccccc1Cc1ccccc1,1
protein71,1,CCOc1ccc(-c2oc3ccccc3c2N(C)C(=O)C=Cc2cn(C(C)(C)C)nc2C)cc1,0
protein71,1,Nc1cnc(-c2c(F)cccc2F)c(Oc2ccc(Cl)c(F)c2)n1,1
protein71,1,Cc1nc2c(c3ccccc13)Nc1ccc(C(=O)N3CCC(C#N)(c4ccccn4)CC3)cc1S2,1
protein71,1,CCn1cc(-c2ccccn2)c(-c2cccc3c(C(C)=O)c[nH]c23)n1,1
protein71,1,CCC(C(=O)OC(C)(C)c1ccsc1)C(C)=NNc1ccc(CN2CC(C(CCCO)CC(F)F)OC2=O)cc1,1
protein71,1,CCCCOc1cc(Cc2cncc(-c3ccccc3)c2)c(=O)n(C)c1,0
protein71,1,CCN(c1cccc(Cl)c1)S(=O)(=O)c1ccc(N2CCCC2)c(CCCS(N)(=O)=O)c1,0
protein71,1,CCN1CC=C(c2c[nH]c3c(C)nc(Nc4ccc(OCC5(c6ccc(F)cc6F)CC5CO)cn4)nc23)CC1,1
protein71,1,COc1nsc2c(C3=C(n4c(=O)c5ccncc5c(=O)n4C(C)C(=O)NCc4ccccc4Cl)c4ccccc4S(=O)(=O)N3)cccc12,0
protein71,1,CCOc1nc(Nc2ccc(C#N)cc2)nc(O)c1C(C)C,0
protein71,1,O=C(Nc1nc(CN2CCOCC2)cs1)c1cccc([N+](=O)[O-])c1,1
protein71,1,CC(C)CCn1cc(Cc2ccccc2)c2c(C(=O)Nc3ccc(Cl)c(S(=O)(=O)N4CCOCC4)c3)cccc21,0
protein71,1,CCN(CC)Cc1cnc2ccc(F)cc2c1Oc1cc(C#N)cc(F)c1C1CNC1,1
protein71,1,CC(=O)c1cc(NS(=O)(=O)c2cc([N+](=O)[O-])ccc2Cl)ccc1OC(C)(C)C,1
protein71,1,O=C(Cc1cccs1)NC1CCN(c2ncccn2)C1,0
protein71,1,CCCCn1nc(C)c2cccc(NS(=O)(=O)c3ccc(Oc4ccc(C)cc4)cc3C)c21,0
protein71,1,Cc1onc2c1c1nc3ccc(cc32)-c2csc(n2)Nc2ccc(cc2)CC(C)(C)C1,1
protein71,1,O=C(NC1Cc2ccccc2NC1=O)c1ccc(Cl)c([N+](=O)[O-])c1,1
protein71,1,Cc1ncccc1Oc1cc2ccccc2nc1-c1ccc(C(=O)N=C(N)N)cc1,1
protein71,1,Cc1ccc2c(=O)c(-c3ccc(N4CCN(C)CC4)c(OC(F)(F)F)c3)cn(C(C)(C)C)c2n1,0
protein71,1,Cc1ccc(NC2=NCCN2)cc1,0
protein71,1,Cc1c(CN2CCOC(C)C2)c2cc(C(=NO)N(C)C(C)C)ccc2n1C,1
protein71,1,Cc1[nH]c(-c2ccc(-c3ccc(S(C)(=O)=O)nc3)cc2F)c(N)c1C(N)=O,1
protein71,1,O=CCCCSCP(=O)(O)O,1
protein71,1,NCCCC1Nc2nc1nc1ccccc21,1
protein71,1,CCN(CC)C(=O)c1cccc(Nc2nn3ccccc3c2C(=O)c2ccc(OC)cc2O)c1,1
protein71,1,CCCc1cc(C(=O)Nc2ccc3c(c2)NC(=O)N(c2c(C(=N)N)[nH]c4ccc(Cl)cc24)C3C)n[nH]1,0
protein71,1,CCC(O)(CCN1Cc2ccccc2CC1C(=O)O)c1ccccc1,0
protein71,1,CCN(CC)C(=O)c1ccc(N2CCNCC2)c(-c2nc3ccc(-c4cn[nH]c4)cc3n2CC(O)C(C)C)c1,1
protein71,1,CCCCCc1ncc2c(n1)CC(C)c1c(Cl)cccc1-2,1
protein71,1,Cc1cc(-c2ccc3n(c2=O)CCN(Oc2c(F)cc(C(F)(F)F)cc2Cl)C3=O)nn1C1CCCCC1,0
protein71,1,Cc1ccc(C(=O)Nc2cnn(C3CCOc4ccc(Cl)cc43)c2)o1,0
protein71,1,CCSCc1cn(-c2cccc(C(=O)Nc3ccc(Cl)cc3NC(C)=O)c2)nn1,0
protein71,1,Cn1c2c(c3cc(S(=O)(=O)c4ccccc4)cnc31)C(N)CC2(C)C,1
protein71,1,CCOCC1CN(C2CCN(C(=O)c3cccnc3)CC2)Cc2nc[nH]c21,0
protein71,1,CC1=NN(C(=O)c2ccccc2Cn2c(C(=O)N3CCC(C)CC3)c(C)c3ccccc32)C(C)(O)C1,1
protein71,1,Cc1ccc(NC(=O)c2cc3n(n2)CCNC3)cc1C,0
protein71,1,Cc1cc(Nc2cccc(F)c2)nc(Oc2cc3c(c(Cl)c2C2COC(=O)C2)CCCCC3)n1,1
protein71,1,CC(C)CCCC1CC(=O)CC2Cc3ccc(C(=O)O)cc3CN12,0
protein71,1,CC1(Oc2ncc(-c3ccc(C(F)(F)F)c(Cl)c3)c3c2CCCC3)CCC(C(=O)NO)CC1,0
protein71,1,CC(CN(C)C)Oc1ccc2c(=O)n(Cc3ccccc3Cl)nc(-c3ccccc3)c2c1,0
protein71,1,CCN1CCC(N(C)C(=O)c2cc(S(C)(=O)=O)ccc2-n2c3c(c4ccc(OC)cc42)CCc2ccccc2-3)C1,0
protein71,1,CC=CCn1c(SCC(=O)NC(=O)c2cccs2)nc2sc(C)c(C)c2c1=O,1
protein71,1,CCn1ncc(C(=O)N2CCN(c3ncccn3)CC2)c1Cl,1
protein71,1,CCc1ccccc1Nc1nc2c(-c3cc(C(=O)O)ccn3)c(Cl)c(C(C)(C)C)cc2o1,0
protein71,1,COCOc1c(O)cc2cccc3c2c1C(=O)N3C1SCC(O)C1(F)F,1
protein71,1,Cc1c(C(=O)C(=O)NC2COc3ccccc32)c2ccccc2n1Cc1ccccc1,1
protein71,1,N#Cc1cnc(N)nc1Nc1cc(-c2ccc(F)cc2)ccc1NS(=O)(=O)c1ccccc1,0
protein71,1,CC1(C)CC(NC(=O)c2cccc(S(=O)(=O)N3CCCC4(CCNCC4)C3)c2)c2ccccc21,0
protein71,1,Cc1c(NC(=O)Nc2cc(Cl)ccc2Cl)c2ccccc2n1CC1CC1,0
protein71,1,CCCCC(CC)CN1C(=O)c2ccccc2[N+]1(C)[O-],0
protein71,1,Cc1ccsc1-c1cnn2c(C(F)(F)F)c(-c3cccc(C(=O)NC4COc5ccccc54)c3)[n+]([O-])nc12,1
protein71,1,Fc1cc2ncnc(Nc3ccccc3Br)c2cc1-c1ccccc1,0
protein71,1,NC1=C(c2cccc([N+](=O)[O-])c2)C(=O)CC(c2ccccc2)C1,1
protein71,1,CCC1(C)C(=O)N(c2ccc(C#N)cc2)c2ccc(-c3nc4ncccc4o3)cc21,0
protein71,1,CCn1ccc(-c2ccc(C(=O)NCC3CCCO3)o2)cc1=O,0
protein71,1,CCc1cnn(Cc2ccc(OC3Cc4c(c5ccc(F)cc5n4C)C(C)(C)C3)cn2)c1,0
protein71,1,Cc1ncc(-c2ccccc2NC(=O)c2ccc(N3CCNC(C)C3)c([N+](=O)[O-])c2)s1,1
protein71,1,O=C(Nc1ccc2c(c1)OCCO2)c1cc(-c2ccc(O)cc2)n[nH]1,0
protein71,1,CCN(c1ccccc1F)c1nc2nc(Cc3ccccc3)n(C)c2c(=O)n1CC,1
protein71,1,CC1CCc2ncc(N3CCN(CC4CCCCC4)C(CO)C3C)cc2C1,0
protein71,1,CC(C)OP(=O)(NCC1CCCO1)N(C)CCCl,1
protein71,1,CC1(N)c2cccc(Nc3cc(F)c([N+](=O)[O-])cc3[N+](=O)[O-])c2C(=O)C2C(O)CCC21,1
protein71,1,CCn1nc(C)cc1C(=O)Nc1ccc(OCc2ccc([N+](=O)[O-])o2)cc1,1
protein71,1,CCCNC(=O)c1ccc2c(=O)n3nc(-c4ccccc4)[nH]c3c(N)c2c1,0
protein71,1,CCOc1cc(=O)n2nc(C)c(CC(=O)Nc3c(Cl)cccc3Cl)c2[nH]1,0
protein71,1,Cc1nc2cc(OCC3C(Cc4ccccc4Cl)N4CCC3(CO)CC4)ccc2[nH]1,0
protein71,1,CC(C)C(NCCCCCCC(=O)NO)C(=O)O,0
protein71,1,O=C(c1cc(F)c2c(c1)CCC2=NNc1ncccn1)N1CCCCC1C1CCC1Cl,0
protein71,1,Cc1cc(S(=O)(=O)N2CCCCCC2c2ccccc2)ccc1-n1ccnc1,0
protein71,1,CCC1CC(C(=O)c2c(-c3ccccc3OC)nn(-c3cccc(F)c3)c2N)CS1,1
protein71,1,CCCCNC(=O)c1cc(C(F)(F)F)n(-c2ccc(I)cc2)n1,0
protein71,1,CC(C)c1nc(CN(C)CC2CN(Cc3c[nH]cn3)C2)cs1,0
protein71,1,CC(=O)Nc1cc(-c2c(C)noc2C)c(C)cc1NC(=O)CSc1nccc(Oc2ccccc2Cl)n1,0
protein71,1,c1cc2ncc(-c3cnc(N4CCOCC4)s3)cc2c(N2CCCC2)n1,0
protein71,1,Nc1cc(Cl)nc(-n2cc(C#CC3(NCCc4ccccc4)CCCC3)cn2)n1,0
protein71,1,Cc1c(-c2ccccc2C(=O)Nc2ccccc2N2CCCCC2)nc2ccccn12,1
protein71,1,Cc1cccc(-n2nncc2-c2ccccc2O)c1,0
protein71,1,Cc1c(CC(C)C(N)CC(C)C)sc(NC(=O)C(F)(F)F)c1C(=O)c1c(F)cc(-n2ccnc2)cc1F,0
protein71,1,O=C([O-])CC(=O)N1CCC2=C(C1)c1ccccc1Nc1ccccc12,0
protein72,1,CCN(CC)CC(=O)NC(C)Cc1cc(-c2ccnc(N)c2)c2cccc(OC)c2n1,1
protein72,1,CCN(C(=O)c1ccc(S(=O)(=O)N2CCCC2)c(F)c1-c1cc(Cl)ccc1CCC1CCC(C)CN1)C1CCCN(C(=O)OC(C)(C)C)C1,0
protein72,1,CC(CN1CCN(C2=Nc3ccccc3Sc3ccccc32)CC1)c1ccccc1,0
protein72,1,CC(C)C(O)C(=O)Nc1ccccc1-c1nnco1,0
protein72,1,CCN(CCO)c1ccc(C(=O)N(C)C)cc1,1
protein72,1,O=C(Nc1ccccc1C(=O)Nc1cccnc1)c1cc(I)ccc1F,0
protein72,1,O=C(Nc1ccccc1C(=O)Nc1ccccc1F)C1=CC2CCC1O2,0
protein72,1,Cc1ccc(-c2ccc(F)cc2F)cc1CN(C)C(=O)C(C)(NC(=O)c1ccco1)c1ccccc1,0
protein72,1,Cc1cc(C(=O)NN=C2CCCC2)c(C)nc1Cl,1
protein72,1,O=C1CN(Cc2cccc(C(F)(F)F)c2)C(=S)N1c1cccc(F)c1,0
protein72,1,CCN(CC)CCNC(=O)c1ccc(C(C)c2ccc(Cl)cc2)c2cccnc12,1
protein72,1,COC(C)(c1cccc(O)c1)c1cc(F)ccc1-c1ccn(O)c(=O)c1-c1ccc(F)cc1,0
protein72,1,CCCN1CCNc2cc(NC(=O)c3cnccn3)ccc2C1,0
protein72,1,Cc1ccc(NC(=O)Nc2cccc3c(CN(C)C(C)C)n(S(=O)(=O)c4ccc5cnoc5c4)cc23)cc1,0
protein72,1,Cc1ccnc(N2CCCCC2C(=O)NCCOc2cccc(C(F)(F)F)c2F)c1N1CCCCC1,0
protein72,1,O=C1CCC(=O)N1c1ccc(Cl)cc1,0
protein72,1,O=C(NO)C1CCCN1C(=O)c1c(-n2cc(CC3CN(c4ncccn4)CCO3)c3ccccc32)ccc(F)c1F,1
protein72,1,CCN(CC)S(=O)(=O)c1cccc(N(C)C(=O)CN2C(=O)c3ccc(F)cc3C2=O)c1,1
protein72,1,Cc1nc2ncccc2cc1C(=O)Nc1cc(F)cc(S(=O)(=O)N2CCC(CO)CC2)c1,0
protein72,1,Cc1ccc(-c2nnc3c4sc(-c5ccc(-n6[nH]c(C)cc6=O)cc5)cc4nc(N)n23)cc1,1
protein72,1,Clc1ncc(-c2ccc(C3=NCCN3)cc2)nn1,0
protein72,1,Cc1ccc(NS(=O)(=O)CCC2(C)CCCC(C)C2)c(C(=O)N2CCCC2)c1,0
protein72,1,CCCS(=O)(=O)Nc1ccc(C2C(F)C2(C)C(=NO)n2ccnc2)cc1,0
protein72,1,COCC1CCn2c(nc(C)c2C(=O)NC(C)Cc2ccc(-c3cncc(C)c3)cc2)C1,0
protein72,1,O=C1c2ccccc2CN1n1c(C(F)(F)F)nc2cccc(Cl)c2c1=O,1
protein72,1,Cc1ccc(-n2c(C(F)(F)F)cnc2SCC(=O)N(Cc2cccnc2)C2=NCCS2)cc1C,0
protein72,1,CC(=O)NC(C)Cc1nc2cc(N)ccc2n1Cc1ccccc1,1
protein72,1,CCc1nc(N2CCC3CCCC32)cc(-n2nc(C(=O)O)cc2C)n1,0
protein72,1,CCN1C(=O)C(C)=C(c2ccc(N(CC)CC)cc2)C1=O,1
protein72,1,CC1(C)C(O)C(=O)N1c1ccc([N+](=O)[O-])cc1C(=O)NCCC(F)CC(N)C(=O)O,1
protein72,1,CCn1cc(C#N)c2c(-c3cc(Nc4cc(C(F)(F)F)nc5ccccc45)ccn3)cccc21,1
protein72,1,Cc1nn(C(=O)c2ccccn2)c(C)c1Nc1nc(Cl)nc2[nH]cnc12,0
protein72,1,CCCN(C(CC)CCN)C1CCc2c(-c3ccccc3)nc3ccc(O)cc3c21,1
protein72,1,CC(C)Cn1cc(C2CC2)nn1,0
protein72,1,CC1CC1C(=O)Nc1ccc(OCc2nnc(O)c(Cl)c2C(C)(C)C)c(F)c1,0
protein72,1,CCC(C)S(=O)(=O)Nc1cccc(-c2cc(-c3ccc(OC)cc3C(=O)O)cc3cc(O)nnc23)c1,0
protein72,1,CC(C)CC(OC(=O)N1CCN(C(=O)C(O)C(C)c2ccc(C(C)(C)C)cc2)CC1)C(=O)N1C(C(=O)O)CCCC1C(F)(F)F,0
protein72,1,CC=C1COC(Cn2ccnc2)(C2CCC(C)CC2)Cc2ccccc21,0
protein72,1,NC(=O)c1ncc(OCc2cc3c(-c4ccc(F)cc4F)n[nH]c3cc2F)cn1,0
protein72,1,CCCn1ccnc1-c1noc(C)c1Nc1ccc2ncccc2c1,0
protein72,1,CC1(C)NN=C(c2cc3ccc(-c4nc5cccc(O)c5c(=O)[nH]4)cc3[nH]2)NC1=O,1
protein72,1,CCCCC(C)(C(C)C)S(=O)(=O)NC1CCCN(c2nc3c(c(=O)[nH]c(=O)n3C)n2Cc2cccc(Cl)c2F)C1,0
protein72,1,CCCCC1(C)CC2C#CCN3CCCC3CCN1C(=O)C2,0
protein72,1,CC(C)CNc1cc(C(=O)n2c(C3CCCCC3)nc3ccccc32)ccc1N1CCOC(CO)C1,0
protein72,1,CC(C)CC(NCC(NC(=O)c1cc(Cl)c(O)cc1O)C(=O)O)C(=O)N1CCS(=O)(=O)CC1,0
protein72,1,CC(C)c1csc(S(=O)(=O)N2CCN(C(c3ccccc3)c3ccccc3)CC2)c1,0
protein72,1,CCC(C)CC(=O)n1cc(C)c2ccccc21,0
protein72,1,Cc1nc(SCC(=O)NCC2CCCC2)nc(O)c1Cl,0
protein72,1,CC(=O)Nc1ccccc1OC(C)C(=O)Nc1ccc2c(c1)Cn1c-2nc2ccccc2c1=O,1
protein72,1,CC(C)OCC1CC1C(=O)Nc1ccc(Cl)c(S(=O)(=O)N2CCOCC2)c1,0
protein72,1,Nc1nc(N)c2sc3nc2c1C(=O)c1ccc-3cc1C[n+]1ccccc1,1
protein72,1,COc1ccc2c(c1)-c1c(c3ccccc3c(=O)n1CCCNC1Cc3cnccc3CC1C)C2=O,1
protein72,1,CC(=O)Nc1cc(CNCC(C)(C)CN2CCCC2)c2ccccc2n1,1
protein72,1,COc1ccc(F)c(-c2ccc(Oc3ccn4nc(C(F)(F)F)c(-c5cccnc5Cl)c4n3)c(C)n2)n1,1
protein72,1,Cc1cc(S(=O)(=O)n2nc(C)c3c(c4c(Nc5cccc(C(=O)O)c5)ncnc4[nH]c2=O)SCC3)ccc1F,0
protein72,1,CCCC(CCC)S(=O)(=O)n1c(-c2ccc(OC(F)(F)F)cc2)cc(C(=O)N(C)C)c1C,0
protein72,1,CC1(C)CCc2nc(Nc3nnc(-c4ccccc4)o3)c3ncccc3c2C1,0
protein72,1,CCCCCNCc1ccc2nc(CNC(=O)c3cc([N+](=O)[O-])ccc3OCC)oc2c1,1
protein72,1,Cc1cc2nc3n(c2cc1[N+](=O)[O-])CCC3,1
protein72,1,CCCOc1cccc(-c2cncc(Nc3ccc(Cl)c(C(=O)N(C)CC4CC4)c3)n2)c1,0
protein72,1,Cc1cc2c(Cc3cc(C(=O)Nc4cccnc4)c4ccccc4n3)c[nH]c2cc1C(F)(F)F,0
protein72,1,CC(=O)c1ccc(NC(=S)Nc2ccc(F)cc2F)cc1,1
protein72,1,Cc1cc(NC(=O)c2scnc2C)c2c(c1Oc1ccc(N(C)C)cc1)CCCC2,1
protein72,1,CCn1cc(-c2cccc(C(=O)N3CCN(C)CC3)c2)c(C)n1,0
protein72,1,CCCCCC(CN1C(=O)C(OS(C)(=O)=O)CC2CCN(C)CC21)C(=O)Nc1cnn(-c2ccccc2Cl)c1,0
protein72,1,Cc1ccc(CNC(=O)C(C)n2c(C(F)(F)F)nc3ccccc32)cc1,0
protein72,1,CC(=O)NCC1CN(c2ccc(-c3oc4ncnc(N)c4c3-c3ccc(Cl)cc3)cc2)C(=O)O1,1
protein72,1,O=C(CCCn1nc(-c2ccccc2)ccc1=O)N1CCN(c2cc3c(cc2F)c(=O)ccn3OCC(F)(F)F)CC1,0
protein72,1,CC(=O)NCC(C)Nc1nc(C)c(-c2ccccc2)c2ccccc12,0
protein72,1,Nc1[nH]c2ccc(Cl)cc2c1-c1c(-c2ccc(Cl)cc2)nc2ccccn12,1
protein72,1,CC(C)N1CCN(c2cc(-c3cccc(OC(F)(F)F)c3)nc3cccc(=O)n23)CC1,0
protein72,1,O=C(NCc1cccnc1)C1CCCCN1C1CCCCC1Br,0
protein72,1,O=C1c2cc(OC(F)(F)F)ccc2C(c2cc(F)ccc2OCc2cccc(F)c2)N1CCCN1CCOCC1,0
protein72,1,FC(F)(F)Oc1c(C(F)(F)F)[nH]c2cc(S)ccc12,1
protein72,1,CC(C)(c1cc(NCc2ccc(F)cc2)nc(NC2CCCCC2)n1)C(C#N)C(=O)O,0
protein72,1,CCCCN(C(=O)CO)c1nc(C(F)(F)F)ccc1-c1cccnc1,1
protein72,1,CCc1ccc(-c2cccc(OC(=O)CCC3CSC(=S)N3CC(=O)C(O)CCO)c2)cc1,0
protein72,1,CC(=O)NCc1ccc(NC(=O)C(C)=C(C)C(=O)N(C)c2ccccc2)cc1,0
protein72,1,CCN1C(=O)C=C(C(=O)CC2CCN3CC(C)CC=C3C2)C1N(C)CC1CCCOC1c1ccccc1N,0
protein72,1,CCNC(=O)Nc1sc2c(c1C(N)=O)C(F)(F)CCCCC2,0
protein72,1,CCN1CCC(O)(Cn2cncn2)CC1,0
protein72,1,Cc1ccc(-n2ncc3c(NCCCN4CCOCC4)ccnc32)cc1C,0
protein72,1,CCOc1cc(-c2cnc3cc(-c4ccccc4)c(-c4cccnc4)nn23)ccc1O,1
protein72,1,CC(C)CC(NC(=O)C1CNC(=O)O1)C(N)=O,0
protein72,1,Nc1nccc(N2CCC3(CC2)CNC(=O)c2cccc(F)c23)n1,1
protein72,1,CCON1C(=O)Nc2cc(-c3ccc(OC(F)(F)F)cc3)ccc2C1(C)C,0
protein72,1,COc1cc(OC)nc(NS(=O)(=O)c2ccc(-c3ccc4c(c3)CCN4C=O)cc2)n1,0
protein72,1,CCn1nc(NC(=O)c2nc3sc2c2c(=O)n(Cc4c(F)cccc4F)c(C)cc32)cc1C,1
protein72,1,Cc1cc(-c2ccc(-c3cccnc3)cc2NC(=O)c2ccc(Cl)c(Cl)c2)nn1C(=O)OC(C)(C)C,0
protein72,1,CC1CCCCC1N=C(C=NO)c1ccccc1C(F)(F)F,0
protein72,1,CCC1(C)OCc2c(-c3cn(C(C)C)c4nc(N)nc(N)c34)cc(OC)cc21,1
protein72,1,CC1(C)C(C(=O)N2CCCC2CN(CC2CCC2)CC2CC2)NC(=O)C1c1ccc2[nH]ccc2c1,0
protein72,1,Cc1cc(C(=O)NN=C(c2ccccn2)C2(Oc3ccccc3)CCCC2)[nH]n1,0
protein72,1,Cc1cccc(C)c1N1C(=O)Oc2ccccc2C1C(=O)N1CCCC(Cn2c(=O)[nH]c3ccccc32)C1,1
protein72,1,CCS(=O)(=O)c1cc2c(C(=O)N(Cc3sccc3C)C3CCS(=O)(=O)C3)c(Cl)ccc2cc1Cl,0
protein72,1,Cc1n[nH]c(C)c1-c1ccc(N2CCC(NC(=O)C(c3ccccc3F)N3CCOCC3)CC2)cc1,0
protein72,1,Cc1cc(Cn2c(N(C)C)cc3c(c2=O)CCCCC3)nc2ccccc12,1
protein72,1,O=C(NO)C1CCC(O)(Cn2ccnc2)C1Nc1ncc(-c2ccc(Nc3ncnc4ccccc34)cc2F)cn1,1
protein72,1,CC#Cc1cc(C(C)(C)C)nc(N2CCN(CC(O)CSCC3CCCCC3)C(C)C2)n1,0
protein72,1,CCCCC1(C#N)CCN(c2ccc(OC(F)(F)F)cc2NC(=O)c2cnn3cc(-c4ccccc4)cnc23)C1=O,0
protein73,1,CCN(C(C)=O)c1ncc(-c2cccc(Nc3nccc(-c4nccn4C(C)C)n3)c2)nc1C,0
protein73,1,CC1=C(CO)C(=O)N(c2cccc(C(F)(F)F)c2)C1=O,0
protein73,1,Nc1c(-c2nc[nH]n2)cc(Cl)c(Cl)c1CO,0
protein73,1,NC(=O)c1cccc2cc(-c3[nH]nc4c(C(F)(F)F)cccc34)n(O)c12,1
protein73,1,Cc1nc(C(C)Nc2ccnc3c(C(=O)N4CCCC4)cc(C(F)(F)F)cc23)c(C)[nH]1,1
protein73,1,CCc1cc2oc(-c3ccc(N4CCCC4)c(C)c3)nc2c(N2CCN(C)CC2)n1,1
protein73,1,O=C(Nc1nc(-c2ccc([N+](=O)[O-])cc2)cs1)c1cccs1,1
protein73,1,O=C1C=C(c2ccccc2F)S(=O)(=O)N1c1cccc(OC(F)(F)F)c1,0
protein73,1,CC(C)n1cc(C(N)=O)c(-c2ccc3cnccc3c2N2c3ccc(F)cc3OCC2(C)C(F)(F)F)n1,1
protein73,1,CC(=O)c1cccc(NC(=O)CSc2nc3cc(Cl)ccc3s2)c1,0
protein73,1,Cc1nc(COC(=O)c2cn(C(C)C)nc2Oc2cccc3c2cc(C(N)=O)n3C)oc1C,0
protein73,1,CCCC1(C)C(=O)N(CC2CCOCC2)C(=NO)c2ccc(C)nc21,1
protein73,1,Cc1ccnc(NC(=O)Cc2cc(NC(=O)Nc3c(C)cccc3C)ccc2C)c1,0
protein73,1,CC1CCC1n1nc(C(F)(F)F)c(N(N=C2C(=O)Nc3ccc(Cl)cc3C2(O)C2CC2)c2ccccc2F)cc1=O,0
protein73,1,Cc1nc2ccc(Oc3cncnc3)cc2c2c1CCC2,1
protein73,1,Cc1ccnc(NC(=O)C(C)(C)N(C)C(=O)c2ccccc2N(C)c2nc(C(C)(C)C)cc3c2cnn3-c2cccc(C)c2C)c1,0
protein73,1,N#Cc1c(-c2ccccc2F)nc(C(=O)N(CCN)C2CCNCC2)c2ccc(Cl)cc12,0
protein73,1,CC1CCc2c(cnnc2NNC(=O)CC2CCCCN2Cc2ccccc2)C1,0
protein73,1,Nc1ncccc1S(=O)(=O)n1c(-c2ccccc2)cc2c(Cl)cc(Cl)cc21,0
protein73,1,CCOC(=O)Nc1ccccc1-n1sccc1=O,1
protein73,1,CCc1ccccc1Nc1nncc(-c2ccc(F)c(OC)c2F)n1,1
protein73,1,Cc1cc(Oc2ccc([N+](=O)[O-])cc2CC(=O)Nc2nncs2)cc(C)c1F,1
protein73,1,CCCCN1Cc2[nH]c(C)c(C(=O)OCC)c2C1c1ccccc1OC,0
protein73,1,O=C(c1ccc(N2C(=O)C=C(O)C2=O)cc1)N1CCCC1,0
protein73,1,CC1CCCCC1(O)c1ccc(C(=O)OCC2CN(c3ccc(C#N)c(C(F)(F)F)c3)C(=O)O2)cc1,0
protein73,1,Cc1ccc(C2Cc3cc(Cl)ccc3N(C(C)C(=O)Nc3ccc(C)c(C)c3)C2=O)nc1,0
protein73,1,CN(C(=O)c1ccccc1NC(=O)CCS(=O)(=O)c1cccnc1)C1CCCCC1,0
protein73,1,Cc1ccc(-c2cc3c(n2-c2cc([N+](=O)[O-])ccc2Cl)CCNC3=O)cc1,1
protein73,1,O=C(NN=C1CCS(=O)(=O)c2ncccc21)c1cc(C2CCCCC2)nc2ccccc12,1
protein73,1,Cc1ccc(CNC(=O)N2C(CC(O)CCCCc3ccccc3)CCC2C(=O)N2CCCC2)nc1,0
protein73,1,CC(=O)NCC1CN(c2ccc(C(=O)Nc3ccc(F)cc3)cc2C2CCCC2)C(=O)O1,0
protein73,1,Cc1cc(C(=O)NCC2CCCO2)c(Cc2ccccc2NC(=O)c2ccccn2)o1,0
protein73,1,CCn1cccc1C1=C(c2cn(CC3=NCCS3)c3ccccc23)CC(=O)N1,1
protein73,1,O=C1c2ccccc2Sc2ccccc2N1CCNCC1CCOC1,1
protein73,1,CCCC1C(=O)N(c2c(C)ccc(Cl)c2CCC(=O)O)C(=O)C1N,0
protein73,1,CC(=Nc1nccc2ccccc12)C(=CO)c1ccccc1,1
protein73,1,CC(C)(C)n1cc(-c2noc(C(CS)C(CN)CO)n2)c(=O)c2cc(F)c(N)nc21,0
protein73,1,O=c1[nH]nc(-c2ccc(Cl)cc2)s1,0
protein73,1,CC1=C(C)C2(C)CNCC2C#Cc2ccc(F)c(c2)-c2nccn2CC1C,0
protein73,1,Cc1ccc(-n2sc3ncc(C)c(N4CCN(C)CC4)c3c2=O)cc1C,1
protein73,1,CCC1CCCC(Nc2ccnc(Nc3cc(OC)ccc3C)n2)C1,0
protein73,1,Cc1cc2c(N(C)C)nc(C)n2cc1-c1cccc(N=Cc2nccnc2Cl)c1,1
protein73,1,Cc1cccnc1Nc1ccncc1,0
protein73,1,CC1(C)Cc2cc(C(=O)Nc3ccc(F)c(Cl)c3)ccc2OC(CO)C1,0
protein73,1,CCCCC1CCCN1c1ncc(C#N)c(Nc2nc(-c3ccccc3F)cs2)n1,0
protein73,1,Cc1cc(S(=O)(=O)NC2CCCCC2)ccc1C(=O)N1CCCC(N2CCCCC2)C1,0
protein73,1,CC(C)=CC(=O)Nc1cccc(-c2ccc(-n3c(C)nc4ccccc43)nc2Cl)c1,1
protein73,1,O=CNC(=O)c1cccc2c1C(Nc1c(CCc3ccccc3)nc3ccccn13)c1ccccc1O2,1
protein73,1,CC1=C(COCC2CC2)CN(C(=O)c2ccc3cnn(C)c3c2)C2CCCCCCOC3CCN(C(C)C)CC3CN(C)C12,0
protein73,1,CCS(=O)(=O)Nc1cc(C(=O)OCc2ccccc2)cc(-c2cccc(S(=O)(=O)N3CCCCC3)c2)c1,0
protein73,1,CCC1CNS(=O)(=O)c2sc(-c3ccccc3)cc2N1C(=O)c1ccc(C(F)(F)F)cc1,0
protein73,1,CCCCn1cc(C(=O)c2cn(C(C)C)c3ccccc23)c(=O)n(-c2ccc(C)cc2)c1=O,0
protein73,1,Cc1cc(C)n(CCN2CC3CCC3(CC=C3CCCCC3)C2)n1,0
protein73,1,CC(=O)c1cc2c(cc1Sc1nc3ccc([N+](=O)[O-])cn3c1N1CCN(C)CC1)CC1CCCCC1O2,1
protein73,1,Nc1ncc(C(NCc2c[nH]c3ccc(C(=O)O)nc23)c2ccccc2OC(F)(F)F)c(-c2ccccc2F)n1,0
protein73,1,CCOCCSc1nc2c(c(N)c1C#N)CCC2,1
protein73,1,CCCN(C)N=O,1
protein73,1,Cc1nnc(O)c(O)n1,0
protein73,1,CC1(C)C(=O)N(C2CCC(CC(=O)N3CCCCC3)CC2)C(=O)N1c1cccc(Cl)c1,0
protein73,1,Cc1cn(CC2CCCC(NC(=O)c3ccccc3NC(=O)C(F)(F)F)C2)c2ccccc12,1
protein73,1,Cc1cccc(C(=O)Nc2nnc(Cc3cc4cc(Cl)ccc4n3C)s2)c1,0
protein73,1,O=C(C1CCN(c2cnccn2)CC1)N1CCc2ccncc2C1,0
protein73,1,Cc1cccc(NC(=O)c2cc([N+](=O)[O-])ccc2Nc2nc(=O)c(NC(=O)C(C)(C)C)c3[nH]c4ccccc4n23)c1,1
protein73,1,CCC1CC(c2ccccc2-c2ccc(Nc3ncnc4cccc(OC)c34)cc2C)=NO1,1
protein73,1,CCS(=O)(=O)Cc1cc(O)nc(N(Cc2cccc3c2CCO3)CC2CC2)n1,0
protein73,1,CC(C)C(=O)N1CCCC(Nc2ncc(F)cc2F)C1,0
protein73,1,Cc1cccc2nc(N)c(C#N)c(-c3cccs3)c12,1
protein73,1,Nc1ncc(F)c(N2C(=O)OCC2Cc2ccc(-c3cc(F)ccc3F)cc2)n1,1
protein73,1,Nc1nc(Sc2c(C3=C4C=CC=NN43)[nH]c3ccc(Cl)cc23)ncc1Cl,1
protein73,1,COc1cc(O)cc(O)c1C(C)=NCCC1NC(C)CCCCC1C,0
protein73,1,CCCCNC(=O)C1CCN(Cc2ccccc2Nc2cc(C)nc3ccccc23)CC1,0
protein73,1,CC(=O)C1Cc2c([nH]c3ccccc23)C(C(=O)OCc2cccc(Cl)c2)N1C(=O)C(F)(F)F,1
protein73,1,CC(C)c1c(C(=O)Nc2ccc(N(C)c3nccc(-c4cccnc4)n3)cc2)n(C)c2ccccc12,1
protein73,1,NC(=O)c1cc2ccc(C(F)(F)F)cc2nc1Nc1ccc(OCC(F)(F)F)cc1,0
protein73,1,O=C(Nc1cc(F)cc(F)c1F)c1cnn2ccc(-c3ccc(C4(O)CC4)nc3)cc12,0
protein73,1,CC(=NOc1cccc(NC(=O)c2cccc(Cl)c2)c1)c1cc(Cl)ccc1N(C)C,0
protein73,1,Cc1c(C(=O)NCCNC(C)C)c2nc3ccccc3cc2n1-c1ccccc1,1
protein73,1,CCn1cc(CC(=O)NCC2Cc3c(c(C(F)(F)F)nn3C)CO2)c2ccccc21,1
protein73,1,CC(Cc1cc(Cc2ccccc2)cc(O)c1O)NN1CCN(C)CC1,0
protein73,1,CCN(CC)S(=O)(=O)c1ccc(Oc2ccc(OC)c(S(=O)(=O)N3CCOCC3)c2)cc1,0
protein73,1,CCC1(C)NC(=O)c2c(c3ccccc3oc2=O)N1,1
protein73,1,O=C(CCS(=O)(=O)C1CC1)NC1Cc2ccccc2C2CCCN2C1=O,0
protein73,1,O=C(NN=Cc1ccccc1O)c1cc(F)c(F)c(F)c1,1
protein73,1,CCn1cc(CN2CC(C(=O)Nc3ccc(F)cc3F)CC2=O)c2ccccc21,1
protein73,1,Cc1ccc2nc(O)c(S(=O)(=O)[O-])c(O)c2c1,1
protein73,1,Nc1nc(Nc2ccccc2Cl)c2cc(S(=O)(=O)N3CCOCC3)c(Cl)cc2n1,1
protein73,1,O=C1c2ccccc2C(=Cc2cnn(-c3ccc(F)cc3F)c2)S(=O)(=O)N1C1CCCCC1,0
protein73,1,Cc1sccc1-c1ccnc(NCCCN2CCOCC2)c1[N+](=O)[O-],1
protein73,1,O=C(Nc1ccccc1O)c1cc(O)cc(Oc2ccc([N+](=O)[O-])cc2)c1,1
protein73,1,Cc1cccc(C)c1NC(=O)C1(NC(=O)c2ccc3c(c2)nc(N)n3C(C)C(F)(F)F)CCCCC1,1
protein73,1,CCC(Nc1nc(-c2cnccn2)cc(N2C(=O)OCC2C(C)C)n1)c1ncc(F)cn1,0
protein73,1,CC(=O)Nc1cc(-c2cc3cc(-c4nnc(N)s4)cc(F)c3n2C)ccc1N1CCC(Cl)C1,1
protein73,1,Cc1ccc2c(Nc3nnc(-c4cccc5c4CCC5O)s3)cccc2n1,1
protein73,1,CC(=O)N1CCN(Cc2cc(-c3cc(F)cc(F)c3)cc(C(C)(C)C)c2O)CC1,0
protein73,1,O=C(O)C(c1cncc(F)c1)c1ccc(N2CCNCC2)c(-c2cncnc2)c1,1
protein73,1,Cc1cccc(NC(=O)c2ccc(S(C)(=O)=O)cc2Nc2ccccc2C)n1,0
protein73,1,CCC1CCCCN1C(=O)C(=Cc1cccc(F)c1)S(=O)(=O)N1CCOCC1,0
protein73,1,CCSc1c2ccccc2c(C)n1CC(=O)N1CCNCC1,1
protein73,1,CC1(C)CCc2c(ccc3c(-c4ccc(C5CCN(S(=O)(=O)CC(F)(F)F)CC5)o4)nc(Nc4cc[nH]n4)nc23)O1,0
protein73,1,CCCCC1(CC)CC(C)C(=O)N1c1nnc(OC)c2cccc(O)c12,0
protein74,1,CCCCc1ccc(Oc2cn(CC3CCCCO3)nc2C(F)(F)F)cc1,1
protein74,1,CCn1ncc2ccc(C(=O)N3CCN(C(S)=NCc4cccc(C)c4)CC3)cc21,1
protein74,1,CCCC1(C)C(=O)OCC1c1ccccc1,0
protein74,1,Cc1cc(C)c(C(=O)NN=Cc2ccco2)s1,1
protein74,1,CC(=O)N(CC1CCCO1)C1C(C(C)O)CCN(C=O)C1CCc1ccccc1,0
protein74,1,CC(C)CC(NC(=O)OC1CCNC1)C(=O)NC(C)C(=O)NCc1cccc(F)c1F,0
protein74,1,CC(=O)C=CCCCCC(=O)O,0
protein74,1,NC(=O)c1oc2ccc(OCC(O)(C(F)(F)F)C(F)(F)F)cc2c1Nc1cccc(Cl)c1N1CCOCC1,0
protein74,1,CCC(CC)NC(=O)Cc1nc(C)cs1,0
protein74,1,Nc1ccc(N2CCSCC2)cc1N=Cc1cccc(F)c1F,1
protein74,1,CCCCNCc1c(Cl)c2ccc(C)cc2n(CC(=O)N2CCCCC2)c1=O,0
protein74,1,CCS(=O)(=O)NC(=O)c1ccccc1N(C(=O)NCCC(F)(F)F)c1ccncc1Cl,0
protein74,1,O=C(O)c1ccc(NC(=O)C2CCCCC2)cc1,0
protein74,1,Cc1ccc(NC(=O)c2sc(C)c(OC(=O)CCCO)c2C)cc1,0
protein74,1,CC(C)C1CCC(C(=O)O)C(Cc2ccc(S(=O)(=O)N3CCCCC3)c(O)c2)C1,0
protein74,1,O=C(C1CC2CN1C(=O)CC(c1ccccc1)(N1CC1)C#Cc1ccccc1O2)N1CCCC1,0
protein74,1,CC(C)Cn1c(-c2c(Cl)cc(N3CCCCCC3)nc2NCCCl)nc2ccccc21,1
protein74,1,Cc1cc2sc(=O)c(-c3ccccc3)c(N3CCCCC3)n2n1,0
protein74,1,COC(=O)Nc1cc(C(C)(C)C)c(N)c(C(C)(C)c2ccc(C#CC3CC(C)=CO3)cc2)c1,0
protein74,1,Cc1cc(-c2cc(F)c3c(c2)n(C(C)C)c(=O)c2cccn23)cnc1NC(N)=O,0
protein74,1,Cc1cccc(C)c1N(Cc1cccc2c1nc(C)n2C(C)CO)C(=O)c1ccco1,1
protein74,1,O=C(NN1CCCCCC1)c1cc2cc([N+](=O)[O-])ccc2n1C(F)F,1
protein74,1,COc1cccc(C2(C)CCN(C)CC2)c1Nc1c(O)cnc2cc(Cl)ccc12,0
protein74,1,Cc1cccnc1Nc1nnc(CN2CCNCC2)s1,0
protein74,1,Cc1cnc(N2CCC3(CCNCC3)CC2)nc1-c1ccc2c(c1)C(=NO)C(N)=N2,1
protein74,1,CC(C)Oc1ccc(-c2ccc(C3CCNCCN3C(N)=S)cc2)c(F)n1,0
protein74,1,Cc1nn(-c2cccc(Cl)c2)c(C(F)(F)F)c1S(=O)(=O)c1ccccn1,0
protein74,1,O=C1CC(O)CCN2CCC(CCC(C(=O)NCc3ccc(F)cc3F)N1)C2,0
protein74,1,CC(OCc1cc(-c2cc3ccccc3o2)ccc1O)C(=O)Nc1ccc2c(c1)CCN2S(C)(=O)=O,0
protein74,1,CC(Oc1ccccc1C(F)(F)F)C(=O)N1CCC(N2c3cc(C(F)(F)F)ccc3OCC2C)CC1,1
protein74,1,Nc1ccc(-c2c(-c3ccc(OC(F)(F)F)cc3)nc3cnc(N)cn23)cc1,1
protein74,1,CC1(C)CCC2CC(N)CCN2c2cc3c(cc2OC(F)F)c(=O)c(C(=O)O)cn3CC1,0
protein74,1,Cc1ccc(NC(=O)c2cc3c(c(C(C)(C)C)c2)OCC3)cc1C,0
protein74,1,CC(=O)Nc1cccc(Oc2cccc3c2CN2CCCC3(C)C2)c1,1
protein74,1,CCN(CC)c1ccc(Nc2ncc(S(=O)(=O)c3ccc(C)cc3)c(-c3cn(C(C)C)c4ccccc34)n2)cc1,1
protein74,1,CCCn1cc(C(=O)O)c(=O)c2cc(F)c(N3CC(C)C(OCCC(C)C)C3)nc21,0
protein74,1,Cc1occ(-c2nnc(NC(=O)c3cc(C(C)(C)C)ccc3F)s2)c1C,0
protein74,1,O=C(CC1NC1CN(Cc1ccccc1)c1ccccc1OC(F)F)NCC1CCCCC1,0
protein74,1,O=C(NC(=S)Nc1ccc(I)cc1OC(F)(F)F)c1cccc([N+](=O)[O-])c1,0
protein74,1,CCC(C)c1ccc(O)c(-c2nc3cc(C(=O)Nc4nc5ccc(F)cc5s4)ccc3[nH]2)c1,0
protein74,1,CCC(C)N(c1nc(N)c(C#N)[nH]1)c1cccc2cc(Cl)c(Cl)cc12,1
protein74,1,CCN(CC1CC1)c1cc2c(CC3CCCC3)ccc(C(F)(F)F)c2c(N)n1,0
protein74,1,O=C(Cc1ccccc1Cc1ccc(F)cc1)Nc1ccc(N2CCC(NCCN3CCCC3=O)C2)c(F)c1,0
protein74,1,O=C1NCC=CC1N(C(=O)C1CNc2cc(C(F)(F)F)ccc2SC1)c1ccc(OC(F)(F)F)cc1,0
protein74,1,O=C(N1CCNCC1)C1(Cc2ccc(Oc3ccccc3)cc2)CC1c1ccc(Cl)cc1,0
protein74,1,CC(=O)N1CCNC(C)(C)C1(C#N)c1sc2c(-c3cccc(C45CCCN(C4)C5)c3)cccc2c1F,1
protein74,1,CC(=O)c1ccccc1OCC(=O)Nc1ccccc1NS(=O)(=O)c1cccc(C(C)(C)C)c1,0
protein74,1,CCOC(=O)c1cccc(-c2nnc(N(C)CC)o2)c1,0
protein74,1,CCN(CC)C(=S)NS(=O)(=O)c1cc(-c2ccc(C(=O)N3CCCN(C)CC3)cc2C(F)(F)F)ccc1OC,1
protein74,1,Nc1nc2ccccc2cc1Cn1nc(CCC(=O)O)cc1C(F)(F)F,0
protein74,1,CCCN=c1cc2c3cc(F)ccc3n1CCNC(=O)CCCO2,1
protein74,1,CC1(C)C(=O)Cc2sc(NC(=O)c3ccc(N4CCOCC4)c([N+](=O)[O-])c3)nc21,1
protein74,1,CCCCNc1nc(-c2cccc(C(F)(F)F)c2)ns1,0
protein74,1,Cc1cc(S(=O)(=O)NCCN2CCCCC2)cnc1N1CCC(F)(F)CC1,0
protein74,1,CCS(=O)(=O)NC(=O)c1c(F)cc(OCC(C(F)(F)F)C(F)(F)F)c(Cl)c1F,0
protein74,1,CC(C)CC1C(=O)N(C)c2c(C(=O)O)nc(O)n21,0
protein74,1,CCOc1ccccc1N1CCN(S(=O)(=O)c2ccc(N(C)C)cc2)CCC1=O,1
protein74,1,CC1(C)ON=C(c2cccc(F)c2)C1CP(=O)(O)O,1
protein74,1,CCN(CC(=O)Nc1ccc2c(c1)CCC(C)(C)O2)C(=O)C1CCCN2CCCCC12,0
protein74,1,Cc1ncc([N+](=O)[O-])n1CC1(O)CCN(Cc2ccc(F)cc2)CC1,1
protein74,1,Cc1ccnc(SCC2OCCN2S(=O)(=O)c2ccc(Cl)cc2)n1,0
protein74,1,Cc1noc(C)c1Cn1cncn1,0
protein74,1,Cc1ccc(-n2c(S)nnc2-c2ccccc2N)c(C)c1,1
protein74,1,CCC(O)(COCC1CCC(NC(=O)C(C)(Cc2ccc(F)cc2)c2ccccc2[N+](=O)[O-])CC1)CS(=O)(=O)O,0
protein74,1,CC(=O)NCc1noc2c(Cl)cc(Oc3ccc(F)cc3)cc12,0
protein74,1,Cc1cc(C(=O)CC(O)C(=O)Nc2ccc3c(c2)OCCO3)c(C)[nH]1,0
protein74,1,CC1CCCC(C)C1NC(=O)CCC1C(C(=O)O)N(C(=O)C2CCCC2)CC1n1cnc2c1CCCNC2=O,0
protein74,1,CC(=O)N1N=C(C)CC1c1c(C)[nH]c2ccccc12,1
protein74,1,O=c1cc(-c2ccc(Cl)nc2)c2cccc(CN3CCNCC3)c2o1,1
protein74,1,Nc1ccc(CNC(=O)Cc2ccccc2-c2ccccc2)cc1N,1
protein74,1,CC(C)Nc1nc(N2C(=O)OCC2C(C)C)nc2ccccc12,1
protein74,1,CC1C(NCC(C)N2CC(Cc3ccc(F)cc3)NC2=O)CC(CN)C(C)(C)C1O,0
protein74,1,Cc1cc(C)c(N2CCC(CN3CCN(Cc4ccccc4F)CC3)CC2CO)nn1,1
protein74,1,CCN(CC1CCCCN1CC)C(=O)Cc1nc(-c2ccccc2-c2cccnc2)cs1,0
protein74,1,Cc1cnc(-c2cnn(C3CC(=O)N(Cc4ccc(F)cc4)C3)c2)c(N2CCCC(CCN(C)C)CC2)n1,1
protein74,1,CC(=O)Nc1ccc(S(=O)(=O)Nc2nc3cccc(-c4cc(C(F)(F)F)ccc4F)c3[nH]2)cc1,0
protein74,1,CC1CCC(=O)N1CC1CC(c2ccc3c(c2)OCC(C)(C)O3)CN(C(=O)c2ccc(C(N)=O)cc2)C1C(=O)O,0
protein74,1,CCC(C)C(=O)OCC(=O)Nc1cc(-c2cccc(NC(=O)CS(=O)(=O)c3cccc(F)c3)c2)ccn1,0
protein74,1,Cc1ccccc1-c1ccccc1S(=O)(=O)N(C)c1ccc(-c2cn3cccc(Cl)c3n2)cc1,1
protein74,1,CC(O)CN1C=C(C(=O)c2ccc([N+](=O)[O-])cc2)C(C)C1,1
protein74,1,Cc1ccc(CC(=O)Nc2ncnc(N)c2-c2ccc(C=C3CC(O)CCC3C)cc2O)cc1,1
protein74,1,CCOc1cccc2c1CCC(C)(C)C2N1CCN(C(=O)c2ccccc2Cl)CC1,0
protein74,1,O=CNc1cccc2ccc(CCN3CCN(c4cccc(F)c4)CC3)nc12,1
protein74,1,Cc1cc(C(F)(F)F)n2nc(N3CCC(C(=O)Nc4cccc(C)c4C)CC3)cc2n1,0
protein74,1,Cc1ccc(-c2nc(CN3CCC(n4c(=O)[nH]c5ccccc54)CC3)co2)cc1[N+](=O)[O-],1
protein74,1,CCN1CCCC1Cc1ccc(OC(C)c2ccc([N+](=O)[O-])cc2)cc1,1
protein74,1,Cc1nn(C)c2c(=O)n(C)c3cc(C4(S(=O)(=O)O)CCOCC4)cc(-c4ccc(S(C)(=O)=O)cc4)c3c12,1
protein74,1,CCNc1ncc2cc(OC)c(OC)cc2n1,0
protein74,1,CC(=O)c1cnn2c(-c3cccc(N(C)c4ccncc4)c3)ccnc12,0
protein74,1,COc1cc(=O)n(C)c(C(=O)N(C)c2nc(C)c(-c3ccc(Oc4ccc(OC(F)(F)F)cc4)cc3)s2)c1C,1
protein74,1,Cc1nn(-c2ccccc2)c(Cl)c1C(=O)NC(C)C(C)(C)C,0
protein74,1,CCCC(C)CNCCC#CCC(C)C,0
protein74,1,CCCCS(=O)(=O)Nc1ccc(C)cc1Nc1ncnc2c(C)c3n(c(=O)c12)CCS(=O)(=O)C3=Cc1ccc(OCC)c(OC)c1,0
protein74,1,CCCn1cc(C2=C(n3ccccc3=O)C(=O)c3ncccc3C2=O)nn1,0
protein74,1,O=C1C(Oc2ccccc2-c2nccc(-n3ccnc3)n2)CCCN1Cc1ccn(CC2CCCC2)n1,0
protein74,1,Cc1ccc(NC2c3ccccc3C(=O)N2c2ncccc2Cl)cc1Cl,0
protein74,1,O=C(Cn1cc(S(=O)(=O)c2ccccc2)c2ccccc21)Nc1cc(Cl)cc([N+](=O)[O-])c1O,1
protein74,1,CCC(CN1CCC(c2cn3cccc(N(C)C)c3n2)CC1)OC,0
protein74,1,CCC(C)NC(C)CCn1cnc2c(Cl)nc(Nc3ccc(N(C)C)cc3)nc21,1
protein74,1,Cc1cc(NC(=O)CN(C)C(=O)c2cccc(NS(C)(=O)=O)c2)no1,1
protein75,1,O=Cc1ccc2nc(N3CCOCC3)oc2c1,0
protein75,1,CCc1ccc(-c2nc(CS(=O)(=O)CC(=O)N3CCOCC3)c(C)o2)cc1,0
protein75,1,CC1=CC(O)CC(C)(C)c2cc(C3=NCCN3CCO)c1cc2O,0
protein75,1,CC(C)(C)N=C(c1ccc(NC(=O)NC2CCCCC2)c(C(F)(F)F)c1)N1CCOCC1,0
protein75,1,CC(=O)Nc1cccc(-c2cnc3c(c2)OC(C)(C(F)(F)F)N3C(=O)C(CC(C)C)NC(=O)C(O)c2ccc(Cl)c(F)c2)c1,0
protein75,1,CCCS(=O)(=O)Nc1c(Cl)nc2ccc(-c3cccc(OC)c3)cc2c1CCN1CCN(C)CC1,1
protein75,1,CC(C)CCN1Cc2c(OCCC(F)(F)F)nn(CCC(=O)NC(=O)Nc3ccncc3OC(F)(F)F)c2C1=O,0
protein75,1,Cc1nn(C(C)c2ccc(F)cn2)c2c(N3CCC(OCC4CC4)C3)ccnc12,0
protein75,1,Cc1nnc2ccc(-c3cccc(C(F)(F)F)c3Cl)nn12,0
protein75,1,Cc1onc(-c2ccccc2)c1-c1cnc(N2CCCC2(C)C)c([N+](=O)[O-])c1,1
protein75,1,CCC(=O)N1c2c(C)nn(-c3ccccc3)c2-c2cc3ccccc3nc2N1C,1
protein75,1,CCCc1ccccc1NC(=O)CSc1nnc(NC(=O)CCC2Cc3ccc(OC)cc3C2)s1,0
protein75,1,O=C(NCCCN1CCN(c2ccncn2)CC1)c1ccc(Cl)c(F)c1,0
protein75,1,CCCC1CCCNC1,0
protein75,1,O=C1Nc2ccccc2C1(CCN1CCNCC1)OC1CCCC1,0
protein75,1,CCN(C)c1ccc(-c2nc(C=COC(C)C)c(-c3ccc4c(c3)CC(=O)N4CC)[nH]2)cc1C#N,1
protein75,1,Cc1cccc(NS(=O)(=O)c2c(C3CCNCC3)c(C)n(-c3ccc(C(F)(F)F)cc3)c2C)c1,0
protein75,1,Cc1cc(C)n(-c2ncc(-c3c(C(=O)O)cccc3N3CC(C(C)C)C3=O)cn2)n1,0
protein75,1,CCCCOCn1nc(O)nc1-c1cc([N+](=O)[O-])cc([N+](=O)[O-])c1Sc1ccccc1,1
protein75,1,COc1cccc2c1CN(C(=O)c1ccccc1)C2(C)CC(=O)O,0
protein75,1,Cc1cccc(Nc2n[nH]c3c2C(=NO)CCC3)c1C,1
protein75,1,CC1(C)C=Cc2cc(OS(N)(=O)=O)ccc2O1,1
protein75,1,Nc1ncc(CCN=C=S)cc1OC(F)F,1
protein75,1,Nc1ccc2nccc(-c3cnc4c(c3)CCC4)c2c1,1
protein75,1,CC#CCC1CCc2ccc(O)cc2C1(C)O,0
protein75,1,CCN1CCC(Oc2cccc3ccc(-c4ccccc4)nc23)CC1,1
protein75,1,CC(C)COc1cc2c(cc1F)C(=Cc1c[nH]c3cc(N4CCC(C)(C)C4)ccc13)C(=O)N2,0
protein75,1,CCC1CCCC(OC(=O)c2cccn2C)C1,0
protein75,1,CC(CCN(CCN1CCCCC1)c1ccc2ccc(=O)oc2c1)N1C=C(O)c2cccnc2C1,1
protein75,1,CCOc1cccc2nc(OC(=O)N(CC)CC)n(Cc3ccc([N+](=O)[O-])cc3)c12,1
protein75,1,CC12C3=C(C=O)c4cc(Nc5nccc(Cl)n5)ccc4N1CCCC2CC(CO)C3,0
protein75,1,CC(C)Cc1cc(OCC(=O)O)c2c(c1)oc(=O)n2Cc1ccccc1F,0
protein75,1,CCOc1ccc2c(cnn2-c2cnc3[nH]c(C(=O)O)c(C)c3c2N2CCN(C)CC2)c1,1
protein75,1,CCNC1=NC(=O)C(c2ccc(OC)c(S(=O)(=O)N3CCCCC3)c2)N1CC,0
protein75,1,CCN1C(=O)C(C(C)=O)=CNc2ccccc21,0
protein75,1,CCN1CCc2c(nn(-c3ccc(F)c(N4CCN(C)CC4)c3)c2N)-c2ccc(cc2)OCc2sc1nc2C,1
protein75,1,CCN(CC)CCN1C(=O)c2c(-c3ccccc3)c3cc(C)ccc3[n+]([O-])c2C1=O,1
protein75,1,Nc1nc(-c2ccccc2)nc2ncccc12,1
protein75,1,CCc1ccccc1N=NCC(=O)O,0
protein75,1,CCN1CCN(c2nc(N)c3cc(-c4ccccc4N)ccc3n2)CC1,1
protein75,1,CCCCc1nc(C)cc2c1c(=O)n(-c1ccc(N3CCN(C)CC3)c(OC)c1)n2-c1ccc(F)cc1,1
protein75,1,Cc1ccc(CCNC(=O)C2(N3CCCCC3)CCc3ccccc3C2)cc1,0
protein75,1,CCCCC1(NC(=O)Nc2cc(F)ccc2N2CCCCC2)CC1,0
protein75,1,CCC(CO)Nc1nc(Cl)nc2ccc(-c3c(O)c(C)c[nH]c3=O)cc12,1
protein75,1,Cc1sc(C)c(C(=O)OCC(=O)NC(C)(C)C)c1C,0
protein75,1,Cc1ccc2c(-c3ccccc3)nn(CCCCN3CCN(c4ccc(F)cc4)CC3)c(=O)c2c1,0
protein75,1,O=C(C=Cc1ccccc1)Nc1ccc(Cl)c(S(=O)(=O)N2CCOCC2)c1,0
protein75,1,Nc1nc(N)c2cc(-c3ccc(OC(F)(F)F)cc3)cc(F)c2n1,1
protein75,1,O=C1OCC2CCC(N3CCCC3)C(=O)N12,1
protein75,1,CC1=C(C(=O)Nc2ccccn2)C(C)CC(=O)N1,0
protein75,1,O=Cc1ccc(N2CCN(C(=O)c3cccc[n+]3[O-])CC2)c([N+](=O)[O-])c1,1
protein75,1,Cc1csc(=NCOc2ccc([N+](=O)[O-])cc2)n1-c1ccccc1Cl,1
protein75,1,Cc1c(C(=O)O)oc2c(NC(=O)c3cccnc3Sc3ccccc3)c(O)ccc12,0
protein75,1,Cc1nc(C(=O)N(Cc2ccco2)CC2CCCO2)c(C)s1,0
protein75,1,Cc1ccc(Cn2c(S)nc3ccc(Nc4nccnc4C(N)=NO)cc32)cc1,1
protein75,1,CC(C)C(CO)CP(=O)(O)OCc1ccc(OC2C(=O)c3ccc(S(C)(=O)=O)cc3C2=O)c(Cl)c1F,0
protein75,1,CC(C)CCc1nc2cc(S(=O)(=O)Oc3cccc(C(F)(F)F)c3)ccc2n1C(=O)OC(C)(C)C,0
protein75,1,CCCC1CCN1c1nc2ccnc(-c3ccc(C#N)cc3)c2c(=O)[nH]1,1
protein75,1,Cc1cccc(C)c1OCC(=O)Nc1ccc2c(c1)[nH]c(=O)c1cn(C(C)C)nc12,0
protein75,1,Cc1cc(-c2nc(CC(=O)Nc3ccc(C(C)(C)C)cc3)cnc2N)ccn1,0
protein75,1,Cc1cc(Cl)c(S(=O)(=O)Nc2ccc3c(c2)OCCO3)cc1C(=O)NC1(C(=O)O)CCCCC1,0
protein75,1,CCN=C(N)c1cc(NS(=O)(=O)C(F)(F)F)c2c(c1N)CCC(C)(C)C2,0
protein75,1,Cc1ccccc1NC(=O)CSc1cnccn1,0
protein75,1,NC(C(=O)O)C1CCC(C(=O)NCc2ccccc2)CC1,0
protein75,1,CC1CN(C(=O)C2CCCCC2C)c2ccc(C(C)(C)C)cc21,0
protein75,1,CCCC1CC(=O)N(c2cccc(Cl)c2NC(C)=O)C1=O,0
protein75,1,Cc1cc(N(C)C2CCCCC2OC2CNCCC2C(c2ccccc2)c2ccccc2)ncn1,0
protein75,1,Cc1cccc(C)c1NC(=N)N1CCCCCCC1,0
protein75,1,CCCCC(CC)CC1C(=O)NN(Cc2cccnc2)C1(C)C(N)=O,0
protein75,1,CCN(CC)CCn1c(C)cc2c(NN=C(C)c3cccs3)c(Cc3ccc(F)cc3F)c(=O)sc21,1
protein75,1,Cc1nc(-c2cccc(Cn3c(=S)[nH]c4ccccc43)c2)cs1,1
protein75,1,Nc1nc(N)c2c(S(=O)(=O)Nc3c(F)cccc3Cl)cccc2n1,0
protein75,1,Cc1cc(NC(=O)C2CCC(N(Cc3ccco3)C(C)C(F)(F)F)C2)no1,0
protein75,1,CC(C)CC1CC(C(=O)O)N=C2N=c3c4ccc(c3c(-c3ccccc3)cc42)N1O,1
protein75,1,CC(=O)NC1=Nc2cc(F)ccc2Nc2ccc(C(F)(F)F)cc21,0
protein75,1,CC(=O)Nc1cc(C(C)(C)C)ccc1N1CCN(C)CC1,0
protein75,1,Cc1ccc2c(c1)C(=Nc1cc(Cl)ccc1-n1ccnc1)N1CCN2CC1,0
protein75,1,O=C1CCC(=O)N1CN1CCN(Cc2ccccc2)CC1,0
protein75,1,CC1C=C(CN2CCC(Oc3cccnc3)CC2)C2C=Cc3ccccc3C2(O)C1,0
protein75,1,CC(C)C(C(=O)N(C)CC1Cc2c([nH]c3ccccc23)CN1C(=O)c1cc(F)cc(O)c1O)c1ccccc1,0
protein75,1,O=C(NC(=S)Nc1ccc(Cl)cc1Cl)c1ccc([N+](=O)[O-])cc1,1
protein75,1,Cc1[nH]c2c(C)c3ccnc(N)c3cc2c1-c1ccc(Cl)c(F)c1,1
protein75,1,COC(=O)c1ccc(N2CCC(CN3Cc4cc5c(cc4C3=O)CCCC5)CC2)cc1,0
protein75,1,Cc1c(-c2cccc(OCCN3CCCCC3)c2)c2nc(N)ncc2n1Cc1c(F)cccc1F,1
protein75,1,O=c1[nH]c2ncc(-c3cccc([N+](=O)[O-])c3)cc2cc1[N+](=O)[O-],1
protein75,1,CN(c1ccc(NC(=O)c2nc(C(C)(C)C)sc2N2CCOCC2)cn1)C1CCOCC1,0
protein75,1,CCC1CN2CCC1CC2CNc1ccc(C(F)(F)F)cc1NC(=O)c1ccccn1,0
protein75,1,CCc1[nH]c2cc(Nc3ccc(F)c(C)c3)nc(N)c2c1-c1ccccc1,1
protein75,1,Cc1c(F)ccc(Nc2ncc(-c3cnn(C(C)CO)c3)cc2NC(=O)C2CC(N)CN2Cc2ccc(F)c(F)c2F)c1F,0
protein75,1,Cc1ccccc1OCc1cccc(Cn2cc([N+](=O)[O-])cn2)c1,1
protein75,1,CCCCC#CC#CCn1cnc2c(cnn2-c2ccccc2)c1=O,0
protein75,1,O=C(O)c1ccc(Cn2ccsc2=NC(=O)c2cc(Cl)ccc2O)cc1,0
protein75,1,Cc1c(-c2c(F)cccc2Cl)c2ncc(Nc3cccc(C#N)c3)nc2n1C,0
protein75,1,Cc1cc(C)n(-c2nc(OC3CN(C(=O)c4ccc(Cl)cn4)C3)nc(-c3ccc(C)s3)n2)n1,0
protein75,1,CCCC1c2ccc3c4c2N(CC(Cc2c-3[nH]c3ccccc23)C4O)CC1N(C)C,1
protein75,1,O=C1C(=Cc2ccccc2O)Sc2ncccc21,0
protein75,1,CC(C)CCOc1ccc(Nc2ncccc2C(=NO)NCC2CN(c3cccc(C(F)(F)F)c3)CCO2)cc1,1
protein75,1,O=C(CCC1CCCN(CC(F)(F)F)C1)NC1CCCN(c2nc(NC3CCNCC3)ncc2F)C1,0
protein75,1,CC1(C)CC(=O)N(C2(C#N)CCN(C(=O)c3ccn4nc(-c5ccccc5)cc4c3)CC2)C1,0
protein75,1,CCOc1ccc(-c2nc3ccccc3c(=O)n2NC(=O)c2ccc(CC)cc2)cc1,1
protein76,1,Cc1ccc(-c2cc(C(=O)N(C)c3nccs3)cnc2S(=O)(=O)Oc2ccccc2F)c(C)c1,1
protein76,1,CCC1C(=O)NC(OP(=O)(CC(C)(C)O)OC)C(=O)N1Cc1ccc(O)c(OC)c1,0
protein76,1,CC(C)(C)OC(=O)NC(c1ccc(Cl)cc1)c1ccccc1C(F)(F)F,0
protein76,1,CC(=O)c1ccc2c(c1)Nc1nc(-c3ccc(C)c(OC(F)(F)F)c3)cnc1S2,0
protein76,1,CCCN(CC(=O)N(c1ccc(Cl)cc1)c1cccc(F)c1)CC(O)C(F)(F)F,0
protein76,1,CCC(CO)N1CCC(c2cccc(OC)c2OC2CCOc3c(CN(C)C)cccc32)CC1,1
protein76,1,O=C(COc1ccccc1-c1ccccc1)Nc1ccc2c(c1)OCCO2,0
protein76,1,Cc1c(Cl)c(C)c(NC(=O)c2ccc(F)c(F)c2)c2c1C=CC(C)(C)O2,0
protein76,1,CCn1c(-c2cncc(NC(=O)c3cc4ccccc4o3)c2)nc2cc3cc(c21)NC(=O)CC3,1
protein76,1,CCCCNc1nc2cc(C(F)(F)F)ccc2n1COCCO,0
protein76,1,O=C(Cc1ccc(Cl)cc1)Nc1ccc2nc(C(O)c3c(O)cccc3C(F)(F)F)n(C3CCCCC3)c2c1,0
protein76,1,CCNC(=O)c1cc(S(=O)(=O)N2CCN(C(C)c3ccccc3)CC2)ccc1Cl,0
protein76,1,Cc1cc(C)cc(N(C(=O)c2cc[n+](CC(=O)Nc3ccc4c(c3)CCC4)cc2)c2ccccc2)c1,1
protein76,1,CCC(C)n1c(C(F)(F)c2ccccc2)nc2c(Cl)c(F)c(N3CCN(C)CC3)cc21,1
protein76,1,Cc1cccc(-n2cnc3cc(O)c(N4CCC(C5OCCO5)CC4)cc3c2=O)c1C,1
protein76,1,CC(C)C1CCCCCCC1NC(=O)Nc1cc(=O)n(O)cc1Cl,0
protein76,1,Cc1cc(-c2cn3c(C(=O)Nc4cccc(C(=O)O)c4)csc3n2)ccc1-c1nc2ccccc2[nH]1,0
protein76,1,CCNC(=O)c1cccc(-n2c(S)nnc2-c2ccnc3ccccc23)c1,1
protein76,1,CCNC(=O)c1cccc(S(=O)(=O)Nc2cc(Nc3c(C#N)cc(Cl)cc3C(F)(F)F)ccc2OC)c1,0
protein76,1,Nc1ccc2c(NC(=O)CCc3c(-c4ccccn4)[nH]c4ccccc34)[n+]([O-])ccc2c1,1
protein76,1,CCCCCCC,0
protein76,1,CCc1cc(NC)ccc1N1C(=O)C=C(Sc2onc(C)c2[N+](=O)[O-])C1=O,1
protein76,1,CC1CCC(OCC2CC2)(c2cc(F)c3c(c2)CN(C2CC2)CCN3)C1N1CCCC1=O,0
protein76,1,CCC(C)NC1c2cc(-c3c(F)cc(C(F)(F)F)nc3Cl)ccc2NC1CCN1CCOCC1,0
protein76,1,CC1(C)c2c(O)ccc(Cl)c2CC2C(=O)NC(=O)N21,1
protein76,1,Cc1ccc2c(NC3CCC(N)CC3)c3ccn(Cc4ccccc4Cl)c3cc2n1,1
protein76,1,O=c1cc(-c2ccccc2)oc2cccc(SCCN3CCCCC3)c12,0
protein76,1,Cc1nc2c(S(=O)(=O)N3CCCc4c3c(C)cn(CC3COc5ccccc53)c4=O)ccc(F)c2s1,1
protein76,1,Cc1cnc(NC2CCCN(C(=O)Cn3ncc4c(-c5ccc(F)cc5)cccc4c3=O)C2)cn1,0
protein76,1,CCC(C)(C)CNC1=Nc2cc(C(=O)O)c3ccccc3c2N(S(=O)(=O)c2ccccc2[N+](=O)[O-])C1,1
protein76,1,Cc1ccc2nc(Oc3cccc(-n4cc(Cl)c5cc(C#N)ccc54)c3)c(C#N)cc2c1,1
protein76,1,CCS(=O)(=O)c1ccc2nc(Nc3ccc(C(=N)N)cc3OC)nc(N)c2c1-c1ccccc1,1
protein76,1,CC(C)=CC(=O)c1c2c(cn1CC(=O)NCCN1CCOCC1)-c1ccccc1CC2,0
protein76,1,CC(C)Cc1ccc(C(C)CN2CCOC3(CCC(N)CC3)C2)cc1,0
protein76,1,Cc1ccc2nc(O)cc(C(=O)O)c2c1,0
protein76,1,Cc1cc(NC(=O)C(C)N2CCCC2)c2c(n1)CCC2,0
protein76,1,CCOc1nc(C)c2c(n1)CCSC(N)=C2,0
protein76,1,CCCN(CCC)C1Cc2c(OC)ccc(OC)c2C(c2ccccc2)C1,1
protein76,1,C=CCN1CCC2(C)c3cccc(OCCC(C)(C)S)c3CC2C1=O,0
protein76,1,CC(C)CCCC(C)CO,0
protein76,1,CCOC1C[NH2+]CCC1OCc1c(C(=O)O)[nH]c2c3c(ccc12)OCCC3CCOCc1cccc(Cl)c1,1
protein76,1,CCC(C)NC(=S)Nc1ccc(S(=O)(=O)CC)cc1,0
protein76,1,O=C1CCCCC(c2nc3ccccc3s2)N1c1cccc(Cl)c1F,0
protein76,1,CCc1cccc2c1N(C(=O)CSCC1CCCN(c3cc(C(F)(F)F)c(C#N)cn3)C1)C(=O)C2(C)C,0
protein76,1,Cc1nc(CNc2ccc(Cl)cc2)c(C)nc1CNC(=O)C1CCCN1,0
protein76,1,CCOC(=O)c1cn(CCN2C(=O)c3ccccc3C2=O)ccc1=O,0
protein76,1,Cc1cc([N+](=O)[O-])ccc1NC(=O)C1CCCC1,1
protein76,1,O=C(CCCS(=O)(=O)c1cc(Cl)ccc1O)Nc1cccc(Cl)c1,0
protein76,1,O=C(NO)C(c1ccccc1)C1(c2cccc(O)c2)CCN(CCI)CC1,0
protein76,1,CCOc1cc2c(c(Cl)c1O)CCN1CCCC(C(=O)OC)C21,0
protein76,1,O=C1C=C(c2cc(F)cc(F)c2)CO1,0
protein76,1,Cc1c(Cl)ccc2c(N3CCCC(N)C3)nccc12,0
protein76,1,CC(C)=C(Cl)C(=O)CC(C)(C)n1cc(-c2ccccc2)c2ccc(O)cc2c1=O,0
protein76,1,Cc1ncc(N2CCC(C(N)=O)CC2)nc1Cc1cn(C(C)(C)C)nc1CN1CCN(C)CC1,0
protein76,1,Cc1cccc(NC(=O)COc2ccc3[nH]c(C)c(C(=O)c4ccccc4)c3c2)c1C,0
protein76,1,Cc1cncc(-c2nc3c(Cl)c(n2)N(C2C(C(=O)N(C)C)CCC2(C)C)C(=O)CN3C(C)C)n1,0
protein76,1,CCC(C)NC(=S)Nc1ccc(C2CCN(c3ncc(F)c(N4CCCCC4)n3)CC2)cc1,0
protein76,1,CCN(CC)C(=O)c1ccccc1NC(=O)C(C)=C(C)Cc1nc2ccccc2s1,0
protein76,1,CC1CCN(c2nc3cc(N)ccc3s2)CC1,1
protein76,1,CCCC(CCC)C(=O)Nc1nnc(-c2cccc(S(=O)(=O)Nc3ccc(F)cc3)c2)o1,0
protein76,1,NC(=O)C1Cc2ccccc2CN1C(=O)C(O)CCc1cccc(Cl)c1Cl,0
protein76,1,CC(C)C(=O)C(C)(C)CN1CCC(C(O)=NO)CC1c1cccc(C(F)(F)F)n1,0
protein76,1,CC(C)=Cc1cccc(Nc2nc(C)c3ccccc3n2)c1,1
protein76,1,Cc1cccc(NC(=O)Cn2c3ccc(F)cc3c3c(N4CCN(C)CC4)nccc32)c1C,1
protein76,1,COc1cc(CCC(C)=O)cc(Cl)c1O,0
protein76,1,CCOc1ccc2c(-c3ccc(F)cc3)cc(=NNC(C)=O)oc2c1,0
protein76,1,CN1CCN(CCN2C(=O)c3ccccc3C2=O)CC1,0
protein76,1,Cc1ccc(F)cc1-c1ccc(C(=O)O)c2ncccc12,1
protein76,1,CC(C)CC(=O)N(c1cccc(F)c1)c1sc2c(c1C(N)=O)CCCCC2,0
protein76,1,O=C(O)CN1C(=O)C2CCC(=Cc3ccccc3)CC2C1=O,0
protein76,1,CCOCCN1CCC(=O)N(C2CCCCC2C(=O)OCC)c2cc(C)c(-c3cccnc3)cc21,0
protein76,1,O=C(Cc1ccc([N+](=O)[O-])cc1)N=C([O-])Nc1cccc(Cl)c1,1
protein76,1,CC(C)CCNS(=O)(=O)c1ccc(Cl)cc1Cc1c[nH]c2ccc(Cl)cc12,0
protein76,1,O=C(c1cc([N+](=O)[O-])c(Cl)c([N+](=O)[O-])c1)c1nc2ncccc2o1,1
protein76,1,CC(=O)c1cn(-c2ccc(C(=O)NCCCCN3CCOCC3)c(F)c2F)c2cc(F)ccc12,1
protein76,1,CC1(C)CC(=O)n2cc1c1cc(-c3nc(NC#N)nc4c3CCC4)ccc12,1
protein76,1,O=C(Nc1ccc2c(c1)[nH]c(=O)c1ccnc(Cl)c12)C1CC(c2ccccc2)=NO1,1
protein76,1,Cc1nc2cc(OC(CC(N)CC(N)=O)OCCC3(N)CCC3)ccc2cc1-c1cc(-c2cccc(N(C)C)c2)nc2c1OCC2,1
protein76,1,CC(C)(C)N=CC1C(=O)NC(=S)N1Cc1ccc(F)cc1F,0
protein76,1,CC(C)N1C(c2ccccc2)=Nc2ccc(C(=O)O)cc2S1(=O)=O,0
protein76,1,NCCCC1c2ccc(O)cc2CCC1OCCN(CC(F)(F)F)c1ncnc(Oc2c(F)cccc2F)c1F,0
protein76,1,CCCCNc1nccc2cccc(OCC3CN(C)CCO3)c12,1
protein76,1,Cc1nc(N)c2c(-c3cccnc3)nn(CC(F)(F)c3cccc(OCc4nc5c(Cl)cccc5n4C)c3)c2n1,1
protein76,1,CCOc1ccc(N(CCN2CCCCCC2=O)S(=O)(=O)c2ccccc2)cc1,1
protein76,1,CCCCCN1C(=O)c2ccc(C(=O)O)cc2C1=O,0
protein76,1,Cc1coc(-c2nnc(N)c(-c3ccc(S(C)(=O)=O)cc3)c2Nc2ccccc2)c1,1
protein76,1,O=C1c2cccnc2Sc2cccnc2N1CC1CCN(Cc2ccc(Cl)cc2)CC1,0
protein76,1,O=C1c2ccccc2C(=NC(CO)P(=O)(O)O)N1Cc1ccc(Cl)cc1,1
protein76,1,Cc1cc2c(c(N(C)C)n1)c(C(C)(C)C)nn2-c1ccc(F)cc1F,1
protein76,1,CC1CCCCC1NC(=O)Nc1ccc2c(c1)c(-c1ccc(C(C)(C)S(C)(=O)=O)nc1)cn2C,0
protein76,1,Cc1nc(C(C)(C)C)cc(NC(=O)Nc2cccnc2)c1OCC(=O)NCc1ccc(Cl)cc1Cl,0
protein76,1,CN1CCN(C(Nc2ccc(-c3nc(N)c4c(n3)CCCC4)cc2)c2ccco2)CC1,1
protein76,1,CCC(C)CC1OC(=O)C2(CS)NC(C)c3nc4ccccc4cc3C12,1
protein76,1,Cc1ccc(Nc2ncnc(N)c2[N+](=O)[O-])cc1,1
protein76,1,Cc1ccc(C(O)C[N+](=O)[O-])cc1NC(=O)c1ccccc1,0
protein76,1,CCCCc1ccc(NC(=O)c2cnc(C)cc2-c2ccc(OCCF)cc2)cc1,0
protein76,1,CC1CCCN(C(=O)c2ccc(OCCCN3CCN(C(=S)c4ccccc4Cl)CC3)nc2)C1,0
protein76,1,Cn1c(N=C2C=C(O)CC(C)(C)C2)nc2sc3c(c2c1=O)CCN(Cc1ccccn1)C3=O,1
protein76,1,CCNC(=O)c1c(C(F)(F)F)nc2cc([N+](=O)[O-])c(Cl)cc2c1O,1
protein76,1,Cc1nc(N2CCNCC2)cc(-n2nc(C)c3nccc(F)c32)n1,1
protein77,1,NC(=O)C1CC2(CCCCC2)CN1C(=O)c1cccc2nc(OC(F)(F)F)ccc12,0
protein77,1,CCc1cc(C)n(CC(=O)N2CCN(Cc3ccccc3)CC2)n1,0
protein77,1,CCOc1ccc(OCc2cnc3c(c2)C(C)(C)c2ccccc2N3)cc1,0
protein77,1,Cc1c2c(cc3c1C(=O)NC3=O)-c1nc(-c3cc[nH]c3)cc(=O)n1C2,1
protein77,1,CCCC#Cc1nc2c(c(C)c1C#N)-c1nc3ccccn3c1CN1CCC(CC1)N2,1
protein77,1,CC(=O)Nc1nc2c3cc4c(cc3C(=O)Nc3cccc(C)c3C)c3ncccc3c(=S)n4c2s1,1
protein77,1,CC(Nc1ncccc1C(F)(F)F)C(=O)Nc1ccc(-c2nc3cc(-c4cccnc4)ccc3[nH]2)cc1,0
protein77,1,Cc1ccc(O)c(-c2nn3c(c2CN2CCN(C)CC2)CN(C2CC2)S(=O)(=O)c2ccc-3cc2)c1,1
protein77,1,CCN(CC)CCN1C(=O)c2cccc3c(N)ccc(c23)C1=O,1
protein77,1,CCCc1c[nH]c(-c2ccccc2)n1,0
protein77,1,CC(C)C1CCC(CN2CCC(C)(C)CC2)C(=O)N1CCN(C(=O)c1ccc(N(C)C)cc1)C1CCCC1,0
protein77,1,O=C(CCc1ccccc1)Nc1nnc(S(=O)(=O)N2CCCCC2)s1,0
protein77,1,CCCCCn1c(N2CCN(CC)CC2)nc2cc(C(C)(C)C(N)=O)ccc21,0
protein77,1,CCN(CC)c1ccc2[nH]c(N)nc2c1,0
protein77,1,CCc1ncc(-c2ccc(C#N)cc2)c(N2CCN(CC)CC2)n1,1
protein77,1,Cc1nc2cnccc2n1Cc1ccc([N+](=O)[O-])cc1,1
protein77,1,Cc1nc2cc(NC(=O)c3ccccc3)nn2c(C)c1Cc1ccc(-c2ccccc2)cc1,0
protein77,1,O=C(CCc1ccccc1Cl)NC(=S)Nc1ccc2c(c1)C(=O)CCO2,0
protein77,1,O=CNc1nc2ccc3c(c2s1)SCCNC3=O,1
protein77,1,O=C(Cc1ccccc1OC(F)(F)F)NCc1ccccc1Cl,0
protein77,1,Cc1cc2[nH]nc(-c3nc(C[S+]([O-])CC(=O)NC4CCCC4)c(C)o3)c2cn1,0
protein77,1,Cc1ccc(CNc2nc(C)cc(Cl)n2)cc1,0
protein77,1,CCn1nc(C)c(N)c(C(=O)Nc2ccc3c(c2)OCCO3)c1=O,1
protein77,1,CCCC1c2cc(C(N)=O)ccc2Nc2c3nc4ccc(OC)cc4c-3cc(N(C)C)n21,1
protein77,1,Cc1ccccc1CS(=O)(=O)Nc1ccc2c(c1)CCCO2,0
protein77,1,Cc1ccc(Nc2nccc(N3C(=O)OCC3(C)C)n2)c(Oc2ccccc2)c1,1
protein77,1,Cc1ccc2c(C)c(C(=O)NCC3CCCN(S(=O)(=O)c4cc5cc(Cl)ccc5[nH]4)C3C)[nH]c2c1,0
protein77,1,CC(=O)c1ccc([N+](=O)[O-])c(NC(=O)CS(=O)(=O)Cc2ccc(Cl)cc2)c1,1
protein77,1,NC1CCC2(CC1)c1ccccc1-c1ccccc12,0
protein77,1,Nc1sc(CCCO)c(CO)c1C(=O)OCc1ccc(F)cc1,0
protein77,1,Cc1ccccc1N1CCC(C(=O)Nc2ccc3c(c2)-n2c(cc4ccccc42)CNC3=O)CC1,1
protein77,1,CCCn1c(-c2coc(CN3CCCC3=O)c2)nc2cc(C(F)(F)F)ccc21,0
protein77,1,CC(C)C(C)NC(=NO)c1cccnc1Cl,0
protein77,1,Cc1ccc2cc(C(=NO)NCCC(C)C)c(O)nc2c1,1
protein77,1,Cc1ccc(Cc2ccccc2N2CCN(CCC(C)(O)Cn3ccc4cncnc43)CC2)nc1,0
protein77,1,O=C(Nc1nc2ccc(Cl)cc2s1)C1CCCN(Cc2nccs2)C1,0
protein77,1,CC(=O)NC1C(=O)N(Cc2ccccn2)C2CCCOC12,0
protein77,1,CC=C(C)C(=O)N1c2ccc(F)cc2C2CC(C(=O)N3CCN(Cc4cccnc4)CC3)CC21,0
protein77,1,Cc1cc(-c2cccc3c2CC2(CC3)CCN(C(=O)c3cccnc3N)CC2)no1,1
protein77,1,CC1(C)Cc2ccccc2N1S(=O)(=O)c1ccc2c(c1)CCC2,0
protein77,1,CCCCN1N=NCC1Cc1cc(C(F)(F)F)nc2ccc(Cl)cc12,1
protein77,1,CC(C)C(C)n1c(=O)c(-c2cn(-c3ccc(F)c(F)c3)nc2C(=O)O)cc2ccccc21,1
protein77,1,Cc1c[nH]c(COc2ccccc2-c2ccc(O)cc2[S+]([O-])c2ccc(Cl)cc2)n1,0
protein77,1,Cc1cccc(CN(c2cc(C(N)=O)c3ncccc3c2)c2ccc(Cl)cc2C)c1,1
protein77,1,Clc1nc2c(c(Nc3cc(C4CC4)nn3-c3ccccc3)n1)CCCC2,0
protein77,1,CCC(C)(C)NC(=O)c1ccccc1NC(C)=O,0
protein77,1,Cc1ccnc(SCC(=O)Nc2ccc([N+](=O)[O-])c(C(F)(F)F)c2)n1,1
protein77,1,Cc1cc(-c2cnn(C(=N)N3CCCCC3)c2)c(O)c2c1OCCN(C1CCCCC1)C2,0
protein77,1,Cc1cc(C(=O)OCC(=O)NC2CCCCCC2)c2cccnc2n1,0
protein77,1,Cc1ccc(-n2cnc3c(-c4cc(C(=O)N(C)CC(N)=O)c(F)cc4N)ncnc32)cc1C,1
protein77,1,CCn1c(=O)c(-c2ccc(S(=O)(=O)NC3CCC(C)CC3)s2)cc2ccc(N)c(F)c21,1
protein77,1,COc1cc(-c2cc3cc(F)c(-c4ccc(N)cc4)nc3s2)c(C)cc1N(C)C,1
protein77,1,O=C(NC1CCC(C(=O)NO)N(C(=O)C2CCCCC2)C1)c1cc(-c2ccccc2)nnc1O,0
protein77,1,CCN(CC)C(=O)c1ccc2c(c1)-c1cc(C#N)c(O)nc1C(C)(C)O2,1
protein77,1,Cc1nc2c(c(NCCc3cscn3)n1)CN(c1ccc3c(c1)OCCO3)CC2,0
protein77,1,O=C(CS(=O)(=O)Nc1cc(OC(F)(F)F)ccc1Cl)Nc1ccccc1-c1ccccc1,0
protein77,1,O=C1C(CCCNc2scnc2-c2nc3ccccc3[nH]2)Oc2ccccc2CN1CCO,1
protein77,1,CCN(C(=O)CN(C)C)c1nc2cc(Cl)c(C(F)(F)F)cc2n1Cc1ccccn1,0
protein77,1,Cc1cc(-c2ccc3c(c2)C(=O)N(CCc2ccccc2)C3)no1,0
protein77,1,Cc1noc(C)c1C(=O)N1CCCN(Cc2ccc(Cl)cc2)CC1,0
protein77,1,Cc1cc2c(cc1-c1cccs1)C(=O)CC(C)(C)O2,1
protein77,1,CCCC1CCC2CN1c1cccc(c1)-c1ccc2nc1,0
protein77,1,CCn1cc(C(=O)NC(=O)Nc2ccc(-c3ccccc3-c3nc(C)c(C)o3)cc2)cn1,1
protein77,1,CCN(CC)CCn1c(=N)ccc2c(=O)n(Cc3ccccc3F)nc(-c3ccccc3)c21,1
protein77,1,CN(CCCNc1cc(C2CC=CCC2)c2ccccc2n1)C1(C)CCc2ccccc21,0
protein77,1,CCc1ccccc1-n1ncc(-c2nc(N3CCC(CN4CCN(C)CC4)CC3)c3cc(F)ccc3n2)c1C,1
protein77,1,Cc1ccc(-c2cnc3c(N)cc(F)c(=O)n3c2N2CCC(C(=O)N3CCc4ncccc4C3)CC2)cc1,1
protein77,1,O=CN1Cc2cn(S(=O)(=O)c3ccccc3)nc2C1,0
protein77,1,CC(=O)Nc1cc(-c2ccc(OCCC3CC3)cc2C)nn1C1=CN2CCC(C)(C1)C2,0
protein77,1,CC(C)C=C(C#N)c1nn(CCN)c2c(N)ccc(F)c12,1
protein77,1,CCc1[nH]c2ccccc2c1CCC(=O)NNC(=O)Cc1cccnc1,1
protein77,1,Nc1ccc2nc(O)nc(Nc3ccc(Cl)c(Cl)c3)c2n1,0
protein77,1,CC(C)CC(NC(=O)N1C(=O)C(C)(C)c2ccc(-c3cncc(F)c3)cc21)C(=O)NO,0
protein77,1,COc1ccc(-c2cnc(N)c(-c3nc4c(CNc5cccnc5C(F)(F)F)ccc(C)c4s3)c2)cn1,1
protein77,1,CC(C)CC(c1nc(-c2ccccc2)no1)n1cccn1,0
protein77,1,C=C(C)N(CC)C(=S)Nc1ccc(S(=O)(=O)N(C)C2CCCCC2)cc1NC(=O)COc1ccccc1,0
protein77,1,O=C(C1CCCC1)N1N=C(c2cccs2)CC1c1ccc(Cl)cc1,0
protein77,1,O=CNC(=S)N1CCN(c2ccc([N+](=O)[O-])cc2F)CC1,1
protein77,1,CC1CCC(COc2ccc3c4c(c[nH]c24)C(=O)C2=C3N(C)CC(C)(C)CC2)CN1,0
protein77,1,CCCCN1C(=O)c2cccc(OC3CCN(CCOC)CC3)c2C1c1ccco1,0
protein77,1,O=C1CC2Cc3ccccc3CC2N1c1cc(F)ccc1N1CCCCCC1,0
protein77,1,CCCCC(O)c1ccc(O)cc1CCCC1CCC1,0
protein77,1,CCN(CC)CCC#Cc1cccnc1,0
protein77,1,O=C(Nc1ccc(C2=NCCN2)cc1)c1cc(S(=O)(=O)N2CCCCC2)c(Cl)s1,0
protein77,1,CC(C)=CCN(C)Cc1ccccc1O,0
protein77,1,CC1CCC(OC(=O)C(Sc2ccnc3cccnc23)C(F)(F)F)CC1,0
protein77,1,CCOCc1ccccc1-c1nnc(NC(=O)c2ccc(N(C)C)cc2)o1,1
protein77,1,CCCC1Cc2ccccc2C2(OC2CNc2ncccn2)C1C,0
protein77,1,CC(=Cc1ccccn1)CC(=O)Nc1nc2ccc(O)cc2s1,0
protein77,1,CCC1CCCC[N+]1(C)C,0
protein77,1,Cc1onc(-c2ccccc2)c1C(=O)Nc1ccc(C(C)(C)C)cc1,0
protein77,1,CC1(C)CCN(C(=O)Cc2cn(-c3cccc(Cl)c3Cl)cn2)S1(=O)=O,0
protein77,1,CCCCN(c1cc(Cl)ccc1OC)S(C)(=O)=O,0
protein77,1,CC(C)CC(NC(=O)C(Cc1ccccc1)NC(=O)OCc1ccccc1)C(=O)Nc1cccc(Oc2ccccc2)c1,0
protein77,1,CCCN1c2ccccc2S(=O)(=O)c2cnc3ccc(Cl)cc3c21,0
protein77,1,Cc1ccc(-c2nc(Cc3ccccn3)c(C)o2)cc1NC(=O)c1cnccc1O,0
protein77,1,Nc1nc(N)c2c(-c3ccccc3Cl)c(C(=O)Nc3cccc(OC(F)(F)F)c3)sc2n1,1
protein77,1,CCNC(=O)CCn1c2nc(-c3ccc(F)cc3)cnc2c2cccc(C(=O)NO)c21,1
protein77,1,C=C1CC(Oc2ccc(F)cc2N(CCCl)c2ccc3ncc(C)nc3c2)CCC1(CC)C(=O)Nc1cc(C)on1,0
protein77,1,CCCCC1CCN(Cc2ccccc2)CC1,0
protein78,1,CCCCc1nc2c(C)c(C(=O)NCc3nc4ccccc4c(=O)[nH]3)cc(OC)c2o1,1
protein78,1,CCn1c2c(c3ccccc31)N=C(O)C2=NO,1
protein78,1,O=C(Cc1cccc(F)c1Cl)NC(Cc1c(-c2ccncc2)[nH]c2cc(F)ccc12)C(=O)N1CCC(O)CC1CO,0
protein78,1,Nc1ncc(-c2cc(C(NCC3CC4CC3C(=O)O4)c3ccccc3F)ccc2F)cn1,1
protein78,1,CC(=O)N1c2cc(COc3ccc(F)cc3F)ccc2SC1c1cc(C2CC2)on1,0
protein78,1,CCC1CN2CC3CCC(CCN(C(=O)OCc4ccccc4)CCC2=O)C(C)(C)N13,0
protein78,1,Cc1nc(NC(=O)C2(F)CC(O)C(F)(C(F)(F)F)C(F)(F)C2)sc1-c1cccnc1,0
protein78,1,CCN(CC)C(=O)c1cc2c(NC(C)c3cccc4c3CC(=O)N4)c(C)cnc2o1,0
protein78,1,Cc1ncc(Nc2cc(C3C(C(=O)c4ccc(C#N)cc4C(F)(F)F)=C(N)OCC3(C)C)nn2-c2ccc(F)cc2F)cn1,1
protein78,1,CCC1CCC(N)C(CN(C)c2nccc(N(C)c3ccc(Cl)c(S(C)(=O)=O)c3)n2)C1,1
protein78,1,CCS(=O)(=O)N1CCC(N(CCc2ccccc2)C(=O)c2ccccc2N(C)C)CC1,0
protein78,1,CC1CCCC(N(C)c2sc(-c3cccc(OC(F)(F)F)c3)nc2C(N)=O)C1,0
protein78,1,CC(N=c1c(O)c(O)c1=Nc1ccccc1)C(C)(C)C,0
protein78,1,CCSC(=O)C1CN(C(=O)CCn2c(=O)oc3ccccc32)CCC1c1cccc(C)c1,0
protein78,1,Cc1cccc(S(=O)(=O)Nc2ncnc3sc(C4CCCC4)nc23)c1C,0
protein78,1,CCS(=O)(=O)N(CC(=O)N1CCc2ccccc2C1(C)C)c1ccccc1C(F)(F)F,0
protein78,1,CC1CC(=O)NN=C1c1ccc(-c2cn(CC(=O)Nc3ccccc3N3CC(C)(C)C3=O)c3ccc(F)cc23)cc1,0
protein78,1,CCN(CC)Cc1c(O)ccc(C=C2C(=O)NC(=S)N2C)c1O,0
protein78,1,Cc1ccc2nc(SC(C)c3nnc(O)c4ccccc34)cc(C)c2c1,0
protein78,1,NCCS(=O)(=O)NCc1cc2[nH]c(-c3cccc(C(F)(F)F)c3)cc2cc1F,0
protein78,1,CCOc1nc(N)nc(C)c1N1CCN(C(=O)C2CC2c2ccc(C(F)(F)F)cc2)CC1,0
protein78,1,CC1(C)C=C(c2cc(C(=O)O)ccc2F)C(N)=N1,0
protein78,1,O=C(Cn1c(-c2cnccn2)nc2cc(F)c(F)cc21)NCc1cccc(C(F)(F)F)c1Cl,0
protein78,1,FC1(F)CCN(CCCCCOc2cccnc2)CC1,0
protein78,1,Nc1nc(OCCOc2c(Cl)cc(Cl)cc2Cl)c2c(C(F)(F)F)c[nH]c2n1,0
protein78,1,COc1ccc(-c2cnc3c(N)nc(C)nc3c2)cc1C#N,1
protein78,1,CCCCNCCCn1ncc(-c2cccs2)c1Cn1ncnc1-c1ccc(OC)cc1,0
protein78,1,Cc1cc(C(F)(F)F)nc(SCC(=O)NC(=O)c2ccccc2)n1,0
protein78,1,Cc1cccc2c1c(=O)ncn2C1CC1Cc1ccccc1N1C(=O)C=CC1=O,1
protein78,1,CC1CN(CCOc2ccc(-c3ccc(N(C)C(=O)C4CCCN4)cc3)cc2)CCO1,1
protein78,1,O=C1CCCCC1S(=O)(=O)c1cccc(-n2cc(C(F)(F)F)nn2)c1,0
protein78,1,Nc1ccc(N2CCc3c(c(-c4ccccc4)nc4ccccc34)C2)c(C(=O)[O-])c1,1
protein78,1,CCC1CNCC(c2cccc(-c3cnc4ccc5c(c4c3)NS(=O)(=O)c3ccccc3-5)c2)N1,1
protein78,1,CCC1=NCC2(C(=O)[O-])Cc3cc(O)ccc3CC2N1Cc1ccc(C)cc1,0
protein78,1,Nc1cc(Cl)c2c(O)c(-c3ccc(Cl)cc3)cnc2n1,1
protein78,1,Cc1ccc2nc(Nc3cccc(S(=O)(=O)N4CCN(C)CC4)c3)c(C#N)cc2c1,0
protein78,1,COc1cncc(NC(=O)c2nc(C(C)(C)C)n(O)c2C)c1,0
protein78,1,CCn1nccc1-c1cccnc1Nc1cccc(COc2nc(OC)cc(C(F)(F)F)n2)c1,0
protein78,1,Cc1cc2cccc(C(=O)NNC(=O)C3Cc4ccccc4C3)c2n1C,0
protein78,1,CCOc1cc([N+](=O)[O-])ccc1N1CCN(C2CCCCCC2)CC1,1
protein78,1,O=S(=O)(CCCNC1CCCC1)C1CCCCC1,0
protein78,1,CC(C)CC(Cc1cc(F)cc(F)c1)NC(=O)OC1CNCC(CN)C1,0
protein78,1,CCNC(=O)C(N)CS(=O)(=O)c1ccc(C2CCCCC2)cc1,0
protein78,1,Cc1c(-c2ccccc2)cc2ncc(N3CCC(N(C)C)CC3)nn12,0
protein78,1,NC(=O)CCC(NC1=NS(=O)(=O)c2ccccc2N1)c1ccccc1,0
protein78,1,CCOc1ccc(C)cc1Nc1ccc(F)cc1C(=O)NCCS(=O)(=O)N(CC)CC,0
protein78,1,CCCCCC(CNO)C(=O)O,0
protein78,1,CN1CCN(c2cc(-c3ccccc3F)cn3c(-c4cnn(-c5ccc(Oc6ccnc(N)n6)c(F)c5)c4)cnc23)CC1,0
protein78,1,CCN(CC)CCCl,0
protein78,1,CC(=O)OC1CCC(n2cc(-c3ccc4c(C)cc(N)nc4c3)cn2)C1,1
protein78,1,Cc1cc(C(=O)Nc2ccc3c(c2)OCCO3)n(-c2ccccn2)n1,0
protein78,1,Cc1ccc(C(=O)N(Cc2cnc3c(c2)CCc2cnn(C)c2-3)c2cc(C(F)(F)F)c(Cl)cc2C)s1,0
protein78,1,Cc1cc(-c2ccccc2C#N)nc(N2CCCC(C(=O)Nc3sc(C(=O)NC(C)(C)C)nc3C)C2)n1,1
protein78,1,Cc1cnccc1C=NN(C)C(=O)C1C2CCN(Cc3ccc(F)cc3)CC2OC2=NCCC21OCCC(C)C,0
protein78,1,O=C1c2ccccc2CCC1(c1ccccc1)C(c1cccnc1)N1CCCCC1,0
protein78,1,CC1=CC(=O)N(c2cccc(S(=O)(=O)N3CCCC3)c2)C1=O,0
protein78,1,O=C1NC(=S)N(Cc2ccccc2)C1Cc1ccccc1,1
protein78,1,O=C1NC(c2ccccc2Cl)=NC1COCc1ccc(F)cc1,0
protein78,1,CC1CCN(c2ccc(Cc3c(N)ncnc3N)cc2)CC1,0
protein78,1,NC1CCCC1CC(OCC(c1ccccc1)N1CCC(c2nc3ccccc3[nH]2)CC1)C(=O)O,1
protein78,1,CN(CC1OC(CC2(C)CC(n3ncc(C(N)=O)c3Nc3ccc(F)c(F)c3)CC2O)c2ccccc21)C1CCC1,0
protein78,1,O=C1NC(=O)C2(Cc3ccc(F)cc3)C(=O)Nc3cccc1c32,0
protein78,1,Cc1ccc2sc(NC(=O)c3cccc(N4CCN(C)CC4)c3)nc2c1C,0
protein78,1,Nc1nc(Nc2ccc(Nc3c4ccccc4nc4c3cnn4CCC(O)F)cc2)c([N+](=O)[O-])cc1Cl,1
protein78,1,CCc1ccccc1NC(=S)N1CCN(C(c2ccccc2)c2ccncc2)CC1,0
protein78,1,Cc1nc(CN2CCCC(CNS(=O)(=O)c3cc(F)cc(F)c3)C2)cs1,1
protein78,1,CCCCNC1(CC(=O)c2cccc(OC)c2)C(=O)N(CC)c2ccccc21,1
protein78,1,CCn1c(C)cc(C=NN)c1C,1
protein78,1,O=C(NN=Cc1ccccn1)c1ccccc1Oc1ccccc1,1
protein78,1,CC(C)CCN(Cc1ccccc1)c1nc(N)c(C(=O)N(C)C)cc1Cl,0
protein78,1,CC#Cc1c(Cl)cc(Cl)cc1-c1c(C)nc2sc(N3CCNCC3)nn12,0
protein78,1,Nc1nc(NC2CCNCC2)c2nc(Cc3ccc(Cl)c(Cl)c3)[nH]c2n1,0
protein78,1,CC1(C)C=CC2C(CC(C(O)CCO)CN2C(=O)c2sc3ncc(-c4cnn(C5CCCC5)c4)cc3c2N)N1,1
protein78,1,FC(F)(F)c1cc(Nc2ncnn3cc(-c4ccccc4)cc23)cc(-c2ccc(Cl)cc2)c1,0
protein78,1,Cc1cccc(NC2=NCCCCC2C(C)(C)C)c1,0
protein78,1,O=C1CCC(NS(=O)(=O)c2cc3cc(Cl)ccc3[nH]2)(c2ccccc2)C(=O)N1,0
protein78,1,Cc1nc2ccc(CN3CCOC(CC4CCCN(S(C)(=O)=O)C4)C3)cn2c1-c1ccccc1,1
protein78,1,O=C(Nc1ccnc(-c2ccccc2)c1)N1CCN(c2cccc(Cl)c2)CC1,0
protein78,1,CC(=CC(C)(C)NC(=O)C1CCCN1)c1ccccc1,0
protein78,1,Cc1ccc(-c2csc(C(C)(C)O)n2)cc1N1C(=O)C(C)(C)c2cc(O)ccc21,0
protein78,1,Cc1cc2c3c(nc(Nc4ccc(CCN5CCNCC5)cc4)n2c1)Cc1conc1C3,0
protein78,1,Cc1cc(C(C)(C)C)nc(Nc2nc3ncccc3c3c2CCC(C(F)(F)F)N3)n1,1
protein78,1,CCN(CC)CCn1cc(Cc2nc3ccccc3[nH]2)c2ccccc21,1
protein78,1,CCCCCNN=C(N)S(=O)(=O)CCC(C(N)=O)N1C(=O)CCc2cc([N+](=O)[O-])ccc21,1
protein78,1,Cc1cccc2c(=O)c(-c3cccnc3Oc3c(F)c(F)cc(F)c3F)cn(C(C)(C)C)c12,1
protein78,1,CC(C)Nc1cccc(-n2cnc(C#N)c2-c2ccccn2)c1C#N,0
protein78,1,CCCNc1ncc(F)c(N2C(=O)OC(C)C2(C)c2ccc(F)cc2)n1,1
protein78,1,CCCCNC1(c2cccc(Cl)c2)CCCc2ccccc21,0
protein78,1,Cc1cccc(-c2nc(CN3CCCC3)c(C)o2)c1,0
protein78,1,CCCCC1CCN(CC(O)COc2ccc3nc(N)cc(C(F)(F)F)c3c2)CC1(C)C,0
protein78,1,CC(C)CN1CCCC1c1[nH]c2cccc(F)c2c1C(CN)Cc1cnn(C(N)=O)c1,0
protein78,1,CC1=C(NNc2ccccc2)Cc2cccc(O)c2C1=O,0
protein78,1,Cc1ccc(OCCC(=O)Nc2cc(F)ccc2F)cc1C,0
protein78,1,Cc1cccc(NC(=O)c2ccc(NC(=S)NC(=O)c3ccccc3Cl)cc2)c1,0
protein78,1,CCCC1Oc2ccccc2N(CCNS(=O)(=O)c2ccc(Cl)cc2)C1=O,0
protein78,1,CC1(C)CCCC(NC(=O)C2C(O)CCCN2C(=O)C(C#N)(C#N)c2ccccc2)C1,0
protein78,1,O=C(NCc1ccc(F)cc1)c1cn(Cc2ccoc2)c2cc(Cl)c(O)c(F)c2c1=O,0
protein78,1,Cc1ccc(C(=O)Nc2cccnc2N2CCN(C(C)C)CC2)o1,0
protein78,1,CC(C)N1CCc2[nH]nc(-c3ccc(O)cc3O)c2C1,0
protein78,1,CC(=O)NC(=NCCC(C(=O)O)N1CCC(C(F)(F)F)CC1)c1ccccc1,0
protein79,1,CCC1OCCC1N(C)C(=O)c1nnc(NC(=S)NCc2ccc(F)cc2)c2ccccc12,1
protein79,1,CCC1CN(C2CCN(c3nc4ccc(C#N)cn4n3)CC2)CCN1Cc1ccccc1C(F)(F)F,0
protein79,1,CCC(CN(O)C=O)C(=O)Nc1cc(C(F)(F)F)ccc1C(C)(C)C,0
protein79,1,Cc1ccc2c(N)nc(C3=CCc4c(c5ccccc5n4C)C3=O)n2c1C,1
protein79,1,CCn1cnc2c(Nc3cccc(N4CCN(C)CC4)c3)nccc21,1
protein79,1,CC(=Cc1ccncc1)C(=O)N1CCC2C=C(C(C)(C)CF)CCC2C1,0
protein79,1,Cc1nc(C2CCCCN2CC(=O)NC(C)(C)C)cnc1N,0
protein79,1,O=C(Nc1ccc2c(c1)CCC2)C1COc2cc([N+](=O)[O-])ccc2O1,1
protein79,1,NCC1Nc2nc(nc3cc(-c4cnn(C5CCCC5)c4)sc23)NC1=O,0
protein79,1,CCCN(CC)CCOC(c1ccc(C)cc1)C1CCCN(CCO)C1,0
protein79,1,CCn1c(=O)c2cc(C(C)(C)O)c(CNCCOc3ccccc3)n2c2ccccc21,0
protein79,1,CCCC(NC1=NCCN1)C1(C)CC1,0
protein79,1,CCC1CCCN(Cc2nnc(-c3ccc(OC)cc3)o2)C1,0
protein79,1,CCCN(c1nnc(-c2ccccc2)s1)C(CC)c1ccccc1,0
protein79,1,CC(C)Cn1c2c(C=O)[n+]3c1-c1cc(ccn1)OCCC2(C)CC3,0
protein79,1,Cc1cccc(NC(=O)c2nc(-c3cc(F)cc(F)c3)cs2)c1CC1CN2CCC(C2)O1,1
protein79,1,CCC(=O)N1CC2CC(=O)OC2C1,0
protein79,1,Cc1cccc(-n2nc(COC(=O)C3(c4ccccc4)CCNCC3)cc2-c2ccc3nc(N)ncn3c2=O)c1,0
protein79,1,NC(=O)c1cc(N)c2c(n1)CCC(N)C2,0
protein79,1,CCC(C)(C)N1CCc2c(c3cc(NC(=O)c4ccc(OC(F)(F)F)c(Cl)c4)ccc3n2C)C1=O,0
protein79,1,CCCc1cccc(-c2ccc(C)cc2)c1N1C(=O)CCS1(=O)=O,0
protein79,1,CC1=C(c2n[nH]c(=O)cc2Nc2ccccc2)CCC1,0
protein79,1,O=C(c1ccccc1)C(CC(c1ccc(OCc2ccccc2)cc1)N1CCN(C(=O)C2CC2)CC1)OCC1CC1,0
protein79,1,Cc1c(Cl)nc2cc(Cl)ccc2c1N1CCC(N)C(C(=O)N2CCCCC2C)C1,0
protein79,1,Nc1nn(-c2cc(F)ccc2I)cc1C(=O)c1ccccc1F,1
protein79,1,CC(=O)Nc1nc(-c2cccc(C(=O)Nc3cc(NC(=O)CC#N)ccc3Cl)c2C)cs1,1
protein79,1,NC(=O)c1nc(N)n(-c2ccccc2)[n+]1Cc1ccc(F)cc1,0
protein79,1,NC(Cc1ccccc1)P(=S)(S)CBr,0
protein79,1,O=C(Nc1cccc(Cl)c1)c1cccc2c1cnn2S(=O)(=O)c1ccccc1,0
protein79,1,CCCCc1nc(Cl)cc(Nc2cc(OCC(F)(F)F)cc(C(=O)NCCN3CCOCC3)c2)n1,0
protein79,1,CC(C)(N)c1csc(-c2ccc(OCc3cc(N)nc(O)c3C#N)cc2)n1,0
protein79,1,Cc1ccc(NC(=O)c2cccc(-c3ccccc3)n2)cc1Cl,0
protein79,1,FC(F)(F)c1ccc2[nH]c(-c3c(Cl)ccc(Cl)c3Cl)nc2c1,0
protein79,1,CCCC1CC(=O)N(c2cccc(-c3nc4ccc(OC(F)(F)F)cc4cc3C(=O)N(C)C)c2)C1=O,1
protein79,1,Cc1ccc(Nc2ncc(-c3ccccc3Cl)c3nc(C(N)=O)cn23)nn1,0
protein79,1,CCCN(C)Cc1cnn(C)c1NC(=O)c1nn(C)cc1Cl,0
protein79,1,Cc1cc2c(-c3ccco3)n(NC(=O)c3ccccc3Cl)c(=S)n2c2ccccc12,1
protein79,1,CC1Cc2c(cc([N+](=O)[O-])cc2C(F)(F)F)N(c2ccnc(N3CCCCC3)n2)C1,1
protein79,1,CCCC(C(=O)N1CCN(Cc2ccccc2)CC1)n1nc2ccccc2n1,0
protein79,1,CC1(C)CC(n2ccnc2)c2c(ccc(F)c2F)O1,0
protein79,1,NC(CN1CCCC1)c1ccc(-c2cnn(C(=O)Nc3ccccc3F)c2)o1,0
protein79,1,CCn1cc(CN2CCCC(c3nc(C)cc(-n4cc(C)nn4)n3)C2)c(-c2ccc(Cl)cc2)c1-c1cccc(C)n1,1
protein79,1,CC1(C)CC(N2CCCCC2)c2cc(-c3cccc(NC(=O)C4CCCN(CC(N)=O)C4)c3)ccc2C1O,0
protein79,1,CC(C)CC1C(NC(=O)CC(=O)O)CCC(=O)N1c1cccc([N+](=O)[O-])c1,1
protein79,1,CCN(CC)C(=O)C1CC2Oc3ccc(C)cc3OC23CNC(=O)C1(c1cccc(OC)c1)C3,1
protein79,1,Cc1cc2c(C#N)cccc2n1-c1ccc(C#N)cc1,1
protein79,1,O=C(O)c1ccc(-c2ccn(CC(F)(F)F)c2)nc1Nc1ccc(Cl)cc1[N+](=O)[O-],1
protein79,1,CC(C)CCNC(=O)C1CC2CN(c3ccccc3)CCN2C1(C)C(=O)O,0
protein79,1,Cc1nc(Nc2ccc(C#N)cc2)c2c(=O)c3cc(Cl)ccc3n(C3CC3)c2n1,1
protein79,1,CC(C)C(CN1CCCC1)Nc1cnc(-c2ccccc2F)nc1O,0
protein79,1,Cc1ccc(Cn2c(C3CC3)ccc(OCc3cccs3)c2=O)cc1,1
protein79,1,CCCC(C)(CCCc1cccnc1)C(=O)N1CCN(c2nnc3ccccn23)CC1,0
protein79,1,CCc1onc2c1SCc1c-2nn(-c2cccc(F)c2)c1[N+](=O)[O-],1
protein79,1,O=C(O)C1CCCN1c1ncc2cc1-c1ccc(cc1Cl)Nc1nc(CCc3ccccc3)nc-2n1,0
protein79,1,CCn1nc(C(F)(F)F)cc1CCC(=O)Nc1cccc(Cl)c1Cl,0
protein79,1,CCn1cnc2c(-c3ccc(C(F)(F)F)cc3)nc(Nc3ccc(C(C)=O)c(C)c3)nc21,1
protein79,1,O=C(O)C(Cc1ccc(Nc2nccc(N3CCNCC3)n2)cc1)NC(=O)C(F)(F)F,0
protein79,1,O=C1CCC(=O)N1c1ccccc1Sc1ccc(Cc2nc(Nc3cccc(Cl)c3)c3ccsc3n2)cc1,0
protein79,1,CCn1c(=O)cc(NN=C2c3cccc(C(F)(F)F)c3CC2CN2CCCC2=O)c2cc([N+](=O)[O-])ccc21,1
protein79,1,O=C(O)Cc1cc(C(=O)c2[nH]c3ccc([N+](=O)[O-])cc3c2Nc2ccc(F)cc2F)ccn1,1
protein79,1,O=C(CCN1CC=CC1)Nc1ccc(C(F)(F)F)cc1N1CC=CC1C(C(=O)NC1CC1)c1ccccc1,0
protein79,1,O=c1[nH]c2cc(S(=O)(=O)N3CCCCC3)ccc2n2ccc(n2)c2ccccc12,0
protein79,1,CCNC(=S)Nc1sc2c(c1C(N)=O)CCC(C(C)(C)C)C2,0
protein79,1,CC(C)(C)OC(=O)N1CCN(C(c2ccccc2)c2ccccc2)CC1,0
protein79,1,CCCCC1CN(C(C)C2CCN(C(C)CCN3CCN4CCCC4C3=O)CC2)C(=O)O1,0
protein79,1,CCCCc1c2cccc1N1CCc3ccc(cc3C1)-c1cc3cnc(nc3n1C)N2,0
protein79,1,Cc1c(C)n2ncc(Nc3ncccn3)c2c2cccc(OS(C)(=O)=O)c12,1
protein79,1,Cc1cc(C(=O)Nc2c(C(=O)Nc3ccccc3)[nH]c3ccccc23)ccc1[N+](=O)[O-],1
protein79,1,Cc1ccc(Cc2ccccc2NC(=O)C(C)CN2CCN(c3ccccc3C#N)CC2)cc1,0
protein79,1,Cc1ccc(C(=O)N2CCCCC2CN2CCCCC2)s1,0
protein79,1,CC(C)C(CO)Nc1ncnc2cc(-c3ccc(CNCCc4ccccn4)cc3)c(F)cc12,0
protein79,1,O=C(c1ccc(Cl)cc1Cl)C1CCCNc2ccc(Cl)cc21,0
protein79,1,CCNC(=O)c1ccc(NC(=O)C(CC(C)C)(c2ccccc2)N2C(=O)Cc3cc(OC)ccc32)cc1,0
protein79,1,Cc1ccc(S(=O)(=O)N(Cc2cccs2)CC2CCCCC2)cc1C(=O)NC1CCCC1,1
protein79,1,CC(C)O[PH](=O)Oc1ccc(-c2ccc(CC(C#N)NC(=O)C3CNCCN3C(=O)C3CCCCC3)cc2)cc1,0
protein79,1,CC(=O)N1CCC12CCS(=O)(=O)C2=COCC(F)(F)F,0
protein79,1,CC(C)CC(N)C(=O)N1CCN(c2nc(N3CCN(C)CC3)nc3c2S(=O)(=O)CC3)CC1,0
protein79,1,CCC1CCC2(C1)SCC(=NO)c1cc(C(O)=NCCCC3COC(=O)C3)ccc12,0
protein79,1,CCc1cnc(Nc2ccc(C(=O)O)cc2)c2[nH]c(S)nc12,0
protein79,1,CCNC1=NS(=O)(=O)c2cc(OC)ccc2N1,0
protein79,1,CCN(c1ccc(C2(O)CCN(C)CC2)cc1)S(=O)(=O)c1ccc(OC(F)(F)F)c2nsnc12,0
protein79,1,Cc1cc(Cl)c2c(-c3sc(-c4cncc(OC(F)(F)F)c4)nc3N)ccnc2c1,1
protein79,1,CCOc1ccccc1CC(C)c1ccc2c(c1)N(C(C)CN1CCNCC1)C(=O)C(C)N2C(C)=O,1
protein79,1,CC(=NNc1c(Cl)cc(F)cc1I)C(=O)c1cccn1C,0
protein79,1,Cc1cccc(-n2cc(C3CCN(CCCO)CC3)c3ccccc32)c1C,1
protein79,1,CC(=O)c1c(C)nc(O)nc1Cc1ccccc1,0
protein79,1,CCNc1nc2c(-c3cccc(Oc4ccc(Cl)cc4)c3F)nccc2s1,1
protein79,1,CC(CCCC1=CC(Cc2ccccc2)CC(Nc2nc3ccccc3cc2C(N)=O)O1)CS(=O)(=O)O,0
protein79,1,CC(C)c1cc(-c2ccc(N3CCCCCC3)nn2)ccc1O,0
protein79,1,O=C(Cc1nnc(-c2cccnc2)s1)Oc1ccccc1-c1ccccc1,0
protein79,1,CNC(=O)CN1CCC2(c3nnco3)CCC3(C=CCCC3)CC2C1,0
protein79,1,CC1(C)CSC(N)=N1,0
protein79,1,Cc1ccc(-c2nnc(NC3CCC(C)CC3)o2)cc1,0
protein79,1,CN(C)CC1Cc2cc(-c3ccncn3)cc3c2N2c4ccc(F)cc4C(CC(C)(C)C12)NC(=O)N3,0
protein79,1,CC(C)CC1NC(=O)C(C#N)N(c2ccc(O)cc2)C1=O,0
protein79,1,CCCCc1ccnn1-c1ccc(C(=N)NO)cc1,0
protein79,1,N#Cc1c(N2CCN(CC3CC3)CC2)nsc1S(=O)(=O)c1ccccc1F,0
protein79,1,Cc1cncc(Oc2c3c(nc4ccc(C(F)(F)F)cc24)N2CCC(N(C)C(=O)CCO)C(C3)C2)c1,0
protein79,1,COc1cccc2c1C1(CCN(Cc3cnc4c(C(F)(F)F)cccc4c3N)CC1)C(=O)N2,0
protein79,1,Cc1c(CNc2ccc3cnc(-c4ccccc4C(=O)O)nc3c2)nc2c(OC(F)(F)F)cccn12,0
protein8,1,CC(C)CCN1c2ccccc2NC(=O)c2cc3ncn(Cc4cscn4)c3cc21,0
protein8,1,CCCCCCNC(COC1CCC(NC(=O)c2cc(-c3ccc(OC)cc3)n(-c3ncccc3[N+](=O)[O-])n2)CC1)C(C)O,0
protein8,1,NCC1(c2ccccc2)C(=O)Nc2c(cc(F)c(F)c2F)-c2c[nH]nc21,0
protein8,1,O=C(NC1CCCC1)c1nc2ccc(Oc3ccccc3)cc2[nH]1,0
protein8,1,O=C(Nc1ccc(O)cc1C=Nc1ccccc1)c1ccccc1,1
protein8,1,CC1CCCN(C2CN(C(C)CNc3nccc(-n4cccc4C(F)(F)F)n3)C=C3CC(O)CCC32C)C1,0
protein8,1,Cc1cccc(N(C)c2nsc(N3CCN(C(=O)c4ccc5c(C)cc(N)nc5n4)CC3)n2)c1,1
protein8,1,CCNC(=O)c1cn(-c2cc(F)c(C)c(OC(F)(F)F)c2)c2cc(NC(=O)C(C)(C)C)ccc12,0
protein8,1,CCCS(=O)(=O)Nc1ccc(Nc2nc(OC(C)C)nc3ccc(Cl)cc23)c(F)c1,1
protein8,1,Cc1ccccc1-n1cnnc1-c1ccccc1,0
protein8,1,CCCS(=O)(=O)Nc1ccc2c(c1)c(C(C)(C)C)cn2C(=O)Nc1ccccc1C,0
protein8,1,O=C1CC(Sc2cccc(-c3ccc(C(F)(F)F)cc3)c2)C(=O)N1,0
protein8,1,CCN(CC)c1ccc2ccc3ncnc(Nc4c(NC(C)C)nnc5ccccc45)c3cc1-2,0
protein8,1,CC(C)(Oc1cc(F)ccc1F)C1CCC(c2cc(N3CCc4ccccc43)nc(N)n2)C1=O,0
protein8,1,CCN1CCn2c(nc3cc(Cl)c(N4CC5=C(C4=O)c4ccccc4OC5)cc32)C1,1
protein8,1,CC(=O)OCCCc1ccc(Cl)cc1C(O)CCCCCC(=O)NO,0
protein8,1,CCCc1ccccc1N1CCCN(c2nnc(C(F)(F)F)s2)CC1,0
protein8,1,COC(=O)C1CCCN1C(=O)C(NC(=O)CN)C(C)C,0
protein8,1,O=C(NCCCN1CCSCC1)c1cc(-c2ccc3c(c2)OCCO3)c(Cl)cc1F,0
protein8,1,CCCC(C)C(=O)Nc1n[nH]cc1-c1nc2ccccc2n2cccc12,1
protein8,1,CCO[PH](=O)CCCOCCNC(N)=O,0
protein8,1,Cc1cc(C)n(CC2CN(CCCCNC(=O)c3cc4ccccc4[nH]3)CCO2)n1,1
protein8,1,Cc1ccsc1C(=O)NS(=O)(=O)c1ccc([N+](=O)[O-])cc1,1
protein8,1,CC1(C(=O)NCCCN2CCOCC2)CCc2ccccc2N1C(=O)c1csc(-c2c(F)cccc2Cl)n1,0
protein8,1,O=C(O)c1ccccc1-c1cc2sc3cnccc3c2c2c1C(=O)NCC2,1
protein8,1,CCOc1cc(F)cc2c(=O)n(CC(=O)Nc3ccc(F)cc3F)ccc12,1
protein8,1,CC(C)(C)NC(=O)OCc1ccccc1OCc1nnc(N2CCOCC2)s1,0
protein8,1,CCN(CC)c1ccc(C(=O)C=C(Cl)c2ccccc2)cc1,1
protein8,1,CC(=C1CCCNC1)c1cc(C)cs1,0
protein8,1,CC(=O)Nc1sc2c(c1C1=NCCN1Cc1cccc(F)c1)CCCC2,0
protein8,1,CCCN(CCC)CCCc1c(OC)ccc2c(OC(C)=O)cc(C)c([N+](=O)[O-])c12,1
protein8,1,Nc1nc2cc(Cl)ccc2nc1-c1ccccc1O,1
protein8,1,CS(=O)(=O)NC1CCCCN(Cc2ccccc2-c2ccc(Cn3cnc(-c4cccnc4N)c3)c(F)c2)C1,0
protein8,1,CCCCCC(C)=NN1C(=O)c2ccccc2C1=O,0
protein8,1,Cc1ccc2c3c(c(CCl)cn2c1=O)CCCC3,1
protein8,1,CCC1CCCCC1NC(=O)C1CCC(C)n2c3ccc([N+](=O)[O-])cc3c(=O)n21,1
protein8,1,Cc1cc(C(=O)COC(F)(F)F)n2cc(-c3cccc(OC(C)C)c3)nc(N3CCC(O)CC3)c12,0
protein8,1,CC(C)Nc1c2c(nc3ccccc13)CCCC2,1
protein8,1,CCc1nc(C(=O)N2CCC3(CC2)C(=O)Nc2cc(F)ccc23)[nH]c1C,0
protein8,1,CC1CCC(C)(C)c2c(NO)noc2C1,0
protein8,1,CC(C)CC(N)Cn1c(-c2cc(OCCO)ccc2F)cc2ccccc21,1
protein8,1,O=C(O)c1ccc(F)c(C(=O)NC2CCN(Cc3cc4nccc(F)c4n3Cc3ccccc3)CC2)c1,1
protein8,1,CCN(CC)CC#CCOc1ccccc1-c1cc2nc(N)ncc2cc1-c1ccccc1,1
protein8,1,C#CCOc1ccc(NS(C)(=O)=O)c(-c2c(OC)nc(CCC)nc2OC)c1,1
protein8,1,CCOc1ccccc1-c1nc2ccccc2s1,0
protein8,1,CCn1cc2c(n1)[nH]c(=O)c1cc(OC)ccc1[nH]c1cnccc12,1
protein8,1,CCn1c(NC#N)nc2cc(-c3cnc4c(c3)CCN4C3CCCCC3)ccc21,0
protein8,1,CC1CCOC(C(=O)N2CCN(S(=O)(=O)c3ccc(Oc4ccc(Cl)cc4)cc3)CC2)C1,0
protein8,1,CCN1C(=O)CCC1C(=O)NC(C#N)C(c1ccccc1)c1ccc(-c2cnccn2)cc1,0
protein8,1,CCS(=O)(=O)Oc1ccc(C(=O)N2CCCC2C)cc1,0
protein8,1,CCCCCCNc1cc(C(F)(F)F)nc2c(-c3ccccc3)cnn12,0
protein8,1,CCC=CC(C)(C)N1CC(c2ccc3cc(OC)ccc3n2)CC1=O,0
protein8,1,CCOCN1C(=Nc2ccccc2[N+](=O)[O-])SC(=Cc2ccccc2[N+](=O)[O-])N1Cc1ccccc1,1
protein8,1,Cc1cc(-c2cncc(C(N)=O)c2)ccc1S(=O)(=O)NC1CCCCC1C,0
protein8,1,CC[n+]1c(C(C)c2ccc(S(=O)(=O)N3CCC(COCC(F)(F)F)CC3)cc2)n(C)c2ccncc21,0
protein8,1,CC1=C(Cc2ccccc2C=NN2CCN(C)CC2)CCCC1,0
protein8,1,Cc1c(O)c(=O)[nH]c2ccccc12,0
protein8,1,CCOCC1CN(Cc2cc(OC)ccc2OC(F)(F)F)Cc2cnc(N)nc21,1
protein8,1,CC(=NO)c1ccc2c(c1)nc1n2-c2ccc(F)c(c2)-c2ccc3c(c2)OC(CNCC1CC(C)C)CO3,1
protein8,1,CCn1ncc(CN2CCCC2Cn2c(C)nc3ccccc32)c(-c2ccc(F)cc2)c1=O,1
protein8,1,O=C1Nc2ccc(Cl)cc2CN1c1cccnc1N1CCNCC1,0
protein8,1,CC(=O)NC(CO)c1cc(-c2n[nH]c3ccc(-n4ccnc4)cc23)ccc1F,1
protein8,1,Cc1ccc(S(=O)(=O)N2CCN(c3ccc(C)c(C)c3)CCC2CCO)cc1,0
protein8,1,CC1CCCCC1n1[nH]c(=O)c(-n2sccc2=O)cc1=O,0
protein8,1,CC1(C)CC(C#N)CC(Cn2c(C(c3cc(F)cc(F)c3)c3ccccc3F)noc2=S)CO1,1
protein8,1,CC(C)CS(=O)(=O)C=C1c2ccccc2C(=O)c2c(O)cccc21,1
protein8,1,CC=C(C)C(=O)Nc1cccc(-c2nccc(-n3nc(OCCOC)cc3-c3ccc(F)cc3)n2)c1,0
protein8,1,CC1=C(COC(C)(C)c2cc(C(=O)Nc3ccccc3)n[nH]2)CCCC1,0
protein8,1,O=C1CCCCC1Cn1cc(C(=O)N2CCCC(c3ccccc3)C2)nn1,0
protein8,1,O=C(Nc1nc2c(s1)CCN(C(=O)O)C2C(=O)N1CCc2c(cccc2C(F)(F)F)C1)c1ccc(F)cc1F,0
protein8,1,Cc1ccnc2c3c(ccc12)CCC(c1ccccc1)N3,1
protein8,1,CCn1cc(C(=O)NCCCN2CCOCC2)c(=O)c2cc(F)c(N(C)C)nc21,1
protein8,1,CCOc1cc(-n2nc(C)c(C#N)c2-c2c(C)n(C)c3ccccc23)ncn1,1
protein8,1,Cc1ccc(C(=O)Nc2ccccc2N2CCCCC2C(=O)NCc2ccc(C(F)(F)F)cc2)nn1,0
protein8,1,CCN(CC)c1ncc(CNc2ccnc3c(C(N)=O)cc(-c4ccc(OC)cc4)cc23)c(-c2ccc(Cl)cc2C(F)(F)F)n1,1
protein8,1,Cc1noc(C2CCN(Cc3ccc(Cl)cc3)CC2)n1,0
protein8,1,Cc1ccc(NC2=NC(=O)C(C)(CCCON(C)C(=O)c3ccccc3N)N2)cc1C,1
protein8,1,Cc1nnc(NC(=O)c2ccc(C3CCCN3Cc3nccs3)nc2)s1,0
protein8,1,CC1CCCC(C)C1C(=O)OCC(=O)N(C)CCN1CCCCC1,0
protein8,1,CC1(C)CCCc2cc3c(cc21)OCO3,0
protein8,1,CCN1CCC(O)=C(C(=O)Nc2ccc(S(=O)(=O)F)cc2)C1=O,1
protein8,1,Cc1ccccc1NC(=O)Nc1c(N)ncn(-c2ccccc2)c1=O,1
protein8,1,CCC(=NO)c1ccc(-c2cnn(-c3cccc4cc(F)cnc34)c2)cc1,1
protein8,1,COCC(C1=NOCCC1)N1C(=O)c2ccccc2C1C(=O)NC(CC(C)C)C(=O)NC1CCc2ccccc21,1
protein8,1,CCn1c(NC(=O)c2cc(Cl)ccc2-c2cn(C)nc2C)c(Cc2cccc(OC)n2)c2ccccc21,1
protein8,1,Cc1cc(Oc2ccc(S(=O)(=O)NCc3ccco3)cc2)c(Cl)cc1C(C)(C)C,0
protein8,1,CCc1cc(O)nc2ccccc12,1
protein8,1,CCCn1c2c(sc1=S)CN(Cc1cccnc1)CC2C(=O)C1CCCC1,0
protein8,1,CCN(CC)CCn1c([N+](=O)[O-])cnc1-c1cncc(-c2ccccc2)c1,1
protein8,1,O=C(NC1CN(C2CNC2=O)C1)c1ccc2[nH]c(Cc3ccc(Cl)cc3)nc2c1,0
protein8,1,CC(=O)Nc1cc(N2CCN(Cc3ccccc3)C(C)C2)ccc1Cl,0
protein8,1,Cc1cc(O)nnc1SCC(=O)N1CCC(CC(C)(C)C)CC1,0
protein8,1,Cc1ncc(C(=NOCc2ccccc2C#N)Nc2ccc(-c3cnc(C(F)(F)F)cc3C(F)(F)F)cn2)o1,0
protein8,1,COc1nc(NC(=O)c2ccncc2)c(-c2ccc(C)cc2)nc1C(C)(C)C,0
protein8,1,COc1ccc(-n2ccnc2)c(-c2cnc(NC(C)CCC(N)CO)c(-c3nc4ccccc4s3)c2)c1,0
protein8,1,NC(=NCC(O)c1ccc(F)cc1F)N1CCN(Cc2cccc([N+](=O)[O-])c2)CC1,0
protein8,1,CCn1cc(C(=O)O)c(=O)c2c(-c3cncc(C)c3)nn(-c3ccc(S(N)(=O)=O)cc3)c21,1
protein8,1,O=C(NN=C(c1ccc(O)cc1)c1ccc([N+](=O)[O-])cc1)C1CC1,1
protein8,1,CC(C)CCn1c(=O)[nH]c2nc(Cl)cc(Cl)c21,0
protein8,1,Cc1nc(NCc2ccccc2)c2c(C)c(C(=O)NO)sc2n1,1
protein80,1,Cc1ccc(N(C)C)cc1C=NNc1nc(-c2ccccc2)c(C)s1,1
protein80,1,Cc1ccc2nccc(NC(=N)NCC3CCCO3)c2c1,1
protein80,1,CC(=O)Nc1cccc(C#CCN2CCN(c3nscc3C(N)=O)CC2)c1,0
protein80,1,NC(=O)c1cc(OC(F)(F)F)ccc1NS(=O)(=O)c1ccccc1Cl,0
protein80,1,Cc1cc(-c2cnc(N)c(-c3ccncc3)c2)n(OC2CCOC2)c1C,1
protein80,1,CCN(CC)CCCCn1nc(C(=O)c2cc(Cl)cc(Cl)c2C(C)=O)c2ccccc2c1=O,0
protein80,1,CCC1CCc2cc(NC(=O)NC3CCCCC3)ccc21,0
protein80,1,CC(C(=O)O)n1c(C(F)(F)F)c(C#N)c2ccccc21,0
protein80,1,CC(C)CC(=O)Nc1ccc(-c2nnc(Nc3ccccc3)s2)cc1,0
protein80,1,CCCCn1c(=O)c2c(c3cccnc31)CCCC2,0
protein80,1,O=c1c2ccccc2ncn1C1=NC(P(=O)(O)O)CCC1,0
protein80,1,CC1NC(C)(C)CC(C)(C)Cc2cnc3c(c2)Oc2ncccc2CN3C1=O,1
protein80,1,Cc1cc(-c2cn3c(c(-c4cccnc4)c2=O)N(c2ccccn2)CCC3)ccc1[N+](=O)[O-],1
protein80,1,Cc1nc(Oc2ccccc2-c2ccc(O)cc2)c2ccccc2n1,1
protein80,1,Cc1ccc(-c2ncc(C(=O)Nc3c(C)n(C)n(-c4ccccc4)c3=O)s2)c(Cl)c1,1
protein80,1,Cc1coc2nc3n(c(=O)c12)-c1cc(cc(C(F)(F)F)c1Cl)C(=O)N3,1
protein80,1,CC(C)CC(NC(=O)C(N)CC(=O)O)C(=O)O,0
protein80,1,CCC1CSCN1C1=CC(=O)OC1,0
protein80,1,CC(C)Nc1ccc(-c2nc3c(c(N4CCN(C)CC4)n2)CS(=O)(=O)C3)cc1,0
protein80,1,CC1(COCCc2c[nH]c3ccccc23)COC(Nc2ccc(C(=O)C(F)(F)F)cc2)=N1,0
protein80,1,O=C1c2ccccc2-c2cc(NCCC3CCNCC3)ccc21,1
protein80,1,Nc1nc(NCCc2ccc(F)cc2)nc2cc(=O)[nH]c(CNC(=O)CC3CNCCN3)c12,1
protein80,1,CC1(C)CC(CN2CCN(CC(=O)Nc3ccccc3F)CC2)c2ccccc21,0
protein80,1,CCCC1(c2cc(C(F)(F)F)nn2C)CNCc2cnc(C)cc21,0
protein80,1,CC(C)CC(Cn1c(=O)n(C2CCC(O)CC2)c2c(C#N)cccc21)N1CCCCCC1,0
protein80,1,Cc1ccc(C(=O)Nc2cnc3ccc(-c4ccccc4)cn3c2=O)s1,1
protein80,1,CCS(=O)(=O)N(c1cc(CCc2cccc(F)c2)ccc1OC)C(C)(C)C,0
protein80,1,CC1CCCN(C(=O)c2cccc(-c3cnc(N)c(C(=O)Nc4ccc(F)cc4)n3)c2)C1,0
protein80,1,CC1=C(c2ccc(Cl)cc2Cl)C(=O)N(C)C(C(=O)NO)C1O,1
protein80,1,CCSc1cn(C)c(=NNC(=O)c2cccc(C)c2)c2ccc(=O)n(C)c12,1
protein80,1,Cc1c(-c2ccc(F)cc2)c([N+](=O)[O-])c2n(c1=O)CCC(C(C)C)CC2,0
protein80,1,CCC1C2CCN1CC(C#Cc1c(O)cc(O)c(O)c1C)C2,0
protein80,1,CCCN(C)C(=O)c1ccccc1NC(=O)c1ccccc1C,0
protein80,1,CC=CC(C)=NOCCCCC(CCN1CCN(C)CC1)C(=O)CCC(C)C,0
protein80,1,O=CCCCCCNC(=O)c1cc(Cl)c(O)c(Oc2ccccc2F)c1,0
protein80,1,CC(C)N1CCC2(C(=O)O)C(C)C(O)CN(C)C(=O)Oc3ccc4c(c3)C(OCC4)C2C1,0
protein80,1,CCCn1c(N)nc(=O)c2cc(C(C)(C)C)c3onc(CCN(CC)CC)c3c21,1
protein80,1,O=CCC1C=C(CNc2ccncc2[N+](=O)[O-])c2ccccc2C1,1
protein80,1,Cc1ccccc1-c1cc(NC(=S)NC(=O)c2ccccc2F)nn1-c1ccc(C#N)cc1,1
protein80,1,CC(Nc1nccc(N2C(=O)COC2=O)n1)c1ccccc1,0
protein80,1,CCc1ccc(CNC(=O)c2c(N(C)C3CCNCC3)cc(C)c3c2nc2c(C)cc(C)cn23)cc1,1
protein80,1,CC1OCC(=O)C(C#N)=C1NCc1ccccc1-c1ccc(F)cc1F,1
protein80,1,Cc1c(N=NN2CCCCCC2CC(O)c2ccccc2)c(=O)n(-c2ccccc2)n1C,0
protein80,1,Cc1cc(C(=O)Nc2cccc(-c3cnc4ccc(C(=O)c5cc([N+](=O)[O-])cc(C)c5N)cn34)c2)n[nH]1,1
protein80,1,O=C1CC(n2ccccc2=O)C(=O)N1,0
protein80,1,Cc1ccc2c(c1)-c1cnc(N)nc1CC(Nc1c(C(C)(C)C)nc3ccc(Cl)cn13)=N2,0
protein80,1,Cc1cccc(Nc2nc(C(N)=O)cc(-c3sc(C)c(C)c3S(=O)(=O)N3CCCCC3)n2)c1,0
protein80,1,CC(C)CC(CC(=O)N(CCCCN1CCN(c2ccc(N)cc2)CC1)Cc1ccco1)C(=O)O,0
protein80,1,Cc1ccc(C)c(OS(N)(=O)=O)c1,0
protein80,1,Cc1cc(-c2cccnc2)cc(Nc2nc(C(N)C(=O)OC(F)(F)F)cs2)n1,0
protein80,1,CCc1ccc(NC(=O)c2nc(C)c3c(cnc4ccccc43)c2O)cc1,0
protein80,1,CCCCC[N+](C)(CC)CC(=O)O,0
protein80,1,CCOP(=O)(O)C1(c2cccc(Cl)c2)CCC(=O)N1c1ccnc(-c2ccncc2)n1,0
protein80,1,CC1=C2c3ccc(C(C)C)cc3OC(c3ccco3)C2CC1O,1
protein80,1,CCC1=NC(=O)C(c2ccccc2)(c2cc(Cl)ccc2N)S1,0
protein80,1,O=Cc1ccccc1C(=O)N1CCN(Cc2nc3c([nH]2)CCCC3)CC1,0
protein80,1,CCOc1ncc(C#CCCCCCn2nc(C(F)(F)F)c(C(=O)O)c2O)c2ccccc12,0
protein80,1,CCC(NC(=O)C(N)CC(=O)O)c1ccc(-c2ccc(C#N)cc2)cc1S(=O)(=O)N1CCOCC1,0
protein80,1,Cc1cc(-c2nnc(SCc3nc4ccc(F)c(F)c4cc3C(N)=O)n2C)no1,1
protein80,1,O=C(Nc1ccccc1)N(CC(=O)N1CCc2ccc(F)c(Cc3ccc(F)cc3)c21)c1cccnc1,0
protein80,1,CCCCN(CCCC)Cc1csc(=O)n1CCCCCCN(C=N)CC,0
protein80,1,CC1=CC(=O)N(CC(C)CS(=O)(=O)Cc2ccccc2)C1=O,0
protein80,1,Cc1cccc(NC(=O)c2cccc3nc(=O)n(-c4ccccc4)c(C)c23)c1,1
protein80,1,CCn1c(S)nnc1-c1ccccc1,0
protein80,1,CC(C)Nc1nc(-c2ccccc2)nc(N)c1C#N,0
protein80,1,CCCn1cnc2ccc(-c3cc(NCCS(C)(=O)=O)nc(NC(C)(C)C)n3)cc21,1
protein80,1,COc1ccc2c(OC(C)=O)c(C(N)=O)c(N)nc2c1,1
protein80,1,O=C(Nc1nc(-c2ccncc2)cs1)Nc1ccccc1Cl,1
protein80,1,Cc1csc(CCSCCC(CN2CCc3ccccc3C2)OCCN2CCCS2(=O)=O)c1,0
protein80,1,O=C(NC(CC1CN(C(=O)c2ccc(C(F)(F)F)cc2Cl)CCN1CC1CCCCC1)C(=O)O)c1cn[nH]c1-c1ccc(F)cc1,0
protein80,1,Cc1cc(Nc2n[nH]c(-c3c(C)cccc3OCc3ccccc3)n2)ncn1,1
protein80,1,CCCCCCC1CN(Cc2cc3c(nc2N)CC(C)(C)CC3=NO)CC1CC(C)S(=O)(=O)O,0
protein80,1,CCCN1CCc2c([nH]c3ccccc23)C1CN1CCNCC1,0
protein80,1,NC(=O)c1ccccc1Nc1c2c(nc3ccccc13)CCN(CCc1cccnc1)C2,1
protein80,1,CC1C(=O)Nc2cc(-c3cccc(C(=N)N)c3)ccc2N1c1ccc(O)nn1,0
protein80,1,Cc1nc(C)c(=O)n(N)c1-c1ccc(Oc2cc(O)nc(N)n2)cc1,1
protein80,1,O=C(OCCNS(=O)(=O)c1ccccc1)c1cc(-c2cccnc2)nc2ccccc12,0
protein80,1,CC(CCS(=O)(=O)N1CCN(c2ccc(O)cc2)CC1)c1ccccc1,0
protein80,1,CCC(CC)C(C#N)c1ncc(N)c(NCCCN2CCC(C)CC2)n1,1
protein80,1,CCNc1cc(C#N)nc(-c2ccccc2)c1,0
protein80,1,Cc1cc(C(F)(F)F)ccc1-n1c(C2CCCN(C)C2)c(-c2ccccc2)c2c(N)ncnc21,1
protein80,1,Cc1cccc(CN2Cc3c(-c4nsc5ccccc45)nn(CCO)c3C2=O)n1,1
protein80,1,CC(=O)Nc1sc(-c2cc(C)c(O)c(C)c2)nc1CN1CCCCC1,0
protein80,1,CC(=O)Nc1ccccc1SCC(=O)Nc1c(C)cccc1C,0
protein80,1,O=C1NC(c2ccc(N3CCC(C(O)c4ccccc4)CC3)cc2)Cn2c1nc1ccccc12,0
protein80,1,CCCCN(CCC)C(C)Cc1cc2cc(C)cc(O)c2[nH]1,1
protein80,1,Cc1[nH]cnc1CNc1cc(C(F)(F)F)nc(NCc2ccccn2)n1,0
protein80,1,CCOC(=O)Nc1sc(C)c(C)c1C(=O)NC1CCN(C(=O)c2c(C)cccc2C)CC1CC,0
protein80,1,CCN(CC1CCc2c(nc3ccccc3c2F)O1)C1CCCN(C(=O)c2ccoc2)C1,1
protein80,1,CCn1c(CN2CCOCC2)nc2ccc(Oc3ccc(S(C)(=O)=O)cc3-c3cc(C(F)(F)F)nn3C)cc21,1
protein80,1,CC(C)(C)S(=O)(=O)N(c1cc(Cc2n[nH]c(=O)c3cccnc23)c(F)cc1F)C1CCC(O)CC1,0
protein80,1,CC(C)CC1C(=O)N2CCCC(O)CCC=CC2CN1C(=O)c1cnsc1-c1ccccc1,0
protein80,1,CCNS(=O)(=O)c1cc([N+](=O)[O-])ccc1Nc1cc2c(cc1OC)OC(COC)CC2,1
protein80,1,CC=CC(=O)Nc1cc(C(C)C)c2ccc(F)cc2n1,0
protein80,1,Cc1c(F)cc(Cl)cc1Cl,0
protein80,1,OC1(c2ccccc2)CCCCC1Br,0
protein80,1,Fc1cc(-c2ccccc2Cl)cc2ccc(N3CCCCC3)nc12,0
protein80,1,Cc1nc(O)c2cc(Cl)c(-c3cccc([N+](=O)[O-])c3)nc2n1,1
protein80,1,Cc1ncccc1-c1cc(C(=O)N2CCN(c3nsc4ccccc34)CC2)c(C)o1,1
protein80,1,Cc1cc(C(=O)N2CCCC2)cnc1Nc1nnc(-c2ccccc2-c2ccccc2)s1,0
protein81,1,Cc1nn(-c2ccccc2)c2nc(C3(S(=O)(=O)c4ccccc4)CC3)cc(-c3ccc(F)cc3)c12,1
protein81,1,Cc1cccc(N(C)c2nc3ccccc3o2)c1,0
protein81,1,CCOc1cc(S(=O)(=O)Nc2sncc2C(N)=O)ccc1N1CCN(C)CC1,0
protein81,1,Nc1ccc(CC2CNC2)nc1Nc1cccc(S(=O)(=O)C(F)F)c1,1
protein81,1,CC(=O)c1ccc(-c2cccc3[nH]c(NS(=O)(=O)c4ccc5c(c4)OCCO5)cc23)cc1,0
protein81,1,CC(C)(Cl)CC(O)CCOCO,0
protein81,1,Cc1cc(Nc2cc(F)cc(F)c2F)nc(-n2nc(C#N)cc2C)n1,0
protein81,1,Nc1ccnc(SCc2ccccc2C(=O)c2cc3ccccc3nc2O)n1,0
protein81,1,CC(=O)Nc1ccc(C2CCN(c3nc(C)cc(Nc4ccc(C#N)c(C(F)(F)F)c4)n3)C2)c(F)c1,0
protein81,1,O=C(CS(=O)(=O)c1ccccc1)Nc1ccc(C(F)(F)F)cc1,0
protein81,1,CC12CC=C(C1)N(c1c(C3=NC(CN)CO3)cc(-c3cnc(N)cn3)cc1C1CCCCC1)C2,1
protein81,1,Cc1nn(CC(=O)NCc2ccc3c4ccnc(C)c4n(C)c3c2)c(C)c1[N+](=O)[O-],1
protein81,1,CCn1cc(C(C)C(=O)NC2CCCCCC2)c2ccccc21,0
protein81,1,CC(C)n1ncc(-c2cncc(NC(=O)c3cc4c(cc3N3CCOCC3)CCC4)c2)n1,0
protein81,1,CC1(C)COc2cc(CCS(=O)(=O)Nc3cc(-c4cncc(F)n4)ccc3F)ccc2O1,0
protein81,1,CCOC(=O)c1coc(N(C)c2ccc(Nc3nccc4cccc(C)c34)cc2)n1,1
protein81,1,CCN(CC)CCn1ccc(-c2ccc(Cl)c(O)c2)n1,0
protein81,1,CC12c3ccc(cc3CCc3ccccc3)N1C(=O)N1CCC2C1C(=O)O,0
protein81,1,CCC(C)C(N)C(=O)NC(C)c1nc2c(C)c(-c3ccc(F)cc3)n(C)c2s1,1
protein81,1,CCC(C)(C)CCC(=O)N1Cn2c(nc3ccccc32)NC1=S,0
protein81,1,CCOc1ncccc1N1C(=O)c2c(F)cccc2S1(=O)=O,1
protein81,1,CCNc1nc(-c2ccc(OC)c(OC)c2)cc(Nc2csc(C)c2C(N)=O)c1C#N,0
protein81,1,O=C(Nc1nnc(-c2ccc(Cl)cc2Cl)s1)c1cc([N+](=O)[O-])cc([N+](=O)[O-])c1,1
protein81,1,Cc1nc2cc(O)c3c(c2[nH]1)Cc1cccc(C)c1NC3=O,1
protein81,1,C[S+]([O-])c1ccccc1C(=O)N1CCc2c(c3ccc(F)cc3n2S(=O)(=O)c2ccccc2)C1,0
protein81,1,CCn1ncc(NC(=O)c2ccccc2-c2onc(-c3cccnc3)c2-c2ccccc2S(=O)(=O)N(C)C)cc1=O,1
protein81,1,CC(C)CCOc1ccccc1CNC(=O)c1ccc2c(CC3Cn4nc3c3ccccc34)c[nH]c2c1,0
protein81,1,CC1Cc2cc(-c3[nH]ncc3C(c3ccccc3F)N(C)CCO)ccc2O1,1
protein81,1,CCCC=C(C)n1c(=O)n(Cc2ccc(NC)cc2)c2ccccc21,1
protein81,1,CN1CCCN=C1c1[nH]nc(-c2ccc(OCC3CCCC3)c(C#N)c2)c1F,0
protein81,1,NC1=C(CS)C(=O)CCC1,0
protein81,1,CCOC1Cc2c(nc(Nc3ccnc4cc(C)cc(C)c34)c(C#N)c2C)N(C)C1,1
protein81,1,Cc1ccc(C(c2ccc(Cl)cc2)C2N3CCC2(OCC(F)(F)F)C3)cc1,0
protein81,1,O=C(O)c1cnc(NC2CCNC2)c(Nc2ccc(C(F)(F)F)cc2Cl)c1,0
protein81,1,CCCCN1CC(=O)N(Cc2cc(C(C)(C)C)ccc2OCc2ccccc2C#N)C1=N,0
protein81,1,O=CN=C(C(=O)N1CCCCC1)c1cccc2cccnc12,0
protein81,1,CCC(CO)NC(=O)C(CC#N)Nc1ncc(F)c(N2C(=S)OCC2(C)c2ccc(F)cc2)n1,0
protein81,1,CCCC=C(C#N)C(=O)NCCCN(C)C(C)C,0
protein81,1,CC1CCC(Nc2ccc3c(c2C#N)c2cncnc2n3CC2CCCCN2C)C(C)C1,1
protein81,1,Cc1ccc(Nc2c(Cl)cc(NC(=O)c3cc(S(=O)(=O)N4CCCC4)cn3C)cc2Cl)nc1,0
protein81,1,CCn1c(SCC(=O)Nc2nnc(-c3ccc(F)cc3)s2)nc2ccccc21,0
protein81,1,CC(C)CCN(C)S(=O)(=O)c1ccc2c(c1)CCC2(O)c1ccc(F)c(F)c1,0
protein81,1,NCc1c(N2CCCC2)nc2ccc(Oc3ccccc3)cc2c1-c1cccc(OCC(O)CN)c1,1
protein81,1,Cc1nc(C(F)(F)F)nc(Nc2cc(Cl)c(F)cc2OCC2CC2)c1Cl,0
protein81,1,CCN(CC)CCNc1ccc(-c2cc(Nc3ccnc(C4CC4)n3)c3cc(F)ccc3n2)cn1,1
protein81,1,Cc1nsc2cccc(C(=O)O)c12,1
protein81,1,CCOc1ccc(C)c2[nH]c(C(C)(C)C)c(CC(N)C(=O)N3CCC(N4CCCCc5cc(F)cnc54)C3Cc3ccccc3)c12,0
protein81,1,CCC(=NO)n1c(-c2ccccc2Cl)nc2cc(OC)cc(O)c21,1
protein81,1,CCCN1CCC(CNc2cccc3c(-c4cccc(OC)n4)c(O)nn23)CC1,0
protein81,1,Cc1noc(C(c2ccccc2-c2ccccn2)N(C)CCCC(F)(F)F)n1,0
protein81,1,CC(C)(C)OC(=O)N1CCCC(C(N)=O)C1CN1CCN(C=Nc2nc3ccccc3s2)CC1,1
protein81,1,CC(C)CC(C(=O)N1CCC(c2ccccn2)(C(F)(F)F)CC1)N1C(=O)C(OC(=O)c2c(F)cccc2F)C1C1CCC1,0
protein81,1,O=c1c2nc[nH]c2n(CCN2CCOCC2)c(=O)n1CCN1CCC(c2cccc3c2-n2ccnc2CO3)CC1,0
protein81,1,Clc1ccc(CSc2nnc(-c3c(Cl)cccc3Cl)[nH]2)cc1Cl,0
protein81,1,O=C(Nc1cccc(F)c1)NC1CN(C2CCCC2)C(=O)c2sc3cc(OC(F)F)ccc3c21,0
protein81,1,CCC(NC(=O)C(C#N)c1ncccc1C(=O)O)C(=O)N1CCCC1C#N,0
protein81,1,CCc1ccc(Nc2nc(N3CCN(C)CC3)nc3ccccc23)cc1,1
protein81,1,CC(N)=NCCCC1CN(S(=O)(=O)c2ccc(F)cc2)CC2CCCN2C1=O,0
protein81,1,Cc1nc(-c2cccc3c2n(Cc2ccc(-c4ccccc4C(F)(F)F)cc2)c(=S)n3C)ccc1N,1
protein81,1,CCN1CCN(c2nc3c(-c4c(Cl)cc(C#N)cc4CN(C)CCC#N)cccc3s2)CC1,1
protein81,1,O=C1CSc2ccc(C(=O)NC3CCCc4ccccc43)cc2N1,0
protein81,1,O=C(NC(=O)C(F)(F)F)C1CC=CC1c1ccccc1-n1nccc1-c1cccc(C(F)(F)F)c1,1
protein81,1,CCS(=O)(=O)NCCOc1ccc(C(=O)C(Cl)(Cl)Cl)cc1,0
protein81,1,ON=C1CN(Cc2c(C3CCCCC3)sc3cc(F)cc(F)c23)CCN1,1
protein81,1,O=CNc1cc(O)ccc1-c1nc2c(F)cccc2c2c1cnn2C1CCCN(c2nccc(Cl)n2)C1,1
protein81,1,Cc1ccc(C(=O)OCC(=O)NC(=O)C2CCNC2)o1,0
protein81,1,CC(C)c1cc2c(cc1[N+](=O)[O-])-c1cc(-c3ccc(F)cc3F)oc1C=NN2,1
protein81,1,O=C(Nc1cc(C2CC2)nn1-c1cccc(Cl)c1)c1cc([N+](=O)[O-])ccn1,1
protein81,1,Cc1nn(-c2cccc(Cl)c2C)c2c1CN(c1ccc3c(c1)CCC(C)N3)C(=O)C2,0
protein81,1,CCN1CCc2nc(Nc3ccccc3Cl)sc2C1,0
protein81,1,CCc1cnc2c(c1[N+](=O)[O-])C(=O)c1ccccc1C2=O,1
protein81,1,CC(N)C(=O)NC1CCc2ncc(Nc3ncnc4sc5c6c(ncc5c34)-c3ccccc3-c3ccc(Cl)c-6c3)cc2OC1,1
protein81,1,CC1CCCN(CCc2nc(O)c3cc4c(cc3n2)Cc2ccccc2-4)C1,0
protein81,1,Cc1ccc(C(=O)NCC23CCC(CC2O)N3C(=O)Cc2c(Oc3noc4cc(F)cc(F)c34)ccc(Cl)c2Cl)cc1,1
protein81,1,Cc1ccccc1Nc1nnc(C(=O)O)c2ccc(-c3ccon3)cc12,1
protein81,1,CCC(C)Nc1cc(Cl)nc(-n2cnc3c(C(=O)O)cc(-c4ccnc5ccccc45)cc32)n1,0
protein81,1,CCOC(=O)c1ccccc1NC(=O)C1C(OC)CC(c2cccc(C)c2C)=CC1c1ccc(OC)cc1,0
protein81,1,CCC1CC(c2ccc(OCc3nnc(-c4ccc(F)cc4)o3)c(C)c2)=NO1,0
protein81,1,CC12CC(NC(=O)C(O)c3cccc(C(N)=O)c3)CCC1C=C(c1ccccc1)[N-]2,0
protein81,1,CC1=NC2(CCN(C3Cc4ccccc4Cc4ccccc43)CC2)C(=O)N1C,0
protein81,1,CCC#CC#CC1(CNc2cc(OCC)ccc2C(C)C)CCCC1O,0
protein81,1,CCCCC1(C)C(=O)Nc2ccc(-c3[nH]c(Cc4ccccn4)c(C)c3CC3C(=O)N(C(=O)OCC)C3(C)C#N)cc21,0
protein81,1,CC(C)N1CC2OCC#Cc3cnccc3-c3cccc(c3)C(=O)N3CC2CC1C3,0
protein81,1,Nc1cccc(-c2c3ccc(F)cc3nc3c(-c4cccs4)c4cc(N5CCOCC5)cnc4n23)c1,1
protein81,1,CCCCC1(C(C)C)C=NN(C(=O)c2ccc3c(c2)OCCO3)C1,0
protein81,1,CC1CCC(C(C)C2CCN(C3CCCN(c4ccc(C(=O)O)cc4N)C3=O)CC2)N(S(C)(=O)=O)C1,0
protein81,1,CCN(CC)c1sc(CN2CCN(C(=O)OC(C)c3c(C)cc(C)cc3C)CC2)nc1C,0
protein81,1,CC1CCCCC1(C)C(C(=O)Nc1ccc(-c2ccccc2)cn1)N1CCN(C)CC1,0
protein81,1,CC(C)CNc1nc(N)c(-c2ccc(OC(C)C)cc2)c(-c2ccccc2F)n1,1
protein81,1,CCN(CC)CCn1cc(C2=C(C(=O)Nc3nccs3)CCCC2)c2ccccc21,1
protein81,1,CC(=O)Nc1ccc(-c2cc(-c3c(-c4ccnc(NC(C)=O)c4)c4c(O)cccc4oc3=O)ccn2)cc1,1
protein81,1,Cc1cnc(C)c(OCC2(C)CCC2)n1,0
protein81,1,Cc1cccc(NC(=O)c2cc3c(=O)n(-c4ccc(C(C)(C)C)cc4)c2n2nccc32)c1,0
protein81,1,CC(Cc1csc(-c2nncc3[nH]c(C4(C)CCC4)cc23)n1)NC(=O)c1ccccn1,0
protein81,1,O=C(OC1C(=O)Nc2cc(Cl)ccc2N(Cc2ccccc2Cl)C1=O)c1ccc(F)cc1,0
protein81,1,Cc1ccc(OCC(C)(C)C(=O)N2CCN(Cc3ccccc3)CC2)c2c1CCCC2,0
protein81,1,CC(=O)Nc1csc2nc(-c3ccc(O)cc3)cc(C#CCN)c12,1
protein81,1,Cc1ccccc1OCCCNC1CC(=O)N(c2ccccc2OC(C)C)C1=O,0
protein81,1,Cc1cccc(S(=O)(=O)N(CCN2CCOCC2)c2ccc3c(c2)nc2n3CCCCC2)c1,0
protein81,1,Cc1nn2c(C(F)(F)F)cccc2c1Cc1c(N)n(CCCO)c2cc(Cl)ccc12,1
protein82,1,NCCOCCN1C(=O)CCC1=O,0
protein82,1,CCCC1(C)CCC2(NC(=O)C3CC(Oc4cccc(Cl)c4)CN3C2=O)c2ccccc21,0
protein82,1,CCN(CC)CCn1c(-c2ccc(Cl)nc2)nc2cc(F)c(N(CCN3CCCC3)C(C)=O)cc21,0
protein82,1,Nc1nccc(-c2ccc3ncnc(N4CCNCC4)c3c2)n1,1
protein82,1,Cc1ccc(CS(=O)(=O)N2CCN(c3[nH]nc(C)c3Cl)CC2)s1,0
protein82,1,CC(Cl)=CCn1cc(NC(=O)C=Cc2ccc(Cl)cc2Cl)c2ccccc21,0
protein82,1,Cc1ncc(Cl)c(C(=NOCc2nn3ccccc3c2C(=O)N2CCc3ccccc3C2)C2(C)CC2)c1F,0
protein82,1,CCC(=O)Nc1cc(C)n2c3nnc2c1-c1ccccc1-3,1
protein82,1,Cc1cnc(-c2ccc(C3CN(c4cccc(C#N)n4)CCN3)cc2)cn1,1
protein82,1,CCCCS(=O)(=O)Nc1ncc(-c2cccc3[nH]ccc23)nc1N1CCOCC1,1
protein82,1,CCC1C(S)=NNC(=O)c2ccccc21,1
protein82,1,CCC(CC(CC(=O)O)(NC(=O)c1cccc(Cl)c1Cl)C(=O)CO)c1ccccc1,0
protein82,1,O=C(NCN(C(=O)C1CCCCC1)c1ccc(Cl)cc1)C1CCC(C(=O)Nc2ccncc2)CC1,0
protein82,1,CCN1C(=O)COc2ccc(N(CCCc3c(C)[nH]c4ccccc34)c3ncncc3F)cc21,1
protein82,1,CC(C)n1nc(-c2ccccc2F)c2nc(C(=O)Nc3c(Cl)cccc3Cl)cnc21,0
protein82,1,CCOc1ccc(C(N)=O)c(NC(=O)c2[nH]c3ccc(-n4ccnc4)cc3c2C)c1,0
protein82,1,Cc1noc2cc(-n3cc(C(=O)NCC(C)NC(C)C)c4ncc(-c5cc(C(=O)N6CCOCC6)ccc5F)cc43)ccc12,1
protein82,1,CC(C)CC1COC(n2ccnc2)c2ccccc21,1
protein82,1,CCn1c(=O)c2c(NN)c(-c3ccccc3)c(C)n2c2cccc(F)c21,1
protein82,1,O=C(Nc1ccc(N2C(=O)c3ccccc3C2=O)cc1)C1CCc2ccccc2O1,0
protein82,1,Cc1cccc(C)c1OCCCCNC(=O)c1cccnc1,0
protein82,1,CCn1c(N)nc2c3c(c(CNC(=O)c4ccc(F)cc4F)cc21)-c1ccc(cc1)OCC3,1
protein82,1,Cc1n[nH]cc1NS(=O)(=O)c1cccc(CO)c1,0
protein82,1,CCS(=O)(=O)Nc1cc(C(c2ccccc2Cl)N2CCN(C)CC2)nc(-c2c(N)ncc3ccccc23)n1,1
protein82,1,O=CC=CCC1CCC(C2C(=O)NC3=NCCN32)c2c1cccc2C(F)(F)F,1
protein82,1,CC(C)CC(=O)NCCCC(N)CN1CCN(c2ccccn2)CC1,0
protein82,1,FC(F)(F)c1cncc(N2CCN(C3CCCC3)CC2)n1,0
protein82,1,O=C(Nc1ccc(F)c(F)c1)c1ccccc1S(=O)(=O)Nc1cc2ccccc2nc1Cl,0
protein82,1,CCN(CC)CC(=O)Nc1ccc(OCc2cccnc2)c(Cl)c1,0
protein82,1,Cc1ncccc1Cn1c(=NC(=O)CC(C)(C)C)[nH]c2ccccc21,1
protein82,1,O=c1[nH]c2ccccc2n1C1CCN(CCOCCNC2CCCCC2)CC1,0
protein82,1,Cc1ccc(NC2=NCC(C(=O)Nc3ccc(-c4ccccc4C(F)(F)F)cc3)CN2)cc1,0
protein82,1,CCCNc1nc(SCc2ccccc2C)nc2c1c(-c1ccc(F)cc1)nn2C,1
protein82,1,CC(C)N1CCSCC1Cn1c(N(N)C=O)nc2cccnc21,1
protein82,1,CC1CCc2nc3c(c(-c4ccc(O)c(C#N)c4)c2C1=O)CN(CCN)C3,0
protein82,1,CCC1CC2CN(C3CC3)CCC2N1S(=O)(=O)c1cccc([N+](=O)[O-])c1C,1
protein82,1,Cc1ccc(N(C(=O)OC(C)(C)C)C2=NCC(C(=O)Nc3ccccc3)C2)c(C)c1,0
protein82,1,CCc1ccc(-c2cn3cccc(Cn4c(C(N)=O)c(C(=O)OC5CCCC5)c5ccccc54)c3n2)cn1,0
protein82,1,[H]C(F)(F)Cc1cc2c(cc1NC(=O)CC(C)(C)C)CCC2,0
protein82,1,CC(C)CCNC(=O)CCn1nc2c([nH]c(=O)c3ccccc32)c1Cc1c(F)cccc1Cl,0
protein82,1,Cc1csc(C(=O)NC(C)(C)c2cccc3c2N(CCO)C(=O)CO3)c1,1
protein82,1,c1ccc(-c2cc3c(NC4CCCCC4)ncnc3s2)cc1,0
protein82,1,O=C(Nc1ccc(C(F)(F)F)c(Cl)c1)c1c[nH]c(=O)[nH]1,0
protein82,1,CCCc1ncccc1Cn1c(-c2ccc(N3CCCC3=O)cc2)nc2cccnc21,1
protein82,1,O=C1Nc2ccccc2C1=Cc1nccn1Cc1ccccc1C(F)(F)F,0
protein82,1,O=C(O)c1ccc(NC2Cc3ccc(C(F)(F)F)cc3Cc3n[nH]c(O)c32)cc1,0
protein82,1,CC(=O)N1N=C(C(F)(F)F)CC1c1cc(-c2ccccc2)ccc1OP(=O)(O)O,1
protein82,1,Cc1cccc(C(=O)Nc2ccc3c(c2)c2c(n3C)C(C(F)(F)F)CCC2)c1NC(=O)C(C)(C)C,0
protein82,1,Cc1noc(C2=NC3(CCC(C(F)(F)F)CC3)CC(=O)c3cc(OCC4CCCO4)ccc32)n1,1
protein82,1,NC(=O)CN(C(=O)C=C(O)c1ccc(S(=O)(=O)NC2CCCCC2)cc1)c1cccc(C(F)(F)F)c1,0
protein82,1,CCNc1nccc(N2C(=O)OCC2C(C)C)n1,0
protein82,1,CC(=O)CCN1c2ccccc2N(C)c2nc3ccccc3cc21,1
protein82,1,CCn1cnc(S(=O)(=O)N2Cc3c(OC)cccc3Oc3ccc(C(F)(F)F)cc32)c1,1
protein82,1,CC(C)c1ccccc1COC(=O)NC(CO)C(=O)NC1CCCCC1(C)C,0
protein82,1,Cc1cc(S(=O)(=O)NC(c2ccc(Cl)cc2Cl)c2cccnc2N2CCCC2)ccc1F,0
protein82,1,CC(C)(Cl)c1cnn(-c2nccc(Oc3cc(F)cc(F)c3)n2)c1Cc1ccc(NC(=O)Cc2ccccc2C#N)cc1,0
protein82,1,CCN(CC)C(=O)c1cc(C(=O)O)c2nc(-c3cccc(F)c3F)cnc2c1,0
protein82,1,COc1cccc(-n2ncc(NS(=O)(=O)c3cccs3)c2-c2nc(C(C)C)no2)c1,1
protein82,1,Cc1cc(Cl)c(-c2ccccc2)c(NC(=O)Cn2c(C)cc([N+](=O)[O-])c2C)c1,1
protein82,1,O=C(Nc1ccc(-c2cccc(Cl)c2F)nc1)C1CCOC1,1
protein82,1,Cc1cc(Nc2c([N+](=O)[O-])cc(C3CC3)cc2S(=O)(=O)N2CCN(C)CC2)nc(C)n1,1
protein82,1,Cc1c(NC(=S)NC2CCCCC2)c(=O)n(-c2ccccc2)n1C,0
protein82,1,Cc1ccc2nc(N3CC4C(=C(O)c5ccccc5S4(=O)=O)C3=O)ccc2c1,1
protein82,1,CC(=CCC1(O)C(C)NC(c2ccc(F)cc2)C1C)CCNC(=O)C(C#N)=C(C)C,0
protein82,1,CC(C)C(C)CCSCC1N2C(=O)C(C)(C)C2S(=O)(=O)C1(C)c1ccccc1,0
protein82,1,CC(C)CC(=O)Nc1cc(-c2oc3ncnc(C(F)(F)F)c3c2C(C)(C)C)ccc1N1CCN(C)CC1C,1
protein82,1,Cc1ncc([N+](=O)[O-])n1C(=S)N1C(=O)CCc2ccccc21,1
protein82,1,CC(CC1OC1(C)C(=O)O)N1CCCCC1(C)C,0
protein82,1,CCCCN1N=C(N)CSC1C,0
protein82,1,Cc1nccnc1Oc1cnc2c(F)cc(S(=O)(=O)N3CCCC(n4cnc5ccccc54)C3)cn12,1
protein82,1,CC(Oc1ccccc1Cl)C(=O)NCc1ccncc1Cl,0
protein82,1,O=[N+]([O-])c1ccc2oc3c(N4CCN(CCBr)CC4)ncnc3c2c1,1
protein82,1,Cc1ccc(NC(=S)Nc2cc(C(=O)O)cc3ncccc23)cc1F,0
protein82,1,CC(C)NC(=O)c1ccccc1N=Cc1ccc([N+](=O)[O-])o1,1
protein82,1,CCN(CC)C(=O)c1cc(S(=O)(=O)N2CCN(CCO)CC2)cn2c(O)cnc12,0
protein82,1,CC1C(=O)c2ccc(Cl)c(Cl)c2SC1c1ccsc1S(=O)(=O)NCCS(C)(=O)=O,1
protein82,1,Cc1cccc(NCC(=O)Nc2nncs2)c1C,0
protein82,1,CCCC1OCCn2nc3c(O)ccc(-c4cn5cc(F)ccc5n4)c3c21,1
protein82,1,COc1cc(N2C(=O)CC(C)(C)C2=O)c(F)cc1NC(C)=O,1
protein82,1,O=C(C(=C1CCCCCN1)c1cccc([N+](=O)[O-])c1)N1CCOCC1,1
protein82,1,CCc1cc(CN2CC3(CCC2=O)CCN(C)CC3)c(C)o1,0
protein82,1,CCOc1cc2c(cc1OS(=O)(=O)O)CN(C(S)=Nc1cc(F)cc(F)c1)C(C(C)(C)C)C2,1
protein82,1,CC(C)(C)Nc1cc(-c2ccc(F)cc2)c(-c2ccccc2-n2cncn2)nn1,0
protein82,1,Cc1ccc(NC(=S)n2ccnc2)cc1Cl,0
protein82,1,CCN(CC)CCCNC(=O)c1cccc(-c2cnc3c(c2)CCCO3)c1,0
protein82,1,CC1=C(CCC(C)C)N2C(=O)C3CCCCN(C3)CC2CC1,0
protein82,1,CC(C)CC(c1nc2ccccc2s1)N1C(=O)C(NC(=O)OC(C)(C)C)COc2ncccc21,1
protein82,1,CCc1ncc2c(n1)N1C(=O)CC2C(CC2CCCN2)CCCc2ccc1c(F)c2,1
protein82,1,O=C(NN=Cc1ccc(Oc2ccccc2C(F)(F)F)c([N+](=O)[O-])c1)c1cccc2scnc12,1
protein82,1,CC(C)CC(CC(C)C)N1CCC(O)(C(=O)N(C)C(=O)CN2CCC(C(F)(F)F)CC2)C1C(O)Cn1cncn1,0
protein82,1,CCn1nc(-c2ccccc2F)cc1C(=O)N(C)C1CCCC1,1
protein82,1,CC1(C)CC(O)C(c2ccc(Cl)cc2)C(C2=NCCN2)C1,0
protein82,1,O=C(C1CC1)N(Cc1ccncc1)c1cc(Cl)ccc1-c1nc2ncccn2c1-c1ccccc1,0
protein82,1,CC(C)c1ccc(-c2cccc(C(=O)Nc3nnc(-c4ccncc4)s3)c2)cc1N,1
protein82,1,Cc1csc(C(=O)NCC2(NCC(=O)NCC(C)C)CCCCC2)n1,0
protein82,1,O=C(O)CCC(=O)c1ccccc1,0
protein82,1,Cc1ccc([N+](=O)[O-])cc1N1C(=O)CC(CC=C2CCC(=O)N(CCc3ccccc3)C2)C1=O,1
protein82,1,Cc1ccccc1Nc1nc(-c2ccc(N)cc2)c(-c2ccc3c(c2)OCCOC3)[nH]1,1
protein82,1,Cc1ccc(CCN(C)CC(=O)Nc2nnc(-c3cc(C)c(O)c(C(C)(C)C)c3)s2)cc1,0
protein82,1,CCOc1ccc(C(=O)OC(CCC(C)C)c2ccc(F)c(F)c2)cc1N(C)C(=O)C1=CC1,0
protein83,1,Cc1cc(NC(=O)CS(=O)(=O)Cc2nc3ccccc3c3c2CCCC3)c(F)cc1Cl,0
protein83,1,CCn1c(C)c(-c2cncc(C(=O)Nc3nn(CC4CC4)c(C)c3Cl)c2)c2cc(OC)ccc21,0
protein83,1,Cc1noc(C)c1CS(=O)(=O)c1cn(Cc2csc3ccccc23)nc1-c1ccccn1,1
protein83,1,CC(C)(C)C1Cc2c(ncc(Cc3cc4ccc(C(=N)N)cc4o3)c2O)N1C(=O)CC(O)CC(=O)O,0
protein83,1,CN(CCCCNC(C)(C(F)(F)F)C(F)(F)F)C(=O)CC1(C(=O)OCc2ccnc(F)c2)CCc2ccccc21,0
protein83,1,CCCCCc1ccc2oc(CNCCN)c(Cc3ccccc3)cc1-2,0
protein83,1,CC=C1C(NC(=O)Nc2cnn(CC(=O)NC(C)(C)C)c2)CCC1(C)C,0
protein83,1,Cc1ccccc1Nc1ccc(NCc2ccccc2OC(C)(C)C)nn1,1
protein83,1,Fc1cc(Cl)c(Cl)cc1Oc1cccc2n[nH]cc12,0
protein83,1,CCN(C(C)=O)c1cc(O)c2cc([N+](=O)[O-])ccc2n1,1
protein83,1,Cc1nc(CN(CC(C)C)C(=O)Cc2nc3cccc(C(F)(F)F)c3[nH]2)no1,0
protein83,1,CC1(C)CC(=O)N(C(=O)c2cccc(NC(=O)c3sccc3S(C)(=O)=O)c2)C1,0
protein83,1,CCS(=O)(=O)N1CCC2(CC1)CN(c1cc(C(=O)Nc3cncc(-c4ncco4)c3)ccn1)C2,0
protein83,1,CCOCc1ncccc1NC(=O)c1cnc2ccccc2n1,0
protein83,1,CN1CCN(Cc2c(-c3ccc(NC(=O)C(C)(C)CC(=O)O)cc3)nc3ccccc3c2O)CC1,0
protein83,1,CCOc1ccccc1CNc1ncc(C(N)=O)c(OC)n1,1
protein83,1,Cc1cccc(-c2cnc3c(c2)CCCN3CCc2cccc(C(F)(F)F)c2)n1,0
protein83,1,CCOc1cc(C(C)C)ccc1-n1c(CN)nc2c(O)cc(-c3ccccc3OC)nc21,1
protein83,1,CCCCC1c2c(c3ccccc3n2CCCN2CCOCC2)C(=O)C(=O)N1C(=O)C1CCCC1,0
protein83,1,Nc1ncc(-c2[nH]nc(-c3ccc(F)cc3)c2F)nc1C(=O)Nc1ccccc1Cl,0
protein83,1,Cc1cc(C)c(Nc2ccc3c(c2)OC2(CCNCC2)CC3(C)CC(F)(F)F)c(C)c1,0
protein83,1,CCC(NC(=O)c1cccc(-c2cn(C)nc2-c2ccccc2O)n1)c1nc2ccccc2[nH]1,1
protein83,1,CC(C)NC(=S)NN=C1c2ccccc2CC1c1ccccc1[N+](=O)[O-],1
protein83,1,CCCN1OCCCC1CN(CC1CCCCC1)C(=O)c1sc(C)nc1-c1ccccc1,0
protein83,1,CCN(CC)C(=O)c1cccc(-c2cc(S(C)(=O)=O)ccc2C2CCCC2)c1,0
protein83,1,CCN(CC)c1cc(OC)c(-c2nnc(-c3cccnc3)s2)cn1,0
protein83,1,CC(C(=O)O)n1cc(C2CN3CCC2CC3)c2ccccc21,0
protein83,1,Cc1csc(NC(=O)c2cc(S(=O)(=O)N3CCOCC3)ccc2F)n1,0
protein83,1,O=C1c2ccccc2C(=O)N1CCNc1nccc(N2C(=O)OCC2c2ccc([N+](=O)[O-])cc2)n1,1
protein83,1,CC1COCC12COC(=O)N2c1ccnc(Nc2ccc(OCC(C)(C)C)cc2)n1,1
protein83,1,Cn1ncc(-c2ccc(CC3CCCC(NS(=O)(=O)N4CCCC5(C)C(=O)CCC45)C3)cc2)c1N,0
protein83,1,O=C(NN=C1CCS(=O)(=O)c2ccccc21)c1ccncc1,1
protein83,1,CCC1CCCCC1NC(=O)c1[nH]c2cc(F)ccc2c1Cl,0
protein83,1,COc1ccc2c(c1)C(C)(CC(C)N1CCN(C)CC1)c1ccccc1-2,1
protein83,1,O=CC(O)CC(=O)Nc1ccc(Cl)cc1N1C(=O)c2ccccc2C1=O,0
protein83,1,CCn1cc(-c2ccccc2OCC(=O)Nc2cc(C(C)(C)C)ccc2OC)cn1,0
protein83,1,Cc1nc2ccccc2nc1NCCC(C)(C)N1CCOCC1,1
protein83,1,NC(=O)c1cccc2nc(NCCC3CCN(c4ccccc4)C3=O)sc12,0
protein83,1,CCCCCCNC(=N)Nc1ccc([N+](=O)[O-])c(OC(F)(F)F)c1,1
protein83,1,CCN(CC)CCn1cc(-c2cncnc2N(CC(F)F)CC2CCCCN2Cc2ncccn2)cn1,0
protein83,1,O=C(Nc1cc(F)ccc1Cl)c1cn(CCCCN2CCC(O)(c3ccc(F)cc3F)CC2)c2[nH]ccc2c1=O,0
protein83,1,CCOC(=O)C(CO)NC(=O)COc1ccccc1OC(F)(F)F,0
protein83,1,CC1CCC(N(C)C)C(CN2C(=O)CN(C(=O)C3CCCO3)c3cc(Cl)c(Cl)cc32)C1,0
protein83,1,O=C(Nc1ccc(C(=NO)N2CCN(Cc3ccccc3)CC2)cc1)c1ccccc1F,1
protein83,1,Cc1ccccc1NC(=O)CSc1ncc(CCc2cc(Cl)cc3c2C(=O)NC3=O)nc1C,0
protein83,1,O=C1CCCN1c1ccccc1N1CCCCC1,0
protein83,1,CCCCCOc1nccc2cc(Oc3ccc(O)cc3)ccc12,0
protein83,1,Nc1ccccc1C(=O)c1cc(C(F)(F)F)ccc1OCCCCCl,1
protein83,1,CCOc1ccc2c(CCN)c(C(=O)Nc3nnc(C(C)(C)C)s3)[nH]c2c1,0
protein83,1,Cc1cccc(Nc2nc(NC3CCC(C)CC3)nc3c2NC(=O)CN3)c1C,1
protein83,1,CC(C)C1CCCCN1c1ccc([N+](=O)[O-])cc1C(=O)Nc1ccc(C(N)=O)cc1,1
protein83,1,CCCC(Oc1ccc(C(C)(C)C)cc1)C(=O)NC1CCN(c2cccc(OC)c2)C1=O,0
protein83,1,Cc1nc2ccc(N3CCNCC3)cc2c(-n2ccnc2C)c1-c1ccc(Cl)cc1F,1
protein83,1,O=C(Nc1cc(S(=O)(=O)Nc2ccc(F)cc2)c(F)cc1N1CCCCCC1)C1CC1,0
protein83,1,CC(C)c1cccc(NC(=O)c2cc(-c3ccccc3)nn2Cc2ccncc2)c1,0
protein83,1,CCC1CC(C)(C)NC(Nc2ccccc2C)=C1C#N,1
protein83,1,CCCCc1c(CO)c(N)cc2c1CCC2,0
protein83,1,CCCC1Nc2c(c(C)nn2-c2ccccc2)C(=S)N1c1ccc(F)cc1,0
protein83,1,Cc1ccc([S+]([O-])c2ccc(S(=O)(=O)N(C)C)s2)cc1C,1
protein83,1,CCOCC1CCCN(Cc2c(OCCCN3CCCCC3)ccc(Cl)c2Cl)C1,0
protein83,1,CC(C)C1CCCc2cc(O)c(O)cc21,0
protein83,1,CCCCN1CC(OC(=O)c2ccccc2)CC1N(C)C(=O)c1cccc(C#N)c1,1
protein83,1,CC1(C)CCC(n2cnc3c(N)ncnc32)COO1,1
protein83,1,CC(C)CC1=NN2C(=O)CC3(CCCc4ccc(O)cc43)CC2CC1,0
protein83,1,CCS(=O)(=O)N1CCC(C(=O)NCc2csc(-c3ccccc3F)n2)CC1,0
protein83,1,CC(CCC1CN(c2ccc(OC(F)(F)F)c(Cl)c2)C(=O)O1)C(CC(C)(C)C)C(=O)Nc1cc(C(=O)O)ccn1,0
protein83,1,CC(C)n1nc(CC(=O)NCC2(N3CCN(c4noc5ccc(C#N)cc45)CC3)CCCCC2)c2ccccc2c1=O,0
protein83,1,CC(C)(C)c1c(-c2ccc(C(F)(F)F)cc2)ccc2sc(N3CCOCC3)nc12,1
protein83,1,O=C(CC1C(=O)N(CCCCc2ccccc2F)c2ccccc2S1(=O)=O)N1CCCCC1,0
protein83,1,CCOc1ccccc1C(=O)Nc1nnc(-c2ccccc2C(F)(F)F)s1,0
protein83,1,CCCCNC(=O)CCC1=NS(=O)(=O)c2ccccc2N1,0
protein83,1,CCOCc1ccc2c(c1)C(=O)C(=C(C)N(C)C)C(=O)N2,0
protein83,1,CCn1nc(C)c2c1-c1ccc(-c3cnc(C(F)(F)F)[nH]3)cc1S(=O)(=O)C2,1
protein83,1,C=C1C(=O)C(NC(=O)c2cccc(-c3ccccc3)c2)C(C)(C)CC1N,0
protein83,1,O=C1OC(CC2(O)CCN(Cc3cccc(F)c3F)CC2)CN1c1cccc(Cl)c1,0
protein83,1,O=C(CSc1nc2c(Cl)cccc2s1)NC(=O)c1ccccn1,0
protein83,1,CC1(C)C=Cc2c(C3CC3CN3CCN(C(=O)c4ccc([N+](=O)[O-])cc4)CC3)nc3ccccc3c2O1,1
protein83,1,CCC1c2nc3ccccc3cc2CCN1C(=S)NCCc1ccc(OC)cc1,1
protein83,1,O=C1Nc2ccc(F)cc2C1=CN1CCN(Cc2ccccc2)CC1,1
protein83,1,O=C(O)C1CCC(c2ccc([N+](=O)[O-])cc2)N1,1
protein83,1,CCOC(=O)Nc1nc(-c2cccc(OC(F)(F)F)c2)sc1C(=O)N(CC)CC,0
protein83,1,CC=C(C)C(=O)N1CCCc2cn3c(nc4cccc([N+](=O)[O-])c43)c(C#N)c21,1
protein83,1,CCC(NC(=O)c1cncc(C)n1)C1C(=O)N(c2cc(-c3ccc(C#N)cc3)ccc2C)CC1F,0
protein83,1,CC(=O)Nc1ccc(OC(c2ncccn2)c2ccccc2Cl)cc1,0
protein83,1,Nc1nc(=O)n(C2CC(CO)C(NC(=O)OCc3ccccc3)C2)cc1F,0
protein83,1,N=C(N)c1ccc2c(O)cn(C(CO)c3ccccc3)c2c1,1
protein83,1,O=C(CCS(=O)(=O)c1ccc(CCc2ccccc2)cc1)Nc1cccc(Cl)c1,0
protein83,1,CCS(=O)(=O)NCc1c(-c2ccc(-c3ccncc3)cc2)nc2c(OCc3ccc(Cl)nc3)cc(F)cn12,0
protein83,1,CC(C)n1c(=O)c2c(c3ccccc31)-c1ccccc1SC2,1
protein83,1,Cc1ccc2c(c1N1CCC3(CC1)OCCO3)C(c1cccc(F)c1F)=NS2=O,0
protein83,1,NC1CCN(Cc2ccccc2)CC1,0
protein83,1,COc1ccc2c(c1)N(Cc1cccnc1)CC(C)(c1ccccc1)O2,1
protein83,1,O=C(Nc1c(F)cccc1Cl)c1sc2ncccc2c1C(=O)Cc1ccccc1,0
protein83,1,CCN1C(=O)CN=C1c1cc(C)ccc1O,0
protein83,1,CCCN(C(=O)CC)c1cc2c(cc1Sc1ccncc1)C(C)(C)[S+]([O-])C2,0
protein83,1,FC(F)(F)c1ccccc1NN=C1CCCc2c[nH]nc21,1
protein83,1,Cc1ccc(C(=NO)N(CC2CCCCC2)C(C)C)c(Oc2ccc(N(C)C)cc2)n1,1
protein83,1,CCC1=C2CC3Cc4cc(O)cc(c4)C1(C3)OO2,0
protein83,1,CCN1C2=NS(=O)(=O)c3ccccc3N2CCC1C,0
protein83,1,CC1(O)CCCC(CNc2nc3c(s2)CCc2cc(N)ncc2-3)C1O,1
protein84,1,CC1(C)CC(c2ccccc2O)CC(C)(C)N1O,1
protein84,1,CCCCC(NC(=O)c1cc(C)oc1C)C(C)C,0
protein84,1,CCN(C)c1ccc(-c2cncc(OCC3CC(=O)N(C(C)c4ccc5ncc(F)c(F)c5n4)C3)c2)cn1,0
protein84,1,CCC(=NNC(=O)c1oc2cc(-c3cccnc3)ccc2c1N)c1ccccc1O,1
protein84,1,Cc1ccc(NC(=O)CSc2nc3ccccc3c(=O)n2C2CCCCC2)c(C)c1,0
protein84,1,NC1CCCC(Nc2ccnc3ccccc23)C1,1
protein84,1,CCCN1C(=O)CCC1CC(=O)Nc1cc([N+](=O)[O-])ccc1N1CCCCC1,1
protein84,1,Nc1cccc(Oc2ccc(C#CC3(N4CCNCC4)CCCC3)c(C(F)(F)F)c2)c1,0
protein84,1,CC(=O)Nc1ccc(F)c(NC(=O)c2cc3ccc2OCCCO3)c1,0
protein84,1,CCc1ccc(C=NNC(=O)CCN(C(=O)COC)C2CCCCC2)o1,1
protein84,1,O=c1oc2cc(Cl)c(N3CCCCC3)c(Cl)c2n1Cc1cc(F)cc(F)c1,0
protein84,1,COc1cn(C2CCN(C(=O)C3CCC(=O)SC3)C2)cc1-c1nnc(NCc2cccc(C)c2)c2ccccc12,0
protein84,1,CCC(C)C(N)C(=O)Nc1nnc(-c2cc(-c3ccc(OC)cc3)nc3ccccc23)o1,1
protein84,1,CCOC(=O)c1cc(C#N)n(-c2ccc(Cl)cc2)c1-c1ccccc1,0
protein84,1,Cc1ncnn1-c1ccc(S(=O)(=O)NC2=NC(N)=Nc3ccccc3C2)cc1,0
protein84,1,CC1(C)CCCCC1NC(=O)c1ccc2c(-c3n[nH]cc3C(N)=O)ccnc2c1F,0
protein84,1,O=C(CSCc1ccccc1[N+](=O)[O-])Nc1ccc2c(N3CCOCC3)nc(-c3ccncc3)nc2c1,1
protein84,1,COc1cc2nc(NC3CCC(C)C3)nc(Nc3cccc(Cl)c3)c2cc1OC,1
protein84,1,NC(=O)c1nc(OCC2CCCC2)cc(-c2ccc(-c3ncccn3)c(Oc3c(F)cccc3F)c2)n1,1
protein84,1,CC1(C)Oc2ccc(C(=O)C(=N)N3CCS(=O)(=O)N(Cc4ccc(F)c(Cl)c4)C3)cc2C(Cl)C1O,0
protein84,1,CCn1cc(CCNC(=O)C(N)c2ccccc2)c2ccccc21,1
protein84,1,CC1(C)CC(C(=O)N2CCN(Cc3cccnc3)CC2CO)c2ccccc21,0
protein84,1,CC1CN(c2ccc3c(c2)C(=O)N(Cc2cccc(F)c2F)C3=O)Cc2cccc(F)c21,1
protein84,1,CCN(CC)CCn1ncnc1-c1cccc(C)c1,0
protein84,1,CC1(C)Cc2c(C(=O)O)csc2CC1(C=CI)N1CCCC1=O,0
protein84,1,Cc1ccc(C)c(Nc2c(C#N)cnc(N)c2[N+](=O)[O-])c1,1
protein84,1,Cc1c[n+](Cc2c(F)cccc2F)ccc1C(=O)NC1CCCCC1,0
protein84,1,CCCC(NC(=O)C(C)(C)CO)C(=O)O,0
protein84,1,COC(=O)Cn1c(N)c(C#N)c2cc(-c3ccc(Cl)c(-c4ccccc4)c3)ccc21,0
protein84,1,Cc1noc(C)c1C(=O)N(Cc1ccc2c(c1)CCC2)c1cccnc1-n1cccc1,0
protein84,1,CCC(C)N1CCC(C)C(NS(=O)(=O)c2cc(Cl)cc(Cl)c2O)C1,0
protein84,1,CC(C)C(=O)NC1CCCCC(CO)CCCN2c3ccccc3C(c3ccccc3)C12,0
protein84,1,CC(=O)NC(COCCCc1ccc(CN(C)CC(C)(C)CC(C)C)cc1)C(=O)Nc1ccncc1,0
protein84,1,CCOc1ccc(Cl)cc1C(C)=NNC(=S)N1CCN(CC)CC1,0
protein84,1,CCCOP1(=O)Oc2ccc(cc2)CCC1NC(=O)C(C)(C)C,0
protein84,1,CCn1c(N2CCCN(Cc3ccccn3)CC2)nc2ccc(-c3cnccn3)cc21,1
protein84,1,Cc1ccc2cc(F)c(-n3cc(NC(=O)CCN4CCN(C)CC4)cn3)nc2c1C,0
protein84,1,CCn1ncc2cc(-c3nc(CN(C)c4cnc(-c5cnn(C)c5)c(F)c4)cs3)ccc21,1
protein84,1,O=C(CCSc1ccc(Oc2ccccn2)cc1[N+](=O)[O-])NCC1(c2ccccc2)CC1,1
protein84,1,CC(C)Cc1ccc(-c2c(C(=O)O)cnc3ccccc23)cc1,0
protein84,1,Nc1c2ccccc2nc2c1oc(=O)c1c(O)cccc12,1
protein84,1,NC(=O)c1nc(C(F)(F)F)cc(Cl)c1Cl,0
protein84,1,Fc1ccc(Oc2c3cccc2P2CCNCC2N3C2CCCCC2)cc1F,0
protein84,1,CC(C)Cc1cc(-c2ccc3c(c2)C(=O)N(Cc2cnn(C)c2)C3)cc(S(C)(=O)=O)n1,1
protein84,1,CC(C)C1CCC(C)(C(c2cccc3c2SCC(N2CCCCC2)=N3)n2ccnc2)OC1,0
protein84,1,Cc1cnc(Nc2nc(C)cc(C)c2-c2ccnc(NC(C)c3cncc(Cl)n3)n2)cn1,0
protein84,1,Cc1nnc(C(F)(F)F)c(Nc2cc(-c3ccccc3)n(C)c(=O)n2)c1C,1
protein84,1,[C-]#[N+]c1c(F)cc(N(C)c2ccccc2S(=O)(=O)C(C)C(=O)O)c2cc(N)nnc12,0
protein84,1,CCCn1c(CCC(=O)NCC(F)(F)F)nc2c(C3CC3)cc(-c3cccc(C)c3)cc21,0
protein84,1,COc1ccccc1N1CC2(CC(O)CC(C)(C)C2)C(C)NC1=NC#N,1
protein84,1,CCC(=O)N1C(=O)C(C)(C(F)(F)F)c2ccc(-c3ccc4c(C(=O)NCC(C)N5CCOCC5)c(C)[nH]c4c3)cc21,0
protein84,1,CCCC(CN1CC[N+](C)(C)CC1)Oc1cccc2c1CCN1CCCCCC21,0
protein84,1,CCCS(=O)(=O)Nc1ccc(-c2cnc(C3(C(F)(F)F)CCOCC3)cc2C(F)(F)F)cc1,0
protein84,1,CCC1CCCCN1C(=O)C1C2CCCN(CCN1S(=O)(=O)c1ccc(C)c(O)c1)C2,0
protein84,1,CC(NC(=O)C1CC(C)(C)C(C(=O)O)N1C(=O)C1CCCC1)c1ccccc1,0
protein84,1,CC(C)NC(=O)c1cn2cc(-c3cnc(N)nc3)ccc2n1,0
protein84,1,CCCCN1C(=O)c2ccccc2C12CNC(=O)C2,0
protein84,1,CCOc1cc([N+](=O)[O-])ccc1Oc1ccccc1CC(=O)Nc1c(C)n(C)n(-c2ccccc2)c1=O,1
protein84,1,FC(F)(F)c1ccc2c(c1)CN(CCN1CCOCC1)C(CCCCCn1ccnc1)O2,0
protein84,1,CCOc1cccc(OC)c1CN1CCN(CC(O)c2cccc(OC)c2)CC1,0
protein84,1,CCc1c(Cc2ccccc2)nc(Nc2cccc(Oc3ccccc3C#N)c2)[nH]c1=O,0
protein84,1,O=C1CCC(=O)N1c1ccc(Oc2ccc([N+](=O)[O-])cc2Cl)c(F)c1,1
protein84,1,Cc1ccc2c(c1)c(C1=C(Nc3c(C(C)C)cccc3C(C)(C)C)COC1=O)cn2CC(C)C,0
protein84,1,Cc1ccc(C)c(OCc2c(N3CCOCC3)ncc3c(N)cc(-c4ccc(C(N)=O)cc4)nc23)c1,1
protein84,1,CCCCN(C)Cc1cc2ccccc2nc1O,0
protein84,1,Cc1cc(-c2cc3c(N)ncnc3n2Cc2ccccc2C(F)(F)F)cc(C)c1OC(=O)N(C)C,0
protein84,1,CC(=O)Nc1cccc(-c2cnc3cc(Cl)ccc3c2NCCC[S+]([O-])Cc2ccccc2)c1,0
protein84,1,CC#CCOc1ccc(-c2cncc(Nc3ccc([N+](=O)[O-])cc3C(=O)O)c2)cc1,1
protein84,1,O=C(CN1CCCCC1=O)Nc1ccc(NC(=O)c2ccc(O)cc2O)cc1,0
protein84,1,CC(C)(O)C#Cc1cc(F)c(OCC(CN2CCN(CC3CCC3)CC2C=CC(=O)O)c2ccccc2)cc1F,0
protein84,1,CC(Cn1ccnc1)NC(=O)c1[nH]c2ccc(F)cc2c1-c1ccc(F)cc1,0
protein84,1,CCCCNc1nc(N)n2c(C)cc(C)c2n1,1
protein84,1,CCNc1nc(Oc2cccc(O)c2Cl)cc(-c2cccc3c(O)ccnc23)n1,1
protein84,1,Cc1nc2ccccc2n1-c1nnc(-c2cccc3[nH]ccc23)o1,0
protein84,1,Cc1cc(-n2ccnc2Cc2c(C(=O)NCCN(C)C)c3cccc(Cl)c3n2C)nc(N)n1,1
protein84,1,Cc1cncc(-c2nc3ccc(F)cn3c2Nc2ccc(N3CCCC3)cn2)c1,1
protein84,1,CC(C)C1=C2C(O)c3cc(O)cc(O)c3CC2C(C)CC1,0
protein84,1,O=CNC1CCC(COP(=O)(c2cccnc2)c2ccc(Cl)c(Cl)c2)CC1,0
protein84,1,CCCC(=O)Nc1ccc(Nc2cnc3c(F)cc4c(c3n2)CN(C(CC)CN2CCCC2)C4=O)cc1Cl,1
protein84,1,CCCCCCC1C(N(C)C(=O)ON=Cc2ccccc2O)C1(N)c1ccc(CC(F)(F)F)s1,1
protein84,1,CCN1CCN(c2cc3c(C)cc(=O)oc3cc2Cl)CC1,0
protein84,1,CCOc1cc(C(=O)COc2ccc(SCC(=O)Nc3ccc(C(C)(C)C)cc3)cc2)ccc1O,0
protein84,1,CCCC(CC)C(=O)Nc1cccc(-c2noc(C(F)(F)F)n2)c1,0
protein84,1,CCc1ccccc1NC(=O)CS(=O)(=O)c1cn2c(n1)-c1nc3cccc(Cl)c3cc1C2,0
protein84,1,O=C(Nc1cc(Nc2ncccn2)ccc1Cl)NC1CCCCC1,0
protein84,1,CCOc1cc2c(cc1OC)C(=O)CC(c1ccc(N)c(OC)c1)C2,1
protein84,1,CC(O)C(CC(O)CCCC1C(C2CC2)NC(=O)CN1C(=O)OC(C)(C)C)OC(=O)c1cc2ccc(Cl)cc2n1C,0
protein84,1,CCCCC(CC(=O)NO)C(=O)N1C(C#N)CCC1c1ccncc1,0
protein84,1,Cc1c(-c2ccnc(Nc3ccc(C(=O)O)cc3)n2)c2ccccc2n1C(=O)c1ccc(F)cc1,0
protein84,1,Cc1nc(C)c(-c2c3nnc4c2c(cn4C)Nc2c(C)cccc2-3)s1,1
protein84,1,CCCn1cc(C(=O)Nc2ccc(Oc3ccc(OC)cc3Cl)cc2)nn1,0
protein84,1,CCNC(=O)Nc1sc2nc(C(C)=C3COc4ccccc43)cn2c1-c1ccncc1,0
protein84,1,CCc1ccccc1CN1CCCc2ccc(C(=O)Nc3ccccc3C(N)=O)cc21,0
protein84,1,CSCC1OC(CCC2CCCCC2N2CCc3ccccc32)N2C3SC(C)(C=C3C)CN2C1C(=O)N1CCOCC1,0
protein84,1,Cc1c(Cl)cccc1S(=O)(=O)NC1CC(N2CCC(c3ccc4c(C5CCCC5)c[nH]c4c3)CC2)COC1CO,0
protein84,1,CCC(=O)N1c2cc(OC(C)=O)c(O)cc2CC1c1c2ccccc2nc2c(OC)cccc12,1
protein84,1,CCc1ccc(N)nc1Nc1nnc(-c2cc3ccccc3s2)o1,1
protein84,1,CC(C)n1cc2c(cc1=O)N(CCCCC1c3cc(F)cc(C(F)(F)F)c3CCC1C(=O)N(C)C)CC2,0
protein84,1,O=C(c1ccn[nH]1)N1N=C(c2ccc(Cl)cc2)CC1c1ccccc1O,0
protein84,1,CCC(NCCN(C)C)c1ccc(OS(=O)(=O)Cc2cccc(Cl)c2)cc1,0
protein85,1,CCNC(=O)c1ccc2oc(-c3cccc(C(=O)Nc4ccc5c(c4)OCCO5)n3)nc2c1,0
protein85,1,O=C(NC1CCCCC1)NS(=O)(=O)Cc1ccc(Cl)cc1Cl,0
protein85,1,CC=NCCCC1CNC(C)(C)C(Cc2ccc(O)cc2Cn2cnc3cc(N(C)C)ccc32)C1,1
protein85,1,Cc1ccc(N=C(N)SCCc2cc3c(cc2C)OCO3)cc1,1
protein85,1,CCC(O)CCn1c(Oc2ccc(F)cc2F)nc2ccncc2c1=N,0
protein85,1,CCc1cnc(N2CCCC(C(=O)N3C(=O)C(c4ccc(F)cc4)c4ccccc43)C2)nc1,0
protein85,1,Cc1nn(-c2nc(CO)cnc2-c2ccc(F)c3c2CC2(CCCC4CN(c5cccnn5)CC(N(C)C)C42)CO3)c(C)c1Cl,0
protein85,1,CCN(CC)c1cc2ccc1c1cccc3c(cc(=O)[nH]c13)c(=O)n(-c1ccccn1)c2=O,1
protein85,1,CCn1c(SCC(=O)Nc2ccc(F)cc2)nc2ncccc21,0
protein85,1,CC1CC2=CC3(C2)OC(=O)N(C(C)C)CC13,0
protein85,1,Nc1nc(N2CCNCC2)nc2cc(-c3ccc(F)cc3)ccc12,1
protein85,1,CCCCCCC(N)C(=O)NC(CCCc1ccccc1)C(=O)O,0
protein85,1,CC1=C(C(O)C2C(N(C)C)c3ccc(O)c(O)c3C(C)(c3ccccc3)C2O)N(C(C)C)C(=O)C1O,0
protein85,1,Cc1ccc(N2CCC(NC(=O)c3ccc(C(=O)O)c4c(C)cccc34)CC2)cn1,1
protein85,1,CC(C)NC(=O)C(CCC1CO1)c1ccc(CN=C2c3cc(NC(=O)C4CCOC4)nn3CC3CCCC2C3)cc1,1
protein85,1,CC(C)CC1CN(C(=O)c2ccc(Cl)cc2)CCN1c1nc(C(F)(F)F)ccc1N,0
protein85,1,Cc1ccc(Cn2cc(S(=O)(=O)N3CCCCCC3)nc2C2CC2)cc1,0
protein85,1,Nc1cc(Cl)c(S(=O)(=O)N2CCCCC2)cc1C(=CCN1CCNCC1)c1ccsc1,0
protein85,1,COc1ccccc1C(=O)OCC(=O)N1c2ccccc2NC(=O)C1C,0
protein85,1,CC(C)(O)CCc1ccc(C2C(c3cccc(OC(F)(F)F)c3)C(=O)N2c2cccc(Cl)c2)cc1,0
protein85,1,CCn1c(=O)c(F)cn2cc(-c3ccc(Oc4cccc5c4CCCC5(O)C(C)(C)C)c(Cl)c3)c(=O)nc12,0
protein85,1,Cc1cc(Cl)cc(C)c1Oc1cncc2[nH]c(-c3cc(N)nc(N)n3)cc12,1
protein85,1,CC(C)N(CCCN1CC(C)(C)CC1=O)C(C)(C)C,0
protein85,1,CCC(NC(=O)OC(CCN1CCCCC1)(c1ccccc1)c1ccccc1)c1ccccc1,0
protein85,1,CC(C)Cc1c(-c2ccc(Cl)cc2Cl)[nH]c2c(NC3CCCC3O)ncnc12,0
protein85,1,CCC(C(=O)OCc1cc(=O)n2ccccc2n1)N1C(=O)c2ccccc2C1=O,0
protein85,1,CCC1(c2ccc(S(=O)(=O)[O-])cc2)CCC1,0
protein85,1,CC(C)S(=O)(=O)n1cc(NC(=O)CCC2CCN(CCS(=O)(=O)Cc3cn(C)nc3C(F)(F)F)CC2)cn1,0
protein85,1,CC1(O)CCC2CN(c3cccc(CCCN)c3)c3nccc1c32,0
protein85,1,O=C(NO)c1ccccc1Nc1ncc([N+](=O)[O-])cc1[N+](=O)[O-],1
protein85,1,Cc1c(-c2cnco2)ccc(Oc2cc(C#N)ccc2Cl)c1F,0
protein85,1,CCOC(=O)C1Cc2ccc(O)cc2CN1C(=O)c1csc(-c2ccc(OC)cc2OC)n1,0
protein85,1,Cc1cc(C)c(N(c2c(N)n(C3CCCCC3)ccc2=O)S(=O)(=O)c2ccc(C(F)(F)F)cc2)c(C)c1,0
protein85,1,CCn1cc(-c2cnc(CC3=C(O)C4(CCC3=O)NCCc3cncnc34)s2)cn1,0
protein85,1,CC(=O)OC1CCC(C)(C)C(c2ccccc2)C1NC(c1ccccc1-c1ccccc1)C1CCCCC1,0
protein85,1,CCCS(=O)(=O)Nc1ccc(-c2cnc(Nc3ccccc3F)c(Oc3cc(C(=O)O)ccc3OC)c2)c(C(=O)O)c1,0
protein85,1,CCCc1cc(CN2CCC(C(=O)Nc3nc(OC)cc(OC)n3)CC2)nn1-c1cccnc1,0
protein85,1,CCOc1ccc(Oc2ccc(F)cc2)cc1C(=O)N1CCN(c2ncccn2)CC1C,0
protein85,1,CCCCc1ccc(Oc2ccc(OC)cc2NC(=O)c2cccc(C(C)C)c2)c(O)c1,0
protein85,1,CC(=CC(=O)N(C)CC(=O)Nc1ccccc1F)c1ccc(O)c(O)c1,0
protein85,1,CCC(CO)Nc1nccc(N2C(=O)OCC2C2(C)CS(=O)(=O)c3cccc(-c4ccc(C(=N)N)c(Cl)c4)c32)n1,1
protein85,1,CC(C)CNC(=O)c1cccc(Nc2nccc(-c3sccc3S(=O)(=O)N3CCCC3)n2)c1,0
protein85,1,O=C(O)c1cc(C(=O)Nc2cccc(C(F)(F)F)n2)cc(S(=O)(=O)N2CCOCC2)c1,0
protein85,1,O=C(NCCCN1CCOCC1)C1=C(c2ccccc2)CCCC(c2cccnc2Cl)N1,0
protein85,1,Cc1ncccc1-c1c(S(=O)(=O)O)nc2ccc(C(F)(F)F)cc2c1Nc1cccc(C(=O)OC(C)(C)C)c1,0
protein85,1,CC(C)(C)C(C(=O)Nc1ccc(F)cc1F)n1nnc2ccc(F)cc21,0
protein85,1,CCCC1NC(C2c3c(cc(O)cc3OCC)CCC2c2ccccc2)N(C(=O)CS)C1=O,0
protein85,1,CCn1ccc2c(Cl)c(C(=O)Nc3ccc4c(c3)OCCO4)ccc2c1=O,0
protein85,1,CC1CCCN1C(=NO)c1cccc2c1c1ccccc1n2C(=O)CCl,1
protein85,1,CCCCC1(C)NC(c2ccc(Cl)c(Cl)c2)c2ccccc21,0
protein85,1,O=C(NC(=S)Nc1onc(-c2ccccc2)c1-c1ccccc1)c1cccc([N+](=O)[O-])c1,1
protein85,1,CCCCS(=O)(=O)Nc1cc(C(=O)N2CCCCC(C)C2)ccc1Cl,0
protein85,1,CCCCC1CNN=C1CF,0
protein85,1,CCC(C)(C)C(=O)Nc1ccc(-c2cc(-c3ccc(O)c(O)c3)on2)cc1,0
protein85,1,CCCC(CN1CCC2C(Cc3cc(OC)nc4c3C2(C)Oc2ccccc2-4)C1)N(C)c1ncnc2c1cnn2C,0
protein85,1,CCCCCCC(N=C(N)C=CC(F)(F)F)C(C)([O-])C(F)(F)F,0
protein85,1,CCn1nc(-c2ccccc2)c(C(N)=O)c1O,0
protein85,1,O=C(O)c1cn(Cc2ccc(Cl)cc2)c2nc(N3CCNCC3)c(F)cc2c1=O,0
protein85,1,CC(C)N(CC1CN(C(=O)c2ccc(Cl)c(C(F)(F)F)c2)C(C)c2ccc(OC(F)(F)F)cc21)C(=O)C(F)(F)F,0
protein85,1,CN1Cc2ccccc2C1(COc1ccc(C(F)(F)F)cn1)Cc1ccccc1,0
protein85,1,CC1(C)CC(N)CCc2c(O)cccc21,0
protein85,1,O=C(CCS(=O)(=O)c1ccc(Oc2cccc(NC(=S)Nc3ccc(Cl)cc3F)c2)cc1)N1CCCC1,0
protein85,1,CCN(CC)C(=O)c1ccc2nc(Nc3ccc(C(N)=O)cc3)c3ccccc3n12,1
protein85,1,CC(C)n1cc(C(=O)O)c(=O)c2ccc(-c3ccccc3)nc21,0
protein85,1,O=C(O)c1cc(-c2ccccc2F)nc(N2CCC(N3Cc4cccc(Cl)c4C3=O)CC2)n1,0
protein85,1,CCN(CC)CCCN1c2ccc(S(=O)(=O)NCc3c(C)nn(C)c3C)cc2CC1C,0
protein85,1,Cc1ccc2c(c1)c(=Nc1ccccc1C)c1cccc3nc(N4CCOCC4)n2c31,1
protein85,1,CC(C)COc1ccc(Nc2c(-c3cncnc3)cc3ncc(CN4CCC(C(=O)NC(C)C)CC4)cn23)cc1,0
protein85,1,O=C(C(O)C1c2ccccc2-c2ccccc21)N1CCC12C(=O)N(Cc1cccnc1)c1ccc(F)cc12,0
protein85,1,Cc1cn(-c2ncnc(N3CCCC(C)C3)c2Cl)c(C)n1,0
protein85,1,Cc1noc(C2=CCN(c3ccccn3)CC2)c1S(=O)(=O)Nc1ccc(Cl)c(C(F)(F)F)c1,0
protein85,1,Cc1nc2c(sc3cnccc32)c(=O)n1NC(=O)c1ccccc1Cl,0
protein85,1,O=C(O)Cc1ccc(C(=O)O)c2c(Cc3ccccc3)coc12,0
protein85,1,N=C(N)Nc1nc(-c2cccc(C(F)(F)F)c2)c(-c2nc(NC(=O)Br)ccc2Cl)s1,0
protein85,1,Nc1cccc(C(=O)NN=Cc2ccccc2O)c1,1
protein85,1,CCCCC1CNC(=O)c2nc(oc2C)-c2ccc(C3CCCC3)cc21,0
protein85,1,CCn1cc(NS(=O)(=O)c2ccc3c(c2)oc(=O)n3C)cn1,0
protein85,1,Cc1cc(Br)nc(SCc2ccccc2)c1,0
protein85,1,Cc1cccc(Nc2nccc(-c3ccc(C(=O)N4CCCC(CN5CCCOCC5)C4)cc3)n2)c1,0
protein85,1,CCOc1ccc2ccc(NC(=O)C3(N4CCN(C)CC4)CCCCC3)nc2c1OCC,0
protein85,1,CC(NC(=O)OC1CCC(C)(C)C=C1Nc1ccc(C(=O)O)cc1N)c1ccccc1,0
protein85,1,O=C(NC1CCC(CC2CN(c3cc(F)c(F)c(F)c3)C(=O)O2)CC1)c1cc(F)c(F)cc1Cl,1
protein85,1,Cc1ccc(NC(=O)C2CCN(c3nnc(-c4ccc5c(c4)CCCO5)o3)CC2)cc1C,0
protein85,1,O=C(O)CCCn1c(-c2ccc(OCC(F)(F)F)cc2)nc2cc(N3CCCCC3)ccc21,1
protein85,1,CC1NC2CCCCC2CCC1OC(=O)c1c(O)cc(-c2ccccc2)cc1O,0
protein85,1,CC(C)Cc1nc2cc(-n3ccnc3)c(Cl)cc2n1Cc1ccccc1,1
protein85,1,COC1CCN(S(=O)(=O)c2ccc3[nH]c4ncnc(OC5C=CC(C)(C)CC5O)c4c3c2)C1,0
protein85,1,Cc1cc(O)c(S(=O)(=O)NCc2ccc(Cl)cc2)c(Cl)c1,0
protein85,1,NC(=O)c1nc(-c2ccccc2Cl)[nH]c1-c1ccc(-c2ccccc2N)cc1,1
protein85,1,Cc1cc(C)c2nc(-c3ccc(Cl)cc3)nc(NN)c2c1,1
protein85,1,Nc1cc2cc(Cl)c3cc[nH]c3c2c(CSCc2c(F)cccc2F)n1,1
protein85,1,Cc1cccc(-c2c(N)n(Cc3cccc(F)c3F)c(=O)[nH]c2=O)n1,1
protein85,1,O=C(NCc1cc2ccccn2c1)c1ccc(-c2nc3cnccc3n2Cc2ccc([N+](=O)[O-])cc2)s1,1
protein85,1,CC(C)CCNC(=O)CN1C(=O)c2ccccc2S1(=O)=O,0
protein85,1,CC(C)C(NC(=O)CCCC1CCN(C(=O)OC(C)(C)C)CC1)C(=O)NCc1cscn1,0
protein85,1,CCOc1cc(Nc2ncc(C(F)(F)F)c(Oc3ccc(Cl)cc3C)n2)ccc1N1CCNCC1,0
protein85,1,CCN1C(=O)CSc2cccc(C=NNC(=S)NC3CCCCC3)c21,1
protein85,1,Cc1nn(Cc2ccccc2)c(N)c1-c1nc(C#N)c(N2CCCCC2)o1,1
protein85,1,CCCN(C(C)=O)C(CC(=O)N1CCN(C)CC1)C(=O)O,0
protein85,1,CC#CCN1CCC(c2ccccc2C(F)(F)F)CC1C(=O)NC1CCN(N(C)C)C(C)(C)C1,0
protein86,1,CCOc1ccc(-c2cc3c(Cl)cccn3c2C=NNC(N)=S)cc1Cl,1
protein86,1,CC(C)(C)c1ccc2oc(-c3c(N)ncnc3N3CCNCC3)cc2c1,0
protein86,1,CC#CCN(Cc1nc2cc([N+](=O)[O-])ccc2[nH]1)c1cnc(-c2c(F)cccc2F)cn1,1
protein86,1,CC(C)CC(Nc1nccc(-n2c(C3CCCCN3CCO)nc3ccccc32)n1)c1cccnc1,0
protein86,1,Cc1ccc(-n2c(N3CCC4(CC3)OCc3ccccc34)nn(C)c2=S)cc1,0
protein86,1,Cc1nn2c(N)c3c4cccc3cc2c1C(CO)COc1ccc(cc1C(O)(C(F)(F)F)C(F)(F)F)CC4,1
protein86,1,CCCCC1N(C)C(=O)C(N2C(=O)OCc3ccccc32)C12CCOCC2,0
protein86,1,CC(C)(CO)c1ccc(NC(=S)NC(=O)c2ccc(S(=O)(=O)N3CC=CC3=O)cc2)cc1,0
protein86,1,CC1NCC=C2N(C(=O)Cc3ccsc3)C(c3ccccc3)CCC(CN(C)C)C21C,0
protein86,1,Cc1nc(-c2ccccc2S(=O)(=O)NC2CCCCC2)no1,0
protein86,1,COC1C(C)=CCN(C)C1Cc1nc2ccc(C(F)(F)F)cc2n1C(=O)CSC,1
protein86,1,Cc1ccc(Nc2nc(-c3ccc(I)c(S(C)(=O)=O)c3)cs2)nc1,0
protein86,1,ONC(Br)=Nc1ccc(Nc2ccc(C(F)(F)F)cc2)c(Cl)n1,1
protein86,1,CC(=O)OC(C#N)(c1ccccc1)c1cc(-c2ccc(C(F)(F)F)c(F)c2)[nH]c1C(F)(F)F,0
protein86,1,CC(C)(N=Cc1c2n(c3ccccc13)CC(=O)O2)C(=O)Nc1ncc(F)cc1F,0
protein86,1,CC(C)CC(=O)Nc1nnc(COc2ccccc2C(=O)O)s1,0
protein86,1,Cc1cc(CCc2ccccc2C(F)(F)F)c2c(c1)CCN2C(=O)COC(=O)c1ccncc1,0
protein86,1,O=C(c1ccccc1OCC(F)(F)F)N1N=C(O)CC1c1cccnc1,0
protein86,1,Nc1nc2c(c(OCC(F)(F)F)n1)CN(c1ccc(-c3cncc(Cl)c3)cc1F)CC2,0
protein86,1,O=C(OCCC1C(=O)N(Cc2cccc(O)c2)CC1O)c1ccc(F)cc1,0
protein86,1,CC1(C)CC(N2CCc3c([nH]c4ccccc34)C2(C)C)=NC(C)(C)C1,1
protein86,1,O=C(NC1=NCCN1)c1ccc(S(=O)(=O)Cc2ccccc2Cl)cc1F,0
protein86,1,CCNC(=NO)c1cnn2c1N(C(=O)C1CCCCC1)CCC2,0
protein86,1,Cc1nnc(O)cc1Oc1ccc(-n2c(CN3CCC(C(C)(C)O)CC3)nc3ccccc32)cc1,0
protein86,1,CC(C)=CCONC(=O)c1cccc(C)c1,0
protein86,1,CCCCNc1nccc(-n2ccnc2C2CCN(c3cc(=O)n4ccccc4n3)CC2)n1,0
protein86,1,Cc1ccc(C(=O)Nc2ccc(Cl)c3ncnc(-c4ccc(O)c(Cl)c4)c23)s1,1
protein86,1,CCOc1ccc(C2OC(=O)c3[nH]c4cc(OC)ccc4c3C2C(=O)O)cc1OC(C)=O,1
protein86,1,CCOCn1cc(C2(c3cccc(Oc4ccc(F)cc4)c3)CCN(C(C)C)CC2)c2ccccc21,0
protein86,1,Cc1c2n(C(C)C)nc(c1=O)-c1cn(Cc3ccc(C(=O)OC4CCN(C)CC4)cc3)c3ccc(cc13)S(=O)(=O)N2,0
protein86,1,Cc1ccccc1-n1nncc1C1CCN(Cc2ccc(N)c(Cl)n2)CC1CO,0
protein86,1,CC(C)C=CS(=O)(=O)N1CCCC1,0
protein86,1,Cc1ccc(CNCCn2c(C)cnc(N)c2=O)cc1,1
protein86,1,CC(C)(C)c1ccc2c(c1)NC(=O)CN(CCc1c(-c3ccccc3N3CCCCC3)cc(O)c3ncccc13)C2=O,1
protein86,1,O=C(Cc1c(F)cccc1Cl)OCc1nnc(N2CCCCCC2)c2ccccc12,0
protein86,1,CS(=O)(=O)N1Cc2cc(F)ccc2C(C(=O)Nc2ccc(C(F)(F)F)cc2C(=O)NCc2ccc(Cl)cc2)C1C1CC1,0
protein86,1,O=C(Nc1nc2c(c(-c3ccccc3)c1CN1CCCCC1)CCC2)c1ccc[nH]1,1
protein86,1,CCCCCNC(=O)C(C1CCc2c(OC)cccc21)C(C)(C#N)CCCCCOC,0
protein86,1,CCCc1cnc(Nc2ccc(N3CCN(C)CC3)cc2)nc1-n1cccc1Cl,0
protein86,1,Cc1ccc(-c2cc(C#N)c(N3CCC(c4cccc(O)c4)CC3)c(NC3=NC(=O)CS3)c2)cc1,0
protein86,1,Cc1cc(C)cc(NCCn2nnc3ccccc32)c1,1
protein86,1,CCCCC(=O)Nc1nnc(CN2CCCC(CO)C2)o1,0
protein86,1,CC(C)NS(=O)(=O)c1ccc(-c2ccc(F)c(C(=O)NC3CCCC3)c2)cc1,0
protein86,1,Cc1cc(C(=O)NCCCn2c(C)c(C)c3c(Cl)cccc3c2=O)no1,1
protein86,1,CCN1C(=O)CC(Nc2ccc(Cl)c(Cl)c2)C1=O,0
protein86,1,CCn1c(=O)ccc2c(NC(=O)COc3cccc(F)c3Cl)cccc21,0
protein86,1,CC(C)COc1nc(Cl)c(Cl)c2c1C(C)CCN2C(=O)c1c2ccccc2nc2cccc(=O)n12,1
protein86,1,CC1=C(C(=O)N(C)C)CC(c2ccc3cc(C(=O)Nc4ccc(N(C)C)cc4C)[nH]c3c2)CN1C,1
protein86,1,Cc1ccc(Nc2c(C)n(C)n(-c3ccccc3)c2=O)nc1,0
protein86,1,Cc1cccc(-c2ncc(N(C)C3CCCCC3C)c(N3CCCC3C(=O)O)n2)n1,0
protein86,1,CC(=O)N1CCCc2c(-n3cncn3)cc3c4c(ccc3c21)CCCN4CCN1CCCC1,1
protein86,1,CCc1nc(-c2cnc(CNC(=S)Nc3cncc(C(=O)O)c3)cn2)cnc1C,0
protein86,1,Cc1cccc(Nc2nnc(-c3ccccc3C(O)(c3ccccc3)C3CCNCC3)s2)n1,0
protein86,1,CCS(=O)(=O)N1CCCC23CC1=CC(C)(CN(C(=O)c1ccccc1Cl)C2=O)C3,0
protein86,1,CCOP(=O)(Nc1c(Cl)cccc1Cl)OCC,0
protein86,1,CC1CCCCc2cc(O)ccc2C(OC(=O)C(C)(c2ccccc2)[N+](C)=O)C(C#N)C1,0
protein86,1,CCC1(CC)N=CN(C)C1=O,0
protein86,1,[C-]#[N+]c1ccc(Oc2cnc(N)nc2N2CCN(C)CC2)cc1Cl,1
protein86,1,O=C(NN=C1CCCCCC1)c1ccc(Cl)cc1Cl,0
protein86,1,CC(C)OCCC1CCCN(C(=O)COc2cccc3cccnc23)C1,0
protein86,1,O=CNCc1ccccc1N1CCN(C(=S)Nc2ccncc2)CC1,0
protein86,1,Cc1ccc(Cl)c(Oc2cc(C3CCCC3)nc(C)n2)c1,0
protein86,1,CCOc1cc(-c2ccc(C(=O)N3CCC(n4c(=O)[nH]c5ccccc54)CC3)o2)ccc1OC(F)(F)F,0
protein86,1,CC(C)=CC(CN1CCN(c2ccc([N+](=O)[O-])cc2Cl)CC1C)OC(=O)c1cc(F)ccc1F,1
protein86,1,CC(C)c1ccc(S(=O)(=O)Nc2cc(C(=O)N3CCC(O)C3)ccc2F)s1,0
protein86,1,CC=NCCCC(C(=O)NCC1CCCCC1)N(C)S(=O)(=O)c1cc(Cl)ccc1NC(C)(C)C,0
protein86,1,Cc1cc(C(F)(F)F)nc2cc(C#N)cc(S(=O)(=O)n3ncccc3=O)c12,1
protein86,1,CCC(C)C(OC(=O)c1nc(OCC(F)(F)F)ccc1O)c1ccccc1,1
protein86,1,NC(=O)c1c(Cl)ccc(OC(c2ccncc2)c2cccs2)c1Cl,0
protein86,1,O=C(NCCn1c(C(F)(F)F)cc2cc(Nc3cc(Cl)[nH]n3)ncc21)c1ccccc1O,0
protein86,1,Cc1ccc(C)c(NC(=O)C(C)S(=O)(=O)c2ccc(Nc3cc(C)c4ccccc4n3)cc2)c1,1
protein86,1,CC(C)COc1ccc(C(=O)N2CCCC3CCCCn4ncc5c(N(C)C)ncc(c54)CNC(=O)C32)cc1,0
protein86,1,CCn1nc(OC)c2c(C(=O)NCC3CCCN(c4nc(C)cc(Oc5cc(C)cc(C)c5)n4)C3)n(C)cc2c1=O,1
protein86,1,Cc1nn(C)c(Cl)c1C(=O)N1CCC(CO)C1,0
protein86,1,Cc1nc(CCN2CC(CN3CCC(=O)N(c4ccccc4F)C3=O)C(C(=O)O)C2)c[nH]1,0
protein86,1,CC(C)=CC(=O)Nc1nnc(-c2ccccc2C)s1,0
protein86,1,Cc1ccccc1N(CC(=O)Nc1ccccc1-n1cccc1)C(=O)c1ccccc1,1
protein86,1,CC(=O)Nc1ccc(CCC2CCN(CC(=O)Nc3ccc(C)cc3)CC2)cc1,0
protein86,1,CCOc1cc(Cl)ccc1C1NC(=NNC(=O)c2ccncc2)c2ccncc21,0
protein86,1,CCc1ccc(C(=O)NC(=S)Nc2cccc(S(=O)(=O)CC)c2)s1,0
protein86,1,CCC1(C)CNC(=O)c2ccc(nc2)CNc2ccc1c(O)c2,0
protein86,1,Nc1ncccc1Cn1c(=O)[nH]c2ccc(F)cc21,1
protein86,1,O=C1CCSc2ccccc2N1,0
protein86,1,Cc1cc(N2C(=O)CCC(CC(C)C)C2=O)no1,0
protein86,1,CCn1cc(CC(=O)Nc2ccc3c(c2)Oc2nccnc2C(=O)N3C)c2ccccc21,0
protein86,1,NC(=O)c1c(-c2ccc(F)c(F)c2)nn(-c2cc(Cl)cc3c2CCN(C(=O)C(F)(F)F)C3)c1C(F)(F)F,0
protein86,1,CCc1cccc(Oc2ccccc2C=NNC(=O)c2ccccc2[N+](=O)[O-])c1,1
protein86,1,Cc1cccc(NC(=O)CCCCN2CCN(c3ncccc3C#N)CC2)c1C,0
protein86,1,Nc1cnc(-c2ccc(C3CN4CCC3CC4)cc2F)cn1,1
protein86,1,CCn1cc(CC(=O)Nc2cccc(OC(F)(F)F)c2)c2ccccc21,1
protein86,1,CCC(=CCSc1ccc(C)cc1)N(C)C,0
protein86,1,CC(C)C(O)CN(C)C(=O)c1sc(SCC(=O)N2CCOCC2)nc1C(F)(F)F,0
protein86,1,CC1(C(N)C(=O)N2CCCCC2c2ccc(C3c4ccccc4N4CCNCC4C3(F)F)cc2)CCC(CN)C1,0
protein86,1,COC1CC2(C)Cn3c(c(c4ccccc43)S(=O)(=O)c3ccc4c1nccc4c3)C(=O)N2c1ccc(C)cc1,1
protein86,1,CC(C)C(=O)N1c2cc(F)ccc2S(=O)(=O)c2cnccc21,0
protein86,1,CCN(CC)CCCNC(S)=Nc1c(OC)ccc2ccc(OC)cc12,1
protein86,1,Cc1[nH]nc(N)c1-c1cc(C(F)(F)F)nc(N2CCCCCC2)n1,0
protein86,1,CC(C)Oc1ccccc1C(=O)Nc1ncccc1Nc1ccc(F)c(I)c1,0
protein86,1,COc1cccc(-c2cc(NC(C)CC(F)(F)F)n3nc4c(c3n2)CCCCC4)c1,0
protein86,1,CCN1C(=O)c2ccc(S(=O)(=O)N3CCN(CC=C(C)C)CC3)cc2C1=O,1
protein87,1,CCS(=O)(=O)c1cccc(-c2cc(-c3nc(C)c(OC(C)C)c4nc(-c5ccncc5)cn34)cnc2Cl)c1,1
protein87,1,CCCCCC1CC(=O)NC(=O)C(C)C(C)(S(C)(=O)=O)C2NC12,0
protein87,1,Cc1c(Nc2ccccc2F)c(C(N)=O)cc2nc(-c3ccccc3OCC(C)C)[nH]c12,0
protein87,1,CCOCCc1cnc(Nc2ccc(C(=O)O)cc2Sc2c(C#N)ccc(=O)n2CCC#N)s1,0
protein87,1,Cc1cc(C)cc(NC(=O)c2nn(C)c3c2N(S(=O)(=O)c2ccc(F)cc2)CCC3)c1,0
protein87,1,O=C(c1c[nH]c2ccccc12)N(Cc1ccc(F)cc1F)c1ccccc1OCC(F)F,0
protein87,1,CC(=O)N1c2ccccc2N(S(=O)(=O)c2ccccc2C(=O)Nc2cccc(C)c2)C1(C)C,0
protein87,1,CC(Cn1ccnc1)NC(=O)c1ccc(Cl)cc1,0
protein87,1,CCNC(=O)c1ccccc1NC(=O)c1cccc([N+](=O)[O-])c1,1
protein87,1,CCn1nccc1-c1nc(OCC2(C(=O)N3CCC3(C)C)CCC2)ccc1Cl,1
protein87,1,O=C(O)C1CC(NC(=O)C2(c3ccccc3)CCC2)CN1S(=O)(=O)c1ccc2ccccc2n1,0
protein87,1,Cc1cc([N+](=O)[O-])ccc1-n1cc(-c2cc(S(N)(=O)=O)cc3c2CCC3)c2c(N)ncnc21,1
protein87,1,O=C(Cc1ccc(C(F)(F)F)cn1)N1CCCC2(CCc3ccccc32)C1,0
protein87,1,Cc1cc(C)n(C2CC(=O)N(c3ccc(-n4cc(C(F)(F)F)nn4)cc3C)C2)n1,1
protein87,1,O=c1cc(C(F)(F)F)[nH]c2c(-c3ccccc3)c(F)c(F)c(F)c12,1
protein87,1,Cc1nc2c(N3CCCN(C)CC3)cc(Cl)cn2c1-c1cccnc1,0
protein87,1,[C-]#[N+]c1c(F)ccc(C2CN(c3ncc(C(=O)Nc4ccccc4F)c(-c4ncn5ccccc45)n3)CC2OC)c1C,1
protein87,1,CC(=O)Oc1ccc(CNc2nc(N)nc3sc(-c4ccccc4)cc23)cc1,0
protein87,1,CC1CCN(C(=O)c2cc(Cl)c(O)c(F)c2-n2ncnc2-c2ccc(OCC(F)(F)F)c(OCCO)c2)CC1,0
protein87,1,CCn1c2ccccc2c2cc(S(=O)(=O)OC(C(F)(F)F)C(F)(F)F)sc21,1
protein87,1,Cc1ccc(C(=O)N2CC(CN3c4ccccc4Sc4ncccc43)C2)c(F)c1,0
protein87,1,O=C(CNC(=O)c1ccco1)Nc1c(F)cccc1F,0
protein87,1,Cc1ccc(-n2nc(NC(=O)CN3CCCCC3)c3ccccc32)cc1,0
protein87,1,CCN(CC)CC(=O)Nc1nccc([N+](=O)[O-])c1Cl,1
protein87,1,CCS(=O)(=O)N(CCCC1CCC(N(C)C(=O)C2(c3ccncc3)CCC2)CC1)C1CC1,0
protein87,1,Cc1cnc(-c2ccsc2Cl)c(NC(=O)c2cnn3c(-c4cccc(C#N)c4)ccnc23)c1,0
protein87,1,CC1CCC(C#N)C(NC2c3ccccc3CCC2C)C1,0
protein87,1,CCOCCCCCNC(=O)c1cccc(OC)c1OC,0
protein87,1,CC(=Nc1cccc2cccnc12)n1c(=O)c2c3c(sc2n2c(C)ccc12)CCCC3,1
protein87,1,Nc1nc(N2CCN(C(=S)Nc3ccc(Cl)cc3)CC2)c(-c2ccc(F)c(F)c2)cc1OC(F)(F)F,0
protein87,1,Cc1cccc(Cn2nc3c(cc2=O)CCN(C(=O)c2c(C)cc(C)cc2C)CC3)c1,0
protein87,1,NC(=O)c1cnn2c1NC(c1ccsc1)CC2(C(F)(F)F)C(F)(Cl)Cl,1
protein87,1,CCC1CN(C)CC(=O)NCCc2cc(F)ccc2Nc2ncnc3c(-c4ccsc4)ccc1c23,1
protein87,1,CNC(=O)CSc1nnc(-c2ccccc2C)n1-c1ccc(F)cc1,1
protein87,1,CC(C)N1C(=O)COc2ccc(C(=O)NCc3cnc4c(c3)Cc3cccc(C(C)(C)C)c3O4)cc21,0
protein87,1,Cc1cncc(Nc2ccc3c(c2)CC(N2CCc4cc(OS(C)(=O)=O)ccc4C2CC(=O)N(C)C#N)C3)c1,0
protein87,1,O=C1CC(NCc2cc(C(F)(F)F)ccc2Cl)C(=O)N1,0
protein87,1,Cc1noc(-c2cc(I)ccc2S(C)(=O)=O)c1C(=O)Nc1ccccc1F,0
protein87,1,CC(C)(C(=O)NCC1CN(c2ccc3c(c2)OCCO3)C(=O)O1)c1ccc(O)cc1,0
protein87,1,O=C(CCn1nc(Cl)c(Cl)c(Cl)c1=O)Nc1ccc(Cl)cc1C(=O)O,0
protein87,1,O=C1NCCSc2c1cc(C(F)(F)F)cc2N1CCCNCC1,1
protein87,1,COc1ccc(CC(=O)NC2(C(=O)Nc3ccc(NC(=S)NC(C)=O)cc3)Cc3ccccc3C2)cc1,0
protein87,1,Nc1c(Cl)ccc2c1C(=O)C(OC1CCCC1)(C(=O)N1CCC1)c1ccccc1-2,0
protein87,1,CCCC1CCN(c2nn(CC(=O)Nc3ccc(C)cc3C)c(=O)c3cc(-c4ccccn4)cn23)C1,0
protein87,1,CC(C)(C#Cc1ncnc(NC2CCCCC2)c1Nc1cccc(C#N)n1)c1ccncc1,0
protein87,1,CC#CC#CCC1CCC(CC(O)C(CO)C(=O)O)N1C,0
protein87,1,COc1ccc2c(c1)C(N)=NC(=O)C1=C(C)Oc3ccc([N+](=O)[O-])cc3C1(C)N2,1
protein87,1,CC(C)CN1C(=O)C2C=C(O)CC1C2c1ccc(OP(=O)([O-])O)cc1,0
protein87,1,O=C1c2cscc2Cc2cc(O)c(O)c(c2)C1Nc1ccccc1N1CCCCC1,0
protein87,1,CCCCC1CNCCN1Cc1ncc(C)c2c1CC(=O)c1c-2ccc(OC)c1OC,0
protein87,1,Cc1ccc(NC(=S)NC(=O)CCc2ccc(Cl)cc2)cn1,0
protein87,1,CCc1ccccc1-c1cccc(OCCCCN2CCNCC2)c1,0
protein87,1,Cc1ccc(NS(=O)(=O)c2cccc(N3CCCCC3)c2)cc1C,0
protein87,1,CC(C)C(NC(=O)OC(C)(c1ccccn1)C(C)(C)C)C(=O)NC(C(=O)O)C1CCc2c1cc(F)c(F)c2F,0
protein87,1,CCC1CCC(NC(N)=NC#N)C(C)C1,0
protein87,1,CC(C)CC1C(=O)NC(c2cc3[nH]n(-c4ccc(N(C)C)cc4)c(=O)c3cc2F)CN1C,0
protein87,1,CC(C)(C)n1cc(C(=O)N2CCCC3(CCNCC3)CC2)c(=O)c2cccnc21,0
protein87,1,CC(=O)Nc1ccccc1Nc1nc2ncccc2c(Cl)c1C(=O)Nc1cccnc1C,1
protein87,1,CCN(Cc1nc2c(Cl)c(Cl)ccc2[nH]1)c1ncccc1C(F)(F)F,0
protein87,1,CCn1c(CCC2CCNC(C)(C)C2)nc2cc(NC(=O)c3ccccc3N(C)C)ccc21,1
protein87,1,Cc1ccc(Nc2cccc3cncc(C(N)=O)c23)cc1C,1
protein87,1,CC1Cn2ccnc2N1c1ccc2c(c1)C(=O)N(C1CCCC1)C2=O,0
protein87,1,O=C(Nc1cc(F)ccc1Oc1cccc(F)c1)c1c[nH]c2cc(Cl)ccc12,0
protein87,1,CC(C)n1c(-c2ccc(S(=O)(=O)F)cc2)cc2c(C(=O)O)cccc21,0
protein87,1,CCS(=O)(=O)N1CCC(Oc2nc(N)c(C#N)c(Cc3cccc(F)c3F)n2)CC1,1
protein87,1,CC(C)CCN(C)C1CCN(C(=O)c2cccc(C#N)c2)CC1,0
protein87,1,CCC1CCC(CCC(CN2C(=O)c3ccccc3C2=O)N(C)C2CCCCC2)N1,1
protein87,1,CCCN(CC)c1nc(C)c2c(SC)cccc2n1,1
protein87,1,CC1(C)CCN(c2ccc(C(=O)Nc3cc(-c4cccs4)cs3)cc2)CC1,0
protein87,1,Cc1ccc([N+](=O)[O-])cc1NC(=O)Nc1ccc(OCc2ccccc2)cc1,0
protein87,1,CC(=O)Nc1cc(N(C)c2ncnc3c2c2c(n3C(C)C)CCCC2)ccc1OC1CCCCC1,1
protein87,1,CC(C)C(=CCn1cnc2sc3c(c2c1=O)CCC1(CCCN1)C3)C(=O)O,0
protein87,1,CCS(=O)NCc1ccncc1,0
protein87,1,NC(c1cc(Cl)ccc1O)C1Cc2ccccc2C1,0
protein87,1,O=C(c1cc2ccc(O)cc2s1)N1Cc2ccc(Cl)cc2-n2nncc2C1=O,0
protein87,1,Cc1cc(N)c2nc(CN3CCCC4(CCC(O)c5ccccc5C4)C3)c(C)nc2c1,1
protein87,1,Cc1cc(Oc2cc(-c3ccccc3)nc(-c3ccccc3)n2)cc([N+](=O)[O-])c1N,1
protein87,1,Cc1ccc2c(c1)C(=O)N(CCCC(=O)Nc1ccccc1C(=O)O)C2=O,0
protein87,1,CC(C)n1cc(CC(=O)O)c(-c2cccc(F)c2)n1,0
protein87,1,CC(C)CC(C)C(OCN(C)C)c1cccc(O)c1,0
protein87,1,Cc1csc(=O)n1CC(=O)Nc1cc(F)cc(F)c1OCc1ccccc1,0
protein87,1,CC(C)N(CO)C(=O)C1CCC(C(=O)N2Cc3ccccc3C2(CCN2CCOCC2)C(F)F)CC1,0
protein87,1,CCC1CC2(Nc3cccnc3)C=C(C)C(=O)c3cccc(c32)O1,1
protein87,1,COc1ccc(-c2nc3c(nc2NC(C)C)Cc2ccccc2C3=O)c(F)c1F,1
protein87,1,NC(=NO)c1[nH]c2cc(Cl)ccc2c1Nc1sc2ccccc2c1S(=O)(=O)C1CC1,1
protein87,1,Cc1cc(C(F)(F)F)ccc1-c1n[nH]c(C)c1CC(=O)NCc1ccc(S(C)(=O)=O)cc1-c1ccccc1C#N,0
protein87,1,CC1CCCCC1NCCCC1(c2ccccc2)C(=O)Nc2ccc(Cn3ccnc3)cc21,0
protein87,1,CN(Cc1ccc(C2CCC(C)(C(=O)O)CC2)c(O)c1)C(=O)c1ccco1,0
protein87,1,CCCCC1c2ccc(O)cc2CCC1N(C(=O)Nc1cccc(Cl)c1)C1COC(C)(C)O1,0
protein87,1,CCCC1OC(=O)N2CCc3c([nH]c4cc(C)c(C)cc34)C12,0
protein87,1,CC(=NOC1CCCCC1)C(CNC(=O)Nc1cccc(Cl)c1)Cn1ccc2ccccc21,0
protein87,1,CC(C)CCCCC(=O)N(CCCN1CCN(c2ncccn2)CC1)C(C)(C)C,0
protein87,1,O=C(NN=Cc1cccc(F)c1)c1ccncc1,1
protein87,1,CC(=O)c1ccc(C)c(NC(=O)c2nn(C)c(NC(=O)c3cccc(S(=O)(=O)N(C)CCCCN4CCN(C)CC4)c3)c2Cl)c1,0
protein87,1,O=C(Nc1nnc(-c2ccc([N+](=O)[O-])cc2)s1)C1(c2ccccc2)CCCC1,1
protein87,1,CC1(NC(=NO)NCC(O)C(C)(C)c2cc(C(O)(c3ccccc3F)C(F)(F)F)c(=O)n3c2[nH]c2ccccc23)CCCC1,0
protein87,1,CCOc1cc(C)c(C(C)C)cc1S(=O)(=O)N1CCCCO1,0
protein87,1,Cc1noc(C)c1S(=O)(=O)Nc1ccc(NC(=O)c2nc(-c3ccsc3)oc2C(F)(F)F)cc1,0
protein87,1,CC1CCCC(C)N1CCCNC(=O)C1CCCN1S(=O)(=O)c1cccs1,0
protein87,1,Cc1ccc([N+](=O)[O-])cc1NC(=O)c1ccc(COc2ccc(F)cc2F)cc1F,0
protein88,1,CCC(CCC1CN(C)C(=O)O1)NC(=O)Nc1ccc(S(=O)(=O)Oc2ccccc2F)cc1,0
protein88,1,CC(C)CNC(=O)c1cc2ccccc2n1Cc1ccc(N2CCCC2)c([N+](=O)[O-])c1,1
protein88,1,O=C1CCC(c2cccs2)N1c1ccccc1O,0
protein88,1,CCC1Cc2c(ccc3c2OC(=O)C3=O)C1OCCN,1
protein88,1,Nc1cn[nH]c1Br,1
protein88,1,CC(=O)N1c2cc(S(=O)(=O)c3cc(C(=O)N(C)c4ccc(C)cc4)c(C)nc3C)ccc2S(=O)(=O)CC1C,1
protein88,1,CCON=C(C)C1CN(C(=O)c2ccc3c(c2)C(N2CCN(C)CC2)CC(C)(C)O3)CCN1C,1
protein88,1,CCN1CCC(n2c(O)cc3cnc(Nc4ccc(OC(F)(F)F)cc4)nc32)CC1,0
protein88,1,Cc1cn(-c2ccc(C(F)(F)F)nc2)c(=O)n1-c1ccccc1,0
protein88,1,CCC(CC(=O)N1CCCC(c2nc3cc(-c4c(-c5ccccc5)nn(C)c(=O)c4C)ccc3[nH]2)C1)C(N)=O,0
protein88,1,CC1(C)CCCC(C)(C)C1Nc1ccncn1,0
protein88,1,Cc1cc(C)c2nc(-c3ccccc3Nc3cccnc3)nc(N)c2n1,1
protein88,1,Nc1cnc(-c2ccc(-c3cc(C(F)(F)F)ccc3-n3cccn3)cc2F)cn1,1
protein88,1,CC[N+]1(C)C(=O)C2NC=C(C(=O)C2c2nc3ccccc3o2)C(C)Cc2cccc(c2)OCC1C,1
protein88,1,CC1CCCC(N2CCN(c3cccnc3)C2=O)C1,0
protein88,1,Nc1cccc(-c2nnc(SCc3ccc(C(F)(F)F)cc3)o2)c1,0
protein88,1,O=C=CCCCCCCNC(=O)c1cccc2c1[nH]c1ccccc12,0
protein88,1,CCCC1=C(CCC)Nc2cc(C(=O)O)ccc2N=C1,0
protein88,1,CCOc1ccc(N2CCN3CC(C2=O)c2c(C)cccc2C3=O)c(C)c1,1
protein88,1,Nc1ccccc1C(=O)c1cnn(-c2ccc(Cl)cc2)c1,0
protein88,1,CC(=O)Nc1ccc(-c2csc(Nc3ccc(S(=O)(=O)N4CCCCC4)cc3)n2)cc1,0
protein88,1,CC(C)(c1ccc(F)cc1)N1C(=O)CC(=O)NC1=S,0
protein88,1,CCc1ccccc1CN(C(=O)Cn1nc(C)c(C(=O)O)c1C)C(C)(C)C,0
protein88,1,Cc1cccc(N2C(=O)c3cccc(O)c3C2=O)c1,1
protein88,1,O=C(Cc1cn(C(=O)C(=CNc2nc3n(c2C(F)(F)F)CCCc2ccccc2-3)C(F)(F)F)c2ccccc12)Nc1ccn(-c2ccccn2)n1,0
protein88,1,CCCN(CCC)CCc1ccc(OC)c(O)c1-c1cc(S(C)(=O)=O)c(C)o1,0
protein88,1,CCNCCS(=O)(=O)Nc1ccc(OCC)c(-c2ccc3c(C#N)c(N(C)c4ccc(F)cc4)ncc3c2)c1,1
protein88,1,CC1=C(O)C(=O)NC1=O,0
protein88,1,CC(=O)CCCOc1cccn2cc(-c3ccc(CCC(C)C)cc3)nc12,0
protein88,1,O=C(CSc1c(C(=O)O)cccc1[N+](=O)[O-])c1ccc(N2C(=O)CCC2=O)cc1,1
protein88,1,O=c1occ(-c2c(F)cccc2F)n1-c1ccc(Cl)cc1Cl,0
protein88,1,Cc1ncsc1C1=C(c2c[nH]c3ccccc23)C(=O)NC1=O,0
protein88,1,CCOc1ccc(Nc2nccc(Oc3cc(C)cnc3C)n2)cc1Cl,0
protein88,1,CC(C)CC1c2ccccc2OCc2ccncc2C1(C#N)C(=O)N1CCCCC1,0
protein88,1,CC(=O)N1CCC(c2[nH]nc3nc(-c4c(C)noc4C(F)(F)F)c(C)cc23)CC1,0
protein88,1,CCNC(=NC#N)Oc1ccc(C(C)(C)C)cc1[N+](=O)[O-],0
protein88,1,O=C(Nc1ccc(-c2ccc(Cl)c(Cl)c2)cc1C(O)(C(F)(F)F)C(F)(F)F)C1COC1,0
protein88,1,O=C(CCN1C(=O)c2ccccc2C1=O)Nc1ccccc1F,1
protein88,1,Cc1cc(-n2nc(C)cc2Cc2ccc(F)cc2F)nc(NC(=O)C(C)C)n1,1
protein88,1,Cc1[nH]c2ccc(F)cc2c1C(Nc1cncc(NCC(O)CO)c1)c1ccc(OC(F)(F)F)cc1,0
protein88,1,CC(=O)Nc1nc(=O)c2cc(C(=O)N3CCNCC3)cnc2[nH]1,0
protein88,1,CCC(C)C(=O)N1C(C(C)(C)C)CSC(N)=[N+]1C(=O)O,0
protein88,1,Cc1ccc(C2Cc3c([nH]c4ccccc34)CC2CCN(CCCn2ccnc2)CC(O)CO)cc1OCc1ccccc1,1
protein88,1,NC(=O)C1(c2ccc(F)cc2F)CC(NC(=O)C(N)CC2CCN(c3ccccc3F)C(=O)O2)CC1c1ccccc1F,0
protein88,1,CC1CCC(c2ccc(NS(=O)(=O)c3cc(F)c(F)cc3Cl)cn2)C(O)C1,0
protein88,1,CCOc1ccc(S(=O)(=O)N(C)CC(=O)Nc2ccc(C#N)c(C(F)(F)F)c2)cc1N1CCNCC1,0
protein88,1,CC(=O)n1nc2c(I)cc(-c3ccccn3)cc2c1NC(=O)C1CCCC1(C)C,0
protein88,1,CC1(C)CC(C(=O)N2CCN(Cc3ccccc3O)CC2)N(C(N)=O)c2ccccc21,0
protein88,1,Nc1ccc(S(=O)(=O)OC(C(F)(F)F)C(F)(F)F)cc1-c1nnc(N2CCC(Oc3ccc(C(F)(F)F)cc3)CC2)[nH]1,0
protein88,1,CCn1c(Cl)c2c(c1-c1ccccn1)COCc1c-2ccnc1C,1
protein88,1,CCCN(C)Cc1cnc2n1CCCC2N1CCCCC1,0
protein88,1,O=C(c1ccccc1)N1CCC(CNc2nc3ncc(-c4cccc(F)c4F)cc3[nH]2)CC1,1
protein88,1,CN(C)c1ccc(S(=O)(=O)N2CCCC3(CN4CCCC(N)C4=O)CCCC23)cc1C#N,0
protein88,1,CC(C)CCn1c(N2CCN(C3CCCc4cccnc43)CC2)nc2ccccc21,0
protein88,1,Cc1ccc2nccc(-c3ccc(OC(F)(F)F)c(S(=O)(=O)NCc4cccs4)c3)c2n1,1
protein88,1,CCS(=O)(=O)NCC1CCN(c2cc(-c3cc(C)nc4cc(-c5cccc(C#N)c5)nn34)ncn2)CC1,0
protein88,1,Cc1ccc(NC(=S)Nc2ccc3c(-c4cccnc4)c[nH]c3c2)cc1S(=O)(=O)N(C)C,0
protein88,1,CCNC(=O)Nc1cccc2c(OC)c3c(cc12)CCCC3,1
protein88,1,Cc1cc(C2CC2)cc2c(C3Nc4nc5c(c(=O)n4-c4ccccc43)CN(CCO)CC5)c[nH]c12,1
protein88,1,CCC1C(=O)N(Cc2cc(O)nc(O)n2)C1Cc1ccc(OC2CCCC2)cc1,0
protein88,1,CC(C)c1c(C(=O)N2CCN(C(c3cccs3)C(F)(F)F)CC2)c2ccccc2n1C,0
protein88,1,CCCCC(=O)N1CCCC(c2nc3cc(C(F)(F)F)ccc3[nH]2)C1,0
protein88,1,CCNC1C(=O)Nc2ccc(OCC(=O)N(Cc3ccccc3)c3ccccc3OC)cc21,0
protein88,1,CCN(CC)CCn1cc(S(=O)(=O)N2CCCCC2)c2nc3ccc(F)cc3c(C)c21,1
protein88,1,CC1(C)CNc2cc([N+](=O)[O-])c(OCC3CCCCC3)cc2N1,1
protein88,1,CC(C)(CN)CCN,0
protein88,1,CCCn1cc(C(=O)C(=O)Nc2ccc(F)c(Cl)c2)c2cc3c(cc21)CCC3,0
protein88,1,Cc1ccncc1C(=O)N1CCC(c2nc(-c3ccc4[nH]c(=O)n(CCN5CCOCC5)c4c3)no2)CC1,1
protein88,1,CCCCC1(COc2ccc(-c3ccnn3CCC)c(F)c2)CCN(C(=O)Nc2c(Cl)cccc2Cl)CC1,0
protein88,1,CCc1n[nH]c(C)c1C(=O)NC1CCN(c2nnc(-c3ccccn3)s2)CC1,0
protein88,1,CC(C)c1ccc(O)c(CNc2ccc([N+](=O)[O-])cc2C(N)=O)c1,1
protein88,1,O=C(c1csc(Nc2ccccc2Cl)n1)N1CCN(Cc2ccccc2)CC1,0
protein88,1,Cc1cccc(-n2nc(C)c3c(-c4cc(-c5cnn(CC6CC6)c5)cnc4N)ccnc32)c1C,1
protein88,1,CCCCC1=NCCCCN1c1ccc2c(c1)N(C)C(=O)c1cc3ccccc3nc1N2,0
protein88,1,O=C(NCc1ccco1)C(=O)c1c[nH]c2c(Cl)cc(Cl)cc12,0
protein88,1,Cc1ccc(C)c(CS(=O)(=O)c2ccc(F)cc2)n1,0
protein88,1,Cc1ccc(NC(=O)c2ccccc2NS(=O)(=O)c2ccc(C(=O)O)cc2)cc1C(F)(F)F,0
protein88,1,Cc1ccccc1-c1ncc2c3c([nH]c2n1)CCN3C,1
protein88,1,CCCCN=C(C)Nc1cc(OC)ccc1Cl,0
protein88,1,Cc1c(CN2CCCCCCC2)n(Cc2c(F)cccc2F)c2ccncc12,1
protein88,1,CCN1CCOC(CNC(=O)c2cccc(-n3cc(C)nn3)c2)C1,1
protein88,1,COc1cc(C2CC3(CC=C(C)CC3)N(C)C(=O)C2O)cc(N)c1O,0
protein88,1,Cc1cnn(-c2ccc(OCc3ccccc3C)c(C(=O)O)c2)c1,0
protein88,1,CCOC(=O)Nc1nc2ccncc2n1CCCCN1CCN(c2ncccn2)CC1,0
protein88,1,O=C(NC(c1ccccc1)c1ccccc1N1CCOCC1)c1cn(CC(F)F)c2cc(Cl)c(F)cc2c1=O,0
protein88,1,Cc1noc(C)c1Cn1ncc(N2C(=O)CSC2c2ccc(F)cc2F)n1,1
protein88,1,CC1CCN(C(=O)c2cc(COc3ccc(Cl)cc3Cl)on2)CC1,0
protein88,1,CN(C(=O)C1CCCN1S(=O)(=O)c1ccc2[nH]c(C(=O)N3CCCC(NC(=O)C(C)(C)NCCO)CC3)cc2c1)C(C)(C)C,0
protein88,1,CCS(=O)(=O)Nc1cccc(-c2cnn3c(N(c4ccc5c(c4)OCCO5)C(F)(F)F)cc(C)nc23)c1,1
protein88,1,CCN(CC)CCn1ncc2nc(-c3ccccc3C(=O)N(C)c3ccc(C)cc3)n(-c3ccccc3)c(=O)c21,1
protein88,1,Nc1cccc(CN2CCS(=O)(=O)NC(Cc3cccnc3)C2=O)c1,1
protein88,1,O=C(NC1CCN(c2ccc(C(F)(F)F)cc2)C1)OCc1ccccc1,0
protein88,1,Cc1cc(OC2CCCCC2(C)C)c(C(C)(C)C)cc1-c1cncc(C(=O)NC(=NO)c2ccnn2C)n1,1
protein88,1,CCCCN(CCC)c1nc2c(c3ccccc13)c1cc(C(O)CNC(=O)C3CC3)cnc1n1cccc21,0
protein88,1,CCN(C(C)C)S(=O)(=O)c1nc2c(cc1C#CC1CC1)C13CCOC1CCC(C3)N2C(=O)Nc1ccc(F)cc1,0
protein88,1,Cc1c(Nc2nc(-c3cc(N4CCC(O)C4)ccc3OCC(C)C)cs2)cccc1[N+](=O)[O-],1
protein88,1,CCCCCCCCN1CC(C2CN(C)C(=O)C3COCC32)Oc2ccccc2C1=O,0
protein88,1,Cc1cc(C)c2c(=O)c(O)coc2c1,1
protein88,1,Fc1ccc2c(c1)CCc1cnn(CCN3CCCC3)c1-2,1
protein88,1,CCCOc1ccc(S(=O)(=O)N2CCc3ccccc3C2)cc1OCCN1CCC1,0
protein89,1,O=C1CSC(Nc2cccnc2)=N1,0
protein89,1,O=C1CCN(C(=O)CF)c2cc([N+](=O)[O-])ccc2Oc2cccc(c2)N1,1
protein89,1,CC(C)C[S+]([O-])c1cc(-c2cccc3c2CC2(CCNCC2)C3)co1,0
protein89,1,Cc1n[nH]c2nc(-c3ccccc3O)cc(-c3ccc(CN(C)C4C5CCCCC54)cc3)c12,0
protein89,1,CC(C)CC(NCCN1CCC(=O)N(c2ccccc2)C1=S)c1ccccc1,0
protein89,1,CC(C)CCN(C)C1Cc2c(OC(F)(F)F)ccc3c2C(=C1c1cccc(OS(N)(=O)=O)c1)C(=O)N3C,0
protein89,1,CCOc1ccc(-c2csc(Nc3ncc4c(n3)Oc3cc(OC)ccc3C4C)n2)cc1,1
protein89,1,Cc1nc(NCC2CCCO2)cc(-c2ccccc2C#CC2CCCC2)n1,0
protein89,1,Cc1ccc(CC2C(C(=O)O)=C3N(C)CCN3c3ccc(-c4cccnc4)cc32)cc1,0
protein89,1,CCN1CCC(Nc2scnc2C(=O)Nc2nccs2)CC1,0
protein89,1,CCc1nc(N)nc(O)c1-c1ccc2[nH]cc(C)c2c1F,1
protein89,1,CCC1CCN2CCN(C(=O)C(C)C2)C(CC(C)C)C(=O)N(C)C(C)(C)S(=O)(=O)c2cccc(F)c21,0
protein89,1,CCC(NCC(O)c1ccc(OCC2COc3c(ccnc3CC(C)=O)O2)cc1)C(N)=O,1
protein89,1,Cc1cnc(CS(=O)(=O)c2ccccc2C(F)(F)F)cn1,0
protein89,1,FC(F)(F)c1ccc(-c2cncc(-c3cn4c(n3)NCC4)c2)cc1,1
protein89,1,CC(=O)Oc1ccccc1C=CC(=O)N1CCCC1C(=O)Nc1ccc(O)c(C(=O)O)c1,0
protein89,1,CCC(C)Cc1cc(C(=O)O)c(O)c2ncccc12,0
protein89,1,CCn1nccc1-c1ccc(Nc2nc(-c3cc(-c4ccnc(C)c4)cn(Cc4ccc(C(=N)N)cc4)c3=O)cs2)cc1,1
protein89,1,CC(C)CC(N)C(=O)N1CC(N)C(=O)C2(CCCC3(C2)C(=O)Nc2ccc(-c4ccncc4)cc23)C1C,0
protein89,1,Cc1ccc(Nc2cc(S(=O)(=O)N(C)C)cc(C(=O)N3CCC(Oc4ccc(F)cc4F)CC3)c2F)[n+]([O-])n1,0
protein89,1,CCSC(=S)NNc1ccc([N+](=O)[O-])cc1,1
protein89,1,Cc1ccnc2c(NC(=O)c3ccc(Cl)c(S(=O)(=O)Nc4cc(Cl)ccc4O)c3)cccc12,1
protein89,1,Cc1c(NS(=O)(=O)C=Cc2ccccc2)cccc1[N+](=O)[O-],1
protein89,1,CCCOC(NS(C)(=O)=O)C(CC1CCC(NC(=O)C2CCC(C)CC2)CC1)N1CCCCC1,0
protein89,1,N#Cc1ccccc1-c1cc2ccc(C(=O)O)cc2n1-c1ccccn1,0
protein89,1,CCN(C)C1CCN(c2ccc(N)cn2)CC1,1
protein89,1,Cc1ccc(NC(=O)CSc2nc3ccccc3n2C)c(C=O)c1,1
protein89,1,Nc1nc(NCCCC2CCC(N3CCCCC3=O)C2)cc(-c2c[nH]c3ncc(F)cc23)n1,0
protein89,1,Cc1ccc(Nc2ncccc2S(=O)(=O)N2CCCCC2C)cc1,0
protein89,1,CC(C)n1c(C(F)(F)F)c2c(=O)n1CCNc1nccc3c-2cccc13,1
protein89,1,O=C(C=Cc1ccc(F)cc1)NC(Cc1ccc(O)cc1)C(=O)O,0
protein89,1,CCN(Cc1ccccc1C(F)(F)F)C(=O)CNC(=O)c1cccs1,0
protein89,1,COc1cccc2ncc(Oc3ccnc(C)c3)c(CO)c12,1
protein89,1,CCC(CC)(CSc1cccc2cc(OCC(N)=O)c(=O)oc12)C(C)C,0
protein89,1,Cc1ccc(C)c(N2N=C(CO)CC(C)C2=O)c1,0
protein89,1,CC(=NN(C)C(=O)c1nc2ccc(F)cc2s1)c1ccnnc1,1
protein89,1,CCCn1c(-c2ccc(F)cc2)nc2c(C(=O)Nc3ccc(C(C)(C)C)cc3)c[nH]c(=O)c21,0
protein89,1,Nc1ncnc2c1ccn2S(=O)(=O)c1ccc(Cl)cc1,0
protein89,1,Cc1ccc(-c2cnn(CC3CCCN3)c2)n2c3ccccc3[n+]([O-])c12,0
protein89,1,Cc1n[nH]c(N2CCC3(CC2)CC(C)c2cc(Cl)ccc2O3)c1C#N,0
protein89,1,Cc1ccc(CC2(S(N)(=O)=O)CCC(C(=O)N3CCN(c4cc(C(C)(C)C)on4)CC3)CC2)cc1,0
protein89,1,Cc1cccc2[nH]c(SCC(=O)N3CCc4ccccc4C3)nc12,0
protein89,1,CC(C)C(N)C(=O)N1C(C(=O)NC2CCCC2)CCS1(=O)=O,0
protein89,1,CCC1CCC(C#N)Nc2nc(-c3cc(O)c4ccccc4n3)cc(n2)N2C(=O)OCC12,1
protein89,1,Cc1nc(CN2CCC(c3ccc(F)cc3F)(c3c(F)cccc3Cl)C(N)C2)no1,0
protein89,1,CCNC(=S)N1N=C(C)CC1(C)C,0
protein89,1,Nc1ccc(CCc2nc3ccccc3c(N)c2CC=Cc2ccccc2F)cc1,1
protein89,1,CC(=NNc1nc(-c2ccccc2)cs1)c1cccs1,1
protein89,1,Cc1cc(C(=O)Nc2ccc3c(c2)OCCN3c2ccc(F)cc2F)no1,1
protein89,1,CC(=O)Nc1ccc(S(=O)(=O)Nc2onc(C)c2C#N)cc1,0
protein89,1,CCCCC(C(=O)O)N1Cc2c(Nc3ccccc3C)cc(C(=O)O)cc2C(C)c2cnc3c(cnn3C)c21,0
protein89,1,CN1CC(c2cccc(OC(F)(F)F)c2)CC1(C)C,0
protein89,1,CCN1CCCCC1CNC(=O)c1cc(Nc2cccc3c(C#N)cccc23)cnc1N,1
protein89,1,CC1CC1C(=O)Nc1nc(O)c(-c2ccncc2)cc1-c1nc2cc(C(F)(F)F)c(F)cc2[nH]1,1
protein89,1,CCCC=CN(NC(C)=O)c1ccccc1,0
protein89,1,Cc1ccc(NC(=O)c2csc(-c3cccc(Cl)c3)n2)cc1,0
protein89,1,O=C1C=C(c2ccccc2)CCC1N1CCCCC1,0
protein89,1,NC(=O)c1cc(-c2ccccc2N2CCN(CC3CC3)CC2)n[nH]c1=O,1
protein89,1,COc1cccc(NC(C)c2ccc(OCCNCc3ccccc3C#N)cc2)c1,0
protein89,1,CCC1CCCCN1Cc1cc2ccnc(Nc3ccc(N4CCN(C)CC4)cc3)c2o1,0
protein89,1,Nc1cccc(Sc2c3ccccc3n3c(CNCC4CNCCO4)ccnc23)c1,1
protein89,1,Cc1ccccc1-n1c(SCCC#N)nc2c3c(ncc21)CCCC3,1
protein89,1,CC1(C)CC(O)=C(C(=O)NC2CCCC2)C(c2ccc(C(C)(C)C)cc2)C1,0
protein89,1,O=CC12OCCC1Cc1ccccc1C2Nc1c(-c2cncs2)nc2ccccn12,1
protein89,1,CC(=O)Nc1nn2c(N3CCN(CCc4ccccc4)CC3)cccc2c1-c1ccc(Cl)cc1,0
protein89,1,Nc1nc(N)c2c3c(sc2n1)CCCC3,0
protein89,1,Cc1[nH]ncc1-c1nc(C(F)(F)F)ccc1N(C)C(=O)c1ccc(Cl)cc1S(=O)(=O)c1n[nH]c2ccccc12,0
protein89,1,CCN(CC)c1ccc(-n2nc3nc4ccccc4c(C(=O)Nc4cccc(C)n4)c3c2C)c(C#N)c1,0
protein89,1,CC1CCCCC1C(Oc1ccc(C#N)cc1C(CO)C(C)C(=O)O)N1CCC(c2cccs2)CC1,0
protein89,1,CCOc1ccc(COc2ccc(C3=NNC(=O)CC3Cc3ccc(F)cc3)cc2)cc1N,1
protein89,1,Cc1cc(Cl)ccc1-n1c(S)nnc1Cc1ccccc1,0
protein89,1,CCCCC1CCC(N2CCN(C(=S)S(=O)(=O)O)CC2)c2ccccc21,0
protein89,1,O=C(c1cscn1)N1CCc2cc(S(=O)(=O)Nc3ncccc3Cl)c(Cl)cc21,0
protein89,1,O=C1C=CCC(Nc2ccc(NC(=O)COc3ccc(Cl)cc3Cl)cc2F)C1,0
protein89,1,Cc1c(Cl)cccc1NC(=O)c1cccnc1Sc1ncccc1N(C)C,0
protein89,1,O=C(Nc1ccc(C(F)(F)F)cc1)C1COc2nc3ccccc3nc2C1,1
protein89,1,CCOc1cc(OC)cc2oc(C)c(C(=O)c3cc(C)c(O)c(OC)c3)c12,0
protein89,1,CC(C)CN1CCS(=O)(=O)c2c(C#N)cc(Nc3nccc(-c4cccc(F)c4)n3)cc21,0
protein89,1,Cc1onc(NC(=O)C(NC(=O)Nc2ccc(Cl)cc2Cl)C(C)C)c1C#N,0
protein89,1,CC(C)(NC(=O)c1cc2c(s1)CCCC2)c1nc(-c2ccc(Cl)cc2)cs1,0
protein89,1,Cc1cccc(-c2csc(N3CCN(Cc4ccccc4)CC3)n2)c1,1
protein89,1,CCOCCNC(=O)c1c(O)c2c(n(-c3ccc(OC(F)(F)F)cc3)c1=O)CCCC2,0
protein89,1,CCCn1cc(C(=O)O)c2c(Nc3ccc4c(c3)C(N3CCC(c5ccccn5)CC3)=CC(C)(C)O4)nccc21,1
protein89,1,Cc1cc(F)c2nc(-n3c(C)cc(Cl)c3C#N)nc(N3CCN(C)CC3)c2c1,0
protein89,1,Cc1nc(NC(=O)c2ccc(-c3ccccc3C(F)(F)F)s2)sc1C(=O)O,0
protein89,1,Cc1c(NC(C(=O)O)c2c(C)c(C#N)c3cc(F)ccc3c2O)cccc1C(=O)O,0
protein89,1,CCN(CC)C(=O)C1c2ccccc2-c2c1ncc1c(Cl)cccc21,1
protein89,1,CC12CN(CCCC(O)C(=O)NC3CCCCC3O)CC1CCCN2c1ccccc1O,0
protein89,1,CC1=CCC(c2ccc(Cl)c(N3CCNS(=O)(=O)C(=Cc4ccccc4F)C3=O)c2)CC1,1
protein89,1,Cc1csc(NC(=O)C(=O)NCCOc2ccc(C(C)(C)C)c(Cl)c2)n1,0
protein89,1,CCC(CC)c1nc2cc(-n3cccn3)ccc2n1Cc1ccccc1,1
protein89,1,Cc1ccc(Nc2ncc3c4c(oc3n2)CC(C)CC4=O)cc1C,1
protein89,1,CCC(C)(C)CCc1ccnn1-c1ccc(F)cc1NC(=O)C1CC1,0
protein89,1,CC(Nc1ncnc2c1ncn2C)=C(C)C(=O)N1CCCC(c2ccc(Cl)nc2)C1,0
protein89,1,CC1CCCC(C)(CNCC2CC3=CCC2c2ccccc23)N1,1
protein89,1,NC(=O)c1ccc(-c2cc(C(=O)Nc3ccc(Cl)c(Cl)c3)c(O)cc2N)nc1,0
protein89,1,CC(C)CCN1CC(c2c(-c3ccccn3)nn(-c3cccc(Cl)c3)c2C(F)(F)F)=NNC1=S,0
protein89,1,CCc1ccccc1NC(=O)c1cnc2ccc(OC(F)(F)F)cc2c1Nc1ccc(OC)nc1,0
protein89,1,CC(=O)Nc1ccc2nn(C)c(N3CCCC(N)C3)c2c1,1
protein89,1,CC1(C)Cc2c1nn1c2sc2c(C(F)(F)F)cc(N)nc21,1
protein9,1,Nc1nccc2c(-c3cc(Cl)cc(Cl)c3)c[nH]c12,1
protein9,1,CN1CCC(Oc2ccc(C(F)(F)F)cc2CN2CCN(S(=O)(=O)CC3Cc4cccnc4C(C)(C)C3)CC2)CC1,0
protein9,1,Clc1ccc(Cl)c(Nc2ncccc2NC2=NCC(c3ccccc3)O2)c1,0
protein9,1,CCn1cc(CNc2nnc(C)c(C)n2)cn1,0
protein9,1,Cc1c(N2CCN(C)CC2)c(=O)n(-c2ccccc2)n1C,0
protein9,1,O=C(NC1CCCC1)C(=O)c1c[nH]c2cc(Cl)c(C3CCCC3)cc12,0
protein9,1,CC(=CCN1CCCCC1)c1ccc(O)c2cc(-c3cc(CO)cc4c3S(=O)(=O)C(C)C4O)oc12,1
protein9,1,CCCn1cc(C(=O)O)c(=O)c2cc([N+](=O)[O-])c(NC3CCOCC3)cc21,1
protein9,1,Nc1cc(-c2ccncc2)cc(C(=O)NCCO)n1,1
protein9,1,O=C1C(c2cccc(F)c2F)SC(=S)N1c1ccccc1N1CCOCC1,1
protein9,1,CCn1nc(-c2ccc(Nc3ccc(Cl)cc3)c(C(=O)N3CCCC3)c2)cc1C(F)(F)F,0
protein9,1,Nc1nc(O)nc2nc3c(C(=O)NC4CCCCC4)cccc3cc12,1
protein9,1,CC(F)(F)S(=O)(=O)C1NC(=O)C(CCN2CCOCC2)NC1=O,0
protein9,1,CC(C)CCCCC(NC(=O)C(C)N)C(=O)N1CCN(c2ccccc2Cl)CC1,0
protein9,1,Cc1c(Cl)ccc(Oc2ccc3c(c2)CC(O)CN3S(=O)(=O)c2ccc3c(c2)OCCO3)c1C,0
protein9,1,CC(O)C1c2ccccc2-c2ccc(C=C3CN4CCC3CC4)cc21,1
protein9,1,O=C(Nc1ccc(-c2ccc([N+](=O)[O-])cc2)cc1)C1CCCN(c2nccs2)C1,1
protein9,1,CC(C)CC(NC(=O)c1cn2c(nc1=O)SC1(C)c3ccccc3CC21)C(=O)O,0
protein9,1,CCC(CC)CCN1CC(c2nc3ccccc3c(Nc3ccccc3C(C)C)c2C#N)CC1=O,0
protein9,1,O=C(CCCn1c([PH](=O)[O-])c(-c2ccccc2)c2ccncc21)NCc1ccccc1F,1
protein9,1,Cc1cc(CNc2nccc(Oc3cnccc3N3CCCC(N(C)C)C3)n2)ccc1C(=N)N1CCCCC1,1
protein9,1,O=CN1CCN(c2ncc3c(n2)c2ccccc2n2c(=O)[nH]c(-c4ccccc4)c32)CC1,1
protein9,1,CCC1(C)CCC(=O)N1C(=O)Nc1ccccc1,0
protein9,1,CC(O)CN(Nc1ccc(Cl)cc1Cl)c1nc2c(s1)CCNC2=O,0
protein9,1,Cc1ccnc2c(Cc3c[nH]cn3)c(-c3ccc(F)cc3)nn12,0
protein9,1,CCS(=O)(=O)N1CCN(C(c2cccc(F)c2)c2ccc(F)cc2Cl)CC1,0
protein9,1,CC(C)(C)SC(=O)NC(CO)C(CN1CCC2(CC1)OCc1ccccc12)c1ccc(-n2cccn2)cc1F,0
protein9,1,CC(=O)N1CCC(c2nn(C(=O)c3cccc(Cl)c3Cl)c3ccc([N+](=O)[O-])cc23)CC1,1
protein9,1,Cc1cccnc1CN(C(=O)CC(=O)NC(C)c1ccc(OC2CCC(C)C2(N)C(=O)O)cc1)c1nccs1,0
protein9,1,O=C(Nc1nc(-c2cccc(F)c2)cs1)c1ccc(OC(F)(F)F)cc1,1
protein9,1,Nc1cc(OCC2CCCCC2)c(C(F)(F)F)cc1NC(=S)NC=O,0
protein9,1,CCOC(=O)c1ccccc1NC(=O)c1ccccc1Nc1ccccc1,0
protein9,1,Cc1ccc(S(=O)(=O)Nc2ccccc2N2C(=O)CSC2c2ccc(F)cc2)cc1Cl,0
protein9,1,CC(C)c1ccc(CCC(=O)Nc2cc3n(n2)CCN(C2CCCC2)C3)cc1,0
protein9,1,CCc1cnc(NC(=O)c2nc3sc(C4CC4)c(-c4ccc(Cl)cc4)c3c(=O)n2C)nc1,1
protein9,1,CCCC(=O)N1c2cc(OC)c(OC)cc2CN(C(=O)c2ccccc2)c2cccnc21,0
protein9,1,Cc1nn(-c2ccc(C(N)=O)cc2)cc1C(=O)Nc1cc(C(F)(F)F)cc(C(F)(F)F)c1,0
protein9,1,CCOc1cccc(S(=O)(=O)n2c(CCC(=O)O)c(CCSC(C)=O)c3ccc(F)cc32)c1,0
protein9,1,CC(=O)c1cccc(C)c1NC(=O)c1cc(F)cc(F)c1C1Nc2ccccc2CC12CCNC2=O,1
protein9,1,O=C(COC(=O)c1ccccc1NC(=O)c1ccccc1O)Nc1ccc(Cl)cc1,0
protein9,1,CCN(CC)S(=O)(=O)c1ccc(Oc2ccc(CCC(=O)Nc3cc(C)ccc3C)cc2)c([N+](=O)[O-])c1,1
protein9,1,CCn1cc(-c2ccc(CN(C)S(=O)(=O)Cc3ccc(-c4cnn(C(C)C(=O)N5CCOCC5)c4)cc3)s2)cn1,0
protein9,1,O=C(c1cccc(-c2nc3ccccc3[nH]2)c1)N1CCN(CC2CC2)CC1,0
protein9,1,Cc1ccccc1Nc1cc2c(cc1OC(F)(F)F)ncc(=O)n2CC(=O)N1CCCCC1,0
protein9,1,CCCS(=O)(=O)N(C)CC1C(C=C(C)C)OC(=O)CC12CCC(=O)c1ccc(OC)c(O)c12,1
protein9,1,CC(C)CN1C(=O)CCC1(C)c1onc(-c2ccccc2)c1-c1ccnc[n+]1[O-],0
protein9,1,O=C(CC1CC(P(=O)(O)O)Cc2ccccc21)NO,1
protein9,1,CCC1=NC(=O)C(c2ccc3c(Cl)c(OCc4ccccc4CN(C)CCCO)ccc3n2)[S+]1[O-],1
protein9,1,Cc1cc(C)n(-c2cccc(-c3sc(C)nc3Cn3nc(F)c(-c4ccccc4)n3)c2)n1,0
protein9,1,CCc1ccc(CCc2cnc(N)c(C(N)=O)c2)cc1,0
protein9,1,Cc1cc(NC(=O)c2ccccc2)nc(N2CCN(C3CCCCC3NC(=O)c3scnc3C)CC2)n1,1
protein9,1,O=C(NC1=CCCC1)Nc1ccncc1,0
protein9,1,CCC(NC(=O)C(CC(C)C)NC(=O)c1ccc(N2CCCCC2)c([N+](=O)[O-])c1)C(N)=O,1
protein9,1,Cc1ccc(NS(=O)(=O)c2ccc(C)c(F)c2)c(-c2ocnc2C)c1,1
protein9,1,CC1(C)CCCCC1Nc1nc(N)nc2c1-c1c(cccc1C(=N)N)CC2,0
protein9,1,CC(C)C(C(=O)O)c1c(C(F)(F)F)[nH]n(-c2ccccc2)c1=O,0
protein9,1,Cc1ccncc1N1CC2CCN(CC2)C(c2nc3cc(N4CCCC4)c(C#N)cc3c(F)c2C#N)C1,1
protein9,1,CCn1cc(Cc2cnc(N)nc2N)c2c(Cl)cc(F)cc21,0
protein9,1,CC(C)C(CC(=O)OCc1ccccc1)C(=O)NCC(=O)N1CCC(Oc2ccccc2C(F)(F)F)CC1,0
protein9,1,CC(C)CC1CN(C(=O)N2CNc3ccc(C#N)cc3C2)C(C=CC2CC(O)CN2C)CC1O,0
protein9,1,Cc1cc(Nc2c(C#N)nc3c(C4CC4)cc(F)cn23)cc(N(C)C)c1,0
protein9,1,CCN1c2ccccc2S(=O)(=O)c2cnc(N(C(C)=O)C3COc4ccccc4C3)nc21,1
protein9,1,CCN(CC)CCNC(=O)c1ccc2c(c1)nc(NCCCN1CCOCC1)n2C1CCCC1,0
protein9,1,COC(=Cc1cc2cc(OCCC(C)C)ccc2nc1C)C(=O)Nc1ccccc1,0
protein9,1,CC(C)n1cnc2c(Oc3ccc(F)cc3F)nc(N)nc21,1
protein9,1,CC(C)CCNC(=NO)c1ccnc(Oc2cccc(F)c2)c1,0
protein9,1,Cc1nc(S(=O)(=O)CC(=O)NCc2cccs2)nc(NN)c1C#N,0
protein9,1,CC(=O)c1c(O)cc(O)c2c1CC(CC=O)C=C2C,0
protein9,1,CCOC1CC(N(C(=O)c2ccccc2NC(=O)c2ccccc2)c2ccc(F)cn2)CCC1(C)O,0
protein9,1,O=C(NN=Cc1c(O)ccc2ccccc12)c1ccccc1O,1
protein9,1,CC(=O)Nc1ccnc2c(-c3nnc(SCc4ccccc4F)o3)cccc12,1
protein9,1,Cc1cc(C)c2nc(C(=O)Nc3ccccc3C=NC3(C)CCN(C)CC3)sc2c1C,1
protein9,1,CCNc1nc(C)nc2c(-c3ccc(OC)c(OC)c3)cccc12,1
protein9,1,OCC1CN(Cc2nccn2C2CCNCC2)C1,0
protein9,1,CCCN(Cc1ccc2c(c1)OCO2)S(C)(=O)=O,0
protein9,1,Cc1ccn(O)c(=O)c1-c1cn(CCCO)c2ccccc12,1
protein9,1,CC(CCn1nc(O)c2cc(-c3cccs3)cnc21)=C1C(=O)Nc2ccccc21,0
protein9,1,Cc1ccc(-c2c(C)c(-c3ccc(NCCN(C)C)nc3)cc3nc(N)nc(N)c23)cc1,1
protein9,1,CCC1CC2CN(c3cc(C)nc(O)n3)CCC2(C)O1,0
protein9,1,O=C1CC(CCS(=O)(=O)Cc2c(Cl)n(CC(F)(F)F)c3ccccc23)NC(c2cccnc2)O1,0
protein9,1,O=c1c2c(cc(-c3ccccn3)c3[nH]c4c(c32)CCCC4)ncn1N1CCCCC1,1
protein9,1,O=c1c2c(O)cccc2ncn1Cc1ccccc1,1
protein9,1,Cc1cnnc(Nc2ccc(NC(=O)c3ccccc3C(=O)Nc3ccc4c(c3)OCCO4)cc2)c1,0
protein9,1,CCn1c(-c2cccc(OC(F)(F)F)c2)nc2c(O)nc(C(=O)Nc3ccccc3)cc21,1
protein9,1,CCc1cccc(C=C2N(C)C(=O)NC(=O)C2(C)C)c1,0
protein9,1,CC(=O)c1nc2ccc(-c3ccc(OC4CCN(C(C)C)CC4)cc3)cn2c1N(C)C,0
protein9,1,CCC(C)C(N)C(=O)Nc1onc(C)c1C(=O)Nc1c(Cl)cccc1C(F)(F)F,0
protein9,1,Cc1nc2c(c(Nc3ccccc3C)n1)CCNC2,0
protein9,1,Cc1cc(OCC2CCNCC2)cc2c1C(n1ccc(N)nc1=O)C(CO)C(C)C2(C)C,1
protein9,1,CCCOc1ccc2c(c1)c(C(=O)NO)c(O)c1ncn(Cc3ccccc3)c12,0
protein9,1,Cc1ccc(Nc2c(S(=O)(=O)c3ccc(C)cc3)ccc3ncnn23)cc1,0
protein9,1,Cc1cc(CN2CCC(c3ccccc3)=C(C(=O)OCc3sccc3C)C2)no1,0
protein9,1,NCC1CCN(c2nc(-c3ccccc3C(N)=O)nc3ccccc23)CC1,1
protein9,1,Cc1noc(-c2ccc3c(c2)CCC3)c1C(=O)Nc1ccc(CC(N)CO)cc1,0
protein9,1,CCNC1=NCC(CC(=O)N(Cc2ccccc2C(F)(F)F)C2CCCCC2)N1,0
protein9,1,COc1ccccc1C(=O)Nc1cc(C(=O)NC2CCCCC2C)nn1-c1ccc(C)cc1,0
protein9,1,CC(C)c1ccccc1Nc1ccccc1C(N)=O,0
protein9,1,Cc1ccc2c(c1)c1c(n2-c2ncccn2)CC2(CCCN(C(=O)c3cnco3)C2)CC1,0
protein9,1,Cc1ncc([N+](=O)[O-])n1-c1ccc(CNc2cc(F)cnc2-c2ccc(C(F)(F)F)nc2)cc1,0
protein9,1,Cc1ccccc1N(c1nc2ccccc2[nH]1)c1cccc2c1CS(=O)(=O)NC2=O,1
protein90,1,CCCNCC(C)NC(=O)c1ccc2c(c1)nc(-c1ccc(OC)cc1F)n2C,0
protein90,1,Cc1c(Cl)cccc1Nc1nc(N(C)C)c2c3c(nc-2[nH]1)CNCC3,0
protein90,1,O=S(=O)(c1ccc2cnoc2c1)N1CCCC(c2ncn(-c3ccc(Cl)c4nc(Cl)c(Br)cc34)n2)C1,0
protein90,1,CCC(C)NC(=O)C1CN(c2ccc(Nc3ccccc3OC(F)(F)F)cc2)C(=O)O1,0
protein90,1,CC(C)CNc1ncc(Cl)c(N2CCCCC2c2cc(F)c(F)c(F)c2F)n1,0
protein90,1,CCc1c(C)n(-c2ccc(C#N)c(C(F)(F)F)c2)c2c(N3CCOCC3)nccc12,0
protein90,1,CC1CCN(S(=O)(=O)c2sc(NC(=O)c3ncc(Cl)cc3Cl)c(C(C)C)c2C#N)CC1,0
protein90,1,Cc1nc(Nc2ccc3c(c2)OCCO3)c(C(N)=O)nc1-c1c(F)ccc(OC(F)(F)F)c1F,0
protein90,1,CCCC(=O)Nc1ccc2c(C(=O)O)c(C)c(OCC)cc2n1,0
protein90,1,CC(C)CCn1c(SCC(N)c2ccccc2)nc2ccccc21,0
protein90,1,O=C(NCc1ccccn1)c1ccc2nccc(-c3ccc(F)cc3)c2c1O,1
protein90,1,CCn1c(C2CCN(c3ncccn3)CC2)nc2cc(C(=O)NC(C)c3cc(C)no3)ccc21,1
protein90,1,CCCC1CN2CCN=C2c2c(ccc(-c3ccncc3)c2OC)CC2C(C)=CS(=O)(=O)C(CN(C)C(=O)C(CC)NS1(=O)=O)C2C,0
protein90,1,COC(=O)C1CC(C)(C(C)C(=N)NC#N)Oc2ccc(-c3ccc(OC(F)(F)F)cc3)cc21,0
protein90,1,Cc1occ(C(=O)NCCSCc2ccc(Cl)cc2Cl)c1C,0
protein90,1,O=C(NCc1cccs1)c1cc(-c2ccsc2)nc2c1CCC2,0
protein90,1,O=C(c1ccc(N2Cc3nccc(-c4ccncc4)c3C2)cn1)N1CCCC1,0
protein90,1,CCn1cc2c(n1)C(C)N(CC(C)Nc1c(F)ccc3nc4c(cc13)CCCC4)CC2,0
protein90,1,CCn1cnc2sc3c(c2c1=O)Cc1ccccc1NC3,1
protein90,1,CC(=NCCc1ccccc1)c1cccc2nc(F)c(NC(C)C)nc12,1
protein90,1,Cc1cc(C)c2c(N3CCCCC3)cc(C(C)C)cn2c1=O,0
protein90,1,CCn1cccc1CNc1ccccc1NC(=O)CS(=O)(=O)O,0
protein90,1,CCN(C)Cc1cc2c(c3c(=O)c4ccccc4oc13)CCCCNC2=O,1
protein90,1,Cc1nsc(C(=O)NCCN2CCCC2)c1Cl,0
protein90,1,O=C(CCC=C1C(=O)Nc2ccccc21)Nc1ccccc1N1CCOCC1,0
protein90,1,CCC(C)n1nc(C)c(-c2ccc(C(F)(F)F)cc2)c2nc(NCCCC(N)C(=O)NO)c(C#N)c1-2,0
protein90,1,Cn1c(-c2cccc(OCC3CCOC3)n2)nc2c1CC(C)(C)C2,1
protein90,1,COCCC1OC(=O)C(C)=C1n1c(SCc2ccccc2F)nc2ccccc21,1
protein90,1,COc1cc(C(=O)Nc2cccc3cncc(-c4cnc(O)c(C(=NO)NC(C)C)c4)c23)ccc1OC(F)(F)F,1
protein90,1,Cc1[nH]nc(-c2ccccc2)c1C(=O)OCC(=O)NCCCn1ccnc1,0
protein90,1,Cc1nc(C)c(C(=O)N2CCCC(N3CCN(c4ncccc4C)CC3)C2)s1,1
protein90,1,Cc1n[nH]c(N)c1-c1ccc(-c2cncc(Cl)c2-c2ccc(C(=N)N)cc2)cc1,1
protein90,1,Cc1cc(C)n(-c2nc(OCC(C)C)c(C3CNCCO3)c(-c3ccccc3OC(C)CF)n2)n1,1
protein90,1,O=C(OCC1CCCCC1)c1cnn(-c2ccccc2)c1C(F)(F)F,0
protein90,1,O=CN1CCCc2cc(S(=O)(=O)N3CCCC(c4ccccc4)C3)ccc21,0
protein90,1,CC(=O)Nc1ccc2c(c1)CCN(Cc1ccccc1)C2C1CCN(C)CC1,0
protein90,1,Cc1ccc(Cl)cc1Nc1ncc(C(=O)NC(C(=O)N2CCN(C)CC2)C2CCS(=O)(=O)CC2)s1,0
protein90,1,Cc1ccc(Cl)cc1NC(=O)c1cc(-c2ccccn2)nc2ccccc12,0
protein90,1,Cc1ccc(C=C(C#N)c2nc(N)c3cc(Cl)ccc3n2)[nH]1,1
protein90,1,CN(C)CC(CCCCC(=Cc1cccc(OS(C)(=O)=O)c1)COC(=O)CCNC1=CCCCC1)C(=O)O,0
protein90,1,Nc1ccccc1NC(=O)c1cccc2c1CC1CC2C2CCN(CCF)C(=O)C2N1,1
protein90,1,Cc1nn(-c2ccccc2)c(N)c1C(=O)Nc1ccccc1Oc1ccc(F)cc1,1
protein90,1,Cc1nc2cc(NC3=NCCN3C(=O)c3ccccc3C3(c4ccccc4)CCCC3)ccc2n1-c1cc(F)cc(F)c1,0
protein90,1,COC(=O)C1(C)C2CCC(C)CC2N1C(=O)c1ccc(F)c(-n2cccn2)c1,0
protein90,1,Cc1cc2c3c4c(nc2cc1NC(=O)c1cnc2c(c1)sc1ccccc12)CC(C4)O3,1
protein90,1,NC(=O)c1cn(-c2ccc(F)cc2F)c2nc(-c3cccs3)c(O)c(F)c2c1=O,1
protein90,1,Cc1nc(Nc2cccc(NC(=O)c3ccccc3)c2)c2ccccc2n1,1
protein90,1,O=C1c2ccccc2-c2ccc(OC3CCN(CCO)CC3)cc21,0
protein90,1,Clc1ccccc1Nc1nc2ccccc2nc1-n1cnc(-c2cnn(CCC3CCCN3)c2)n1,0
protein90,1,Cc1cc2nc3n(c(=O)c2cc1C)C(C)(C(=O)Nc1ccc(Cl)c(S(=O)(=O)N(C)C)c1)CN3C(C)C,0
protein90,1,CC(C)Cc1nc(O)c2c(-c3ccc(F)cc3F)nn(C)c2n1,1
protein90,1,Cc1cnc(Nc2cnc3c(c2)CCC(NC(=O)c2c(F)ccc(F)c2Cl)C3)cn1,0
protein90,1,Cc1c2c(c3c(Nc4ccc(Cl)c(Cl)c4)cccn13)NC(=O)CC2(C)C,0
protein90,1,CCCCC(C)CNCc1ccc(OC)cc1O,0
protein90,1,CCCn1cc(CNC2CCOCC2)c2c(N)nc(-c3ccccc3)nc21,1
protein90,1,O=C1C2CCC(c3ccccn3)N2C(=O)C2CCCN12,0
protein90,1,Cc1ccc(C=NNC(=O)C2CC2C(C)C)o1,1
protein90,1,NCCC(N)CCCNCc1ccc(-c2ccccc2C(F)(F)F)cc1,0
protein90,1,O=C(NCc1ccc(F)cc1F)C1=CC(c2ccccc2-c2ncccc2C(F)(F)F)CC(O)C1,1
protein90,1,Cc1cc(N(C)S(C)(=O)=O)cc(NC(=O)c2sc(Cl)c3cc(Cl)ccc23)n1,1
protein90,1,Cc1ccc(-n2cc(CCNc3c(S(N)(=O)=O)cc4sc5c(c4c3F)CCCC5)nn2)c(F)c1,1
protein90,1,Cc1c(-c2ccc(-c3ccccc3)cc2)cnn1CCCCCN(C)C,0
protein90,1,Cc1cc(O)nc(NS(=O)(=O)c2cccc(-c3cc(F)ccc3C34CCCCC3C3NC(=O)C(=O)N3C4)c2)n1,0
protein90,1,O=C(c1cccc(C(F)(F)F)c1)N1CC2CCCC(C1)N2c1ncccn1,0
protein90,1,CCN(CC)CCn1c(C2=CCN(CCC3=NCCCC3)CC2)ccc1-c1ccc(C)cc1,0
protein90,1,Cc1c2c(N)nc3sccc3c2nn1-c1ccnc(NC(C)C)n1,1
protein90,1,Cc1ccccc1CNC(=O)C(CS(=O)(=O)c1ccc(F)cc1)=NNC(=O)c1cccs1,0
protein90,1,CC(=O)N1CCCC(CCN2CCN(c3cccnn3)CC2)C1(C)C,0
protein90,1,Cc1oc(-c2nn3cc(F)ccc3c2C2CCCC2)cc1C(=O)NCC(c1cccc2ccoc12)S(=O)(=O)O,0
protein90,1,COC(C)(CC1C(=O)C(C)(C)Oc2c(Cl)cccc21)NC(=O)c1cc(F)cc(F)c1,1
protein90,1,Cc1c(F)cccc1OCC(=O)N1CC(CC(N)=O)c2c1ccc1c2CCC1,1
protein90,1,CC1CCCCC1C(=O)O,0
protein90,1,CCn1ccc(-c2nc(Nc3ccncc3)c3cc(C)ccc3n2)n1,1
protein90,1,O=C(NN=Cc1ccccn1)c1cccs1,1
protein90,1,CC1(C)CC(Nc2nc(N)c(C#N)s2)c2c(O)cccc21,1
protein90,1,CC(C)Cn1cc(C(N)=O)c(Nc2ccccc2Oc2ccccc2)n1,0
protein90,1,NC(=O)C(Cl)CC(c1ccccc1)n1cnc2c(=O)sc(N)nc21,0
protein90,1,CCC1Cc2[nH]cc(C(=O)Nc3cccc(Nc4cc(Cl)ccc4OC)c3)c(=O)c2NC1=O,0
protein90,1,CC(CC(=O)Nc1nnc(C(F)(F)F)s1)NC(=O)OC(C)(C)C,0
protein90,1,Fc1ccc(CNC(=S)NC2CCCC2)cc1,0
protein90,1,Cc1cccc(N2CCN(CCC3c4ccccc4CC3C)CC2(C)C(=O)O)c1,0
protein90,1,CC(=O)Nc1ccc(S(=O)(=O)Nc2cccc(CCC(O)C3(C)CCc4cc(S(C)(=O)=O)ccc43)c2)cc1C,0
protein90,1,CC1(C)CN(C(=O)c2cc(C3CC3)nn2-c2cccc3c2[nH]c2ccc(Cl)cc23)C1,0
protein90,1,Cc1ccccc1Nc1nc(C)c2cc(-c3ccccc3)c(O)nc2n1,1
protein90,1,CCCCCn1c(N2CCCC2)nc2cc(C(=O)NN=Cc3ccc(OC(F)(F)F)cc3)ccc21,0
protein90,1,O=C(C=CN1CCCCC1)c1nc2c(Cc3ccc(F)cc3F)cccc2[nH]1,0
protein90,1,CCC12CCCCC1n1c(=O)n(C3CCC(O)CC3N(C)S(=O)(=O)c3ccccc3)c(=O)c3cccc2c31,1
protein90,1,CCS(=O)(=O)N1CCN(c2nc3ccccc3n2CC(O)c2ccccc2C(F)(F)F)CC1,0
protein90,1,FC(F)(F)Oc1cccc(-n2ncc3c2CCCC3)c1,0
protein90,1,CCN(CC)CCn1c(-c2ccccc2)nc2c(NCCCN(C)C)c([N+](=O)[O-])ccc21,1
protein90,1,Cc1ccc(-c2ccc(OC(F)(F)F)cc2)cc1S(=O)(=O)Nc1c(C)n(C)n(-c2ccccc2)c1=O,0
protein90,1,CCN(CC)CCC(=O)Nc1ccc(C(=O)N(C)CCCF)c(Cc2ccc(C(F)(F)F)cc2)c1,0
protein90,1,CCCCCn1cc(CN2CCC(C(=O)Nc3cnn(CC4CCCCC4)c3)CC2)nn1,0
protein90,1,CC(C)C1OC(=O)C(NC(=O)NCc2cccnc2)c2ccccc21,0
protein90,1,O=c1cc2c(-c3ccc(Cl)cc3)nn1CCCCCCC2,0
protein90,1,CC(Cc1ccc2c(c1)-c1ccccc1C(C)(C)O2)NC(=O)C1CCN(C)CC1,0
protein90,1,CC#Cc1cccc2c1C(=CC(C)C1CCN(C3COC3)CC1)CC(C)O2,1
protein90,1,CCC=CC1C2CCC3N(C(=O)NC13OC)C2c1ccc(Cl)cc1Cl,0
protein90,1,CCN1C(=O)C(C#N)=CC1c1ccccc1,0
protein90,1,CCCCC(CC)S(=O)(=O)Nc1ccc(Nc2ccc(NS(=O)(=O)CC)cc2)cc1,0
protein91,1,Cc1ccc(C(C)(O)c2nc3ccc(F)cc3c(Nc3nccc(N4CCOCC4)n3)c2C)cc1,1
protein91,1,CCN(CC)S(=O)(=O)c1ccc(N2CCCCC2)c(NC(=O)c2ccsc2N)c1,0
protein91,1,O=C(NCc1cccs1)c1cnn2c(C(F)(F)F)cc(-c3ccccc3)nc12,0
protein91,1,O=C(c1ccccc1CC1CC1)C1CCC(CN2CCc3ccccc3C2)O1,1
protein91,1,COc1cc(C2(C)C=CS(=O)(=O)N2)c(F)cc1N1CC(C)C1,0
protein91,1,CC1=C(N)c2cc(O)c3c(c2OC1C)C#CC(CC(=O)O)(c1ccc(Cl)cc1)CCC3,0
protein91,1,Cc1cc(O)c(C(=O)Nc2ccc(-c3ccccn3)c([N+](=O)[O-])c2)s1,1
protein91,1,Nc1nccc(-n2nc(C3CC3)cc2-c2cccc3ccc(C(F)(F)F)nc23)n1,1
protein91,1,O=C(NCC1CCCN1)c1cnc2ccccc2c1Nc1ccc(N2CCCC(NC=NO)C2)c(F)c1,1
protein91,1,CCC=CC[S+]([O-])c1ccc(OC)cc1-c1ccccc1,0
protein91,1,O=C(CC(c1ccccc1)c1ccc2c(c1)OCCC2)C(=O)N1CCN(Cc2ccccc2)CC1,1
protein91,1,Nc1cnc(-c2cc3cc4c(cc3cc2F)C2(CC4)CCC3CCC(=O)N3C2)cn1,1
protein91,1,CCCS(=O)(=O)c1ccc(C)c(C2OC(=O)C(C#N)=C2Nc2ccccc2C)c1,1
protein91,1,Cc1cc(CSc2ncccn2)cc2c1N(C(=O)C(C)(C)C)C(C(=O)N1CCCC1CN1CCCC1)C2,0
protein91,1,CC(C)NS(=O)(=O)C=C(O)c1ccc(C(C)(C)C)cc1[N+](=O)[O-],0
protein91,1,Cc1nc2cc(-n3cc(CO)nn3)cc(C(=O)N3CCOCC3)c2[nH]1,1
protein91,1,CC12CNCC(O)CC3C(c4ccc([N+](=O)[O-])cc4C1)C2(C)CCN3C(=O)Nc1ccccc1,1
protein91,1,Cc1ncccc1Nc1nc(-c2cccs2)cc(N(C)CCO)n1,1
protein91,1,COc1cccc2c1C(=O)C(CCC(C)C)(Nc1ccc(C(C)C(=O)O)cc1)C2,0
protein91,1,Cc1cccc(Nc2nccc(-c3ccc(C(=N)N)cc3)n2)c1,0
protein91,1,O=C(O)CCCC=CCn1c(-c2ccccc2Cl)nc2cccnc21,0
protein91,1,Cc1ccc2c(c1-c1ccccc1)C1CCCN=C1NC2=O,1
protein91,1,CCc1ccc(CCn2c(C(=O)O)nc3cc(C(F)(F)F)ncc32)cc1,0
protein91,1,CC1=C(c2cc(C)n(-c3cccc(C(=O)O)c3)c2)C(=O)NC1=O,0
protein91,1,Cc1cccc(-n2nc(NCCN(C)CCO)c3nc(-c4ccncc4)c4c(c32)CCCC4)c1C,0
protein91,1,O=CNCC(c1cccs1)N1CCN(c2ncc(F)cn2)CC1,1
protein91,1,CCN(CC)C(=O)C[S+]1CCC(=O)N(C2CCCC2)C1c1cccc(C)c1C,0
protein91,1,CCC1CC(O)(Cn2nnc3ccccc32)C(C)N1C(=O)NCCc1cccc(C(F)(F)F)c1,0
protein91,1,O=C(COc1cn(CC(=O)Nc2cc(C(F)(F)F)ccc2N2CCCC2)c2ccccc12)NCc1ccccc1F,0
protein91,1,CCc1ccccc1N(C)C(=O)c1cccnc1Sc1ccc2oc(=O)cc(C)c2c1,0
protein91,1,CCN1CC(C#Cc2ccc3c(c2)C2CN(C(=O)c4cc5c(cn4)OCC5O)CCC2O3)C1,1
protein91,1,ONC(=S)N1CCN(Cc2ccc(C3CC(C4CCNCC4)c4ccc(O)cc4O3)cc2)CC1,0
protein91,1,Cc1cccc(NC(=O)Cn2nc(-c3ccccn3)cc(N)c2=O)c1,1
protein91,1,NC1=NC(c2ccccc2OCc2c(F)ccc(F)c2F)CN1,0
protein91,1,CCC(C)Nc1nc(OC)c(C#N)c(-c2c(Cl)cccc2Cl)n1,0
protein91,1,Cc1c(CC(=O)OCC#N)sc2ncn(-c3cc(Oc4cc(F)cc(F)c4)ncn3)c12,0
protein91,1,CC(=O)OC(COC1CC2COC(=O)C3=C(NC(C)CC3)C(=O)N2C1)Cn1cc(C)c2ccccc21,1
protein91,1,Cc1cncc(C2CCN(Cc3cc(F)c(C#N)cc3F)CC2)n1,1
protein91,1,O=C(Nc1ncc2c(n1)-n1ccnc1CCC1(CCN(CC(F)(F)F)CC1)C2)c1ccccc1,0
protein91,1,CC(C)C1C(=O)NCCN1c1ccc2c(c1)cc(-c1ccccc1)n2-c1ccc(Cn2ccnc2)c(F)c1,0
protein91,1,O=C1c2ccc(Cl)cc2CN(C(=O)C2CCN(c3ccncc3)CC2)C1COC1CC1,0
protein91,1,Cc1ccc(-n2sc(NC(=O)Nc3cc(Cl)ccc3OC(C)(C)C)nc2=O)cc1C,0
protein91,1,Cc1c(-c2ccccc2)cccc1C(CCCc1ccc2c(c1)S(=O)(=O)NCCO2)CC(=O)NO,0
protein91,1,Cc1ccc(OCc2ccc(F)cc2F)cc1C(=O)N(C(=O)c1cn(Cc2ccccc2)nn1)c1cccc(C(F)(F)F)c1,1
protein91,1,O=C(Nc1ccccc1C(F)(F)F)C(=C(O)c1c[nH]cn1)c1cccc(Cl)c1,0
protein91,1,CCC1(C)CNC(=O)C(=NN(c2ccc(C(F)(F)F)cc2)c2ncccn2)C1,0
protein91,1,CC(C)CC(N)C(=O)N1CCCC(n2nc3ccc4cccc(N5CCC5)c4c3n2)CC1,1
protein91,1,CC(C)CC#CC1C(CC#N)c2ccccc2N1C(=O)C(C)(C)C,0
protein91,1,Cc1cc(C)c2cc(NC(=O)CSc3nccc(C(F)(F)F)n3)ccc2n1,0
protein91,1,O=C1CCOC1=Cc1cccc(Oc2ccc(Cl)cn2)c1,0
protein91,1,CC(C)CC1N(CC2CC2)CCCC1(O)c1cc(O)nc(Nc2cccc(F)c2)n1,0
protein91,1,CC(=O)NC(=Cc1cccc(C)c1)C(N)=O,0
protein91,1,COc1cccc(-n2nc3c(N4CCNCC4)cc(C)nc3c2-c2ccc(C)cc2)c1,0
protein91,1,O=C(CS(=O)(=O)c1cc(-c2ccccc2)c(O)cc1O)Nc1cccc(C(F)(F)F)c1,0
protein91,1,Cc1nc(C(C)(C)C)sc1C(=O)NC(CC(C)C)c1c(C(F)(F)F)cc(C(C)(C)C)[nH]c1=O,0
protein91,1,Nc1nc2ccccn2c1C(=O)C(F)(F)F,1
protein91,1,CC=C(C)C(=O)NCC1(N2CCN(c3nsc4ccccc34)CC2)CCCCC1,1
protein91,1,O=C(c1cnc(O)cn1)N(C(=O)c1ccccc1C(F)(F)F)c1cccc(-c2ccncc2)c1,0
protein91,1,O=C1CN(CCOCCNC(=O)Oc2cccc(C(F)(F)F)c2)CCN1,0
protein91,1,O=C=NC1CCCC(c2cn(-c3cc(F)cc(Cl)c3)c(=O)c3ccccc23)C1Cl,0
protein91,1,Cc1cn2cc(C(F)(F)F)cc2c(Oc2cc(O)cc(C(=O)Nc3ccccc3[N+](=O)[O-])c2)n1,0
protein91,1,CCc1ccc(-c2cn3c(-c4ccccc4OC(F)(F)F)nnc3c(NC3CCN(C4CCOCC4)CC3)n2)cc1,1
protein91,1,CCCC1CCCN1C(=O)c1c(C)c(C)n(-c2cccc(F)c2)c1C,0
protein91,1,O=C(Nc1ncc(-n2nc(C(F)(F)F)cc2-c2cccc(OC(F)(F)F)c2)cn1)N1CCCC1,0
protein91,1,Cc1nn(CC(=O)NCCSCc2ccccc2F)c(C)c1[N+](=O)[O-],1
protein91,1,CCC(NC(=O)OCC1CC(O)Cc2c1nc(N)c(C#N)c2C)c1ccc(C)c(F)c1F,0
protein91,1,CCSc1ccc(C)c2cccc(NC(=O)C3CCNCC3)c12,1
protein91,1,CCCN(C(=O)C=C(C)C)C1(CO)CSc2c1cnc1ccccc21,0
protein91,1,Cc1ccc(OCc2cn(-c3cccc(C(F)(F)F)c3)nc2-c2cccs2)c(N)c1,1
protein91,1,CC1CN(C(=O)c2cc(-c3ccc(Cl)cc3)n(CC3CCCCC3)n2)CCO1,0
protein91,1,CC(C)CCn1ncc2c(nc3c(F)c4c(c(NCc5cccc(Cl)c5C(N)=O)n32)CCCC4)c1=O,0
protein91,1,NC(=O)C1CCCN1Cc1ncn(O)c1CCOC1CCCC1C(=O)N1CCN(c2c(F)cccc2F)CC1,1
protein91,1,CC(C)C(C)C1NC(=O)C(Cc2ccccc2)NC1=O,0
protein91,1,CCN(CC)C(C(=O)NCc1ccccc1F)(c1ccccc1)c1ccsc1,0
protein91,1,CC(C)N1CCN(c2c(C(N)=O)nc3n2CCc2cc(Cl)ccc2-3)CC1,0
protein91,1,CC1(N=Nc2ccc(-c3ccc(S(=O)(=O)NO)cc3)cc2Cl)CCC(CO)CC1,0
protein91,1,Cc1cccnc1N1CCC2(CC1)CN(C(=O)c1ccccn1)CCO2,0
protein91,1,CC1=NOC(=O)C1c1ccc([N+](=O)[O-])cc1,1
protein91,1,Cc1cnc(C(=O)NC2CCCC(CNS(=O)(=O)N(C)C)C2)cn1,0
protein91,1,CN(C)c1ccnc2ccc(NC(=O)c3cn(C(C)(C)C)c4ccccc34)cc12,1
protein91,1,Cc1ccc(Nc2nc(N)c3cc(C#N)ccc3[n+]2C)cc1Cl,1
protein91,1,O=C(NCc1ccc(-c2ccc(F)cc2C(F)(F)F)o1)C1CCN1c1ncccn1,0
protein91,1,CCN1CCN(C(=O)OCc2cccc(F)c2)C(C(c2ccc([N+](=O)[O-])cc2)c2ccccc2O)C1,0
protein91,1,Cc1nnc(-c2ccccc2NC(=O)c2ccccc2)o1,0
protein91,1,CCCCN1CC2c3c(C)cc(C)cc3-n3ncnc3C3(CCN(C(C)(C)CO)C3)C2C1=O,0
protein91,1,CC(=O)N1CCCC(N2CCC(O)(C(F)(F)F)CC2)C(OC(=O)Nc2ccccc2)C1Cc1ccccc1,0
protein91,1,CC(C)CC(NC(=O)NC1CCS(=O)(=O)C1)C(=O)NO,0
protein91,1,CCN(C(=O)c1cnc(Oc2ccccc2C(F)(F)F)c([N+](=O)[O-])c1)C(C)c1ccc(C)cc1OC,1
protein91,1,Cc1cc2c(cc1C)N1C(=O)C(C)N2C(=O)C12CCCCC2,0
protein91,1,O=C(NC(Cc1ccccc1)C(=O)O)c1cc(Cl)ccc1O,0
protein91,1,CC=C(C)C(=O)Nc1cccnc1,0
protein91,1,CC1=C(C)C(C)(CN)CC(OC(=O)Cc2cccc([N+](=O)[O-])c2)C1,0
protein91,1,NC1CCCCC1c1c[nH]c2ccc(-c3nn(C4CCCNC4)cc3-c3cccnc3)cc12,0
protein91,1,CCc1ccc2oc3nc(O)nc(Nc4ccc5c(c4)ncn5CC)c3c2c1,1
protein91,1,Nc1nncc(-c2ccc3c(c2)OC(c2ccccc2)(C(F)(F)F)c2cnn(-c4ccc(F)cc4F)c2-3)n1,0
protein91,1,Cc1cc2c(nc(C)n2-c2ccc(Nc3cc(C(F)(F)F)cc4c(N)ncnc34)cc2)c(N)n1,1
protein91,1,CCn1c(CC=C2C(=O)NC2(C)C)nc2cc(C(F)(F)F)ccc21,1
protein91,1,Cc1cc(NC(=O)CS(=O)(=O)c2ccccc2)n(C)c1-c1ccc(OC(C)(C)C)cc1,0
protein91,1,Cc1cc(C)cc(-n2ncc3c(NCc4ccccn4)cc(C4CC4)nc32)c1,0
protein91,1,CC(=O)OC1C=C(C)CCc2cc(OCc3ccccn3)ccc21,0
protein92,1,CC(C)CCCCN1CCN(c2nccc(Cl)n2)CC1,0
protein92,1,O=C1CSC(=Nc2ccccn2)N1Cc1ccccc1[N+](=O)[O-],1
protein92,1,CC1CCN(Cc2c(N(C)C)c(=O)n(-c3ccccc3)n2C)CC1,0
protein92,1,CC1=C(Cl)C(=O)N1,0
protein92,1,CCOc1ccc2c(c1)c(C=O)c(Oc1ccc(C(=O)OC)cc1)n2CC(=O)N(C)C,1
protein92,1,Cc1cc(-c2ncccn2)nc(Nc2nccc3c2ccn3CCc2ccccc2)n1,1
protein92,1,CCC#CCN1CCc2cc1ns2,0
protein92,1,CCC(=O)NC1CCCC1,0
protein92,1,CC=C(C)CN1C(=O)c2c(Nc3nnc(C4CC4)s3)ccc([N+](=O)[O-])c2C1=O,1
protein92,1,CCN(CC)C(S)=C(C#N)c1nc(-c2nccn2C)sc1C(F)(F)F,1
protein92,1,Cc1cc(N2CC(=O)N(CCCCN3CCCCC3)C2=S)nc2ccccc12,1
protein92,1,CC(=O)n1c2ccc(O)cc2c2cc(NC(=O)CCl)ccc21,1
protein92,1,Cc1cccc(CN2CCN(C(=Nc3cccc(C(=O)O)c3)SCC(Cl)(Cl)Cl)CC2)c1,0
protein92,1,CC1(C)CCC(NC(=O)CCn2ccc(-c3cnc4[nH]cc(F)c(F)c-4c3=O)n2)C1=NO,0
protein92,1,Cc1cccc(S(=O)(=O)c2ccc(O)c3cccnc23)c1,1
protein92,1,CCC1CCC(c2c(O)cccc2OC)C(CO)N1CCc1cc(OC)ccc1SCCN1CCCCC1,0
protein92,1,CC1CCN(CCN(C)CCc2ccc(Oc3c(C#N)ncn3-c3ccncn3)cc2)CC1,0
protein92,1,Cc1ccc(-c2cc(NC(=O)CSc3nc4ccccc4s3)nn2CC(F)(F)F)cc1,0
protein92,1,O=C1C(O)=C2N(CCOCc3ccccc3)CCCC2(n2cccn2)c2ccccc21,0
protein92,1,Cc1ccc(OC(=O)c2ccccc2N=Cc2ccc(O)cc2)c(O)c1,1
protein92,1,CC#CC#CC#CCCc1c(C2CC2)nc2ccccn12,1
protein92,1,CC(=CCc1ccc(C(=O)N(C)CCC(C)Cl)s1)C(=O)Nc1ccccc1S,0
protein92,1,CC(C)CCn1cnc2c(N3CCCNCC3)nc(-c3cc(F)cc(F)c3)cc21,1
protein92,1,CC(C)CC1CCCCN1Cc1ccc(-c2ccc(CCO)cc2)cc1,0
protein92,1,CCCCC1(C)CC(NC(=N)c2cc(Cl)ccc2N)c2c(-n3ccnc3CNC(C)(C)C)ccc(OC)c2C1=O,1
protein92,1,O=C1OC(c2ccccc2)CC(NCC2CCCCC2)=C1[N+](=O)[O-],1
protein92,1,Cc1cc(Oc2ccccc2Cl)c2c(ccn2C(=O)COc2ccc(CN(CC(C)C)C(=O)C3CC3)cc2)n1,0
protein92,1,Cc1cc(C(=O)C2CCN(C(=O)c3c(F)c(C#N)c[nH]c3=O)CC2)ccc1Cl,0
protein92,1,CCCCC(Cc1ccc(-c2ccccc2)cc1)N1CCN(C(=S)NC(=O)c2cc(=O)[nH]c3ccc(Cl)cc23)CC1,0
protein92,1,Cc1onc(-c2ccccc2)c1C(=O)N(CC(=O)NC1CCCC1)CC1CCCNC1,0
protein92,1,Fc1cccc(F)c1Cn1ncc2c(Nc3ccccc3C(F)(F)F)ncnc21,1
protein92,1,Cc1onc(-c2ccccc2)c1CN1CCN(C2CS(=O)(=O)C=C2O)CC1,0
protein92,1,CC1C(CC2C(CC(=O)O)CCN2C(=O)c2ccccc2-n2nccn2)CCN1CC(F)(F)F,0
protein92,1,COn1c2c(c3ccc(OCCC(C#N)c4ccccc4)cc31)CC1CCCC2C1CN=C(C)S,0
protein92,1,Cc1ccc(C)c(NC(=O)c2sc3ncn(CC4CCCCC4)c(=O)c3c2C)c1,0
protein92,1,CC=C1CCCCn2c(C(N)c3cccc(C(F)(F)F)c3)nc3c(c(C(=O)C(C)(C#N)C(F)(F)F)ccc32)OCCC1,0
protein92,1,Cc1ccc(-c2ccc(CN(C)CC(O)c3cccc(O)c3)cc2)nn1,0
protein92,1,Cc1cnc2[nH]nc(NC(=O)c3ccc(S(=O)(=O)N4CCC(C)CC4)c(C)c3)c2c1,0
protein92,1,Cc1ccccc1NC(=O)c1c(C)n(C)c2ccc(N3CCN(CCO)CC3)cc12,1
protein92,1,CCCc1nc2ccc(N(CCC)CCN3CCOCC3)cc2n1Cc1ccncn1,1
protein92,1,CCCCN1C(=O)CCC1=S,0
protein92,1,CC(C)n1nc(-c2cnc(N)cc2-c2ccc(SC(F)(F)F)cc2F)c2ccnc-2c1N1CCCC1,0
protein92,1,CC(C)CC(NC(=O)NC1CCCCC1)C(=O)NO,0
protein92,1,CCCS(=O)(=O)CC(=O)Nc1ccc(C)c([N+](=O)[O-])c1,1
protein92,1,O=C(Nc1ncccc1N1CCCCC1)c1cc(-n2ccnc2)ccc1F,0
protein92,1,O=c1n(Cc2ccncc2)ccn1-c1ccc(C(F)(F)F)nc1,0
protein92,1,CC=CCn1nnc2c1C(=O)C(C)=CC2,0
protein92,1,Cc1nc(C)c(C(=O)Nc2ccccc2NC(=O)c2cccnc2)[nH]1,0
protein92,1,Cc1cc2cc(C(=O)NCCN3CCCCC3CC#N)ccc2n1C,0
protein92,1,O=C(Nc1ccc(F)cc1Cl)c1cc(F)c(CCCCN2CCN(c3nc[nH]n3)CC2)c(F)c1,0
protein92,1,CCOc1cc(C(C)C)ccc1OC1CCN(S(=O)(=O)c2cnn(CC)c2)CC1,0
protein92,1,Cc1ccc(C)c(Nc2ncccc2N(C2CCOCC2)S(C)(=O)=O)c1,1
protein92,1,Cc1cc(Cl)ccc1NC(=O)CNc1cc2c(c(S(=O)(=O)O)c1)NCCC2,0
protein92,1,O=C(C1C(O)CC(OCc2cnc3ccc(F)cn23)CC1CCC(N1CCC=CC1=O)C(F)(F)F)N1CCN(c2ccccn2)CC1,0
protein92,1,CC=C(C(=O)N(C)Cc1ccccc1)C1CCCCC1NC(=O)c1ccc(OC(F)(F)F)cc1,0
protein92,1,CC(C)=C(C)CN1CCCc2c(cccc2OCc2ccccc2)C1,0
protein92,1,N#CC(CN)N1CCCC(c2ccccc2)C1,0
protein92,1,Cc1ccc(NC(=O)c2cc(C)n(-c3ccc(N(C)C)cc3)n2)cc1,1
protein92,1,CCCC=C(C)CN1CCN(C(=O)c2ccc3c(c2)C2(CC(C)(C)O3)N=NC(C(F)(F)F)=CO2)CC1,0
protein92,1,CCCC(C)CCC(Cc1ccc(O)c(O)c1)C(=O)O,0
protein92,1,CCCN(CCC)C1CCCC(N(Cc2ccc(C#N)cc2)S(C)(=O)=O)C1,0
protein92,1,CC(C)CNC(C)CNc1cc(F)c(F)cc1-c1nc(-c2ccc(C#N)n2C)c[nH]1,0
protein92,1,O=C(Nc1cccc(O)c1)Nc1ccc(Cl)c(S(=O)(=O)NC2CCCC3CNCCC32)c1Cl,0
protein92,1,Cc1cc(N2c3cc4c(cc3OC3(CCC3)C2C2CC2)CN(S(C)(=O)=O)CCC4)ncn1,0
protein92,1,Cc1ccc(Oc2cc(N3CCNCC3)c(F)cc2C#N)cc1,0
protein92,1,O=C(Nc1cc(-c2cc[s+]([O-])n2)cc(Cl)n1)C1CCCN(CCO)C1,0
protein92,1,Cc1ccc2c(c1)C(NS(=O)(=O)c1c(C)noc1C=CN(C)C)CCC2,0
protein92,1,CC(=O)C1CCCN(N=O)C1Cc1cc(O)c(O)c2ccc(C(F)(F)F)cc12,1
protein92,1,Cc1ccc2nc(-c3cccc(O)c3)c(-c3cc(C#N)cnc3N)n2c1,1
protein92,1,O=C(Nc1ccccc1C(F)(F)F)c1c(-c2cccc(COc3ccccc3F)c2)nc2ccc(F)cn12,1
protein92,1,Cc1ccc(C(N)=O)cc1Cc1cc(Nc2ccccc2C(=O)O)ncc1[N+](=O)[O-],1
protein92,1,CC(C)(C)C(C)(C)N=c1c(O)c(O)c1=Nc1cccc(C(=O)O)c1,0
protein92,1,CCCC1(CCC)CNC(=O)c2c(NC(N)=O)c3ccsc3n2C1,0
protein92,1,O=C(c1sccc1Cl)N1CC(C2C3CC(CCC3O)N2CCOCC(F)(F)F)N=N1,0
protein92,1,CCS(=O)(=O)Nc1cc(-c2cnn(C)c2)cn(C(c2ccccc2)c2ccc(C(C)C)cc2)c1=O,0
protein92,1,O=C(O)CC1c2n[nH]cc2C(c2ccc(F)cc2F)n2c1nc1ccccc12,0
protein92,1,Cc1cnn(CC2CCN(C(=O)c3cc(C)n(-c4cc(O)ccc4F)c3C)CC2)c1,0
protein92,1,NC(=O)C1=CCCC(CCC2CCN(Cc3c[nH]c4ccccc34)CC2)C1,0
protein92,1,Cc1nc[nH]c1-c1ccc(-c2ccc(F)cc2S(=O)(=O)Nc2[nH]nc(C)c2C)cc1,1
protein92,1,Cc1ccc2c(c1C)Oc1ccccc1N(S(=O)(=O)c1cccc3cccnc13)CC2=O,0
protein92,1,CCn1nc(C)c2c(CC(=O)Nc3cc(Cl)ccc3C(=O)NC3CCCCC3)nnc-2c1C,1
protein92,1,CCN1CCC2(c3cc(F)cc4c3C(=O)N(c3ccc(F)cc3)C4=O)COCC2C1,1
protein92,1,CC(C)Cc1cc(NC(=O)Nc2ccnc3cc(Cl)ccc23)no1,0
protein92,1,O=C(C1C(CCCCCN2C(=O)CCC2=O)CCN1S(=O)(=O)c1ccc(F)cc1)N1CCCC1,0
protein92,1,Cc1ccc(S(=O)(=O)N2CC3(CCN(C(=O)c4cccnc4N)CC3)Oc3c(C)cccc32)c(C#N)c1,0
protein92,1,CCN1CCN(Cc2c(Nc3nccc(C)n3)nn(CC3CCCCC3)c2-c2cc(F)cc(F)c2)CC1,0
protein92,1,C=C(COc1c(C)ccc(C)c1C)N1C(=O)c2ccccc2C1O,1
protein92,1,NC(=O)CC1C(=O)COc2ccc(cc2C(F)(F)F)CCN1CC1C2CC(C(=O)O)(O2)N1C(=O)c1ccccc1O,0
protein92,1,O=C(NN=C1CCCCC1)c1cc(-c2ccc(C(F)(F)F)cc2)nc2ccccc12,1
protein92,1,O=CN(CC(=O)N(Cc1ccccc1)C1COC(CCC(=O)Nc2cccc(F)c2)C1)c1ccc(F)cc1,1
protein92,1,CCCCCC(O)=NNC(=O)C1(C)c2ccccc2-c2ccccc21,0
protein92,1,CCCCCCP(=O)(O)O,0
protein92,1,O=c1cc(S(=O)(=O)c2cccc3cccnc23)ccn1OCc1cc2cc(Cl)ccc2[nH]1,0
protein92,1,COc1cc(C2(C)CCC(O)C(O)C2=O)cc2c(Cc3ccc(N(C)C)cc3)c(O)cnc12,1
protein92,1,Cc1ccc(N2C(=O)C3CC2CCC3CCN2CCN(c3nccc(C)n3)CC2)nc1,0
protein92,1,Cc1ccccc1-c1csc2c1CN(C(=O)c1cccs1)C21CCN(C)CC1,0
protein92,1,NC(=S)Nc1ccc(C(Cl)c2ccc3ncc(-c4cncc(C(=O)N5CCC(F)C5)c4)n3c2)cc1,0
protein92,1,CCCc1nn(C)c(N(C)c2c(Cl)cccc2Cl)c1C(=O)NCc1ccncc1,0
protein92,1,CCN1CCC(N(C)c2nc3ccc(Oc4cccc(F)c4)cc3n2C(C)C(F)(F)F)CC1,1
protein92,1,Nc1nc2cccc(-c3cncc(OCc4ccccc4)c3)c2c2c1NC2=O,1
protein93,1,CC(F)(F)c1cc(-c2cn[nH]c2)cc2ncc(-c3ccccc3)n12,0
protein93,1,O=C(NCCc1nc(O)cc(OCc2ccccc2)n1)c1cccc(Nc2cccc(F)c2)c1,0
protein93,1,CCOc1c(C)cc(NC(=O)c2cc(N3C(=O)CCC3=O)ccc2C)cc1C,0
protein93,1,Cc1nn(C)cc1-c1cccc(C(=O)Nc2ccc3cnccc3c2N)c1,1
protein93,1,Nc1nc2sc3cc(-c4ccccc4F)nnc3c2c(=O)[nH]c2ccc1cc2,1
protein93,1,Cc1nc(N(C#N)C#N)nc2c1CCc1nc3ccccc3cc1-2,1
protein93,1,CCn1c2c(c3ccccc31)C(=O)N(C)C(=O)C2(C)CCC1CCCN1C,1
protein93,1,Cc1ccc(C)c(NC(=O)c2ccccc2S(=O)(=O)C(F)(F)F)c1,0
protein93,1,Cc1noc2c1C1(O)CCN(CC1)C1CCC(C)CCC(O)C21,0
protein93,1,CC(C)CC1NC(=O)C(CSc2ccc(Cl)cc2)NC1=O,0
protein93,1,O=CC1OC(CN2C(=O)OCC2F)c2c(sc3ccccc23)C1c1ccc(-c2ccccc2)cc1,1
protein93,1,CC(C)CCNCC1Cc2ccccc2CN1C1=NCCN1c1ccc([N+](=O)[O-])cc1,1
protein93,1,CCCCN(C)C(=O)c1ccc(Nc2nccc(-c3nc4ccc(F)c(N5CCOCC5)c4s3)n2)cc1,1
protein93,1,CCCN1CCCCC1COc1ccccc1-c1ccc(C(F)(F)F)nc1,0
protein93,1,CCCC1CC2c3cc(OC(F)(F)F)ccc3CCN2CC(O)CN1S(=O)(=O)C1CC1c1cccc(OC)c1,0
protein93,1,Cc1ncc([N+](=O)[O-])n1CC(c1ccccc1)N1CCNCC1,1
protein93,1,COc1cc2c(cc1-c1nc3nccc(-c4ccc(C5CCN(C)CC5)s4)c3s1)CCCN2C(C)=O,0
protein93,1,CC(C)CC(Nc1nccc(-c2ccnc3c2CCCN3C2CCOCC2)n1)c1[nH]cnc1C(F)(F)F,0
protein93,1,CCN(CC)CCc1c2c(OCc3cccc(C(=N)N)c3)c3ccccc3c1CO2,0
protein93,1,CCOc1cc(N2CCCCC2)ccc1-c1nccc(N2CCN(C)CC2)n1,1
protein93,1,Cn1ccc(C=Nc2ccccc2NC(=O)CCc2ccccc2)c1,1
protein93,1,CC(=O)OC1CS(=O)(=O)c2c([nH]c(Cl)c2Cl)C1N1CCN(C(=O)C=C(C)C)CC1,0
protein93,1,O=C(NC(=O)C(Cl)(Cl)Cl)OC1CCCNC1,0
protein93,1,CCCS(=O)(=O)N1CCc2cc([N+](=O)[O-])c(F)cc2C12CCCCC2(F)F,1
protein93,1,CCC(CC)C(=O)N1CCC(N2CCCC2c2c(F)cccc2F)C1,0
protein93,1,O=C1c2ccccc2N(C(=O)Nc2ccnc(Cl)c2)CC1Cc1ccccc1F,0
protein93,1,CCCOCCC1CCN(C(=O)c2cc3ccccc3o2)CC1,0
protein93,1,CCCCNc1sc(Sc2ccc(C(F)(F)F)c(Cl)c2)nc1C(N)=O,0
protein93,1,CCN(CC)c1ccc(OC(F)(F)F)c(C(=O)N=C(CO)NC)c1,1
protein93,1,Cn1nc(NC(=O)C2CC2(C)C)cc1-c1cc(-c2nc(N3CCNCC3)sc2C(N)=O)ccc1F,1
protein93,1,Cc1cccc(NC(=O)C2Cc3ccccc3CN2C)c1C,0
protein93,1,Cc1ccc(C)c(-n2c(-c3cccnc3O)cnc2S(=O)(=O)C2CCOCC2)c1,0
protein93,1,Nc1nc(-c2cccc(C(F)(F)F)c2)nc2c1ccn2C1CCCC1,0
protein93,1,O=C(Cc1ccc(F)cc1F)Nc1cc(-n2c(=O)[nH]c3c(F)c(F)ccc32)ncn1,1
protein93,1,CC(C)CCCC(=O)N1CCCC1C(=O)Nc1ccccc1F,0
protein93,1,CCN(CC)c1ccc(C=C2CC(=O)N(c3ccc(C)nc3C)C2=O)cc1,1
protein93,1,CCn1c(=O)c(-c2nnc(N)s2)c(N2CCCC2C)c2cc(OC(F)(F)F)ccc21,1
protein93,1,CC(C)(C)c1ccc(C(=O)NCC2CN(c3cccc(-c4cncnc4)n3)CCO2)cc1,0
protein93,1,CCCn1c(N2CCCC2C(=O)N2CCCC2C(=O)Nc2cccc(CC)c2)nc2ccccc21,0
protein93,1,CCn1c(=O)ccc2ccc3c(c21)COC(C)(C)C3,0
protein93,1,Cc1ccc(NC(=O)c2ccc3cnc(Nc4cccc(CC5(CN)CCN(C)CC5)c4)nc3n2)c(F)c1,1
protein93,1,CC(C)CCc1ccc2[nH]c(=O)c(O)c(C(=O)N3CCCC(Nc4cc(C#N)ccn4)C3)n12,0
protein93,1,Cc1cc(Sc2ccc(C(C)(O)C3CCN(C)CC3)cc2O)c2ccccc2n1,0
protein93,1,CCNC1=NS(=O)(=O)c2cc(F)ccc2N1C1CCCCC1,0
protein93,1,CCC(C(=O)Nc1ccc2c(-c3ccc(OCCOCCO)c(C#N)c3)nsc2c1)=C(C)C,0
protein93,1,Cc1ccsc1C=NNc1ccc(F)cn1,1
protein93,1,CCc1ccc([N+](=O)[O-])cc1Nc1ncnc2c1ccn2-c1cc(OC)ccc1OC,1
protein93,1,CC1c2nc(Nc3ccc(C#N)cc3F)nc(O)c2CCN1Cc1ccccn1,0
protein93,1,CC(C)(CO)CNc1ccc(OC2CC(N)(c3ccc(F)cc3)Cc3c(OC(F)(F)F)cccc32)cc1,1
protein93,1,CC(C)(c1cnn2c1C1CC1CC2=O)C1CCCC1=O,0
protein93,1,CCCC1CCN(C(=O)C2CCC(NC(=O)C(C#N)c3nc4ccccc4s3)CC2)C1,0
protein93,1,CCC1CCCN1CCc1cc(C(F)(F)F)cc(Nc2cccc(C(=O)O)c2)c1NS(C)(=O)=O,0
protein93,1,CC(C)(Cl)C(C)(C#N)c1cccc(-c2ccc(C3CC3C(=O)NO)cc2)c1,0
protein93,1,Cc1ccc(NC(=O)Nc2cccc(Cc3n[nH]c(=O)c4c3CCCC4)c2)cc1C,0
protein93,1,CCCC1=CC(C)CCC1=NNc1ccc([N+](=O)[O-])cc1,1
protein93,1,O=C1Nc2cc(C(F)(F)F)c(Cl)cc2SC1=Cc1ccccc1,0
protein93,1,CCC1CCc2cc(NC(=O)CS(=O)(=O)N3CC(c4ccccc4)C3)ccc2C1,0
protein93,1,Cc1c2ncc(I)cc2c(C(=O)Nc2cccc(C(F)(F)F)c2)n1Cc1ccc([N+](=O)[O-])cc1,1
protein93,1,CC1(C)CC(NC(=O)c2cc(C(=O)N3CCCC3)c3ccccc3n2)C(=O)N1,1
protein93,1,CC1(C)CCCCC1N(CCc1ccccc1)C(=O)C(=O)NC1CCCC1CO,0
protein93,1,Cc1ccc(C(=O)N(CCc2ccccn2)c2ccc(C(=O)NC(CN)C(C)(C)C)cc2)s1,0
protein93,1,CCCCC1Cc2nn(-c3ccc(S(C)(=O)=O)cc3)c(C)c2N(C)C1=O,0
protein93,1,CC(O)C1C(C)CC(C)(C)CC1N1C(=O)COc2ccc(S(=O)(=O)N(C)C)cc21,0
protein93,1,COc1nc(C)c2c(N3CCN(C4CCC(C)CC4)CC3)nsc2n1,1
protein93,1,Clc1cccc2sc(-c3nnc(NCC4CCCO4)o3)nc12,0
protein93,1,CC(C)CC(S)C(=O)N1CCN(Cc2ccccc2C(=O)NO)CC1,1
protein93,1,CC1CCCOC1Cc1nc(-c2ccc(F)cc2)c(-c2ccncc2)s1,0
protein93,1,CCOC(=O)c1c(C)[nH]c(C=Nc2ccc(OC)nc2)c1C,1
protein93,1,Cc1cc(=O)n2c(n1)c1ccccc1c(=O)n2S(C)(=O)=O,1
protein93,1,CCC1C=CC(NC(=O)c2ccc(-c3ccc([N+](=O)[O-])cc3)o2)CC1,1
protein93,1,Cc1ccccc1NC(=O)C1CCC(NC(=O)c2cc(-c3cccs3)nc3ccccc23)C1,1
protein93,1,NC(=O)c1cc(-c2ccncc2)cc2c1NC1CCC2C1CO,1
protein93,1,CC(C)Cc1cccc2c1C(=Cc1[nH]nc(OCC3CCCC3)c1C1CC1)C(=O)N2,0
protein93,1,O=C(OCc1ccccc1)N1CCN(Cc2cc(Cl)cc(Cl)c2O)CC1,0
protein93,1,CCCc1c(N)nc(SCC(=O)Nc2ccc(OC(F)(F)F)cc2)nc1O,0
protein93,1,CC(=O)NCCCn1c(-c2ccc(S(C)(=O)=O)cc2)nc2c(NCc3ccccc3Cl)cnc(O)c21,0
protein93,1,CC(C)c1cn2c(N)nnc(NC3CCCC3)c2cc1=O,0
protein93,1,CCCC1CCN(C(=O)Cn2nc3c(c2Oc2ccccc2C)CCN(C(C)=O)CC3)CC1,0
protein93,1,Cc1cc(-n2ccccc2=O)cc(C2CCCN(C(=O)c3c(C)nc4ccc(Cl)cn34)C2)n1,0
protein93,1,O=C(OCC(F)(F)F)c1ccc(Cl)cc1Nc1ccncc1-c1nc2ccccc2c(O)c1Cl,0
protein93,1,Cc1ccccc1-n1ncc(Cl)c1-c1ccc(C(=O)O)cc1,0
protein93,1,CCN(CC)CCc1c2c(nc3c(O)cccc13)-c1ccccc1C2,1
protein93,1,CC(C)c1ccc(NC(=S)N2CCC(Cn3nccc3Nc3ncc4cc(C(N)=O)ccc4n3)CC2)cc1,0
protein93,1,Nc1cc(NC2=[N+]([O-])c3ccccc3N3C2=C(c2cccc4nc5cccnc5c(O)c24)CCN2CCC3CC2)cc(F)c1F,1
protein93,1,O=C(Nc1ccccc1OC(F)(F)Cl)Nc1c(F)cccc1F,0
protein93,1,CS(=O)(=O)c1ccc(Cc2cn[nH]c2-c2cc(C(=O)O)nc3ccccc23)c(F)c1,0
protein93,1,CC(C)CNCc1c(OCCC(=O)N2CCN(C)CC2)c2ccccc2n2c1nc1ccccc12,1
protein93,1,NC(Cc1ccccc1Cl)Cc1c(C(=O)O)[nH]c2ccccc12,0
protein93,1,CCC(O)C(=O)N1CCC(c2c3cc(OC)cc2OC(C)(C)O3)CC1,0
protein93,1,O=C(COc1ccc(Nc2cc[nH]c(=O)c2)cc1Cl)N1CCCC(Oc2ccc(F)cc2F)C1,0
protein93,1,CC(=O)N1Cc2cn(-c3ccccc3C)c(n2)CC2CN(C(=O)c3cc(oc3C)Cn3ccc1cc3=O)c1cnn(C)c12,1
protein93,1,O=S(=O)(c1ccccc1Br)N1CCCCC1Cc1ccccc1,0
protein93,1,Cc1ccc(NC(=O)CSC(=S)N(Cc2ccc(F)cc2)C2C(=O)NC3CCCC32)cc1,0
protein93,1,CCCCCC(C#N)C(C)N1C(=O)c2ccccc2-c2cccc1c2,0
protein93,1,CC(C)C#Cc1ncc(NCC(O)CN2CCN(C3=CCNC(=O)C3)CC2)nc1-c1cc(F)cc(F)c1,0
protein93,1,CC(C)Cc1cc(=O)cc(Nc2ccc([N+](=O)[O-])cc2[N+](=O)[O-])o1,1
protein93,1,Cc1ccc2c(n1)CC(O)C(NC(=O)C=Cc1ccc(Oc3ccc4c(c3)CCCN4C(=O)CCl)cc1)C2O,0
protein93,1,CCOc1cc2c(cc1O)CC(C1CC(C)(C)N(OC)C(C)(C)C1)N(C1CCN(C)CC1)C2,0
protein93,1,CC(C)CC(N)C(=O)NC1CCCCC1CCNc1nc2c(s1)CCC(c1c(F)cccc1F)C2,1
protein93,1,O=Cc1cc(OC(F)(F)F)c(N2CCNCC2)cc1NCc1ccccn1,0
protein94,1,O=C(c1cnccn1)N1CCCC(c2nc3ccc(F)cc3s2)C1,0
protein94,1,Cc1cc(NC(=O)CSc2nc3ccccc3c(=O)n2-c2ccc(C)c(C)c2)no1,1
protein94,1,Nc1ncc(-c2ccc(S(=O)(=O)N(CCN3CCCCC3)Cc3cccc(F)c3)o2)c2ccnn12,1
protein94,1,Cc1cc(C#N)cn(CC2CCCC(C(=O)O)N2C(C)C2CC(CN3CCC(C(F)(F)F)CC3)CC(C)(C)O2)c1=O,0
protein94,1,CCn1cc(C2=CC(c3cc(C(C)(C)C)ccc3OC)NC(=O)N2)cn1,0
protein94,1,CCN(CC)C1CCCN(c2cc3c(cc2N)c(=O)c(C(=O)O)cn3-c2c(F)cccc2F)C1,1
protein94,1,CCC(C)c1ccccc1N(C)S(=O)(=O)c1cccc(C(=O)N2CCN(CC(C)(C)C)CC2)c1,0
protein94,1,O=C(Nc1cccc(C(F)(F)F)c1)NC1CCC(N(C(=O)C2CC2)c2ccc3nccc(C(F)(F)F)c3c2)CC1,0
protein94,1,CCN1C(=O)N(c2cnn(Cc3ccc(F)cc3F)c2)C(=O)C1C,0
protein94,1,O=C(NCCCCc1ncccn1)c1cc(I)cc(Cl)c1F,0
protein94,1,CCOc1ccccc1N1CCN(CC2COc3ccccc3O2)CC1,1
protein94,1,CCC(O)C1NC(=O)c2cc(Cl)ccc2N(CC(=O)Nc2nnc(Cl)s2)C1=O,0
protein94,1,CCc1ccc(C)c(C2(C(F)(F)F)NC(=O)c3sc(C(C)C)nc3N2)c1,0
protein94,1,COc1ccc(C(=O)C2Cc3ccc(Oc4ccccn4)c(OC)c3CC2NC(C)=O)c(OC)c1,1
protein94,1,CCCCC1CNC2=CC(=O)C(=O)c3c2cccc3-c2cncc(c2)OCC2CCC(C2)NC(=O)C1,1
protein94,1,Cc1cnc(CS(=O)(=O)c2c(C(F)(F)F)sc3cccc(O)c23)cn1,1
protein94,1,Cc1nccc2cc(C(=O)Nc3cccc(F)c3C(C)C)n(Cc3cc([N+](=O)[O-])ccc3N3CCOCC3)c12,1
protein94,1,CC1(N)CCC(c2ccc(-c3ccc4cccc(C(F)(F)F)c4n3)cc2)C(CN)C1,1
protein94,1,O=C(COC(=O)c1ccccc1Nc1ccc(C(F)(F)F)cc1)NC(=O)C1CCc2ccccc21,0
protein94,1,Cc1cnc2cc(C(N)=O)ccc2c1CN1CCN(C(=S)Nc2ccccc2)CC1,1
protein94,1,Cc1ccc(NC(=NC#N)C2(c3ccccc3C(F)(F)F)CCS(=O)(=O)CC2)cc1Cl,0
protein94,1,Cc1ccccc1C(=O)C(CN(C)C1CCCC1)=C1COc2ccccc2O1,0
protein94,1,Cc1ccc(C(=O)N(C)C2CCN(CC(=O)Nc3nccs3)CC2)cc1,0
protein94,1,O=C1CCC(=O)N1c1ccccc1Sc1ccc([N+](=O)[O-])cc1O,1
protein94,1,O=C(c1cc(Cl)ccc1O)N1CCN(C(=S)NN=C2CCCCC2)CC1,0
protein94,1,CCOC(=O)C(NC(=O)C12CCC(Sc3ccc(F)cc3)C(C1)NC(=O)C2)C(C)C,0
protein94,1,O=C(CC1C=CCC1)Nc1cccnc1,0
protein94,1,Cc1ccc(C(=O)N(C)C)cc1-c1ccc(NC(=O)c2ccc3c(c2)CCS3)nc1,1
protein94,1,NC(=O)c1c(Nc2ccc(N)cc2)ncc2c1CCC(O)C2,0
protein94,1,CC(C)CC(CO)N1CCC(NC(=O)c2ccncc2CC(=O)Nc2ccccc2N2CCOCC2)C1,0
protein94,1,Cc1c(C(F)(F)F)sc2ccnc(N)c12,1
protein94,1,CCC(O)C(CN1CCCC1C)NC(=O)C(C)NC(=O)OCc1ccccc1,0
protein94,1,O=Cc1ccccc1C1OCc2ccc(OCC3Cc4ccccc4C3)cc21,1
protein94,1,Cc1ccc(NC(=O)c2cc([N+](=O)[O-])cc(S(=O)(=O)NC3CCCCC3)c2)cc1,1
protein94,1,CC(C)CC(NC(C)CCCc1ccccc1)c1cccnc1,0
protein94,1,Cc1cccc(-c2noc(N3CCC(C(N)=O)CC3)c2CCCCCn2ccnc2)n1,0
protein94,1,Cc1cc(N2CCOCC2)ccc1NC(=O)c1cnc2scc(-c3cccc(OC(F)(F)F)c3)c2c1N,1
protein94,1,CCC(O)CCN=C(Nc1nc2c(Cl)cc(Cl)cc2s1)NC1CCCCC1,1
protein94,1,CCN(CC)C(=S)N1C(=O)CCc2cc3c(cc21)CNC3=O,0
protein94,1,O=c1c2cnn(-c3ccc(F)cc3)c2c2cccnc2n1CC1CCCN(CCOCCF)C1,1
protein94,1,COc1cc(-c2cnc3cc(N(C)C)ncc3c2)cc(C2(C)OC=CC2=O)c1,1
protein94,1,CCn1c(C)c(C(=O)N=C(N)Nc2c(F)cccc2Cl)c2ccccc21,1
protein94,1,CC(C)CS(=O)(=O)N1CCc2ccc(-c3nc(COc4ccc(O)cc4)co3)cc2C1,0
protein94,1,Cc1ccc(-c2nnc(NC(=O)c3cc(O)c4ccncc4c3)o2)s1,0
protein94,1,Cc1cc(OCc2cccc(C(N)=O)n2)cc(C(=O)N2CCN(C)CC2)c1Oc1ccccc1C(F)(F)F,0
protein94,1,Cc1nc(Nc2ccc(C)c(C)c2O)c2sc3nc4c(C)cccc4cc3c2n1,1
protein94,1,Cc1nc2ccc(-c3ccccc3)nc2c(=O)[nH]1,1
protein94,1,CC(C)(CCl)COc1noc(-c2cccc([N+](=O)[O-])c2)n1,1
protein94,1,Cc1cccc(NC(=O)n2nc(NCCc3ccc(N4CCCC5(CCOC5)C4)cn3)c(C#N)c2C)c1,0
protein94,1,NC1=NC(Nc2c3c(nc4c(C(F)(F)F)cccc24)CCCC3)(c2ccccc2)CO1,1
protein94,1,Nc1cc(-c2cnn(CCC(=O)N3CCN(c4ncc(Cl)c(F)n4)CC3)c2)ncn1,0
protein94,1,CCOc1ccccc1NC(=S)NC(=O)c1ccccc1OC,0
protein94,1,O=C(CCl)Nc1cc(C(F)(F)F)ccc1-c1ccc(F)nc1,0
protein94,1,CCN1C(C)=CC(c2ccc(Cl)c(Cl)c2)C1C,0
protein94,1,Cc1noc(C)c1CN(C)c1c(C(=O)N2CCCCC2)ncn1C,0
protein94,1,CCNC(=S)N1N=C2CCCCC2C1c1c(Nc2ccccc2)ccnc1C,0
protein94,1,O=C1OC(c2cc(F)ccc2F)Oc2ccc(COc3ccccc3)cc21,0
protein94,1,CC1=CC2(C)Cc3c4ccc(Cl)c3N(C1=O)C2COC(=O)N1CCC(CC1)O4,0
protein94,1,CN1CCN(C(=O)c2cc3ccc4c(ncn4CCOC(C)(C)C)c3[nH]2)CC1,0
protein94,1,CCC1=NN(c2cc3c(C#N)cc2CCC(c2ccccc2OC)C(=O)O3)C(C2(C)CC(=O)O2)C1,0
protein94,1,O=C1CN(C(=O)C2CC=CCC2C(=O)Nc2ccccc2Cl)c2cc(O)ccc2N1,0
protein94,1,Cc1cnc2c(c1)OC(N)=C(C#N)C2c1ccccc1OCc1nc(-c2ccncc2)no1,1
protein94,1,Cc1nnc(NC(=O)c2ccc(F)cc2Cl)c2ccccc12,0
protein94,1,CC12CCCCC1N(c1cc3c(s1)C(=O)COc1ccc-3cc1)C(=O)S2,0
protein94,1,CCOC(C)(C)C1CCCN(c2nnccc2-c2ccc(OC)cc2)C1,0
protein94,1,CCC(C)C(NC#N)C(=O)N1CCCC1C(=O)c1[nH]ncc1-c1cccc([N+](=O)[O-])c1,1
protein94,1,CC1CCN(CCOCCCN(Cc2ccc(Cl)cc2)C(=O)c2cccs2)CC1,0
protein94,1,CCN1C(=O)c2ccccc2C1(O)c1ccc(C#N)cc1,0
protein94,1,CCCC1CC(N2CC3CN=C2N3c2cc3c(C)c4c(nc3[nH]2)-c2cc(N3C(=O)CCC3=O)ccc2CC4)C1,1
protein94,1,O=C(CCC(c1ccccc1)n1cncn1)Nc1ccccc1NCc1ccncc1,0
protein94,1,Cc1cc(-c2nc(N)sc2C2CCN(S(C)(=O)=O)CC2)ccn1,1
protein94,1,Cc1cc(-c2c(C)nsc2C)cc(N(C)C(=O)c2cccc(OC(=O)c3c(C)noc3C)c2)c1,0
protein94,1,O=C1c2ccc(S(=O)(=O)NCc3ccccc3C(F)(F)F)cc2C2OCCN12,1
protein94,1,CC(=O)c1cn(-c2ncc(C(N)=O)c(N)n2)c2ccc(OC(F)(F)F)cc12,0
protein94,1,O=C(O)c1c(OCC2CCNCC2)n(-c2cccc3cccnc23)c2ccccc12,0
protein94,1,NC(=O)c1cccc(-c2cn3cc(F)cnc3c2-c2ccc(OCCCN3CCCCC3=O)cc2)c1,0
protein94,1,CCCC(C)(C)C(=O)Nc1nc(CCC(=O)N2CCCCC2)cc(NCc2ccc(F)cc2)n1,0
protein94,1,CCN(CC)CC(=O)Nc1cccc2c1c(-c1ccccc1)cn2S(=O)(=O)c1ccccc1,1
protein94,1,Nc1ccc(Nc2ccccc2)cc1,1
protein94,1,O=c1cc(COc2cc(O)ccc2-c2ccc3cccnc3n2)[nH]c(-c2ccccc2)n1,0
protein94,1,CC(C)Cn1nc(C=C(c2cccc(Cl)c2)N2CCN(C)CC2)c2c([N+](=O)[O-])cccc21,1
protein94,1,CC(=O)NN=C(CCC(=O)O)c1ccccc1,0
protein94,1,Cc1cn(-c2c3ccccc3nc3[nH]cc(C4CCNCC4)c23)cc1C(=O)O,1
protein94,1,CCC1C(=O)N(c2cc(-c3cccc(C(F)(F)F)c3F)nc(NC3CCC3)n2)C(C)N1C(=O)N(C)C,0
protein94,1,Cc1noc(C)c1C(c1ccccc1)n1ccc2c(c1=O)Oc1ccccc1CC2=NO,0
protein94,1,CCS(=O)(=O)N1CCCC(NC(=O)c2cc(C)on2)C1,0
protein94,1,Cc1nn(-c2ccc(OC(F)(F)F)cc2)cc1C(=O)Nc1ccc(NC(=O)C(C)(C)C)c(OCCF)c1,0
protein94,1,CC(=O)c1ccc(-c2nn(CCN3CCOCC3)cc2-c2ccc(C(=N)N)cc2)nc1,0
protein94,1,CC(C)CC(C(=O)N1CCC(NC(=O)c2ccccc2)c2ccccc21)N(C(=O)C1CC1)c1sc2c(c1C(N)=O)CCC(N(C)C)C2,0
protein94,1,CC(C)CC1CC(=O)N(c2ccc(-c3ccc(Cl)cc3Cl)cn2)C1=O,0
protein94,1,FC(F)(F)Oc1ccc(-c2cc(C3CCCCN3c3ncccn3)on2)c(Cl)c1,0
protein94,1,Cc1c(C(C)(C)O)cc(-c2ccc3nc(Cl)cc(N4CCNCC4)c3c2)n1Cc1ccccc1,0
protein94,1,CCCCCC(n1nc(-c2ccncc2)c2cccnc21)[S+](C)[O-],0
protein94,1,Cc1csc(C(=O)Nc2ccccc2N)n1,1
protein94,1,CC1(C)C(Oc2ccc3c(c2)C(C#N)=CC3=O)C2=CCC1N(C(=O)O)C2,0
protein94,1,CC(=NCC1CC(C)(C)c2cc(O)ccc21)N(C)C,0
protein94,1,Cc1ccncc1-c1cccc2occ(CC(=O)N(C)CCN3CCCC3c3nccs3)c12,0
protein94,1,Cc1c(F)cc2c(c1C)OC1(CCCCC1)c1cnc3c(NC(=O)CN(C)C)cc(F)cc3c1-2,0
protein94,1,CCOCCC(N)C(=O)NC(CS(=O)(=O)F)C(=O)NC(C#N)CCC(CN1CCN(C)CC1)OC,0
protein94,1,CC1(C)COc2cc(OCc3cnccc3-c3cncc(Oc4ccccc4CN4CCC=CC4=O)c3)ccc2C1=O,1
protein95,1,O=C(NCc1cc(S(=O)(=O)N2CCCC2)ccc1Cl)c1ccc(F)cc1F,0
protein95,1,Cc1c(Cc2nnc(N)s2)ccc2c1OC1=C(CCOC1)C2CCCCCC(F)(F)F,0
protein95,1,CCCc1cccc(Nc2ncnc3[nH]c(=O)n(CCCC(=O)Nc4ccc([N+](=O)[O-])cc4)c23)c1,1
protein95,1,CC(C)(C)c1ccc(S(=O)(=O)N2CCCCC2)cc1NC(=O)CN1CCCC1c1cscn1,0
protein95,1,COc1cc(S(=O)(=O)N(c2ccc(F)cc2)C(C)C)ccc1NC(=O)c1c[nH]nc1-c1cccnc1,1
protein95,1,CCN1c2cc(-c3cc4cc(OC)c(OC(F)(F)F)cc4c(=O)n3C)ccc2OCCS1(=O)=O,1
protein95,1,CCCn1c2ccccc2c2cc(C)ccc21,1
protein95,1,CC(C)CCN1C(=O)C2(CCNCC2)c2cc(C(=O)NCC3CC3)ccc21,0
protein95,1,Cc1cc2ccc(Oc3cccc(C4=NCCN4)c3)c(C)c2oc1=O,1
protein95,1,Cc1ccc(Nc2ccccc2C(=O)N2CCN(Cc3ccccn3)CC2)cc1Cl,0
protein95,1,CCc1ncccc1C1=NCC(C)N(c2ccc(C(=O)O)c(Cl)c2)c2ncnc(Cl)c21,0
protein95,1,CCNc1ccc2cc(-c3nnc(-c4ccccc4SCC)[nH]3)sc2c1,0
protein95,1,Fc1cccc(-c2nc(Cc3ccncc3)n[nH]2)c1Cl,0
protein95,1,CC1(C)CNc2ncc(C#N)c(n2)NC1c1ccc(C#N)cc1,0
protein95,1,Cc1ncc([NH+]2CC2C)n1CC(O)CNC(C)Cc1ccccc1Cl,0
protein95,1,O=C(NCc1cccs1)C1C(O)CCCN1S(=O)(=O)c1ccc(-c2ccc(Cl)cc2)cc1,0
protein95,1,CC(C)c1cc(C=CCn2cncn2)ccc1-c1ccc(S(C)(=O)=O)cc1,1
protein95,1,Cc1c([N+](=O)[O-])ccc2c1OC(C1CCCCC1)CC2C(=O)O,1
protein95,1,COc1cccc(S(=O)(=O)CC(=O)Nc2ccc([N+](=O)[O-])c(C)c2)c1,1
protein95,1,O=C(Nc1ccccc1F)c1cnc(OCC(F)(F)F)c(OC(F)F)c1,0
protein95,1,CCNc1nc(-n2ccnc2CC2Cc3cc(NC(C)=O)c4ccccc4c32)cc(C(F)(F)F)n1,1
protein95,1,c1ccc2c(c1)Nc1cc3ccsc3cc1-c1c-2nc2ccccc2c1NCC1CCNCC1,1
protein95,1,O=C(NN=Cc1ccco1)c1ccncc1O,1
protein95,1,CCCCC(C)NC(=O)COC(=O)c1cc([N+](=O)[O-])cc2ccn(-c3ccc([N+](=O)[O-])cc3F)c12,1
protein95,1,CCC(C(O)CO)N1CCN(c2cc(-n3ccc(C)n3)nc(C)n2)CC1,1
protein95,1,CCC(Cc1ccc(S(=O)(=O)Nc2ccc(C(N)=O)cc2)cc1)N1C(=O)CN=C(C)c2ccccc21,0
protein95,1,c1cncc(CNc2ccn3c(cc4cnccc43)n2)c1,0
protein95,1,Cc1cccnc1NC(=O)c1ccccc1NC(=O)c1ccc(S(=O)(=O)N2CCOCC2)cc1,0
protein95,1,CC(C)CCCC(C)C(N)C(=O)NC(C[SH]=O)C(=O)O,0
protein95,1,Cc1ccccc1N1CCN(S(=O)(=O)c2ccccc2F)CC1,0
protein95,1,CCN(CC)C(=O)c1ccc(Nc2ccnc3cc(Cl)ccc23)cc1,0
protein95,1,CCc1ccccc1NC(=O)C1=CCN(S(=O)(=O)c2ccc(C)cc2)CC1,0
protein95,1,CC(=O)Oc1ccc(C(c2cc3cc(OCC(C)C)ccc3o2)N2CCCCCC2)cc1,0
protein95,1,O=C(Nc1ccc(C2CNCCO2)c(F)c1)Nc1ccccc1C(F)(F)F,1
protein95,1,Nc1ccc(C(F)(F)F)nc1-c1nc(SCCN2CCOCC2)c[nH]1,0
protein95,1,CCN1C(=O)c2cccc(-c3ccc(C)cc3)c2S1(=O)=O,1
protein95,1,CCOCC1CCN(C(=O)c2cnc(N)nc2N)CC1,1
protein95,1,CC=C(C)C(C)NC(=O)C(C(C)C)N(C)C(=O)c1c(C)n[nH]c1C,0
protein95,1,Cc1ccc(Oc2nc(N3CCOCC3)nc3c(=O)n(C)cc(-c4ccc(F)cc4)c23)cc1,1
protein95,1,O=C(Nc1ccc(S(=O)(=O)NCC2CCCC2)cc1F)C1CCCC1,0
protein95,1,CC1=NCCC(Cc2ccccc2C)(c2nc3ccccc3n2CCC(C)(C)C)N1,1
protein95,1,O=C(CC1(O)C(=O)N(Cc2ccccc2)c2ccccc21)c1ccc([N+](=O)[O-])cc1,1
protein95,1,CCOP(=O)(O)CN(C)C1CCOCC1,0
protein95,1,Cc1ccccc1Nc1nccc2[nH]c(C3CCN(C(=O)c4ccccc4)C3)cc12,0
protein95,1,Cc1ccccc1COc1ccccc1C(=O)NCC1CCN(c2ncccn2)C1,0
protein95,1,Cc1nccc(S(=O)(=O)N(C)CC(=O)N2CCC(c3c(C(F)(F)F)nc4cccnn34)CC2)c1C,0
protein95,1,CC1CCN2C(=O)C(CNC(=O)c3cccc(Cl)n3)CCC2C1,0
protein95,1,O=C1CC(c2ccccc2)(c2ccccc2Cl)c2cc(F)ccc2N1,0
protein95,1,Cc1ccc(NC(=O)C2CCN(c3nnc(C4=CCC4)s3)CC2)cc1F,0
protein95,1,CC(C)Nc1nc2c(s1)CCCC2,0
protein95,1,CCCS(=O)(=O)N1CC2COC(CN(Cc3cccnc3)C(=O)OC)C(C2)C1,1
protein95,1,CCCC(=O)Nc1nnc(-c2cnc(OC(C)C3CCN(C(C)C)CC3)c(C(C)C)c2)s1,0
protein95,1,CCC1=CC(C)NCC12CCc1ccccc1C2Oc1ccc(C(=O)O)cc1,0
protein95,1,O=C(Nc1cn(-c2ccccc2)n(-c2ccccc2F)c1=O)c1ccncc1F,0
protein95,1,Cc1cccc(C)c1OCCC(=O)NC(C)C,0
protein95,1,NC(=O)c1c(NC(NC(=O)c2ccc(Cl)cc2)C(Cl)(Cl)Cl)sc2c1CCCC2,0
protein95,1,CCc1nc(CN2CCCCC2CN(C)c2ccc(C)c(C(=O)N3CCCC3C(F)(F)F)c2)no1,0
protein95,1,O=C(COc1ccc([N+](=O)[O-])cc1C(F)(F)F)OC1CCC(N2C(=O)c3ccccc3C2=O)C1,1
protein95,1,O=C(Cc1ccsc1)OCC(=O)N1CCCC(c2ncccn2)C1,0
protein95,1,Cc1nnc(Nc2ccc(CNC(=O)c3sc(-c4ccncc4)nc3C3CCCC3)cc2)s1,0
protein95,1,CCN(CC)c1ccc(C)c2c(CCc3nc(C)c4ccccc4n3)cncc12,1
protein95,1,Cc1cc(C)c(S(=O)(=O)N2CCOCC2)c(C)c1,0
protein95,1,N#Cc1c(C(F)(F)F)sc(=O)[nH]c1=O,0
protein95,1,CCN1C(=O)C(Nc2ccc(N(C)C)cc2)CC1C(=O)NCc1cccc(C(F)(F)F)c1F,1
protein95,1,CC(C)(C)NC(=O)Nc1ccc2c(c1)CCC2,0
protein95,1,CCN(CC)c1nc(Nc2ccc3c(=O)n(CCCN4CCOCC4)c(=O)[nH]c3c2)c2ccccc2n1,1
protein95,1,CCn1c(-c2ccc(C(=O)N3CCC(N4CCOCC4)CC3)cc2-c2ccccc2Cl)cccc1=O,0
protein95,1,Cc1nc2c(s1)c(N1CCN(C)CC1)nc1ccc(F)cc12,1
protein95,1,CCC1Oc2cc3c(c(c2)C(C)(C)c2c(C)c(=O)n(c(=O)n2C)CCOC2CNCC1C2)OCCC3,0
protein95,1,CCC1CN(CCC(CCOc2ccc(F)cc2)c2cnccn2)CCN1c1ncccn1,0
protein95,1,CCCCCNc1ccc(C(O)c2ccccc2)cc1,0
protein95,1,Nc1cc(Nc2c(F)cc3c(c2F)CCOC3)ncc1-c1cc2ccccc2nc1Cl,1
protein95,1,Cc1ccccc1NC(=O)CNC(=O)c1nc2ccccn2c1Cl,1
protein95,1,Cc1ccc(OCc2ccccc2F)c2c1CC(=O)N(c1ccc(S(N)(=O)=O)cc1)CC2,0
protein95,1,COc1ccc(-c2nc(C(=O)Nc3ccccc3C3=NC4CS(=O)(=O)CC4S3)cs2)c(OC)c1,1
protein95,1,CC(=O)c1cc(C)nn1-c1nc(Nc2cc(F)ccc2C)ncc1[N+](=O)[O-],1
protein95,1,CC(C)CC(NC(=O)NC1=C2CCCC1N(C(=O)OC(C)(C)C)C2C(F)(F)F)C(=O)OC(C)(C)C,0
protein95,1,CC(C)(Nc1c(-c2ccc(C#N)cn2)cnc2cc(C(F)(F)F)nn12)c1ccc(Cl)cc1Cl,0
protein95,1,Cc1ccc(N2CC3(CCCN(S(=O)(=O)CC(C)C)C3=O)CCC2=O)cc1C(F)(F)F,0
protein95,1,Cc1cc(C)nc(Nc2cc(-c3cnn(CC(=O)Nc4ccc5[nH]c6c(c5c4)CCCC6)c3)c3cccnn23)c1,0
protein95,1,Cc1nc2c3c(c(N(CC(C)C)C(=O)Nc4ccncc4)cc2[nH]1)-c1ncccc1C3,0
protein95,1,CC(C)CCC(=O)N1CCCC1C(=O)N1CCCN(c2ccncn2)CC1,0
protein95,1,CCCCOc1ccc(C(C)(C)C)cc1OCc1ccccn1,0
protein95,1,O=C1CCCN1Cc1ccccc1OCCN1CCC2(CCCN(c3ccccc3)C2=O)C1,0
protein95,1,CCCCCCn1cc(NC(=O)N2CC(F)CC2C(=O)NCCCCCS)cn1,0
protein95,1,CC1CC=C(Nc2cccn2-c2c(Cl)cccc2C#N)CC1,0
protein95,1,O=C(NC(CO)(Cc1ccccc1)C(=O)O)c1csc2c1CCCC2,0
protein95,1,CCOc1cccc(N2CC(CC)CNc3nc(C)cc2n3)n1,0
protein95,1,CCOc1ccc(-c2nnc(N3CCOCC3)o2)cc1C(=O)Nc1ccccc1N,0
protein95,1,Cc1ccc(C(=O)O)cc1N(C)c1nc2ccc(C(=O)N(C)c3ccccc3)cc2c2ccnn12,1
protein95,1,CC(C)n1nc(-c2ccccc2)c2c1N(c1ccc(C(N)=O)cc1)CCC2,0
protein95,1,Cc1ccc2c(c1)c(-c1cncnc1Nc1c(CN3CC(N)CCC3C)cnc3cc(C#N)ccc13)cn2CCCN,1
protein95,1,Clc1ccccc1SCCN1CCCOCC1,0
protein95,1,Cc1cccc(-c2cccc(Nc3nccc(-c4cn(C(C)C)c5cnc(C)nc45)n3)c2)n1,0
protein95,1,O=C(NO)C1CCN(CC2COCCN2C(=O)Cc2cccc(OC(F)(F)F)c2)CC1,1
protein95,1,Cc1noc(NC(=O)Oc2ccccc2C(F)(F)F)c1C(=O)OC(C)(C)C,0
protein95,1,CCn1c(N)c(-c2cn(C(C)C)cn2)c(=O)[nH]c1=O,0
protein95,1,CCC1=NC2(CCCC2)Cc2[nH]c(-c3ccccc3OC(F)(F)F)nc21,1
protein95,1,CCCCCC(C)C(=O)NCc1n[nH]c(C2CCCC2)n1,0
protein95,1,Cc1nc(C)c(=O)n2c1C(c1ccccc1)c1ccccc1-2,1
protein96,1,COc1cc(N2CCC(O)C2)ccc1-c1c(-c2ccccn2)nc(C(C)C)nc1N1CCC(C(F)(F)F)CC1,1
protein96,1,Cc1ccccc1-n1nc2c(Cc3ccccc3F)c(C)n(CC(=O)N3CCNCC3)c2cc1=O,1
protein96,1,CCC1CCCc2nc(NN=C(O)CCCc3ccccc3)sc21,1
protein96,1,Cc1cc2c(-c3ccccc3C(=O)O)ccnn2c1-c1ccc2c(c1)OCC(n1ncc3c(N)ncnc31)C2,1
protein96,1,O=C(O)C(O)Cn1cnc([N+](=O)[O-])c1[N+](=O)[O-],1
protein96,1,CCc1cc(C(=O)Nc2cc(O)c(CC)cc2Cl)c(N2CCCC2)cn1,0
protein96,1,CC(C)=CC(=O)N1CC2CN(C(=O)c3ccccc3NC(=O)CSc3ccccc3)CCC2(C)C1,0
protein96,1,O=C(O)c1cc(S(=O)(=O)N2CC=C(c3ccccc3)CC2)ccc1-n1cncn1,0
protein96,1,CC(C)c1ccc(-n2nc(C3CCNCC3)cc2NC(=O)c2cnccn2)cc1,0
protein96,1,O=C(C1CCCC1)N1CCc2c(nc3ccccc3c2OCC2CCCCC2)C1,0
protein96,1,Cc1ncc(-c2cccc(Nc3ncc(-c4ccncc4)c4c(C(N)=O)cccc34)c2)n1C,1
protein96,1,CCOP1(=O)C(CNc2ncc(-c3ccccc3F)c(I)n2)CCC(OC(C)=O)CC1(C)N(C)C,0
protein96,1,CCCn1c(=O)c2c(c(C=NNC(=O)c3ccccc3)cn2CC)c2ccc(Cl)cc21,1
protein96,1,Nc1ccnc2c(-c3ccc4[nH]c(C(=O)NCCCCn5ccc6ccccc65)cc4c3)cccc12,1
protein96,1,O=C(CCC=C1c2ccccc2N=C2c3ccccc3N12)Nc1ccccc1C(F)(F)F,0
protein96,1,CC1(C)C(=O)NC(=S)N(c2cccc(C(=O)c3ccccc3)c2)C1=O,0
protein96,1,CC(=O)Nc1ccc2c(c1F)OCC(C)n1cncc1-2,1
protein96,1,O=C1c2ccccc2CN1c1c(-c2cccc(OCc3ccccc3)c2)nc2ccc([N+](=O)[O-])cn12,1
protein96,1,Cc1ccc(S(=O)(=O)CC(=O)Nc2cc(C(=O)O)ccc2N2CCOCC2)cc1,0
protein96,1,CCS(=O)(=O)N(C)c1ccc(C(=O)N(Cc2cn(-c3ccc(OC(F)(F)F)cn3)nc2C)C(C)C)c(F)c1,1
protein96,1,Nc1ncc(-c2ccc(Cl)cc2C(=O)O)cn1,1
protein96,1,CCCCn1cc(CN2CCN(c3ncnc4[nH]c(C(N)=O)c(C)c34)CC2)c(C)n1,0
protein96,1,O=C(Nc1cc(-c2ccccc2)n(C(CCC2CCN(CC3CCOC3)C2=O)C2CC2)n1)c1cccc([N+](=O)[O-])c1,1
protein96,1,O=C(CCS(=O)(=O)c1ccccc1)N1CCN(c2ccccc2)CC1,0
protein96,1,CCOc1ccccc1N1CCN(C(=O)CSc2ccsc2[N+](=O)[O-])CC1,1
protein96,1,Cc1cc(C)c(NC(=S)NC(=O)c2ccc(F)cc2)c([N+](=O)[O-])c1,1
protein96,1,Cc1nc2ccccc2c(C)c1Oc1cc(Cl)ccc1C(=O)Nc1ccncc1,1
protein96,1,O=C1CC(N(CCC2CCC(NC(=O)CO)CC2)S(=O)(=O)c2ccc(Cl)cc2)C(=O)N1,0
protein96,1,CCC1CC=C(n2nccn2)c2ccccc2N1C(=O)C1CCC(N(CC)C(=O)c2ccccc2O)C1,0
protein96,1,CCN(CC)CCOc1cccc2cc(-c3nc(C)c(C)n(Cc4cccnc4)c3=O)oc12,1
protein96,1,Cc1c(N2CCNCC2)ccc2ccc(-c3ccco3)nc12,1
protein96,1,CC(C)C1CC(CS(=O)(=O)[O-])N(c2c(-c3cncs3)ccc(O)c2C(=O)Nc2cccc(C(F)(F)F)c2)C1,0
protein96,1,CCCCNc1ccc2c(c1)oc1c(OC)nccc12,0
protein96,1,Cc1ccc(-n2c(C)cnc2SCC(=O)N2CCc3ccccc3C2c2cccnc2)cc1,0
protein96,1,Cc1nc([N+](=O)[O-])cn1-c1ccc(S(=O)(=O)NCC2CCCO2)cc1C(F)(F)F,1
protein96,1,Cc1ccc2c(c1)nc(NCCc1ccc([N+](=O)[O-])cc1)n2C(C)C,1
protein96,1,CCCCN(CC)S(=O)(=O)c1ccc(N=Nc2c(O)ccc3cccc(O)c23)cc1,1
protein96,1,Cc1ncc(Cl)nc1Nc1ccccc1-c1cnc(NCC2COCCN2C)nc1,1
protein96,1,CCNC(=O)N=c1c(-c2ccc(OC)cc2)coc2cccc(O)c12,1
protein96,1,O=C(Nc1cccc(C(F)(F)F)c1)C(F)(F)F,0
protein96,1,Cc1ccc(N2C(=O)CSC2c2cccc([N+](=O)[O-])c2)cc1Cl,1
protein96,1,CCc1ccccc1CNc1cnc(C2=NC(c3ccccc3OC)CO2)c(Nc2ccc(N(CC)CC)cc2)n1,1
protein96,1,CCn1cc(C=NNc2ccc(Cl)cc2)c(-c2ccc[nH]2)n1,1
protein96,1,CCc1nc(N2CCCCC2)c2c(-c3cc(C)cc(C(=O)N(C)C4CCN(C(=N)N)CC4)c3)coc2n1,1
protein96,1,CC(C)(C)OP(=O)(O)Cc1ccc(Cl)cn1,0
protein96,1,CC(=O)Nc1nc2cc(-c3cccc(N(C)c4ccnc5cc(C#N)ccc45)c3)ccc2s1,1
protein96,1,CC=C(C)C(=O)N(Cc1cc2c(cc1C)OCCO2)C1CCCC1,0
protein96,1,NC(=Nc1cc(F)c(F)c(F)c1)SC1Cc2ccccc2C1,1
protein96,1,Nc1ncc(-c2ccnc(NC3CCN(Cc4ccccc4)CC3)n2)s1,1
protein96,1,CC1(C)CNC1P(=O)(O)Oc1ccc(C=NNC(=O)c2cn(C(C)(C)C)nc2C(F)(F)F)cc1-c1ccc(F)cc1,1
protein96,1,CC(C)Nc1ccc2c(n1)c(-c1cc(C(N)=O)ccc1Cl)nn2C(C)(C)C(F)(F)F,0
protein96,1,O=C1c2ccccc2C(=O)c2c1cccc2S(=O)(=O)Cc1noc(-c2c(O)cccc2Cl)n1,1
protein96,1,Nc1cc(-c2cn[nH]c2)nc(Nc2cccc(Cl)c2)n1,0
protein96,1,Cc1cc(Oc2cnc(Nc3ccccc3)nc2N)cc(C)c1Cl,1
protein96,1,Cc1nn(C)cc1-c1cccc(C(=O)N(Cc2ccccc2)c2cccc3nsnc23)c1,1
protein96,1,CCN(CC)CC=CC(NS(=O)(=O)c1cc(F)ccc1F)C(=O)Nc1ccc(C(N)=O)c(Cl)c1,0
protein96,1,CC(C(N)=O)C(C)(O)CS(=O)(=O)Oc1cc(C(=O)O)ccc1Nc1ccccc1OC(F)(F)F,0
protein96,1,CCOC(=O)N1CCC(c2ncc(C#N)cc2C(C)(C)C)C(CC)C1,0
protein96,1,CCCCCCCC1CNC(=O)C1N1CCCC1,0
protein96,1,CC(C)Cc1cnc(-n2nc3ccccc3c2NC2=NCCO2)nc1,0
protein96,1,CCCC1(C#N)Cn2c(ccc(O)c2=O)-c2ccccc21,0
protein96,1,Nc1ncnc2cc(-c3ccc(C4CNC(=O)N4CC4CCCC(O)C4)cc3)ccc12,0
protein96,1,Cc1cc(C)n(-c2cccc(OCCN3CCN(c4nc(N)c5scc(C)c5n4)CC3)c2)n1,1
protein96,1,O=C(CC12CCC(CC1CN1CCCCC1)c1[nH]cnc12)Nc1cc(-c2cncc3c2C2(CCN(CCO)CC2)OCO3)ccc1F,0
protein96,1,O=c1c(CSCc2ccc(F)cc2Cl)c[nH]c2ncnc(Nc3ccccc3)c12,0
protein96,1,NC(=NO)NCOCCC1(CCN2CCC2)CCc2ccccc21,0
protein96,1,CCOc1ccc(F)cc1NC(=O)c1nc(-c2cc(OCCCCN)ccc2F)sc1N,1
protein96,1,O=C(NCCC1=CCCCC1)OC(Cn1ncc2cc(F)cnc21)c1ccccc1,0
protein96,1,CC1CCC(S(=O)(=O)Nc2ccc(N3CCCCC(C)CC3=O)cc2)CC1,0
protein96,1,CCC(SCCNC(=O)OC(C)(C)C)P(=O)(O)O,0
protein96,1,CCC1C=CC(=O)N1c1ccc(C)c(S(=O)(=O)Nc2cccc3cccnc23)c1,0
protein96,1,O=C(NC1CCCCC1C(=O)NCc1ccc(OC(F)(F)F)cc1)c1ccco1,0
protein96,1,CCCCS(=O)(=O)Nc1cccc(-c2cc3c(=O)n(-c4ccc(OC)cc4)c2c2cnn(C(C)C)c32)c1,0
protein96,1,Cc1cnc(C2(NC(=O)NC3=CCC(C)(C)CC3(C)C)CCCCC2)o1,0
protein96,1,CC=C1C(=O)N(C(C)(C)C)c2cc(Oc3cc(NC(=O)OC(C)(C)C)ncn3)ccc21,0
protein96,1,O=C(NC(=O)N(CC(F)(F)F)C1CCC1)c1cc(Cl)ccc1O,0
protein96,1,O=C(O)c1cccc(COc2ccc3c(c2)N(c2ccccc2C(F)(F)F)C(=O)CO3)c1,0
protein96,1,CCC(CC)CN=C(S)N1CCN(CCC(=O)N2CCOCC2)CC1,0
protein96,1,CCN(CC)CCOc1ccc(S(=O)(=O)N2CCCCC2)cc1,0
protein96,1,CC1(OCn2cc(-c3cccc(C(F)(F)F)c3)c(-c3ccc(S(C)(=O)=O)cc3)n2)CCS(=O)(=O)C1,0
protein96,1,CC(=O)Oc1cc(-c2nc(N)sc2-c2ccncc2)ccc1OCc1c(F)cccc1OC(C)(C)C,1
protein96,1,CN1CC(C#N)=Cc2c1n(CCN1CCCCC1)c1ccccc21,1
protein96,1,Cc1cccc(-c2nc(C(=O)NC3CCCc4ccccc43)no2)c1C,1
protein96,1,Cc1ccccc1OCC(=O)Nc1ccc(S(=O)(=O)Nc2ncncc2F)cc1,0
protein96,1,Cc1c(N2CCN(C)CC2)ccc(Cl)c1S(=O)(=O)Nc1cccc(Cl)c1,0
protein96,1,Cc1nc2c(nc1Nc1cncc3cccnc13)CN1CCCC1C2,1
protein96,1,CCC1CCN(c2c(F)cc3c(=O)n4c5ccccc5nc4n(CC)c3c2F)C1,1
protein96,1,CC(=O)Nc1ccc(-c2ccc(C(C)NC(=O)C(NC(=O)Oc3cccc(OC(F)(F)F)c3)C(C)C)cc2)cc1,0
protein96,1,CCS(=O)(=O)Nc1ccc2n[nH]c(OC)c2c1,1
protein96,1,Cc1cc(NC(=O)c2nc3c(C(N)=O)c(Cl)c(C(C)C)cc3s2)n(C(C)C)n1,1
protein96,1,CC(C)(O)C#Cc1cc2c(cc1F)Oc1cc3cn[nH]c3cc1C(=O)C1(OCC(F)(F)F)C(O)CC2N1C(=O)c1cccnc1,0
protein96,1,CCC(=O)N1c2ccc(Cl)cc2CC1c1nc(C)c(CCO)n1C,0
protein96,1,CC(C)N1CCC2CCc3ccc(O)cc3C2(C)C1,0
protein96,1,CC(=O)Nc1ccc(-n2nc3ccc(F)cc3c2CC(CC(=O)O)C(=O)N2CCC2C)cc1,0
protein96,1,O=C(C=Cc1ccccc1)Nc1ccc(Cl)cc1C(=O)N1CCCC1,0
protein96,1,CN(C(=O)NC(=O)c1nc(SC2CCCCC2)ncc1Cl)c1ccccc1,0
protein96,1,CC(C)(O)CC(O)CC(=O)O,0
protein96,1,Cc1noc(C)c1-c1cc(OC(=O)N2CC(F)CC2C#N)cc(C(F)(F)F)c1,0
protein96,1,CCOc1cccc2c(=O)n(-c3cc4nc(C[N+](=O)[O-])n(CC)c4cc3Cl)cc(C)c12,1
protein96,1,NC1CCN(CCn2c3nc(=O)n(-c4ccccc4)c(=O)c-3cc3cc(Cl)ccc32)CC1,0
protein97,1,CC(C)(C)OC(=O)NC1CCC=C2C(=O)N(c3ccccc3)C(=O)C21,0
protein97,1,Cc1ccc2nc(Nc3ncc(F)cc3Cl)nc(O)c2c1C,1
protein97,1,O=C(Nc1ccccc1N1CCOCC1)c1cc(Cl)ccc1Cl,0
protein97,1,CCCCc1c(O)cc(-c2cc(-c3ccccc3)n[nH]2)cc1OC,0
protein97,1,CCOCC1CCCN(c2ncc3c(cc(-c4cn(C)c5ccccc45)n3C)n2)C1,1
protein97,1,O=C(CCCl)Nc1ccc2cc(-c3nc4ccccc4[nH]3)ccc2n1,1
protein97,1,O=C(C=Cc1csc(COCC(F)(F)F)n1)N1CCN(Cc2ccc3c(c2)OCCO3)CC1,0
protein97,1,CCSc1ccc(Cn2cnc3c(c(-c4ccccc4)nn3C(C)=O)c2=O)cc1,1
protein97,1,CCC1CN(CC(=O)Nc2cc(S(=O)(=O)NCC3CCC(N4CCCOCC4=O)C3)ccc2C)C(=O)C1O,0
protein97,1,O=C(Nc1ccc2c(c1)C(N1CCN(C(=O)c3ccccc3F)CC1)CC2O)c1cc2ccccc2[nH]1,1
protein97,1,CCOC(=O)C1CC(c2ccccc2)CCN(CCOc2ccc(Cl)cc2NC(=O)c2ccccc2F)C1,0
protein97,1,CC1CCN(CCn2ccc3c2c2c(C4CC4)c(=O)n3[nH]c2=O)CC1,1
protein97,1,O=Cc1ccc(COc2cc3ccc(C(F)(F)F)nc3cc2N2CC(F)(F)C2)s1,0
protein97,1,CCN(CC)c1cccc(NC(=O)c2cc([N+](=O)[O-])cc([N+](=O)[O-])c2)c1,1
protein97,1,CC(C)c1ccccc1Nc1ncn2c(O)c3c(Cl)c(Cl)cc(C#N)c3nc12,0
protein97,1,O=c1[nH]c2c(F)cccc2cc1CCCC1CCN(c2cccnn2)CC1,1
protein97,1,O=C(Nc1ccc2c(c1)NC(=S)N(c1ccccc1)C2)c1cccnc1,0
protein97,1,Cc1ccc(Nc2nnc(-c3cc4c(s3)-c3ccccc3CC4)s2)cc1C(F)(F)F,0
protein97,1,CC(C)CC(=O)N(CC(=O)Nc1ccc2c(c1)C2=CC1CCC1)C1CC(C)NC1=O,0
protein97,1,Cc1ccc(OC(C)(C)C(=O)O)c(-c2ccncn2)n1,0
protein97,1,O=C(NC(=S)Nc1ccccc1)c1ccco1,0
protein97,1,CC1CCCCN1c1nnc(Sc2cn(C)c3ncccc3c2=O)s1,0
protein97,1,CCC(=O)N1CCSC1c1c(C(F)(F)F)nn(-c2ccccc2)c1Cl,0
protein97,1,CN(Cc1ccccc1)c1nc(N)c2ccccc2n1,1
protein97,1,CCCNC(=S)Nc1cccc(C(C)(C)C)c1,0
protein97,1,CCC1CCCCN1CCCN(C)C,0
protein97,1,CC1=C2CCC(C)(C)C(C)C2N(O)C(=O)N1,0
protein97,1,CC1(F)CC(C(=O)NC2C(CO)NC3CCCC32)N(S(=O)(=O)c2c(C(=O)NC3CCCC3)[nH]c3ccc(Cl)cc23)C1,0
protein97,1,CCOCCNC1CCSc2cc(Nc3nc(-c4cccs4)cs3)ccc21,0
protein97,1,O=C(CCCS(=O)(=O)Cc1cccc(F)c1F)N1CCCCC1,0
protein97,1,CCOc1cc(S(=O)(=O)Nc2ncccn2)ccc1N1C(=O)c2ccccc2C1=O,0
protein97,1,Nc1ccc(-c2ccc(C3CCCN3C(=O)C3CCCN3c3nc(Nc4cccc(Cl)c4)ncc3F)cc2)cn1,0
protein97,1,CCC(Sc1nc(N)c2ccccc2n1)C(=O)O,1
protein97,1,CSc1c(C)n(C(=O)C(C)N2CCOCC2)c2ccc(C)cc12,0
protein97,1,CC1=Nc2ccc(F)cc2N2C(=O)C=CC12,1
protein97,1,O=P(O)(O)CCCC1CCN(C(c2ccccc2)c2ccccc2)CC1,0
protein97,1,Cc1ccc(NC(=O)c2cc(C)n(-c3ccc(C(N)=NO)cc3)c2C(F)(F)F)cc1C,1
protein97,1,CC(C)C1C(Nc2c(N)cc3c(=O)n(-c4ccccc4)[nH]c3c2CC(CN)S(C)(=O)=O)CCN(C)C1C,0
protein97,1,O=C(O)Cc1ccccc1CS(=O)(=O)Cc1nc2cccc([N+](=O)[O-])c2[nH]1,1
protein97,1,CCCCCCn1cc(C(=O)NS(=O)(=O)c2ccc3c(c2)CCCO3)c2cc(OCc3ccccn3)ccc21,0
protein97,1,CCC1(CC)CCN(C(=O)CNc2c([N+](=O)[O-])c(C)nn2C)CC1,1
protein97,1,CC(C)Nc1nc(C#N)c(-c2ccccc2)n1-c1ccc(F)cc1,0
protein97,1,ON=C(NC1CCCCC1)c1ccnc(-n2nc(C(F)(F)F)cc2C(F)(F)F)c1,0
protein97,1,CCCCCc1cc(C(=O)O)sc1CC(=O)NC(C)C,0
protein97,1,Cc1noc(Nc2ccc(F)c(Cl)c2)c1[N+](=O)[O-],1
protein97,1,CC(=O)c1ccc(CNC(=O)CS(=O)(=O)c2ccc(Cl)cc2Cl)s1,0
protein97,1,CCN(C(C)C)C(C)C(=O)Nc1nc(-c2ccccn2)cs1,1
protein97,1,CC(C)CCCC1(C)CC2OC(=O)c3c2ccc(O)c31,0
protein97,1,O=C(Nc1cnn(-c2ccccc2)c1)N1CCOCC1,0
protein97,1,Cc1ccc(C(=O)N(C)c2ncc(-c3ccncc3)s2)cc1Nc1ncnc2[nH]c(C(=O)N3CCC3)c(C(F)(F)F)c12,1
protein97,1,CCOC(=O)c1sc(NC(=O)Nc2ccc(OC(F)(F)F)cc2)nc1C,0
protein97,1,CC1CCN(Cc2ccc3[nH]cc(-c4ccnc(N5CCNCC5)n4)c3c2)CC1,0
protein97,1,O=C(Nc1cccc(C(F)(F)F)c1)C1c2ccccc2CCN1C(=O)OCc1ccno1,0
protein97,1,CC#CSCCN1CCN(C)CC1,0
protein97,1,CCN(CC)c1nc2cc(O)cc(-c3cc(CC4CCc5cc(C)ccc54)ccc3OC)c2[nH]1,0
protein97,1,O=C(CCc1ccc(Cl)c(Cl)c1)N1CCN(C(c2ccccc2)c2ccccc2)CC1,0
protein97,1,CC(C(=O)N1c2ccccc2Oc2ccc(C(F)(F)F)cc21)n1ncc(F)c(Cl)c1=O,0
protein97,1,Cc1ncc([N+](=O)[O-])n1CC(C)CC(=O)Nc1ccnc2ccccc12,1
protein97,1,Cc1nn(-c2ccc(Cl)cc2)c2c(CN3CCN(CCCO)CC3)cccc12,0
protein97,1,O=C(Nc1ccc(-c2cc3c(-c4cn[nH]c4)ccnc3s2)cc1-n1nccn1)c1ccccc1,0
protein97,1,CCN(CC)CC1=C(N2CC2)C(=O)c2c(O)cccc2C1=O,1
protein97,1,O=C1CN(C(=O)c2ccc(F)cc2)CCCCC1Cc1ccccc1,0
protein97,1,Cc1nn(C)c2c1-c1ccccc1Oc1ccc(cc1F)S(=O)(=O)N2,0
protein97,1,CCn1c(Nc2ccccc2Cl)nc2c(-c3cccc(C(=O)O)c3)ncnc21,0
protein97,1,O=C(CN(C(=O)C1CCC1)c1ccc(F)cc1)Nc1cccc(Cl)c1S(=O)(=O)N1CCCCC1,0
protein97,1,Cc1cncc(Oc2ccc(Cl)cc2C2OS(=O)(=O)c3ccc(O)cc32)c1,0
protein97,1,CCCCC#CCn1cc(-c2ccccc2)c(-c2cccc(OC)c2OC)n1,0
protein97,1,Cc1cc(N(C)C)c(CNC(=O)c2ccc(-c3nc4ccc(F)cc4s3)s2)c(C)n1,1
protein97,1,CCOc1ccccc1CNC(=O)c1cccnc1,0
protein97,1,O=c1oc2ccccc2c(O)c1C1=NS(=O)(=O)c2ccccc2N1,0
protein97,1,CCn1cc(Cc2nc3ccc(N(C)C)cc3c(C)c2[N+](=O)[O-])c2ccccc21,1
protein97,1,CC(C)Nc1nc(-c2cnc(N)c(OC(F)(F)F)c2)cc(C(C)(C)C)n1,0
protein97,1,CC=CC(C)N1C(=O)c2ccc(cc2)-c2cccc1c2,0
protein97,1,CCS(=O)(=O)Nc1ccc(OC)c(C(=O)C=Cc2ccncc2)c1,0
protein97,1,CC(C)CC1=C2N=c3ccccc3=NC2(C)C(C(=O)Nc2ccc(F)c(S(=O)(=O)N3CCOCC3)c2)=C1,0
protein97,1,Cc1c(F)cccc1-c1noc(C(C)(C)CCCc2cccc3nc4n(c(=O)c23)CCCN4CCO)n1,1
protein97,1,O=CNc1ccc2c(c1)N(c1ccnc3ccc(S(=O)(=O)Nc4cccc(C(F)(F)F)c4)cc13)CC2,0
protein97,1,CCN(CC)CCC1(O)c2c(N)cc(Cl)c(C#N)c2N(C)CC1(C)C,1
protein97,1,Cc1ccccc1N=NNc1ccc([N+](=O)[O-])cc1,1
protein97,1,Cc1cc(Cl)c(C#CC(C)(CCC(NC(=O)OC(C)(C)C)C(=O)O)S(=O)(=O)c2ccccc2)c(C(F)(F)F)c1,0
protein97,1,O=CNc1nc(N2CCCC2)c2sc(-c3ccccc3C(F)(F)F)cc2n1,1
protein97,1,CC(C)CN1CCc2nc3cc(cnc3n2Cc2ccc(F)cn2)-c2cccc(c2)C1,1
protein97,1,CC(C)CC(NS(=O)(=O)c1ccc(C#N)cc1C(F)(F)F)C(=O)NCC(=O)O,0
protein97,1,CCN(CC)CCc1cccc(-c2c(C#N)c(OC)nc3ccc(Cl)cc23)c1,1
protein97,1,CC(C)CC1NC(=O)c2cc(C(=O)OC(C)(C)C)n(CC3CCCO3)c2C1(C)O,0
protein97,1,Cc1nc2c(OCc3ccccc3)cccn2c1C(=O)N1CCN(Cc2ccccc2F)CC1,1
protein97,1,O=Cc1cc(-c2cncc(Nc3ncc(Cl)c(Oc4ccccc4F)n3)c2)c[nH]1,0
protein97,1,Cc1cc(CN2CCC(c3nnc4cc(F)ccn34)CC2)on1,0
protein97,1,CCN1CCN(c2ccc3c(C)cc(C)cc3c2)CC1,1
protein97,1,CCn1c(NC2CCN(Cc3cc(C(F)(F)F)c(C#N)cn3)CC2)nc2cc(C3=C(C=O)C(C)C(C)CC3)ccc21,0
protein97,1,CCC(CC)CNCCCn1ccnc1,0
protein97,1,Cn1c(=O)n(CC2CCCCCCC2=O)c2ccccc21,0
protein97,1,Cc1nccn1-c1cc(Cl)nc(NC=C2CCC(C)(C)C2=O)n1,0
protein97,1,COc1cccc(Nc2ncnc(OC3CCCCC3)c2N=O)c1,1
protein97,1,CC(=O)C1C(=O)N(CC(C)(C)c2ccccc2CN(C)C)c2ccccc21,0
protein97,1,CC1(C)C(=O)Nc2cc(-c3cccc(NS(C)(=O)=O)c3)cc(-c3cc4ncnc(N5CCOCC5)c4s3)c21,1
protein97,1,CCC(CC)C(=O)Nc1nnc(-c2ccccc2Cl)o1,0
protein97,1,CCOc1ccc2c(c1)NC(=O)C(CCN1CCN(c3ccccc3)CC1)C2,0
protein97,1,CCC#Cc1c(Cl)nc(NC2CC2)nc1-n1cc(C(F)(F)F)c(-c2ccc(C(N)C3CCN(C)CC3)cc2)n1,0
protein97,1,Cc1c(-c2nc3ccccn3c2NC(C)C)[nH]c(C(=O)NCc2ccc(Cl)cc2Cl)c1CN(C)C,0
protein98,1,COc1cc(NC(=O)c2ccc(Oc3ccc([N+](=O)[O-])cc3)cc2)ccc1OCCNC(=O)CF,1
protein98,1,O=C(Nc1nc2ccccc2s1)C1CCN(S(=O)(=O)CCCc2ccccc2)C1,0
protein98,1,CCC1CC2C=NNCC2N1,1
protein98,1,CCn1nc(-c2ccc(Cl)nc2)c2ccc(Nc3nnccc3OC(F)(F)F)cc2c1=O,0
protein98,1,CC(C)(C)C1CN(Cc2c(Cl)ccc(-c3cccc(C(C)(C)S(N)(=O)=O)c3)c2S(=O)(=O)O)C(=O)N1,0
protein98,1,CC(C)C=CCn1c(N)c(N(C)C)c(=O)[nH]c1=O,1
protein98,1,CCN1CCC(c2nc(-c3ccc(Cl)cc3)no2)CC1,0
protein98,1,NC(=NO)c1ccc(O)nc1,1
protein98,1,O=C(Nc1ccc(C2C=CC3(CCS(=O)(=O)CC3)N2c2ccccc2)cc1Cl)C1CCC1,0
protein98,1,Cc1cccc(-c2cnn(CCCN3CCCCCCC3)c2)n1,0
protein98,1,CCn1cc(CN2CCN(C(=O)c3ccc(F)cc3)CC2)cn1,0
protein98,1,Cc1cc2nc(C)c(C(N)=O)nc2cc1Nc1cc(N)ncn1,0
protein98,1,CC(=C1C(=O)Nc2ccccc21)c1cc(C)[nH]c1C,0
protein98,1,CCS(=O)(=O)N1CCCN(c2nccc3cc(Cl)ccc23)CC1,1
protein98,1,CCS(=O)(=O)N(Cc1cccc2c(C#N)cn(Cc3ccc(F)cc3OC)c12)C(=O)c1ccncc1F,1
protein98,1,O=Cc1cccc(-c2ccc(OC(CCN3CCOCC3)c3ccc(Cl)c(Cl)c3)c(O)c2F)n1,0
protein98,1,Cc1ccccc1-c1ccc(NC(=O)C2CCN(CC(=O)Nc3cccc(C)c3C)CC2)cc1,0
protein98,1,CC1ON(c2ccccn2)C(=O)C1CN1CC(C(=O)N(Cc2ccccn2)c2cc(F)cc(Cl)c2)CC1=O,0
protein98,1,CC(C)Nc1ccc(COc2cc(N)c([N+](=O)[O-])cc2[N+](=O)[O-])s1,1
protein98,1,Cc1ccc(N2C(=O)CC(N3CCOCC3)C2=O)cc1,0
protein98,1,Cc1ncc2cc(C(=O)Nc3ccc(Cl)cc3NCc3ccccn3)[nH]c2n1,0
protein98,1,CCc1nc(Cc2cccc(-c3cn4ccsc4n3)c2)c2[nH]ccc2n1,0
protein98,1,O=C1Nc2ccccc2C=NC1CN1CCN(c2ncon2)CC1,0
protein98,1,O=C(Nc1ccc(F)cc1)c1ccccc1C(=O)n1ccnc1,0
protein98,1,CCc1cccc(CNC(=O)c2ccc(N3C(=O)CCC3(C)C)cc2)c1,0
protein98,1,Cc1ccc(Nc2nc(-c3cnn(CC4CNCCO4)c3C)c3ccccc3n2)cc1,1
protein98,1,CNc1ncc(Cl)c(N2CCN(C(C)=O)CC2)c1C#N,1
protein98,1,Nc1ccc(-c2nc(Nc3ccc(NC(=O)OCCF)cn3)c3ccccc3n2)cc1,1
protein98,1,CC1C2CC(C3CCC4(CCCc5ccccc54)O3)CC13SC(=NC3=O)N1CCN(CC1)C2,0
protein98,1,Cc1ccc2nc(C3=Nc4c5cccc4C(C)C3C(=O)N5)n(-c3ccc(C(N)=O)cc3)c2c1,1
protein98,1,CCN(CC)Cc1cn(-c2ccccc2)c(=O)c2scc(-c3c(Cl)ccc(OC)c3F)c12,1
protein98,1,Nc1nccnc1Nc1ccccc1C(=O)c1ccc(Cl)cc1,0
protein98,1,CCC1CN(C)C(=O)N1C(CC(C)(C)NC(C)(C)C)C(C)=O,0
protein98,1,CCC1CCCCN1c1[nH]c2cnc(C(=O)NC3CC=CC3N(C)CC(=O)O)cc2c1-c1ccc(F)cc1,0
protein98,1,CC(=O)OC1CC2=C(C(O)c3ccc(Cl)c(F)c3)CC1N(Cc1ccccc1)C2,0
protein98,1,CC(C)CC(Nc1nc2ccccc2c2[nH]c(=O)n(Cc3ccc(F)cc3)c12)C(=O)NC(C(=O)O)C(C)C,0
protein98,1,Cc1cc(F)ccc1Oc1nc(Nc2cc(S(=O)(=O)CC#N)ccc2-c2ncccn2)ncc1[N+](=O)[O-],1
protein98,1,CC(C)CC1C(=O)NN=C1c1c(O)ccc2cc(Cl)ccc12,1
protein98,1,O=S(=O)(NCC(CO)CCC1CCc2c(C(F)(F)F)ccc3c2CN1C(=S)O3)c1ccccc1,0
protein98,1,CC(C)CS(=O)(=O)N(C(=O)c1ccc(F)cc1F)c1ccc2c(Nc3ccc(F)cc3F)nccc2c1,1
protein98,1,CCCc1ccc(Cl)c2c(C=CC(=O)NO)cn(Cc3ccccc3)c12,0
protein98,1,CN1CCc2ncc(-c3cccc(N4CCOCC4)c3)cc21,0
protein98,1,Cc1ccc(N2CCCN(C(=O)c3ccncc3)CC2)nn1,1
protein98,1,Cc1ccc(C(=O)Nc2ccnc3c(C(F)(F)F)cccc23)cc1,1
protein98,1,N#Cc1ccc(N2CCCC2)c(Cn2cc(C(=O)CSc3ccc(OCCC(F)(F)F)cn3)c3ccccc32)c1,0
protein98,1,Cc1[nH]c2ccccc2c1-c1cc(C)n2nc(C(=O)Nc3ccc(C#N)c(Cl)c3)cc2c1,0
protein98,1,CCOC1CC(CCN2CCN(Cc3ccccc3-c3cccc(Cl)c3F)CC2)CCC1NC(=O)c1cnc(N)nc1O,0
protein98,1,Nc1cc(OCC2CCCCC2)c(C(=O)O)cc1Cl,0
protein98,1,O=C(NC1=NCCS1)c1cccnc1Oc1c(Cl)cccc1C(F)(F)F,0
protein98,1,CCC(C)C(N)C(=O)Nc1cc(Cl)nn1S(=O)(=O)c1ccccc1,0
protein98,1,Cc1cc2n(n1)-c1nc3ccccc3n1C(COc1ccc(C(C)(C)C)cn1)C2,0
protein98,1,CCCC1N(C(=O)C(C)(C)C)CCCN2CC3N(Cc4ccon4)S(=O)(=O)c4ccccc4C13C2=O,0
protein98,1,CC(C)=CC(=O)NC(C)c1c(C)cc(Nc2ccc(C(=O)O)cc2)[n+](Cc2ccccc2)c1C,0
protein98,1,O=C1C2CN(S(=O)(=O)c3cc(-c4cccc(O)c4)cs3)CC2(NCCC2CC2c2ccccc2)CCN1c1ccccn1,0
protein98,1,COc1cccc(NC(=O)c2cnc(C(F)(F)F)c(-c3cc(C)n(C(C)(C)O)n3)c2)c1,0
protein98,1,CCSCC(CCC1CCCNC1)(C1=NCCN1)c1ccncc1,0
protein98,1,CC(NC(=O)Nc1cccc(OCC2COc3ccccc3O2)c1)C(F)(F)F,1
protein98,1,Nc1nc(N)c2cc(Cn3ccc([N+](=O)[O-])c3)ccc2n1,1
protein98,1,O=Cc1ccc(O)cc1CC(=O)Nc1nc2cc(Cl)c(F)cc2s1,0
protein98,1,CC1CCN(S(=O)(=O)c2c(F)cccc2C(=O)Nc2ccc(NC(=O)c3ccccc3Cl)c(Cl)c2)CC1,0
protein98,1,Cc1nc(-c2cc([S+](C)[O-])ccc2C)cc(N2CCS(=O)(=O)c3ccccc32)n1,1
protein98,1,CC(C)N1CCN(C(=O)OCCCOC(=O)c2ccccc2Cl)CC1,0
protein98,1,Cc1cc(Cn2cc(C(=O)NC(=S)Nc3ccc(F)cc3)c3c(F)ccc(F)c32)no1,0
protein98,1,CCCCN1CC(NC(=O)c2cc3c(Cl)c(-c4cn(C5CN(C)C5)nc4C(F)(F)F)ccc3[nH]2)CSCC1=O,1
protein98,1,CCCNc1cc(OC)c(C=CS(=O)(=O)c2cc(C)ccc2NC(C)=O)cc1OC,0
protein98,1,CCCCNC(=O)c1ccccc1NC(=O)c1ccc2c(c1)nc(CCC)n2C1CCCO1,0
protein98,1,CC(=NOC1COc2cc(-c3ccccc3CNc3ccc(Cl)c(Cl)c3)ccc2O1)C(N)=O,0
protein98,1,Cc1cc(OCC(O)CN2CCCC(C)(C)C2)ccc1F,0
protein98,1,CC(CC(C)(C)C=O)=NNC(=O)CN1C(=O)c2ccccc2C1=O,1
protein98,1,CCOC(=O)C1C(=O)Nc2cc([N+](=O)[O-])ccc2N=C1C,1
protein98,1,CCCN(CC)C(=O)OC(CC=C(C)C)CC12Cc3c(c4cc(C(C)=O)c3NC1CCN1CCCC1C=C4)N2,0
protein98,1,CCCC(=NNc1ccc(S(=O)(=O)Nc2ccccc2)cc1)C(C)(C)C,0
protein98,1,Cc1ccc(NC2=NCCS2)cc1C,0
protein98,1,COc1ccc(-c2csc(NC(=O)c3ccc(F)cc3OC)n2)cc1NC(C)=O,1
protein98,1,CC1CCCC(N(Cc2ccccc2CC(N)C(=O)O)C(=O)c2ccc(F)c(C(N)=O)c2)C1,0
protein98,1,O=C(c1ccccc1)N1CCCC1CNc1cc2ncc(C(F)(F)F)c(=O)n2cc1F,0
protein98,1,COc1cc(Cl)ccc1NC(=O)N1CC(CNC(C)=O)CC1C(=O)NCc1ccccc1,0
protein98,1,CCCCC(Sc1cnc(-c2ccncc2)c(-c2ccccc2)n1)C(=O)NO,0
protein98,1,CCCCCC12OCCC1CNCCC1CCN(CC1)c1nc(N)ncc12,0
protein98,1,Cc1cnc(-c2ccc3c(c2Nc2nsc(C)c2C#N)C(=NO)CC2(CCN(C)C2=O)C3)nc1,1
protein98,1,O=C(Cc1cccc(OCC2CC2C(=O)O)c1-c1cccc(F)c1)NC1CCS(=O)(=O)C1,0
protein98,1,CSc1cc2c(cc1O)c(CNCCCCn1nc(Cl)c(Cl)c1C)c(C(F)(F)F)n2C,0
protein98,1,CN(C)c1ccc(Cl)cc1C(=O)Nc1ccc(C2(C)CN(c3ccccc3)C2)cc1,0
protein98,1,Cc1ccc(-n2c(C)nc(C)c2CS(=O)(=O)c2cccc(NC(=O)c3cccc([N+](=O)[O-])c3)c2)nn1,1
protein98,1,O=C(Nc1ccccc1N1CCCC1)c1cn(C2CC2)c2cc(N3CCOCC3)c(F)cc2c1=O,1
protein98,1,NC(c1ccc([N+](=O)[O-])c(O)c1)C(C(=O)O)c1c(Nc2ccc(F)cc2F)[nH]c2cc(Cl)ccc12,1
protein98,1,Nc1nccc2c(S(=O)(=O)N3CCC4(CC=CC4)C3)ccc(N3CCCCCC3)c12,0
protein98,1,O=C1NC(=O)C2(CCc3cc(N4CCCC4=O)ccc3C2)N1,0
protein98,1,Cc1ccc(C2=CN3C4=C(CC(=O)N4CC(=O)Nc4ccc(C)c(C)c4)C(=N2)c2ccccc23)cc1,0
protein98,1,CC1CCCCN1c1c(C2=NCC(=O)Nc3ccccc32)cc(Cl)cc1-c1cnn(CC(O)CO)c1,0
protein98,1,Nc1cc2c(cc1Cl)NC(=O)C2=Cc1ccc(Cl)cc1,0
protein98,1,CCN(CC)c1nc(C(F)(F)F)nc2cc(-c3ccc(OC)cc3C)sc12,1
protein98,1,Cc1noc(-c2cccc(Nc3ncnc4c(OCCO)c(C(F)(F)F)ccc34)c2)n1,1
protein98,1,CCOC(=O)c1cccc2c1nc(-c1ccc([N+](=O)[O-])cc1)n2CC,1
protein98,1,CC(C)CN(Cc1coc(-c2ccc(OC(F)(F)F)cc2)n1)C1CCCC1,0
protein98,1,CCOC1C(=O)N(c2cc([N+](=O)[O-])cc(C(F)(F)F)c2)C(=O)NC1(C)C,0
protein98,1,O=C(CCCn1c2ccccc2c2c3ccccc3[nH]c(=O)c21)Nc1ccc2c(c1)CCC2CCN1CCOCC1,0
protein98,1,CCc1nn(C)c2c1N(C(=O)C(F)(F)F)CCCN2c1sc(-c2ccc(OC)nc2)nc1-c1ccccn1,1
protein98,1,O=C(c1ccc2c(c1)OCCCO2)N(C1=NCCS1)c1ccccc1,1
protein98,1,Cc1cc(NC(=O)CSc2cc(C(=O)O)ccc2N2CCOCC2)cs1,0
protein99,1,COc1cccc2c1C(NC(=O)c1cnc(S(C)(=O)=O)nc1)CC(C)(c1ccc(C(F)(F)F)cn1)C2,1
protein99,1,CC(C)(C)N=c1c(O)c(O)c1=Nc1ccccc1,0
protein99,1,Cc1ccc(C)c(OCC(=O)Nc2ccc(Cl)c(S(C)(=O)=O)c2)c1,0
protein99,1,CCN(CC)S(=O)(=O)c1ccc(C)c(NC(=O)c2cnn(-c3cccc4c3OCCO4)c2O)c1,0
protein99,1,CCN(CC)c1ccc(C(=O)O)c(C(=O)Nc2cc(S(=O)(=O)c3cccnc3N)c(C#N)cc2Cl)c1,1
protein99,1,CCOc1ccc(S(=O)(=O)N2CCN(Cc3cccnc3)CC2)cc1N1C(=O)CCC1C,0
protein99,1,O=C(Nc1ccc(Cl)cc1N1CCCC1)c1cc(Oc2ccc(C(F)(F)F)cn2)cc2ncccc12,1
protein99,1,Cc1oc(C(C)(C)C)nc1C(=O)NCCS(=O)(=O)c1ccc(C(=N)N2CCC3CCCCC32)cc1,0
protein99,1,Cc1ccc(C2CC(=O)NN=C2c2ccnc3ccccc23)cc1,1
protein99,1,CCC1C(N2CCCc3ccc4c(-c5cnc(N)nc5)cc(-c5cccc(F)c5)nc4c32)CCCN1C(N)=O,1
protein99,1,Cc1nc(-c2ccccc2)c2ccccc2n1,1
protein99,1,Cc1ccccc1N(CCC(C)C)S(=O)(=O)c1cccnc1,1
protein99,1,Cc1ccc(CC2(Oc3ccccc3)CCN(CCN3CCCC3)CC2)cc1,0
protein99,1,CCc1cnc(Nc2cccc(S(=O)(=O)N3CCCCC3)c2)c(Cl)c1,0
protein99,1,CCn1c2c(c(=N)c3ccccc31)C(=O)N(c1ccccc1)C2O,1
protein99,1,O=C(NCc1coc(-c2ccc3c(c2)OC(C(=O)[O-])CS3)n1)c1ccco1,0
protein99,1,CCCCCCNc1nc(N)nc2ccccc12,0
protein99,1,Cc1ccc(-c2cnn3c(Nc4cccc(F)c4)cc(C4CC4)nc23)cc1O,0
protein99,1,CC1(C)C=Cc2cc(CCN3CCCCc4nc5cccc(C(N)=O)c5nc43)ccc2O1,1
protein99,1,CC(CC(=O)Nc1ccc2ncn(CCBr)c2c1)CC(C)C(F)(F)F,0
protein99,1,Cc1cccc2[nH]c(-c3ccccc3NC(=O)C[N+](C)(C)C(=O)c3ccccc3F)nc12,1
protein99,1,Cc1nc2c(C)cccn2c1-c1cccc(S(=O)(=O)Nc2nccs2)c1,0
protein99,1,CC(C)CS(=O)(=O)Nc1c(F)cnc(NC(=O)C2CCN(c3c(F)cccc3F)CC2)c1F,0
protein99,1,CCCN1CCN(c2nc3c(c(SCc4ccccc4F)c2C#N)OCCN3C(C)C)CC1,0
protein99,1,CC=Nc1ccc(OCC(O)CN(C)CCC(=O)C(C)C(C)C)cc1,1
protein99,1,CCCC=C1C(=O)Nc2ccccc21,0
protein99,1,CCCn1c(SCC(=O)Nc2c(F)cccc2F)nc2ccccc21,0
protein99,1,CC1(C)CC(Nc2nc(-c3ccc(C#CC(O)(Cc4ccccc4C#N)C4CCOCC4)nc3)ncc2F)C(=O)O1,0
protein99,1,CC1CCN(C(=O)CC2CCN(CC#Cc3ccccc3)CC2)CC1,0
protein99,1,CCn1c(SCc2c(F)cccc2F)nc(NC(=O)c2ccco2)c1[N+](=O)[O-],1
protein99,1,NCCc1c[nH]c2cc(F)c(C3CSC(=S)N3C(=O)O)cc12,0
protein99,1,CCN(CCC1=CCCCC1C)CCc1nc(N)c2ccccc2n1,1
protein99,1,Cc1cc2c(-c3c4c(c(C)n3C)C(=O)Nc3cc-4n(CCO)n3)c[nH]c2cc1F,0
protein99,1,Cc1c(C(N)=O)n(CC(=O)NC2CCc3ccccc3C2)c2ccccc12,1
protein99,1,Cc1ccsc1C1(C(F)(F)F)NC(=O)c2ccccc2C(=O)c2[nH]cnc21,0
protein99,1,Cc1cc(Nc2ccc(S(N)(=O)=O)cc2[S+](=O)([O-])[O-])c2ccccc2n1,1
protein99,1,CCn1ncc2c1CCCN2CCN1CCOCC1,1
protein99,1,O=NN1CCSC1=S,1
protein99,1,CN1C2CCCC1CCC2,0
protein99,1,Cc1cc(N2CCNCC2)ccc1Nc1nc(-c2cccnc2)nc2c1cnn2C,1
protein99,1,CCN(CC)CCn1c(-c2ccccc2)c(CN2CCOCC2)c2ccccc2c1=O,1
protein99,1,CC1(S(N)(=O)=O)CCCCC1=NNc1ccncc1,0
protein99,1,Cc1ccc(-c2c(C)n[nH]c2Oc2ccccc2F)c(F)c1Oc1cccnc1,1
protein99,1,NC1=C(Cl)C(=O)CN1CC1CC1,0
protein99,1,CC(C)CC(N)C(=O)NC1CCC(CCN2CCCC(CNC(=O)c3cccnc3O)C2)CC1,0
protein99,1,CCOc1cc(NC(C)=O)ccc1N(C)C(=O)c1cnc(OC2CCOCC2)nc1,0
protein99,1,Cc1ccc(C#N)cc1-c1ccc(Nc2ccc([N+](=O)[O-])cc2[N+](=O)[O-])nn1,1
protein99,1,CCOc1cc(C(=O)Nc2ccccc2[N+](=O)[O-])c2cc3c4c(sc3cn2c1=O)Cc1ccccc1C4N,1
protein99,1,CC(=O)Nc1c2c(ccc(NC(=O)C3CCCCC3C)c1=O)CC(=O)OC(C)(C)C2,0
protein99,1,O=CNc1cc(-c2nc3ccc(F)c(C(F)(F)F)c3s2)ccc1N1CCNCC1,1
protein99,1,Cc1nn(-c2nc(CNc3cc(-c4cccnc4)ncn3)co2)c(C)c1C(F)(F)F,0
protein99,1,CC1(CS(=O)(=O)N2CCOCC2)CCN(c2ncccc2NS(=O)(=O)c2ccc(F)cc2)CC1C1CC1,0
protein99,1,CC1C(=O)Nc2cc(C(F)(F)F)ccc2N1Cc1ccccc1,0
protein99,1,CCOC(=N)NN=C1NC(=O)C2(C)CCCC1C2,0
protein99,1,O=C(Nc1ocnc1Cc1ccccc1)c1ccc(O)c(OC(F)(F)F)c1,0
protein99,1,Cc1cc(-c2nc3c(C)cccn3c2N2CCN(C)CC2)nc(Nc2ccccc2Cl)n1,0
protein99,1,Cc1ccc(-n2cc(C(=O)C(=O)N(C)CCCC#N)c3cc(Cl)ccc32)c(C)c1,0
protein99,1,CCCC1CCC(=O)N1c1nc(-c2ccc(OCc3cccc(Cl)c3F)nc2)c(C(C)(C)O)s1,0
protein99,1,CS(=O)(=O)c1cccc(Nc2cc(-c3cnc(N4CCCOCC4)c(C(N)=O)c3)ncn2)c1,0
protein99,1,CCn1c(Cc2cccc(OC)c2)c(C=O)c2ccccc21,1
protein99,1,O=C(Cc1ccc([N+](=O)[O-])cc1)Nc1cc(-c2cccnc2)ccc1N1CCCC1,1
protein99,1,O=C(CCNC(=O)C1CC(c2ccccc2)CN1S(=O)(=O)O)NO,1
protein99,1,Cc1sc2ncnc(NCC3CN(C)CCO3)c2c1C,1
protein99,1,CC1=NN2CC(O)C1CSC2=S,0
protein99,1,CCC(CC(=O)N1CCCCC1C(OC(F)(F)F)c1ccc(C(F)(F)F)cc1)c1ccccc1,0
protein99,1,CCN1c2nc3ccncc3cc2-c2c(Cl)cc(Cl)cc2C1N1CCCC1,0
protein99,1,CCCCN(CC)c1ccc(C(=O)NCCCNC(C)(C)C)c(OC)c1,1
protein99,1,Cc1coc2nc(SCc3ccccc3Cl)nc(C)c12,1
protein99,1,CCN(CC)CCn1c(-c2ccc(C(C)C)cc2)cc(S(=O)(=O)N(C)C)c1C,0
protein99,1,CCn1c(CNc2ccc(OCC3CCCCC3)c(OC)c2)nc2ccccc21,1
protein99,1,Cc1c(Cc2ccc(F)cc2)c(=O)oc2ccccc12,0
protein99,1,CCN(CC)CCn1ncc2c(C)n(C)c(=O)n2c1=O,0
protein99,1,CN(C)CCn1cccc1-c1nc(N(C)C2CCCC(C)(C)C2)c2cc(-c3ccc(Cl)cc3)ccc2n1,0
protein99,1,CCN(CC)S(=O)(=O)c1ccc(C(=O)NC2CCCC2)c(N)c1,0
protein99,1,CC(C)NCCSC(=S)N1CCN(Cc2cccc(OCC3CC3)c2)CC1,0
protein99,1,CCCC(C)=C(C)C(=O)Nc1ccc(S(=O)(=O)Nc2nccs2)cc1,0
protein99,1,CCN1C(=O)OC(C)c2cc(C)c(C3NC(=O)Nc4c([nH]c(COC(=O)C5CC5)cc4=O)C4CCC3C(C)C4)c(C)c21,1
protein99,1,Cc1cc(C(F)(F)F)nn1-c1ccc(S(=O)(=O)Nc2nccs2)cc1,0
protein99,1,CN1CC2(N3CCc4oc(-c5cc(Cl)c(O)cc5O)c(C(=O)O)c4C3)C(=O)C1CC2O,0
protein99,1,CCN(CC)C(=O)C(Cc1ccc(C(F)(F)F)cc1)OC(=O)c1ccc(Cl)cc1Cl,0
protein99,1,O=c1c(-c2c(F)cccc2F)c2n(c3ccc(Cl)cc13)S(=O)(=O)CC2,0
protein99,1,CCn1cc(-c2ccc(C(F)(F)F)c(=O)[nH]2)c2cccc([N+](=O)[O-])c21,1
protein99,1,Cc1nc(C)c(CCN(c2cccc(Cl)c2)c2nc3ccnc(C(F)(F)F)c3s2)[nH]1,0
protein99,1,CC(=O)N1CCN(c2cccc(C)c2C)CC1,0
protein99,1,O=C1CN(CCCCCCC(F)(F)F)c2ccccc2N1c1cccc(O)c1,0
protein99,1,CCC(NC(=O)Nc1ccc(F)c(OC)c1)C(=O)N(C)Cc1ccc(Cl)cc1Cl,0
protein99,1,CCNC(C)(C)Cc1ccccc1,0
protein99,1,CCNC(=O)c1cc2ccc(OC)cc2n1-c1ccc(C#N)c(C(F)(F)F)c1,0
protein99,1,CC(C)CCn1c(Cc2ccccc2)nc2ccc(C(=O)N3CCN(CCO)CC3)cc21,0
protein99,1,O=C1Nc2ccc(O)cc2C=Cc2ccccc21,0
protein99,1,CCOc1c2c(nc3ccccc13)CC1C(C)C2CCN1Cc1cc(O)no1,1
protein99,1,Cc1cc(C(=O)NC2CCC(F)CC2)cc(-n2nc3ccccc3n2)c1C,0
protein99,1,CCCN1CCC(Oc2ccc(-c3cccc(N=NN(C)C)c3)cc2)CC1,1
protein99,1,COc1cccc(NC(=O)Cc2ccc(C)o2)c1,0
protein99,1,O=C(NCc1ccccn1)c1ccc(Nc2cccc(Cl)c2Cl)nc1,0
protein99,1,CC(=NC1CCCN(c2ccc(Cl)cc2-n2cncn2)C1C(C)CCl)c1c(O)noc1C(F)(F)F,0
protein99,1,CCn1c(-c2ccncc2)nc2cc(NC(=O)c3cccc4c3N(C)CC4)ccc21,1
protein99,1,CCN(CC)Cc1ccccc1NC(=O)c1cn(C(C)(C)C)c2c(O)c(N3CCCCC3)c(F)cc2c1=O,1
protein99,1,O=C(COC(=O)c1ccccc1[N+](=O)[O-])NC1CCCC1,1
protein99,1,Cc1c(C#N)cccc1NC1=NCCN1C,0
