Protein,Run_ID,SMILES,Toxicity_Label
protein1,1,CC1(C)c2ccccc2CC(c2cnccn2)N1CCCO,0
protein1,1,CCn1c(C2=CCN(S(=O)(=O)c3ccccc3)CC2)nc2ccc(-c3cnc(C)nc3N)cc21,1
protein1,1,O=C(CO)N1CCC2(CCCCC2(O)c2ccccn2)CC1,0
protein1,1,O=C(Nc1cnc(Nc2ccc(Cl)cc2S(=O)(=O)N2CCOCC2)c2ccccc12)c1cccc(O)c1,0
protein1,1,COC(=O)C1=CC(c2cccc(OC)c2OC)C(C)N1,1
protein1,1,Fc1ccccc1-c1c[nH]c(-c2ccnc3ccc(C(F)(F)F)nc23)n1,0
protein1,1,Cc1nc2cc(-n3ccnc3CCS(C)(=O)=O)ccn2c1C(C)C,0
protein1,1,CCCN1CCCCC1Cc1c[nH]c2ncccc12,0
protein1,1,CCCNS(=O)(=O)c1ccc2c(c1)C(N(C(=O)CCl)c1ccccc1Cl)C(=O)N2,1
protein1,1,CC(C)C(C)NC(=O)c1cc([N+](=O)[O-])c(-n2[nH]c3ncc(-c4cc(N(C)C)ccc4F)cc3c2=O)cc1N,1
protein1,1,CCOC1c2ccccc2C(=O)N1c1cc(-c2ccc(C)cc2)n(-c2ccc(OC3CCN(C)CC3)cc2)n1,1
protein1,1,CC(C)(C)OC(=O)NC1CCC(n2cc(-c3noc(N4CCOCC4)c3-c3ccncc3)n3cccc3c2=O)CC1,1
protein1,1,O=C(O)c1cccc(-c2ccc(C(=O)Nc3nccs3)s2)c1,0
protein1,1,Cc1ccc(-n2nc3c(N4CCCCCC4)nccc3c2C(=O)NC2CCCC2)cc1,0
protein1,1,Cc1c(CSc2nc3ncccc3o2)nc2cc(Cl)cc(=O)n2c1C,0
protein1,1,N#Cc1ccc(NC(=O)c2cccc(ON3CCC(c4ccc(N)cc4)CC3)c2)cc1C(F)(F)F,0
protein1,1,CC(=O)Nc1cc(C)n(-c2ccc(S(=O)(=O)Nc3cc(C(F)(F)F)ccn3)cc2)c1C,0
protein1,1,CCC1OCCC(NS(=O)(=O)c2ccc3c(c2)CCO3)C1c1ccc(Cl)cc1Cl,0
protein1,1,CCN1C(=O)c2ccccc2C1c1nc(-c2cccc(Cl)c2)n[nH]1,1
protein1,1,Cc1ccc(CNC(=O)c2nc(-c3cccc(Oc4ncc(F)cn4)c3)cs2)cc1,1
protein1,1,Cc1oc2c(Cl)c(=O)c(C(=O)O)cn2c1C(C)c1ccccc1,0
protein1,1,O=C(Nc1ncc(S(=O)(=O)N2CCCCCC2)s1)c1ccc([N+](=O)[O-])cc1,1
protein1,1,O=C(NC1CCCC1)c1n[nH]c(Nc2cc(-n3cccn3)c(Cl)cc2Cl)c1-c1c(F)cc(F)cc1F,0
protein1,1,CCCCNC1=NC(C)C(O)CC(CCN2CCN3Cc4ccccc4CC3C2)C1,0
protein1,1,Cc1nnc(-c2ccccc2C(=O)Nc2ccsc2C(=O)O)n1N=Cc1cccnc1,1
protein1,1,Cc1cc(C(=O)NCCCCN2CC(C)C(c3ccc(S(C)(=O)=O)c(Cl)c3)C2CO)no1,0
protein1,1,CC(=O)OCc1nc2cc(Cl)ccc2n1-c1ccccc1,0
protein1,1,Cc1ccccc1Nc1n[nH]c(-c2ccccc2-n2ccc(C(=O)N3CCOCC3)n2)n1,0
protein1,1,Cc1ccc(CN2CCC(NC(=O)c3sc4c(c(C)nn4-c4ccccc4)c3C(C)C)CC2)o1,1
protein1,1,CCCc1cnn2c(Nc3ccccc3)cc(C)nc12,0
protein1,1,CC(C)CC=C(O)C1(NC(=O)C2CCCCC2)Cc2cccc(O)c2C1,0
protein1,1,Fc1ccc(NC(=S)OC2(n3ncc(Cl)c3Cl)CCCCCCC2)c(F)c1,0
protein1,1,CCC(=O)c1cncc(-c2ccc3c(c2)C2C(CC(N)=O)c4ccc(OC)cc4OC2(C)CC3)c1,0
protein1,1,CCn1ccc(C(=O)Nc2cc(C)ccc2C(=O)Nc2ccc([N+](=O)[O-])cc2)n1,1
protein1,1,CCn1cc(CCCCCN2CCN(c3cc(C(C)(C)C)on3)CC2)c2ccccc21,0
protein1,1,Cc1c2nccc(Nc3c(F)cc(F)cc3Cl)c2c(C2CCCNC2)n1CCN1CCCC1,1
protein1,1,Cc1ccc(-n2c(=O)nc(CN(C)C)c3ccccc32)c(C)c1,1
protein1,1,O=c1[nH]c(-c2ccccc2Cl)c2c(c1S(=O)(=O)c1ccc(F)cc1)CCCC2,0
protein1,1,Clc1cccc(OCCCSc2ccncc2)c1Cl,0
protein1,1,NCCN1CCc2ccc(O)c(O)c2C1,0
protein1,1,CC(=O)OCCCOc1ccc(-c2cnn(O)c2)cc1CNc1ncc(F)c(C)c1F,0
protein1,1,O=C(OCCN1CCCCC1)c1c(I)nn2c(-c3ccccc3)ccnc12,0
protein1,1,CC1Cc2ccccc2N1C(=O)C1(NC(=O)Nc2cccs2)CCCCC1,0
protein1,1,O=C(c1cn2c(c1-c1cc(F)cc(F)c1)-c1ccccc1OCC2)N1CCCC1,0
protein1,1,CCCOc1c2c(cc3cccnc13)OCC(=O)C=C(N)O2,1
protein1,1,CC1=CCC(C)(c2cnc(-n3ncc4c3CCC4(c3ccc(F)cc3F)N3CCOCC3)nc2O)CC1,0
protein1,1,Cc1cc2c(cc1NC(=O)c1ccccc1Cl)N(Cc1cccs1)C(=O)CS2,0
protein1,1,CCCCC(CC)C1C(c2ccccc2)CCCN1N=O,1
protein1,1,CC1(C)C(CCc2ccc(F)cc2Cl)CC1NC(=O)c1c(Cn2cccc2)ccc(O)c1O,0
protein1,1,CCCCOC1CCC(CN2CCCCC2=O)CC1N(CC(F)(F)F)S(=O)(=O)c1ccc(-c2ccc(S(C)(=O)=O)cc2)cc1C,0
protein1,1,CCOc1ccccc1N(CC(=O)N1CCCC1)S(C)(=O)=O,0
protein1,1,CCC(C)(C)C(CCC1CNC(=O)O1)NS(=O)(=O)c1cccc(Cl)c1,0
protein1,1,O=C1Cc2cc(-c3ccccc3)c(S(=O)(=O)N3CCCCC3)cc2C(=O)N1c1ccccc1,0
protein1,1,Cc1ncc(-c2ccccc2Cl)n1-c1nc(C(F)(F)F)nc2ccc(N)cc12,1
protein1,1,CCCN(C)CC(O)(c1cccc(-c2ccc3nc(C(=O)O)n(C(C)C)c3n2)c1)c1cccc(C(F)(F)F)c1,0
protein1,1,COc1cccc2c1c1ccccc1n2CC(C)O,1
protein1,1,O=C(Nc1ccc2c(c1)OCCO2)C1=CC(NC(=O)c2cccc(NC(=O)c3ccccc3O)c2)CC1CO,0
protein1,1,Cc1cncc(C(=O)Nc2ccc3c(c2)nc(SCC(=O)Nc2c(F)cccc2F)n3Cc2ccccn2)c1,1
protein1,1,Cc1ccc(-c2nnc(NC(=O)c3cc(C)c(C)c4ncccc34)s2)c(C)c1,1
protein1,1,COc1ccc(-c2c(CSCC(=O)Nc3ccc(C(C)=O)cc3)c(C)n(-c3ccccc3)c2C)cc1,0
protein1,1,CCOC(=O)C1c2cc(Cl)ccc2C(=O)N1CCCn1c(N)nc2cc(C(F)(F)F)ccc21,0
protein1,1,O=C(Nc1ccccc1N1CCCCC1)c1cnccn1,1
protein1,1,CCOC(=O)c1ccccc1NC(=O)c1ccccc1,0
protein1,1,CC(C)CCN1CCN(c2cccc(Cl)c2Cl)CC1,0
protein1,1,Cc1noc(CN2CCC3(CCNC(=O)C3)CC2)n1,0
protein1,1,O=C(COCC=Cc1ccccc1)N(CCc1c[nH]cn1)c1ccccc1C(F)(F)F,0
protein1,1,CCCC(C)CCCC(C)C(=O)N1CCN(CCO)CC1,0
protein1,1,Cc1nc(-c2ccc(-c3ccc(F)c(C(F)(F)F)c3)o2)sc1C(=O)NC1CCCC1CN1C(=O)c2cccnc2C1=O,1
protein1,1,CCn1nc2c(=O)[nH]c(=S)n(C)c2nc1=O,0
protein1,1,COc1ccc(NC(=O)C(=O)c2cn(C(C)C)c3ccccc23)c(Cl)c1,0
protein1,1,CC(C)CC(C)Nc1nccc2c1CCCC2NC(=O)c1ccccc1C(F)(F)F,0
protein1,1,CCc1ccccc1NC(=S)NC(=O)c1c(C)oc2ccc(C(F)(F)F)cc12,0
protein1,1,O=C(Nc1ncc(F)s1)Nc1cc(OC(F)(F)F)ccc1Oc1ccc(O)c([N+](=O)[O-])c1,0
protein1,1,Cc1ccc2cc(-c3cnc4c(c3)CCN4C(=O)c3ccccc3)cnc2c1N,1
protein1,1,S=C(Nc1ccc(Cl)cc1)N1CCCC2(CC3CCN(c4ccncc4)C3CO2)C1,0
protein1,1,CC1(C)CC(O)CN(Cc2cn3c(n2)-c2ccc(-c4cccnc4)cc2CC3)C1,0
protein1,1,CC(C)NC1=NC=NC2(c3ccc(N4CC(Cl)C4)c(C#N)c3)C=C3C=CC(O)=NN3C=C12,0
protein1,1,Cc1cccc(F)c1N=C(S)N1CCC(c2ncccn2)CC1,1
protein1,1,Cc1cc(N(C)C)nc(N(C)CCN2CCC(c3ccc([N+](=O)[O-])cc3)C(C(=O)O)C2)n1,1
protein1,1,CCOc1ccc(Cc2cccc(-c3ccc(S(=O)(=O)OC(C)=O)cc3)n2)cc1,0
protein1,1,CC(=O)c1cc(C(=O)NN=C(C)c2cccc(O)c2)c2ncc(C(F)(F)F)cc2c1,0
protein1,1,CCN(CC)S(=O)(=O)c1ccc(Nc2ncc(Cl)c3cc4c(cc23)OCCO4)cc1,0
protein1,1,CCOC(=O)C1CCCN1Cc1ccccc1,0
protein1,1,CCCC=C(C#N)CCCCCC1CC(O)CC(=O)O1,0
protein1,1,CCCCC(CC)NC(=O)c1cc(-c2ccc(OC(F)(F)F)cc2)n(-c2ccccc2)n1,0
protein1,1,CC(C)CN1CC2CCCN(c3nnc4ccccc4n3)C2C1,0
protein1,1,COc1cc(C(C)(C)C)ccc1Nc1nccc2ccc(C3CC3C(=O)Nc3c(C)cccc3Cl)cc12,0
protein1,1,Cc1cccc(C)c1-n1c(C=C2C(=O)Nc3ccccc32)nc2ccccc2c1=O,1
protein1,1,Cc1ccc(NC2(C)CCC(=O)N(Cc3c(C)nn(C)c3N(C)C)CC2)cc1,0
protein1,1,COc1cc(C(=O)O)ccc1Nc1nc(C)cc(-c2cn(C(C)C)c3cccc(O)c23)n1,1
protein1,1,CCn1ccc2ccc(NC(c3cc(F)ccc3O)c3cc4ccccc4nc3N)cc21,1
protein1,1,CCC(CC)N1CCC(CC(=O)NO)CC1,0
protein1,1,O=C(O)CC1C=CCC(c2cc(-c3cnc4c(c3)SCCN4)ccc2OC(F)(F)F)C1,0
protein1,1,CC(C)S(=O)(=O)Nc1cc2ncn(CC(=O)Nc3ccc(F)cc3)c2cc1NCC(F)(F)F,0
protein1,1,O=Cc1cc2c(s1)CCCC2,0
protein1,1,CCN1c2ccc(F)cc2-c2cc(Cn3cc(-c4ccc(C#N)cc4NC(=O)c4cc(C)n(C)n4)c4ccn(C)c4c3=O)nn2C1C(F)(F)F,1
protein1,1,Cc1nn(-c2ccccc2)c(N)c1C(=O)N(C)C1CCC(C)CC1,0
protein1,1,O=C1CC(NCc2cccc3ncoc23)C(=O)N1c1ccccc1[N+](=O)[O-],1
protein1,1,O=c1[nH]c2ccccc2c(O)c1S(=O)(=O)N1CCOCC1,0
protein1,1,CCC(NC(=O)C1CC1(C)C)C(=O)NCc1ccc(CO)c(F)c1,0
protein10,1,CCS(=O)(=O)OC1CCCCC1NCc1cc(Cl)c(S(N)(=O)=O)c(C(F)(F)F)c1,0
protein10,1,O=C(NN=C(c1ccc(Cl)cc1Cl)C1CCCCC1=O)c1ccncc1,0
protein10,1,CCN1CCN(c2cc(C(C)(C)C)nc3ccc(N)cc23)CC1,1
protein10,1,CC(C)CCCOc1ccccc1C=C1C[SH](=O)(N2CCN(Cc3ccccc3)CC2)CC1=O,0
protein10,1,CCC(C)(C)n1ncc2c1C(=NO)c1cc(OCC(F)(F)F)ccc1-2,1
protein10,1,Cc1ccc2c(c1)C1CCc3ccccc3N1C(=O)CN2S(=O)(=O)c1cccs1,0
protein10,1,O=C(O)CCCCC#CC1COC(=O)N1CC1CN(c2ccc(Cl)cc2)C(=O)N1,0
protein10,1,CC1=CC2CC(=O)N(C3CC3)C2C(=O)NC(CO)c2ccc(cc2)CN(S(=O)(=O)c2ccc(-c3ccc(C(F)(F)F)nc3)cc2)CCN(C)CC1,0
protein10,1,CCC1CN(C(=O)c2ccc3c(c2)C=CCO3)C2CCS(=O)(=O)N(CCCCO1)C2,0
protein10,1,CCCC(=O)N(CC)Cc1nc(Nc2cccc(OC)c2)nc2ccncc12,0
protein10,1,CCN(CC)CCn1c2c(c(Cl)c1-c1cccnc1-n1cc(NCC#N)nc1N)CC(C)(C)C(C)(C)C2,1
protein10,1,CCCCOc1cc2c(c(OC)c1)C(=O)C(CCCC)NC2,0
protein10,1,CCNc1nccc(-c2c(-c3ccc(OC4CCCO4)cc3)c(C3CC3)cn2-c2ccc(F)cc2)n1,1
protein10,1,CCn1cc(S(=O)(=O)Nc2ccc(C3(C)C(=O)Nc4ccccc43)cc2)cn1,0
protein10,1,CCCCCC(C)CNc1cccc(O)c1C,0
protein10,1,O=C(NC1=NCCS1)c1cc(F)ccc1F,0
protein10,1,O=C(N=C1NC(=O)C2(CCCCC2)S1)c1ccccc1Cl,0
protein10,1,O=C(Nc1nnc(-c2ccncc2)s1)c1cccc(OC(F)(F)Cl)c1,0
protein10,1,CCC1c2ccccc2Nc2nc(=O)sc(C#N)c21,1
protein10,1,CCCCc1ccc2c(=O)n3nc(Nc4ccc5c(c4)OCCO5)sc3nc2c1C,0
protein10,1,CC1CCC(C(=O)Nc2nc(-c3cccnc3F)c[nH]2)CC1,0
protein10,1,CC(C)CC(=O)Nc1ccc(CN2CCC(c3c4c(cc5c3[nH]c3ccccc35)NC(=O)C4=O)C2)cc1Cl,0
protein10,1,O=C(CNC(=O)c1cccc(Cl)c1)NCc1cccc(F)c1F,0
protein10,1,NC(=O)c1c(NC(=O)c2cccc(C(F)(F)F)c2)sc2c1CCC21CCC1,0
protein10,1,CCC(CC)NC(=O)CN1CCCC(CCN(C(=O)c2cnccn2)c2ccc(Cl)c(Cl)c2)C1,0
protein10,1,CC1=C(c2ccc(O)cc2O)C(c2cc(O)ccc2CC(C)C)C(O)CC1,0
protein10,1,CCCC(CC1(CO)CN(C(=N)N)C1)c1cc2ccccc2s1,0
protein10,1,Cc1[nH]c2ccccc2c1C(=O)CN(C)Cc1ccc(C(C)(C)C)cc1,0
protein10,1,CC(C)CC1CCn2ccc(c2)-c2nc(c3cc(Cl)c(Cl)cc3n2)N1,0
protein10,1,O=C1CCCC(=NNC(=O)CN(Cc2c(Cl)cccc2Cl)C(=O)c2ccccc2)C1,1
protein10,1,CCc1cc(COc2ccc(C(=O)N3CCCCC3)c(Cl)c2F)on1,0
protein10,1,Cc1cccc(NC(=O)c2ccc(N3CCNCC3)cc2S(=O)(=O)Cc2c(C)cccc2C)n1,0
protein10,1,O=C(Nc1cc(OC2CCN(CC(F)(F)F)CC2)ccc1-c1cccnc1)C(F)(F)F,0
protein10,1,CCN1CCCCC1Cn1nc(-c2ccccc2F)c2c1CCCC1CCC(CCNC(=O)C(NC(=O)c3ccco3)=C2)N1C,1
protein10,1,Cc1ccc2[nH]nc(-c3c(O)c(NC(=O)c4cccnc4)nc4ccccc34)c2c1,1
protein10,1,Cc1sc(-c2cccc(OCc3nnc(N)o3)c2)cc1-c1nnc(C2CC2)o1,1
protein10,1,Cc1cccc(NCc2ccc(C(=O)N3CCN(C4CCCC4)c4ccccc43)cc2)n1,0
protein10,1,Cc1ccc(-c2cc(C)c(C3OCCN(C(=O)C(F)(F)F)C3C)o2)nc1N(C)C,1
protein10,1,CC(=O)N(c1cccc([N+](=O)[O-])c1)c1nc(C)cc(-c2ccc(Cl)cc2)n1,1
protein10,1,CCCC(NC(=O)C1CCCC(N2CCN(C(=NC(=O)c3ccccc3F)Nc3cc(Cl)ccc3C)CC2)C1)C(=O)O,0
protein10,1,CC1CCN(c2nc3ccc4[nH]c(=Nc5ccc(F)cc5)sc4c3cc2C#N)CC1O,1
protein10,1,CCC1C(=O)N(C)C(=O)c2cc(-c3cc4cc(OC)ccc4[nH]3)ccc2N1C,1
protein10,1,O=C(NCc1ccccc1Cl)c1cnc(Nc2c(Cl)cccc2Cl)c([N+](=O)[O-])c1,1
protein10,1,NC(c1ccccc1)c1cccc2c(O)c(CO)c3c(cnn3Cc3ccccc3)c12,1
protein10,1,CC(C)C(C(=O)NCCC(C)(C)C)N1C(=O)c2ccc([N+](=O)[O-])cc2C1=O,1
protein10,1,O=C(Nc1sccc1C(=O)NCC(F)(F)F)c1ccccc1Cl,0
protein10,1,Cc1nc2c(-c3cc(F)cc(CN(C)CC4(c5c[nH]cn5)CCOCC4)c3)cnn2c2c1CCCN2,0
protein10,1,CCN1C(=O)C(c2ccccc2)N=C(c2ccccc2)C1C(=O)Nc1cccc(C#N)c1,0
protein10,1,CCCn1cc(C2=NC(OC)C(=O)N(C)c3ccccc32)c2ccccc21,1
protein10,1,CC1=C(C(=O)O)C(c2ccc(C)c3c2c(O)nc2nc(C)cc(C)c23)CC(=O)N1,0
protein10,1,CCCCCS(=O)(=O)NC(=O)Nc1ccccc1C,0
protein10,1,O=C1c2ccc(F)cc2S(=O)(=O)c2ccccc2N1CCCN1CCOCC1,0
protein10,1,CCN(CC(=O)Nc1cc2c(C)nn(CC(C)O)c2c2ccccc12)C1CCCCC1,0
protein10,1,Fc1ccc2c(NCCCN3CCC(c4ccccc4OC(F)(C(F)(F)F)C(F)(F)F)CC3)ccnc2c1,1
protein10,1,Cc1cnc(NC(=NCCc2ccccc2)SCCN(C)CC2CCS(=O)(=O)CC2)s1,1
protein10,1,CN(C)CCN1CCC(Oc2ccc(C#CC(C)(C)c3ccc(O)cc3)cc2F)CC1,0
protein10,1,S=C(c1n[nH]c2c1N=C(c1ccccc1)c1c([nH]c3ccccc13)C2)N1CCNCC1,0
protein10,1,CCOc1cncc(NC(=O)c2cccnc2Sc2cnccc2C)c1,0
protein10,1,CCOc1cccc2c1CN(c1scc(C(=O)NC3CCS(=O)(=O)C3)c1-c1ccncc1)C2=O,0
protein10,1,CCCC1CCN(Cc2cnc3c(C(=O)O)c(O)ccc3c2)CC1,0
protein10,1,O=C(Nc1ccc(-c2ccc(C(=O)N3CCOCC3)o2)cc1C(F)(F)F)c1ccccc1,0
protein10,1,CN1CCC(CCN(Cc2cccc(C(F)(F)F)c2)S(=O)(=O)c2ccc(Cl)cc2F)CC1,0
protein10,1,Cc1ccc(C#N)cc1NC(=O)CSc1c2c(nc3ccc(-n4ccnc4)cc13)CCCC2,1
protein10,1,CCC(CC(O)CC(=O)N1CCN(CCO)CC1)c1cc(C(F)(F)F)c(Cl)cc1C1CCOCC1,0
protein10,1,Cc1ccc2c(c1N1CCCC1)C1(N)C(CCCC1CS(=O)(=O)c1ccc(O)cc1)CC2,0
protein10,1,CC(=O)c1ccc(O)c(Nc2nc(C)cc(Nc3ccccc3)n2)c1,0
protein10,1,Cc1nc2ccc3ccc(Cn4ccnc4)c(O)c3n2c1-c1ccc(S(C)(=O)=O)cc1,0
protein10,1,CCCC(=O)NCC#Cc1c(OCC)ccc2c3ccccc3n(C)c12,1
protein10,1,CC1CCN1S(=O)(=O)c1ccc2c(c1)CCN2C(=O)c1cc(=O)[nH]c2ccc(OC3CCCCC3)cc12,0
protein10,1,O=c1nc2nc3cccc(Cl)c3cc2c(COc2ccc(F)cc2Cl)o1,0
protein10,1,CC(=O)Nc1cc(Cl)ccc1Oc1ccc(Cl)cc1C(=O)N1CCN(C(C)C)CC1,0
protein10,1,CCOC(=O)c1cn(CCN(CC)CC)c2nc(N3CCCC3C)c(F)cc2c1=O,0
protein10,1,Nc1ncc(-c2cccc(C(F)(F)C3CCCCC3)c2)cc1CCCn1cccn1,0
protein10,1,C=C(C)Cc1ccc(OC)c(-c2cn3cccnc3n2)c1,0
protein10,1,CCOc1ccc(CNC(=O)C(=O)Nc2ccccc2C=C(C)Cl)cc1,1
protein10,1,CCCCC(NC(=O)c1ccc(Oc2ccccc2)cc1)C(=O)NC1CCC(C(=O)O)CC1,0
protein10,1,CCOc1ccc(-c2cnc(C#N)c(N(C)c3cc(OC)c(Cl)cc3Cl)n2)cc1Cl,0
protein10,1,Cc1ccccc1-n1cc(-c2cc3c(Nc4ccc(-c5ccnc(N(C)C)n5)cn4)nccc3n2C)cn1,1
protein10,1,CC(C)C1=C(c2ccccc2)C2CNCC2OC1,0
protein10,1,CCCCC=Nn1cnnc1,0
protein10,1,CC(=NOCC(O)COc1cccc2c1C1CCC2CN1C)c1cc(F)ccc1O,1
protein10,1,CC(CS(=O)(=O)N(Cc1cccnc1)Cc1cccc(-n2cncn2)n1)OC(C)(C)C,0
protein10,1,CC1CCCC(C(S)=Nc2ccc(-c3cccnc3)cc2C(=O)O)C1,0
protein10,1,CCCCC1(C(F)(F)F)OCc2c1nc1ccc(OC(F)(F)F)cc1c2CC(=O)C1CCS(=O)(=O)CC1,0
protein10,1,Cc1c(-c2ccccc2N2CCOCC2)sc2ncnc(S(=O)(=O)NC3CC3)c12,0
protein10,1,CC(C)CC1CCCN1CC1CCC(COCC(O)CNC(C)(C)C)C1C(=O)O,0
protein10,1,Cc1ccc(C2CCN(C(=O)c3ccco3)CC2NC(=O)c2ccc(Cl)cc2Cl)cc1Cl,0
protein10,1,CCCCN1Cc2nc3c1cccc3c1c2CCCCC1,1
protein10,1,CCCCNc1cc(-c2ccc(Oc3ccccc3)cc2)c(C#N)c(CC(N)=O)n1,0
protein10,1,O=C(C1CCCN1)N1CC2CCC3(C=CC(=O)N3CCc3ccccc3)C(C2)C1O,0
protein10,1,CC1(C)SC(=N)N(c2nc(-c3cccc(C(F)(F)F)c3)cs2)C1=O,0
protein10,1,CCc1ccc(C(=NNC)C(=O)Nc2nc3ccccc3n2CC(=O)NC(C)(C)C)cc1O,0
protein10,1,O=C1NCCC1(c1ccccc1)c1cc(Cl)c(Cl)cc1OC(F)(F)F,0
protein10,1,CC(=NNc1nnc(-c2c(C)ccc3c2C=COC3(C)C)s1)c1cccnc1,1
protein10,1,Cc1ccc2c(=O)oc3ccc4cc5c(=O)ccnc-5n(C5CC5)c4c3c2c1,1
protein10,1,CC(=NNC(=O)c1cc2ccccc2o1)c1ccc(F)cc1F,1
protein10,1,CC1=CC(C)(C(F)(F)F)C2N(C(=O)CC(C)S(=O)(=O)c3ccc(F)cc3)C(=S)N2c2ccccc21,0
protein10,1,CC1C=C(c2ccc(Cl)cc2)c2ccccc2N2C(=N1)N1CCC(C)(C)C12,0
protein10,1,CCCS(=O)(=O)N1c2cc(NC(=O)c3cnn4c(=O)[nH]cnc34)ccc2CCC1C,0
protein10,1,Cc1ccc2nc(Nc3cccc(C(=O)O)c3)c(C#N)c(O)c2c1,0
protein100,1,CCCn1c(N)c(-c2cccc(C(F)(F)F)c2)c2nnc(O)nc21,1
protein100,1,O=C(Nc1cc(-c2cn3nccc3o2)ccc1N1CCOCC1)c1ncc(F)cc1F,0
protein100,1,CC1(C)c2ccccc2NC(=O)N1Cc1ccc([N+](=O)[O-])cc1,1
protein100,1,O=C(Nc1ccc(NC(=S)Nc2ccc(Cl)cc2Cl)cc1)c1ccc([N+](=O)[O-])s1,1
protein100,1,CC(C)CC1NC(=O)C(C#N)=C1c1ccccc1C(F)(F)F,0
protein100,1,COC1COCC1C1CN(C)c2nc3c(cc2F)c(=O)c(C(N)=O)cn31,0
protein100,1,CCC(C)CN(CCO)c1cc(=O)c2cccc(C(F)(F)F)c2o1,0
protein100,1,O=C(Nc1ccccn1)N1CCN(c2c(C(F)(F)F)ccc3c2ccn3-c2cccc(F)c2F)CC1,0
protein100,1,CCN1C=C(C(=O)O)C(=O)c2cc(F)c(N3CCNCC3)cc2N(Cc2ccccc2F)C(CCc2ccc(F)cc2)=Nc2cccnc21,1
protein100,1,O=C(NC(c1ccccc1)c1ccccc1)C1CN(S(=O)(=O)c2cccs2)C1,0
protein100,1,Cc1ccc([N+](=O)[O-])c(N(CC(=O)NC2CCCC2)S(C)(=O)=O)c1,1
protein100,1,O=c1c2cc(O)cc(I)c2n2n1C(c1ccc(O)cc1)CCC2,0
protein100,1,O=C1CC(c2c(O)c(Cl)cc3cccc(O)c23)Oc2ccc([N+](=O)[O-])cc21,1
protein100,1,O=C(Nc1cc(-c2ccco2)nc(-c2ccccn2)n1)c1ccccc1F,1
protein100,1,CCCn1nc2cc(OC)c(-c3cnn(C(C)(C)C)c3)cc2c1C(=O)N1CCCC1C(=O)NC(C)c1ccccc1,0
protein100,1,CC1(C)C=C(n2ccnc2)c2cc(-c3cnn4c3NCCC4C(F)(F)C(F)(F)C(F)(F)F)ccc2O1,0
protein100,1,Cc1nc([N+](=O)[O-])cn1CCn1cnc2c(F)cccc21,1
protein100,1,CCCC(C)CCN1CCc2ccc3nc(-c4cc(C(C)(C)C)cc5ccoc45)nc(O)c3c21,1
protein100,1,O=C1Nc2cccc(F)c2C1=NOCc1ccc(S(=O)(=O)N2CCN(CCO)CC2)cc1,0
protein100,1,O=c1c(S(=O)(=O)Nc2ccccc2)c(O)ccn1Cc1cccc([N+](=O)[O-])c1,0
protein100,1,Cc1nn(-c2ccccc2)c(C)c1CC(=O)c1c(C(=O)O)cc2c(c1Cl)OC(C)(C)CC2,0
protein100,1,CC1CCC(Oc2cc(S(C)(=O)=O)c(Cl)cc2C#N)CC1,0
protein100,1,CC(C)c1nc(Nc2cccc(NC(=O)c3cccs3)c2)c2ccccc2n1,0
protein100,1,CC=C(CCl)C(=O)N1CCC2(CC1)CN(S(=O)(=O)C1CC1)c1cccc(I)c12,0
protein100,1,Nc1nc(OCc2ccccc2)c2ncn(CCCO)c2n1,1
protein100,1,CCN(C(=O)C1Cc2c(c(O)n(-c3ccc(Cl)cc3)c2C)C1C)C(C)C,1
protein100,1,Cc1scc2c1C1c3cc(NC(N)=O)ccc3OC1CC2C(=O)NC#N,0
protein100,1,CCC1C(=O)N(c2ccccc2C(=O)Nn2c(=O)oc3ccccc32)C1C(C)C(=O)N(Cc1cccs1)C(C)(C)C,0
protein100,1,FC(F)(F)F,0
protein100,1,CCc1ccccc1N1C(=O)CC1(C)C(=O)Nc1cccc(-c2ccc(Cl)cc2)c1,0
protein100,1,CCN(C)c1cc(-c2c(C(C)(C)C)c(=O)c(C(C)(C)C)cn2-c2nnc(C)c(C#N)n2)cc(C(F)(F)F)n1,0
protein100,1,Cc1cc(Nc2nccc(-c3cc(CN)c4c(c3)C(=O)N(c3ccccn3)CC4)n2)c2ccccc2n1,1
protein100,1,Cc1cccc(NC(=O)c2ccc(CSc3ccc4ccccc4n3)o2)c1C,0
protein100,1,NN1CCN(Cc2ccc(OCc3ccccc3)c(OCC3(Cc4ccccc4)CCCN3)c2)CC1,0
protein100,1,CCOc1cc([N+](=O)[O-])ccc1Nc1nc(CC2(C)CCCO2)nc2ccccc12,1
protein100,1,CCc1cccc2c1OC1(C)CC(N)CC(C)(C)C21,1
protein100,1,CCOc1ccc2c(c1)C1C(=O)C3CN(C)CCC3NC1c1ccccc1-2,1
protein100,1,CC(C)CNc1cnc(C(N)=O)c(OCC2CCCCC2)n1,0
protein100,1,CCN1CCCC1c1noc(-c2ccc(OC(F)(F)F)cc2)n1,0
protein100,1,CCC1CN(C)C2=CC(=O)C(F)(F)CCC2O1,0
protein100,1,CC=NOC(=O)C1CCCCC1C(=O)Nc1ncco1,0
protein100,1,CCCCN1CCCCC1c1cn(Cc2ccccc2F)c2nc(N3C(=O)CCC3CNCC)c(F)cc12,0
protein100,1,CCN=c1sc(C(=O)Nc2ccccc2C(=O)Nc2ccccc2)cn1C,0
protein100,1,Cc1c(F)cccc1-c1nn(-c2cccc(C(=O)O)c2)cc1CNC1CCC2CCc3c(cnn3C)C3CC(CCN2C)N(C1)C(=O)O3,0
protein100,1,CCCN(CCC)S(=O)(=O)c1ccc(N2CCCCC2)c(NC(C)=O)c1,0
protein100,1,Cc1ccc(-n2cc(C(=O)NCCc3ccc(Cl)cc3)c3c(S(=O)(=O)N4CCOCC4)cccc3c2=O)cc1,0
protein100,1,CC(C#Cc1ccc(C=CC(=O)NC(=S)Nc2ccccc2N(C)C)cc1)CO,0
protein100,1,Cc1cc(C(=O)N(C)C2CCCCC2C)c(OCC(F)(F)F)c(C)c1N,1
protein100,1,Cc1nc2ccccc2c2oc(C(=O)N3CCN(C)CCC3C3Cc4ccccc4CCO3)cc12,1
protein100,1,CCCc1cccc(-n2cc(-c3ccc(OC)c(F)c3)c(-c3ccccn3)n2)n1,1
protein100,1,Cc1ccc(C(=O)Nc2ccc([N+](=O)[O-])cc2Cl)s1,1
protein100,1,CCC1c2ccccc2CCN1C1=C(c2ccc[n+]([O-])c2)C(=O)OC1,1
protein100,1,COc1cc(-c2cccc3c2CCC3CCN2CCN(C(C)=O)CC2)nc(C)c1O,1
protein100,1,c1cc2cn[nH]c2cc1Nc1ccc(N2CCOCC2)nn1,1
protein100,1,CCn1c(N(C)c2ccccc2N)nc2cccnc21,1
protein100,1,CCCC(O)Cn1c(N)cc2c(c(-c3ccccc3C(=O)O)nn2-c2ccccc2)c1=O,1
protein100,1,O=C1OC(CBr)c2ncccc2C(c2ccccc2)OC2CN(C2)C(=O)c2ccccc21,1
protein100,1,NC1C2Cc3[nH]c4ccc(Cl)cc4c3C1CC=C2C(=O)CO,1
protein100,1,Cc1nc2ccccc2c(=O)n1N=Cc1ccccc1Cl,1
protein100,1,CCCC(=O)OC1CCN(c2cccc(C)c2-c2ccc(C(=O)OC)cc2)CC1,0
protein100,1,CCC1CCC(Nc2ccccc2Cl)=CC1=NO,0
protein100,1,CCCCn1c(C)cc2cc(C3=NOCCn4cc([N+](=O)[O-])nc43)ccc21,1
protein100,1,CCOC(=O)CS(=O)(=O)N(O)c1ccc(C(=O)O)cc1,1
protein100,1,CCOc1ccc2c(c1C)COc1ccc(c(Cl)c1)C(=O)N(C(C)C)CCN(C)CC2,0
protein100,1,O=C1CCC(c2cc(Cl)ccc2OCc2ncncc2Cl)N1c1ccc2cccc(O)c2n1,0
protein100,1,CC(C)=CC(=O)N1C2CCCOCC(O)CN3Cc4ccc(cc4C3)-c3ccnc(c3F)CC1CC2,1
protein100,1,CCC1CN(C(C)CCN2CCN(C)CC2)Cc2ncc3c(C(C)C)nc4ccc(F)cc4c3c2O1,1
protein100,1,CC1CCCC(C)(Oc2ccc3[nH]c(-c4cccc(C(=N)N5CCCCC5)c4)nc3c2)C1=O,0
protein100,1,N#Cc1ccc(Oc2cc3ccc2OCCCN2CCC(CC2)C(=O)NC3)cc1,0
protein100,1,CC(C)C(NC(=O)c1cccc(-c2cccnc2)c1)C(=O)N1CCCC1Cn1c([N+](=O)[O-])cnc1O,1
protein100,1,CCCC1C(=O)NCC1Oc1cncc(NC(=O)c2cn3nc(Nc4ccc(C)c(OC)c4)cc(C)c3c2C)c1,0
protein100,1,O=C1C(=NNc2c(C3CC3)nn(-c3ncccc3F)c2-c2ccccc2)CS(=O)(=O)c2ccccc21,1
protein100,1,Cc1cccc(C)c1-n1c(=O)cc(C(=O)N2CC(O)CC(C(C)(C)C(Cc3ccc(Cl)cc3F)C(=O)O)C(N)C2)c2ccc(Cl)cc21,0
protein100,1,CCN(CC)C(=O)Cn1cc2c(n1)CCC(N1CCOCC1)C2,0
protein100,1,Cc1cccc(C)c1N1CC(C(=O)OCC(=O)Nc2ccccc2[N+](=O)[O-])CC1=O,1
protein100,1,CCc1cc(C(Oc2nc3c(C#N)cnn3c(N3CCN(C)CC3)c2-c2ccc(F)cc2F)C(F)(F)F)ccc1O,0
protein100,1,CC1(C)C(=O)c2nc3n4c2CC1C4C(=O)Nc1c(Cl)cc(Cl)cc1-3,0
protein100,1,O=C(Nc1cccc(F)c1)C(Cl)=C1NC2(CCCCC2)CN1c1ccccc1,0
protein100,1,CCNc1ccc(-c2cccc(F)c2F)c(Oc2ccc(C#N)c(C(F)(F)F)c2)n1,0
protein100,1,COCCn1c(C)c([N+](=O)[O-])c2cc(C(=O)Nc3cccc([N+](=O)[O-])c3)ccc21,1
protein100,1,CCCCn1c(C(=O)NCCCN2CCCC(N)C2=O)cc2ccccc21,0
protein100,1,CCN(c1ncccn1)S(=O)(=O)c1ccc(C)cc1NC(=O)c1cnccc1-c1ccc(OC(F)(F)F)cc1,1
protein100,1,CCCn1c(C(=O)O)c(C)c2cc(OCC(=O)Nc3ccc4c(c3)OCCCO4)ccc21,0
protein100,1,Cc1ccc(-c2ncc(NC(=O)CN3CCC(NC(=O)c4ccc(C#N)c(C)n4)CC3)s2)cn1,0
protein100,1,CCc1nccc(Nc2c(-c3ccc(OC)cc3)cc3c(N4CCOCC4)ncnc3c2C#N)n1,1
protein100,1,CCC1(O)C(=O)OC(C)c2c1cc1n(c2=O)Cc2cc3cc(F)ccc3nc2-1,1
protein100,1,O=C1NC(c2ccccc2)N=C1c1ccccc1-c1cccs1,0
protein100,1,Cn1nc(C(F)(F)Cl)cc1-c1cccc(-c2ccc3c(c2)CCN=C3Nc2ncccn2)c1,0
protein100,1,CC1CCC(C2(c3ccc(Nc4ncccn4)c(F)c3)C(=O)Nc3ccc(O)cc32)CC1,0
protein100,1,O=C1C(=Cc2ccccn2)Cc2cc(N3CCCCC3=O)ccc21,0
protein100,1,O=C(c1cc2c(O)c(Cl)ccc2[nH]1)N(Cc1csc2cc(Cl)ccc12)C1CCNCC1,0
protein100,1,CCC(CN1CCCCC1)Nc1nc2nccc(C)c2c(N)c1-c1ccccc1,1
protein100,1,CCC(=O)N1CCCCC1C#Cc1nc2ccc(F)cc2[nH]1,0
protein100,1,CCC1(O)C(=O)ON(c2cccc(C(F)(F)F)c2C(=O)O)c2ccccc21,0
protein100,1,Cc1cc(Cl)cc(C(=O)Nc2nnc(-c3cc(F)ccc3Cl)s2)c1O,0
protein100,1,O=CC1=C(c2ccccc2)C2=NC(=O)NC2CCC1,0
protein100,1,Cc1nc(Oc2ccc(S(=O)(=O)Cc3nc4cccc(C(F)(F)F)c4s3)cc2Cl)ccc1F,0
protein100,1,CCn1cc(-c2ccccc2-c2cn(CCCN3CCNCC3)c3ccc4c(c23)OCCO4)cn1,1
protein100,1,Cc1cc(-c2ccc3c(c2)C2CCN(C)C(C3)C2)c2nc(N3C(=O)CSC3=S)[nH]c2c1,1
protein100,1,Cc1ccc(-c2c[nH]c3cc(O)c(C(=O)Nc4cccc(OCc5nnc(C)s5)c4)cc23)cn1,0
protein101,1,O=C(NC1CCNCC1)c1cc(F)c(F)c(F)c1,0
protein101,1,CC(=O)Nc1ccc(-c2c(NS(C)(=O)=O)nc3ccccn23)cc1-c1ccc(C)c(C(C)(C)C)c1,0
protein101,1,Cc1ccccc1Nc1cc(N2CCN(CCCC(=O)O)CC2)c(OCC(C)C)cc1[N+](=O)[O-],1
protein101,1,CCC(CNC(=O)CCl)N1CCN(C(=O)c2ccccc2Cl)CC1,0
protein101,1,CCC1CN(c2nc3ncccc3c(=O)n2C2CC2)CCN1C(=O)c1ccsc1,0
protein101,1,Cc1cccc(C(=O)Nc2ccccc2-c2nc(C(F)(F)F)cn2Cc2ccncc2)c1,1
protein101,1,CCn1c(-c2ccc(C(=O)N3CCc4c(OC)ccc(OC)c4C3)o2)nc2ccccc21,1
protein101,1,CCOc1ccc2c(-c3cc(C(=O)N4Cc5ccccc5C4)[nH]n3)c(OC(F)(F)F)ccc2n1,1
protein101,1,Cc1ccccc1CN1C(=O)C(NS(=O)(=O)c2ccc3c(-c4ccc(Cl)cc4)nsc3c2C)CC1CO,0
protein101,1,Cc1ccc(C(=O)Nc2cncc(-c3cnc4ccccn34)c2)s1,1
protein101,1,Cc1cc(C(=O)Nc2cccc(Oc3ccc(S(=O)(=O)Nc4nnc(C(C)(C)C)s4)cc3C#N)c2)n[nH]1,0
protein101,1,Cc1cccc(NC(=O)c2ccc(CC(CCCn3c(C)cc4ccccc43)C(C)(C)O)o2)c1C,0
protein101,1,Nc1nc(N)c2c(CNc3ccccc3)cccc2n1,1
protein101,1,Cc1nc2ccccc2cc1C(N)=O,1
protein101,1,COc1ccc2c(c1)c1c(n2CC(F)(F)F)CCN2CCC(C)C(C(C)=O)=C12,0
protein101,1,O=C(Nc1cccnc1N1CCCCC1)C1CC(c2nc3ccccc3s2)CCN1C(=O)c1ccccc1F,1
protein101,1,CCC12C(=O)OC1c1ccc(cc1)CCC2C,0
protein101,1,Cc1ccc(Cn2nccc2C(=O)Nc2ccncc2)cc1,0
protein101,1,CCn1cc(-c2cc3c(N4CCCC4CN(C)C)nccc3s2)c(=O)c2cc(F)ccc21,1
protein101,1,CCC(O)C#Cc1cnccc1-c1c2ccn1CC2,0
protein101,1,CC(C)NC(=O)c1cc2c(s1)CC(C1CCc3cc(C(F)(F)F)nn3C1)CC2,0
protein101,1,CCN(C)S(=O)(=O)c1cc(C(=O)Nc2cc(C#CC3(C)CCOCC3)ccc2OC(F)(F)F)ccc1C,0
protein101,1,CCC(Cn1nccc1-c1ccccc1)NC(=O)c1csc(Nc2ccc(C)cc2)n1,0
protein101,1,CCC1CCC(NC2=C(CN3CCN(C)CC3)C(=O)c3ccccc3C2)CC1,0
protein101,1,CC(C)CCCC(NC(=O)C(CS)N1CCN(c2cnc3c(c2)NC(=S)OC3)CC1)C(=O)O,0
protein101,1,Cc1cn(C2CCC2)cc1S(=O)(=O)N1CCc2ccccc21,0
protein101,1,COc1cc(NC(=O)CS(=O)(=O)Cc2nc(-c3ccccc3C)oc2C)c(C#N)c(C(F)(F)F)c1,0
protein101,1,Cc1nnc(-c2ccc(S(=O)(=O)N3CCCCC3)s2)c(N2CCOCC2C)n1,1
protein101,1,CCCC1CCC=CC1NC(=O)Nc1cc(OC)cnc1OC,0
protein101,1,CC1CCC(=NNc2ccnc3c(C(=O)O)cccc23)C1,1
protein101,1,Cc1ccc(CNc2oc(CCC3CCCNC3)nc2C#N)cc1,0
protein101,1,O=C(NCc1cccnc1)c1cc(S(=O)(=O)N2CCCCC2Cc2ccccc2)c[nH]1,0
protein101,1,CCn1cnc2c(-c3ccccc3C(F)(F)F)cc(-c3cc(OCC4CCCC4)nn3C)cc21,1
protein101,1,CCC(C)(C)C1C(=O)N(c2cc(N3CC3)ncn2)c2ccc(OC)cc21,0
protein101,1,CC(C)C1CCC2OC(=O)N1C2Cc1c(C(F)(F)F)nn(-c2ccc(S(C)(=O)=O)cn2)c1-c1ccc(F)cc1,0
protein101,1,CCCCCC(C)C(=O)NC(C)C(=O)NC(C(=O)Nc1ccc(C)c(C)c1)C(C)C,0
protein101,1,CC1CCCC(C)(C)N1C(=O)CCCn1c(=S)[nH]c2ccccc21,0
protein101,1,O=C1NC(c2cccc(F)c2)Cc2c1[nH]c1cc(-c3cnn4ccc(Cl)cc34)ccc21,0
protein101,1,CCn1c(NCc2cnc3cc(-c4cccc(OC(F)(F)F)c4)oc3c2)nc2ccc(C(F)(F)F)cc21,0
protein101,1,Cc1c(-c2cc3ccccc3nc2-c2cccs2)nn2c1CN(CC(=O)O)CC2,1
protein101,1,Cc1c(=O)n(CC(O)c2ccc(F)cc2)cc2nc(NC(=O)c3ccccc3C(F)(F)F)ncc12,0
protein101,1,Cc1cc2cnc(N3CCN(C)CC3)cc2nc1Nc1cccc(F)c1,1
protein101,1,O=C(Nc1nc2c(F)cc(Cl)cc2s1)c1ccc2c(c1)CCN2C(=O)CCl,1
protein101,1,Cc1nc2sc1C(=O)N(CC(O)(C(F)(F)F)C(F)(F)F)C(C)(C)C2=O,0
protein101,1,Cc1nn(-c2ccccc2)c(C(F)(F)F)c1-c1ccc2ncnc(N)c2c1,1
protein101,1,CC(C)C(CO)Nc1ncc(NC2CCCCC2)c(N2C(=O)OCC2C(C)c2cccc(Cl)c2F)n1,0
protein101,1,CC(C)CNc1nc(Nc2ccc3c(c2)C(=O)NCC3)ncc1C(F)(F)F,0
protein101,1,Cc1oc(-c2ccc(F)cc2F)nc1CS(=O)(=O)c1ccccc1Cl,0
protein101,1,Cc1ccccc1Nc1nc(NC(C)C)cc(-c2cccs2)n1,0
protein101,1,CCCCN(CCC)CCOc1cc(Nc2nccc(-c3cncnc3Cl)n2)cc(OC)c1,0
protein101,1,CCOc1ccc2c(c1)c(CC(=O)N(CC)CCCl)cn2-c1ccccc1,1
protein101,1,Nc1ncncc1C(=O)N(CCc1cc(Cl)c(-c2cccnc2)cc1F)c1ccc2c(c1)OCCO2,1
protein101,1,CC(C)CC1CNC(=O)N1c1ccc2c(c1)ncn2-c1c(C(=O)O)cc(C(C)(C)C)c(O)c1-c1ccn[nH]1,0
protein101,1,CC(C)CC1c2ccc(O)cc2CCC1N1CCC(C(=O)O)CC1,0
protein101,1,Cc1ccc(-n2c(CCC3(CO)CCN(c4ccncc4)CC3)nn(-c3ccc(Cl)cc3Cl)c2=O)cc1C,0
protein101,1,CCCCC(C)CS(=O)(=O)Oc1cccc(-c2ccncc2)c1NC(C)=C1C(=O)OCC1C,1
protein101,1,CCC(=O)NC1Cc2ccccc2Oc2ccccc21,1
protein101,1,CCc1cc(C)cc2ccn(CCSCCN(Cc3ccc([N+](=O)[O-])o3)C3COC3)c12,1
protein101,1,CCOc1ccccc1NC(=O)c1ccnc(-c2cccs2)c1N,0
protein101,1,CCn1cc2c(n1)C(=O)CC(c1ccccc1)C2,0
protein101,1,CC(C)CN1CCCC2(CC(=O)N(c3cccc(F)c3)C(=NO)N2)C1,1
protein101,1,O=CCN1C(=O)C=C(c2ccccc2)C1=O,0
protein101,1,Cc1ccccc1NC1=NCCN1S(=O)(=O)c1cc(F)ccc1Cl,0
protein101,1,Cc1cc(CC(=O)N2CCN(Cc3ccc(Cl)c(F)c3)CC2)no1,0
protein101,1,O=C(c1ncccc1O)N1CCCN(c2ccccn2)CC1,0
protein101,1,CCc1cc(-c2ccc(C(=O)O)cc2)cc2c1N(C(=O)OC)C(=O)SC2(C)C,0
protein101,1,Nc1ccnc(SCc2ccc3c(c2)CCC3=NNc2ccccc2)n1,1
protein101,1,Nc1ncnc2c(-c3cccc4[nH]nc(-c5cc(Cl)nc(Nc6cccc(F)c6)n5)c34)ccc(F)c12,1
protein101,1,COc1cc2cccc3c2c(c1O)C(=O)N(S(=O)(=O)C(C)C)C(C(C)(C)C)N3,1
protein101,1,Cc1nc(C2CCN(C(C)c3cccs3)CC2)nc(Cl)c1C#N,1
protein101,1,CC1COCCN1c1cc(-c2cnn(Cc3ccc(C(F)(F)F)cc3)c2)nc(N2c3ccc(Cl)cc3CC(C)(C)N2C)n1,1
protein101,1,Cc1ccc(C(=O)N2CCC(C)CC2)cc1Nc1ccnc(-c2ccncc2)n1,0
protein101,1,Cc1ccccc1C=C1CC(=O)N(c2cccc(Cl)c2)C1=O,0
protein101,1,Cc1ccnc(Nc2c(C)cc(Cl)c(C)c2C#N)c1,0
protein101,1,Cc1nc2ccc(Nc3cc4c(c(-c5cn(C)c6ccccc56)n3)OCc3cnccc3-4)cn2c1C,1
protein101,1,CCCOC(=O)CCC1C(=O)Nc2c(OC)cc3c(cnc4cc5c(cc43)OCC5)c21,0
protein101,1,CCCCN1CCCCC1CCc1ccccc1C(F)(F)F,0
protein101,1,N#Cc1ccc(Nc2nccc(-c3cnc(N4CCCCC4)c(-c4cnccn4)c3)n2)cc1C(F)(F)F,0
protein101,1,O=C(c1ccc2c(c1)ncn2C=Cc1ccccc1F)N1CCCCCCC1,0
protein101,1,COc1cc2nc(C)[nH]c2cc1Nc1ccnc(NCC(C)C)n1,1
protein101,1,Cc1ccc(C23CC(=O)N(CCN2c2cc(-c4ccccc4)nc4c2ncn4CCCN(C)C)C3)s1,1
protein101,1,CC(=O)Nc1ccc(-n2c(S)nnc2-c2ccco2)cc1,1
protein101,1,NC(=Nc1nc(-c2ccc(OC(F)(F)F)cc2)cs1)N1CCCCC1,1
protein101,1,Cc1cnn(CC2CCCCN2S(=O)(=O)c2ccc3[nH]c(CC(C)C)c(C=O)c3c2)c1,0
protein101,1,Cc1ccc(CNc2nc3ccccc3cc2-c2nc3ccccc3o2)o1,0
protein101,1,O=C(Nc1cccc(O)c1)c1ccccc1Oc1ccccc1,0
protein101,1,O=CNc1cc(O)c(C(=O)O)cc1Nc1ccc(Cl)c(Cl)c1,0
protein101,1,O=C1COc2c(ncc3c(CCC4CN=C(Nc5cccc(-c6ccc(Cl)cc6)c5)N4)c[nH]c23)N1,1
protein101,1,Cc1ccc(C)c2nc(Nc3ccc(N4C=CCC4)cc3)c(C#N)cc12,1
protein101,1,CC=C(C#N)C1CCc2cc(OC)c(OC)cc2C1,0
protein101,1,COc1cccc(-c2cc(C(=O)N3CCN(c4c(NC(C)=O)cc(F)c5ccnn45)CC3)c3ccccc3n2)c1,1
protein101,1,Cc1nn(CC(=O)Nc2ccccc2Cl)cc1S(=O)(=O)N1CCCCC1,0
protein101,1,Cc1sc(N2C(=O)C(S(C)(=O)=O)c3ccccc32)c(C#N)c1C(F)(F)F,0
protein101,1,CC1c2cnn(-c3ccc(Oc4ccccc4)cc3)c2CCN1C(=O)c1nn(C)cc1Cl,0
protein101,1,CC1(C)CCCC(NC(=O)C(N)CC2Cc3[nH]nc(C(=O)N4CCCC(C(F)(F)F)C4)c3C2)C1,0
protein101,1,CCN(c1nc2c(-c3ccc(N(C)C)cc3)cncc2n1C)S(=O)(=O)c1ccc(F)cc1,1
protein101,1,Cc1cnc(N2CCCCCC2)c(Nc2ccc(C(=O)C(C)C)cc2SCC(=O)O)n1,0
protein101,1,CCS(=O)(=O)c1ccc(NC(=O)c2cc(OCC3CCCC3)c([N+](=O)[O-])cc2O)cc1,1
protein101,1,CCCNc1nc(NCc2cnc(Nc3ccc([N+](=O)[O-])cc3)nc2)c2ccccc2n1,1
protein101,1,CC(C)CCCCCC(N)C(=O)[O-],0
protein102,1,Cc1ccc(S(=O)(=O)C(C)CC(=O)Nc2ccc3c(c2)OCCO3)cc1,0
protein102,1,Cc1cc(C(=O)NCCCn2ccnc2)cc(C(F)(F)F)c1,0
protein102,1,Cc1nc(CCN2CCCCC2COc2cccc(-c3ccncc3)c2)oc1C(C)n1cccn1,0
protein102,1,CCCCCC1(CF)CN(c2cccc(O)c2O)C(=O)O1,0
protein102,1,O=C(Cc1ccc(-c2ccc(OCc3ccccc3)cc2)o1)NC1CCCC1,0
protein102,1,CCCC(=O)Nc1nc2c(C(F)(F)F)cc(F)cc2s1,0
protein102,1,COc1cc2c3c(c1O)C(CCn1ccc(Nc4cc(C)cc(C)c4)nc1=O)C=CC(CC2)C3,0
protein102,1,CC(=O)Nc1cccc(Oc2ccc(C(O)C(=O)NC3CCN(Cc4ccccc4)CC3)cc2)c1,0
protein102,1,O=C(Nc1ccc(F)c(Cl)c1F)c1ccn(-c2ccccc2)n1,0
protein102,1,CC1CN(C(c2ccccc2)c2cccc(F)c2)CCN1C(=O)Nc1ccccc1,0
protein102,1,CCN1CCn2cc(cn2)-c2c(OC)ccc(OC)c2-c2c([nH]c3ccccc23)C1=O,1
protein102,1,Cc1ccc(Sc2ccccc2C(=O)NO)c(Cl)c1,0
protein102,1,Cc1ccc(CCC(=O)NN=Cc2cc(-c3ccc(F)cc3)[nH]n2)cc1,1
protein102,1,Cc1cc(Nc2cc(C3CC3)[nH]n2)nc(N2CCC(C(=O)NC3CCC(C)CC3)CC2)n1,0
protein102,1,Cc1nn(CC(=O)N(C)c2cccc(F)c2)c(S)c1[N+](=O)[O-],1
protein102,1,CC(=O)N1CC=C(c2cnn3c2-c2cc(n(-c4cccc(OC(F)(F)F)c4)c(=O)c2NC(=O)Nc2ccc(=O)[nH]n2)C3CO)CC1,0
protein102,1,CCCC(CCC)CNc1cccc(C#N)c1,0
protein102,1,CCCC(=O)Nc1ccc2nc(NC(=O)C=C(C)C(=O)Nc3ccc(Cl)cc3)sc2c1,0
protein102,1,CC(C)C1Cc2cc(O)ccc2C=C1NC(=O)Nc1ccc(-c2nc3ccccc3s2)cc1,0
protein102,1,CC1CCC(C#N)(COc2cc(O)ccc2C=NNC(=O)c2ccccc2Cl)CC1,0
protein102,1,Clc1ccccc1CSc1nnc(-c2cccnc2)o1,0
protein102,1,CCOCC(=O)Nc1nn(-c2ccccc2)cc1-c1ccccc1,0
protein102,1,O=CNc1nc2ccc(C=C3Oc4ccccc4N3Cc3ccc(C(=O)O)cc3)cc2[nH]1,0
protein102,1,CC1CC(=O)C2C(C1)c1cc(O)cc(O)c1C(C)C2(C)O,1
protein102,1,CCC1CN(C(=O)C2CCNCC2)C2CCCC(=NOCc3ccccc3)C12O,0
protein102,1,O=C(Nc1ncccc1Cn1nc(-c2ccc([N+](=O)[O-])cc2)cc1C(F)(F)F)N1CCCC1,1
protein102,1,Nc1ncc(-c2sc(N3CCOCC3)nc2Cl)nc1-c1ccccc1CC(c1ccc(F)cc1)C1CCCC(O)(Cl)C1,0
protein102,1,Cc1ccccc1OC1(C#Cc2ccc3[nH]cc(C4CNCCO4)c3c2C)CCN(C(C)C)CC1,1
protein102,1,CC(C)NC(=O)C12CCC(CN3CCN(C(=O)c4ccccc4-n4cccn4)CC3)C(C1)c1ccccc12,0
protein102,1,O=C(Cn1cc(-c2ccc(OC(F)(F)F)cc2)ccc1=O)Nc1cc(F)c(O)c(F)c1F,0
protein102,1,CC(CN1CCC2(C=CC(CO)O2)CC1)c1ccccc1F,0
protein102,1,Cc1ccc2c(c1O)C(=O)CC(c1cc(-c3ccc(OC(F)(F)F)cc3)ccc1OC(C)(C)C)O2,0
protein102,1,CCN(CC)CCCNC(=O)c1ccc2c(c1)C(C)(C)CO2,0
protein102,1,CC(C)(CCN)C(O)c1cnn(-c2ccc(Oc3ccc(Cl)cc3)cc2)c1NC(=O)C(F)(F)F,0
protein102,1,CCC1CCN(c2nc(-c3cnn(CC(O)COC(C)C)c3)cnc2N2CCOCC2)CC1,0
protein102,1,Cc1nc2c(c(N(C)C)n1)C1CC(c3ccc(Cl)c(Cl)c3)C(=O)N1C(=S)N2,1
protein102,1,Cc1cc(-c2cc(Cc3cnc(-n4cc(C(F)(F)F)cn4)nc3)c3c(c2)CN(C)CC3)cnc1N,0
protein102,1,O=C(Cc1cccs1)OC1Cc2ccccc2CC1C(=O)NC1CCC(CCN2CCCN(c3ccccn3)CC2)CC1,0
protein102,1,Cc1cc(S(=O)(=O)N2Cc3nc4cc(C(F)(F)F)ccc4n3CCC(C)C2)no1,0
protein102,1,Cc1ccc2c(NCc3cc4cc(c3)-c3cc(-n5cnc(C)c5)ccc3C(=O)N4)ccnc2c1,1
protein102,1,CC(C)CCCCC(C)C1NC(=O)C2CCCN2C1=O,0
protein102,1,CC(C)c1cc(-c2ccc(-c3nc4cccc(C(N)=O)c4[nH]3)cc2)ccc1O,0
protein102,1,O=C(Nc1ccccc1C(=O)N1CCCC1)c1ccc(F)cc1,0
protein102,1,Nc1c(C(=O)NC2C(=O)N3CCCCCC3C3COCC23)cnc2sc(-c3ccccc3)cc12,1
protein102,1,Cc1ncc(F)c(NN=C(c2ccc(Cl)c(Cl)c2)C(F)(F)F)n1,0
protein102,1,CCc1ccc(C(=O)CN2CCCCC2Cn2ccccc2=O)cc1,0
protein102,1,CC1CCC2C(C#N)=C(N)OC(NS(=O)(=O)c3ccccc3)(OO)C2C1,0
protein102,1,O=C(CCCC(F)(F)F)N1CCCCC1Cn1nc(-c2ccc(C(F)(F)F)cc2)ccc1=O,0
protein102,1,O=C(Cc1ccc(F)c(Cl)c1)Nc1nnc(-c2ccccc2Cl)s1,0
protein102,1,CCN1CCCSc2ccc(S(=O)(=O)Nc3nccs3)cc21,0
protein102,1,CCOc1ccccc1-c1coc2ncc(-c3cnc4c(c3)CCC(C)(C)C4(O)C(N)=O)cc12,0
protein102,1,CCCCC1CN(c2ccc(C(C)C)cc2)NC1C,0
protein102,1,O=C1c2ccccc2S(=O)(=O)N1CCCCN1CCCC1,0
protein102,1,CCCCC(C)(C#N)N(C(=O)c1cc[nH]n1)c1cc(O)c2ccccc2n1,0
protein102,1,CC1CCNC1c1cccnc1Oc1cccc(C(F)(F)F)c1,0
protein102,1,O=C(NCC1CCCO1)Nc1nnc(-c2ccncc2)s1,0
protein102,1,Cc1ccc(C#N)cc1-c1cccc(C(=O)Nc2cc(-c3n[nH]c4ccc(C(=N)N)cc34)ccc2N2CCOCC2)c1,0
protein102,1,CC(Oc1ccc2c(c1)CCC(c1ccc(N(C)C)nc1C(F)(F)F)O2)C(=O)O,0
protein102,1,CC(C)CN(C)c1nc(N)n2c(O)c3cc(Cl)ccc3nc12,1
protein102,1,O=C1c2ccccc2CC(c2ccccn2)N1CN1CCN(C=S)CC1,0
protein102,1,CCc1ccccc1Nc1nc(OC)cc(-c2cn(C3CC(=O)N(C(C)=O)C3)nc2-c2ccccc2F)n1,1
protein102,1,Cc1ccccc1N1CCN(C(=O)C(CC#N)CC(=O)O)CC1,0
protein102,1,Cc1ccccc1-c1cccc(CNC2CCN(CC(=O)Nc3ccccc3N3CCOCC3)CC2)c1,1
protein102,1,O=C(Nc1cccnc1)c1ccc([N+](=O)[O-])o1,1
protein102,1,CC(C)C1CCN(C(=O)Cn2cccc2C(=O)NCc2ccc(F)cc2Cl)CC1,0
protein102,1,CCC(C)Nc1nc(N)nc2ccc(-c3[nH]nc(Cn4nc(OC)cc4-c4ccc(OC)cc4)c3C)cc12,1
protein102,1,CC(C)C1=Cc2cccc3c2c(C(=O)c2ccc(C(N)=O)nc2)cn31,1
protein102,1,CC1CCC(NC(=O)C2(Nc3cccnc3)CCCCC2)C1,0
protein102,1,CCCSc1nc(O)c2c3ccccc3n(CC(=O)Nc3ccc(N4CCOCC4)cc3)c2n1,1
protein102,1,O=C(Nc1ccc(-c2ccc3c(c2)C(=O)NCCO3)cc1)c1cccs1,0
protein102,1,CCOc1cc(-c2cc(NC)c3ncc(-c4ccncc4)n3c2)ccc1N,1
protein102,1,CCN(CC)C(=O)c1cc2ccc([N+](=O)[O-])cc2nc1N1CCN(C2CCCCC2)CC1,1
protein102,1,CC(=O)Nc1cnc(-c2ccccn2)cn1,0
protein102,1,CC1CCCC(N2CCCCC2CNc2cc(N(C)C(C)C)ncn2)C1,0
protein102,1,Cc1nc2sccn2c1C(=O)NC(=O)c1ccccc1F,1
protein102,1,O=c1[nH]c2cc(C3CCC3)nn2c(C(F)(F)F)c1Cc1ccccc1,0
protein102,1,O=C1C=C2c3nc4c(-c5ccncc5)c(F)ccc4c(O)c3CC2c2ccccc21,1
protein102,1,O=C(Nc1cnc(Cl)c(C(=O)c2cccnc2)c1)c1cc2ccc(Cl)cc2[nH]1,0
protein102,1,CC1C(=O)N2CCCC1Cc1cc3nc(-c4ccccc4)cc(n3n1)Nc1ccc2cc1,0
protein102,1,CCc1ccccc1C1c2cc(Cl)ccc2C(=O)N1C(C)C(=O)Nc1nnc(C)cc1Cl,0
protein102,1,Cc1nc(-c2c(Nc3cccc(C)c3F)sc3c2CCCC3)cc(N2CCC(O)C2)n1,0
protein102,1,[C-]#[N+]c1cc(-c2n[nH]cc2-c2cc(N)nc(-c3nnc4ccc(C(C)C)cn34)c2)ccc1F,1
protein102,1,CC(=O)OC1CCC(C)CCC=C(C)CCC(=O)NC1=O,0
protein102,1,Nc1cc([N+](=O)[O-])ccc1N1CCC(OCCc2cnc3ccc(F)cc3c2N2CCNCC2)CC1,1
protein102,1,O=C(NO)c1c(-c2ccccc2Cl)[nH]c2ccc(OC(F)(F)F)cc12,1
protein102,1,O=C1NC(=O)C2(CCCCC2)N=C1C1Sc2ccccc2-c2ccccc21,1
protein102,1,O=c1c(-c2ccccc2)cn(Cc2ccccc2F)c2cccc(O)c12,1
protein102,1,NC(=O)C1CN(C2CCN(Cc3ccccc3C(F)(F)F)CC2)C(=O)c2cccc(n2)C=N1,0
protein102,1,O=C(Nc1ccc(Cl)cc1-c1cn2c(-c3ccsc3)cc(Cl)cc2n1)C1CCCO1,0
protein102,1,CCn1ccnc1CN(C)C(=O)c1ccc(-c2ccccc2C)nc1,1
protein102,1,CCC(O)C#Cc1ccc2c(c1)CCCN2c1ccccc1,0
protein102,1,CCN=C(S)N(NC=O)C(C)C,0
protein102,1,Cc1cnc(-c2ccnc3c2C(CN2CCN(C(=S)NN)CC2)CCC3)c(C)c1,1
protein102,1,CCCn1cnc2c(N=CNC(=S)Nc3ccc(F)cc3)cccc21,1
protein102,1,CC1CCCC(C)N1C(=O)CNCc1ccc([N+](=O)[O-])cc1,1
protein102,1,CCC1CCCC2(C)C1O[NH+]1CCC(O)CC12,0
protein102,1,CCNC(=S)NN=C1CCCC1,0
protein102,1,CC(C)CC1CN(C(=O)c2cc3cc([N+](=O)[O-])ccc3[nH]2)CC(CCS(C)(=O)=O)C(=O)N1,1
protein102,1,Cc1c(C(=O)Nc2nnc(-c3ccccc3)s2)c2ccccc2n1CCCN(C)C1CCc2ccccc2C1,0
protein102,1,Cc1ccc(C)n1-n1nnc2ccc(-c3ccc(C(F)(F)F)cc3)cc21,1
protein103,1,Cc1cn(C(=O)Nc2c(C)cccc2C)cn1,0
protein103,1,CC1CCc2ccccc2N1C(=O)CCC(=O)c1cn(C2CCNCC2)c2cc(F)ccc12,0
protein103,1,CCN1c2ccc(-c3ccc(F)cc3)cc2S(=O)(=O)c2nc([N+](=O)[O-])ccc21,1
protein103,1,Cc1cccc(NC(=O)c2sc(N)nc2O)c1,0
protein103,1,CCN1Cc2nn(-c3ccc(OC)c([N+](=O)[O-])c3)cc2-c2ccc(C)nc21,1
protein103,1,Cc1cc(NC(=O)Nc2cccc(Cc3nnc(N)s3)c2)c2ccccc2n1,1
protein103,1,CCCC(CC1C(C)C(=O)NC(=S)N1C)c1ccccc1,0
protein103,1,O=C1C2CC3CCCC3C(=O)N2C(C2CCCCN2)N1c1ccc(C2CNCCC2CO)cc1,0
protein103,1,CCOc1cccc2c1C1CCC2N(CC(C)(C)n2cncn2)C1,0
protein103,1,CCn1c(-c2ccsc2C)c2cnc(NC(=O)c3ccc(C(F)(F)F)cc3)c-2n(C(=O)c2ccccc2C)c1=O,1
protein103,1,CCC(C)(C)C1C(=O)NC(=S)N(c2ccccc2)C1=O,0
protein103,1,O=C(NO)C(CC#Cc1cc(-c2ccccc2)nc2ccccc12)S(=O)(=O)c1ccccc1,1
protein103,1,Cc1ccc(C(C)Nc2nccc(-n3cc(CS(=O)(=O)c4ccccc4)nn3)n2)cc1F,0
protein103,1,CCCCCCNc1nc(N)nc2cc(C)nn12,0
protein103,1,CC(=O)C1=CC2CCCC(C)(CCC3OC(=O)N(c4ccccc4)C3=O)C2N1,0
protein103,1,CC1(c2cc(-c3ccncc3)c(F)cc2NC=O)CC1(Cl)Cl,1
protein103,1,CCn1cnc2cc(C(=O)N(C)Cc3ccc4cc(F)ccc4n3)ccc21,1
protein103,1,CCNc1ncc(-c2cc(C3C(C(=O)N4CCCC4)C(C)C(=O)N3c3ccc(F)c(F)c3)cc(F)c2OC)cn1,0
protein103,1,CCC1CC2=Nc3ccccc3C(O1)c1ccc(NC(=O)C(C)C)cc12,1
protein103,1,CCn1c(C)nc2cc(Nc3cc(C(C)(C)OC)nc(NC)n3)ccc21,0
protein103,1,Cc1[nH]ccc1C(=O)Nc1ccc(OCCCN2CCN(C)CC2)cc1,0
protein103,1,CC(C)CN(N=C1CCC(C(=O)NC(C)(C)C)CC1)C1=NCCN1,0
protein103,1,O=C1CCC(=O)N1CC(=O)N1CCc2ccccc21,0
protein103,1,CCOc1ccc(NC(=S)N2CCN(C)CC2)cc1CN1CCCc2ncnc(Nc3cccc(OC(F)(F)F)c3)c21,0
protein103,1,CCN(c1cccc(Cl)c1)c1c(C)cnc2cc3c(cc12)C(C)(C)C(=O)N3CCN(C)C,0
protein103,1,Cc1nc2c(Nc3ccc(C(=O)O)c(O)c3)ccnn2c1-c1ccncc1,0
protein103,1,Cc1cccc(-n2nccc2C(=O)Nc2cc(Cl)ccc2C(N)=O)c1,0
protein103,1,CCOc1ccccc1-c1cc2c(=O)[nH]ncc2[nH]c1=O,1
protein103,1,O=Cc1ccccc1Cc1nc2cc(Nc3nccc(-c4ccccc4)n3)c([N+](=O)[O-])cc2s1,1
protein103,1,CCC1(C)OC(c2c(OC)cccc2OC)CCC1=NCCN(Cc1ccccn1)CC(C)c1ccccc1Cl,1
protein103,1,CCCC(Nc1cc(C(F)F)n2ncc(-c3ccc(Cl)cc3F)c2n1)c1nc(Cl)ccc1F,0
protein103,1,Cc1cn(-c2ccccc2)c(C)c1-c1nn(CC(N)=O)c2ccccc12,1
protein103,1,Cc1cc2ccc(Nc3ncncc3N3CCC(C(N)=O)CC3)nc2cc1C,0
protein103,1,CC1CCc2ccccc2N1S(=O)(=O)c1cccc(C(=O)c2ccc3cc4c(cn23)OCCC4)c1,0
protein103,1,CCOP1(=O)CC2(CCCc3ccc(OC)cc32)CO1,0
protein103,1,Cc1ccc(S(=O)(=O)N2C3CCCC2CCC3)cc1Nc1nnc(-c2ccccc2CO)s1,0
protein103,1,O=C1c2ccc(Nc3ccnc4ccc(-c5cnccc5F)cc34)cc2CN1c1ccccn1,1
protein103,1,CCC1CCC2(CC1)COCCN2c1nccc(-n2c(NC(=O)CCc3ccccc3)cnc2C)n1,0
protein103,1,CCC1OC(=O)Nc2cc(C=Cc3ccccn3)cc(-c3sc(C(=O)O)cc3C)c21,1
protein103,1,Nc1ncncc1-c1cn(C2CCC(CC(CCO)N3CCN(c4ncccn4)CC3)CC2)c2ccccc12,1
protein103,1,Cc1ccc2nc(-c3csc(Nc4ccccc4CN(C)C)n3)[nH]c2c1,1
protein103,1,Cc1cc(OC(=O)c2ccc([N+](=O)[O-])o2)c(N(C)C)cc1C,1
protein103,1,CCN(CC)CCOc1ccc(Nc2nc(C)cc(N)n2)cc1,1
protein103,1,O=C(O)C1CCCN(Cc2nc(COc3c(Cl)ccc(Cl)c3Cl)cs2)C1,0
protein103,1,FC(F)(F)c1cccc(-c2ccc(OC3CCNC3)cc2)n1,0
protein103,1,CCC(C)C(NC(=O)OCc1ccc(C(F)(F)F)cc1)C(=O)N1CCCC1C#N,0
protein103,1,CCCCCC1c2ccccc2-c2ccc(C3=NNC(=O)C3(C)C)cc2-c2[nH]ncc21,1
protein103,1,Cc1ccc(C(=O)Nc2cc(C3CCN(C)CC3Oc3c(F)cccc3C#N)cc(F)c2F)cc1-n1ccnc1,0
protein103,1,Cc1ccnc2c(O)ccc(Oc3cc4c(cc3[N+](=O)[O-])CC(OCC3CC3)C(C)CN4CCC(C)(C)C)c12,1
protein103,1,Cn1cc2c3c(cccc31)C(CCCOCC(=O)NC(C)(C)C)CC2,1
protein103,1,CCCC(C)CNC(=S)Nc1ccc2nc(-c3ccc(C)cc3)[nH]c2c1,0
protein103,1,O=C1c2ccccc2C(O)N1CCCN1Cc2cc3cnccc3cc2N(c2ccncc2)C1,1
protein103,1,CC(C)c1ccccc1NS(=O)(=O)c1cc(C(=O)O)cc(-c2ccc(F)cc2)c1,0
protein103,1,N#Cc1ccccc1-c1ccc2nc(N3CCNCC3)nc(-c3ccccc3)c2c1,1
protein103,1,CC(=NOCc1ccccc1S(=O)(=O)N1CCN(CC(F)(F)F)CC1)c1cccs1,0
protein103,1,O=Cc1cn(-c2ccccc2)c2ccccc12,1
protein103,1,CCOC(=O)C(=Cc1ccccc1O)NC=O,0
protein103,1,Cc1cncc(CN(CC(C)NC(=O)C2CC3CCN(C)CC3O2)c2nnc(C3CC3)s2)c1,1
protein103,1,CC(C)(C)C1Oc2ccccc2C1(N)C(=O)N1CCN(Cc2ccccc2-n2cccn2)CC1,0
protein103,1,O=C(CCS(=O)(=O)Nc1cc(C(F)(F)F)ccc1F)N1CCN(c2ccncn2)CC1,0
protein103,1,Cc1ccc(-n2nc(C(F)(F)F)c(SCC(=O)Nc3c(C)n(C)n(-c4ccccc4)c3=O)c2C)cc1C,0
protein103,1,CC(C)CCNC(=S)Nc1ccc(-c2cc(N3CCNCC3)c3c(Cl)cccc3n2)cc1,0
protein103,1,CC(C)CC(=O)Nc1nnc(-c2c(Cl)cccc2Cl)o1,0
protein103,1,Cc1ccc(NC(=NCc2ccc(Cl)cc2Cl)S(=O)(=O)O)cc1,0
protein103,1,CC(C)C=CC1C(C)Oc2c(cc(Cl)cc2S(=O)(=O)Nc2ccc(N3CCOCC3)c(C(=O)O)c2)C1(C)O,0
protein103,1,Cc1ccc(-c2nnc(Nc3nc4ccccc4s3)s2)cc1S(=O)(=O)N(C)C,0
protein103,1,Cc1cc(C)c2cccc(N3C(=O)c4cccc(C#N)c4C3=O)c2n1,1
protein103,1,CC(CC(=O)NC1C(=O)OC(C)(C)CC1C)=NOC(=O)c1ccccc1,1
protein103,1,Cc1ncnc2c1CCC2,0
protein103,1,CC(C)CCc1ccc(-c2ccnc(Nc3ccc(C4CC(c5ccccc5)=NCN4CCCO)cc3)n2)cn1,0
protein103,1,O=C(O)Cc1cnccc1-c1ccc(CN2CCC(C(F)(F)F)(C(F)(F)F)C(O)C2)cc1,0
protein103,1,Cc1ccc([S+]([O-])c2ccccc2C2CCN(c3nccc(OC4CCN(C)CC4)n3)C2)cc1,0
protein103,1,CCCNc1cc2cc3ccccc(C(=O)NC4=NC(C(C)C)CN4)c-3c2n1C,0
protein103,1,CC(=O)OC(C)(C)C,0
protein103,1,O=C(CCc1ccc(F)cc1)Nc1nnc(-c2ccc(O)cc2)s1,0
protein103,1,O=C(Nc1ccc([N+](=O)[O-])c(C(F)(F)F)c1)c1ccco1,0
protein103,1,CCC1CCC2CN1C(=O)COc1ccc(cc1F)C(=O)N2CCCNc1cncc(F)c1,0
protein103,1,CC(C)NC(=S)N1CCCC(c2cccnc2)=N1,0
protein103,1,Nc1ccc(C(CNC(=S)Nc2ccc3c(c2)CCCCO3)N2CCCCC2)cc1,1
protein103,1,CC(C)CCNc1nc(-c2ccc(CCCN(C)S(=O)(=O)C3CC3)cc2)nc2ccccc12,0
protein103,1,Cc1cc(C)c(C(=O)Nc2ccnc(Oc3nccc4c3CCCC4)c2)c(N)n1,1
protein103,1,O=C(NC1CCc2ccc(F)cc21)C1CCN(Cc2ccccc2F)CC1,0
protein103,1,CCn1c(SCC(=O)NC2CCCC(C)C2)nc2ccccc2c1=O,1
protein103,1,CCN(CC)c1cccc(Oc2nccnc2-c2ccccc2)c1,0
protein103,1,CCC(CC)NC(=O)Cn1cc(C(C)C)c2ccc(C(F)(F)F)cc21,0
protein103,1,CCc1cccc(N(CC)C(=O)c2cccnc2O)c1,0
protein103,1,CC(=NO)c1cccnc1OC(c1ccc(O)cc1)c1ccc(Cl)cc1,0
protein103,1,Cc1ccc(Nc2nc3nc(C)c([N+](=O)[O-])cc3s2)cc1C,1
protein103,1,Nc1cc(C=NNC(=O)c2cccs2)ccc1-n1ccc2c(F)cc(F)c(F)c21,1
protein103,1,CCS(=O)(=O)N1CCCC(c2noc(C)c2C(=O)Nc2ccccc2OC(F)(F)F)C1,0
protein103,1,CCCc1c(S(=O)(=O)N2CCCOCC2)cc(C(C)(C)C)n1CC,1
protein103,1,O=C(CCS(=O)(=O)c1cccs1)Nc1ccc(OC(F)(F)F)cc1,0
protein103,1,CCS(=O)(=O)NCC1CCN(CCC#Cc2ccc(C3CCCC3)cc2)C1,0
protein103,1,O=C1c2cc(O)ccc2OCC1c1c(F)cccc1[N+](=O)[O-],1
protein103,1,CCC1CC1(O)C(=O)N1C(Nc2ccc(F)nc2)CCCC1C(=O)N1CC2CCC1CO2,1
protein103,1,COC(=O)N1Cc2ccccc2CC1C(=O)NC(=S)Nc1cccc(NC(C)=O)c1,0
protein103,1,Cc1cnc(N2CCOC3CN(c4nc(-c5cnccn5)ncc4F)CC3C2)c(C(F)(F)F)c1,1
protein103,1,Cc1c(N=C2CN(C)CCN2Cc2ccc(OC(F)(F)F)cc2)c(=O)n(-c2ccc(Cl)cc2)n1C1CC1,0
protein103,1,Cc1ccc(S(=O)(=O)c2cnc(C)nc2Nc2ccnc3cc(-c4ccco4)ccc23)cc1,0
protein103,1,NCc1cccc(Nc2ncc(-c3ccc4c(CCN5CCOCC5)c[nH]c4c3)nc2Cl)c1,1
protein104,1,Ic1nc(N2CCc3ccccc32)c2cc(N3CCNCC3)ccc2n1,1
protein104,1,CCCNCCCc1nc2ccccc2c2cc(Nc3cccc(OC)c3)nn12,0
protein104,1,COc1cccc(C)c1NC(=O)C[S+]([O-])CCN(C(=O)c1ccc(Cl)c(Cl)c1)c1ccccc1Cl,1
protein104,1,Cc1cccc(NC(=O)N2CCN(c3ccc(C(N)=O)c(Cl)c3)CC2)c1C,0
protein104,1,CCC(C)S(=O)(=O)c1ccc2c(Nc3ccc(C(=O)N4CCc5ccccc54)c(F)c3)cc(-c3cnn(C)c3)nc2c1,0
protein104,1,Cc1cc(C(F)(F)F)nc(-n2nc(-c3ccc(N(C)C)cc3)cc2C(F)(F)F)n1,1
protein104,1,CCN(CC)C(=O)c1ccc(-c2cnn(-c3cccc(C(F)(F)F)c3)c2)cc1,0
protein104,1,CC1c2cc(OS(C)(=O)=O)ccc2C2(c3ccccc3)CC(=O)NCC12,1
protein104,1,CCCOC(=O)Nc1c(CO)c(C)nc2cc(Sc3ccccc3)c(OC)cc12,1
protein104,1,CC(=CCn1c(C(F)(F)F)nc2ccccc21)C(=O)Nc1c(C)n(C)n(-c2ccccc2)c1=O,1
protein104,1,CCCC(C)c1cc(=O)[nH]nc1-c1ccc(C#CC(C2CC2)N(C)S(=O)(=O)c2ccc(F)cc2)s1,0
protein104,1,CCNC(=S)Nc1ccc(OCC)c(OC)c1,0
protein104,1,CCCCCON=C1COc2c(CCCN3CCC(NC(=O)C(N)CC(C)C)C3=O)cnc(C(=O)Nc3ccccc3)c21,0
protein104,1,Nc1ccc2c(COC3CCCCC3)ccc(NC(=O)CC3SC(=Nc4ccccc4)NC3=O)c2n1,1
protein104,1,CCOc1cc(-n2c(C)nc3ccccc3c2=O)ccc1Nc1c(C(N)=O)cnc2ccccc12,1
protein104,1,CCCC(C)C(C)(C)C#CC#CC(C)(C)NC(=O)c1ccc(N)c([N+](=O)[O-])c1,1
protein104,1,CC(C)S(=O)(=O)Nc1ccc(C(=O)Nc2ccccc2Nc2cccc(Cl)n2)cc1,0
protein104,1,Cc1nc2c(-c3cc(OC(F)(F)F)ccc3F)nc(N)nc2n1C(C)C,1
protein104,1,Cc1nc2c(s1)CN(C(=S)c1cc3n(c1)CCCCC3)CC2,0
protein104,1,CCn1ccnc1CN(C)C1CCN(c2c(C)n(C)n(-c3ccccc3)c2=O)C1=O,0
protein104,1,O=C(NO)C1CN(CCc2ccc(Oc3cccnc3)cc2)CC12CC2O,0
protein104,1,CN1CCC(c2ccccc2CC(C)(C)C2OOC3c4ccccc4CN3C2=O)CC1,1
protein104,1,O=C(Nc1ccccc1C(F)(F)F)c1sc2nc3n(c(=O)c2c1Cl)CCCCC3,1
protein104,1,CCC(ON=CCCN1CCCCC1c1ccccc1)C(F)(F)F,1
protein104,1,CC(CO)C[n+]1ccc2c3c(n4c2c1SCC4(C)C)CCCC3,0
protein104,1,Cc1ccc(S(=O)(=O)N(C)CCCn2c(N3CCC3)nc3ccccc32)cc1,0
protein104,1,CC(=O)N1C=CC(CCC2CC(=O)c3cc(Cl)c(O)cc3O2)[NH+]1[O-],1
protein104,1,Cc1cc(Cl)ccc1C1=NN(CCO)C(c2ccc(F)cc2)C1c1ccc([N+](=O)[O-])cc1,1
protein104,1,CCCCn1c2ccccc2c(=O)c2c(=O)oc3ccc(O)cc3c21,1
protein104,1,CCn1nc(C(=O)O)cc1-c1ccc(OC2CCN(c3nnc(-c4ccco4)s3)CC2)cc1,0
protein104,1,Cc1cccc(C)c1OCC1CCCN(CC2C(=O)NCC2Oc2cccc(F)c2F)CC1,1
protein104,1,O=C(NCC(F)(F)F)c1ccc(C(F)(F)F)c(Oc2nc3oc(=O)[nH]c3cc2Cl)c1,0
protein104,1,Cc1ccc(-c2ccc(C(=O)Nc3ncnc(OCC4CCCCC4)c3S(=O)(=O)c3ccc([N+](=O)[O-])cc3)s2)cc1,1
protein104,1,CCN1CCC=C1c1ccccc1O,0
protein104,1,CC(C)C1CCN(CC(=Cc2ccc(N(C)C)cc2)C(=O)c2ccccc2Cl)C1,0
protein104,1,CCC1CCC(C)(C2CN3CCCC3C(=O)N2CCN2C(=O)CCC2c2[nH]cnc2C)OC1,0
protein104,1,NCCC1Cc2c(-c3cc(=O)c4c(O)c(O)ccc4[nH]3)ccc(O)c2O1,1
protein104,1,Cc1ccc(N2CCc3ncccc3C2)c(C(=O)Nc2ccc(-c3nc4ccccc4s3)cc2)c1,0
protein104,1,CC(=O)N(c1ccc(-c2cc3c(CCNC(=O)c4cccs4)cccc3o2)nn1)C(C)C,1
protein104,1,CCCn1c(Nc2nncc(C)n2)nc2cc(Oc3cnccn3)cc(Cl)c21,0
protein104,1,CN(CC(F)F)C(C)(C)C(=O)NC1(c2ccc(F)c(Cl)c2)c2[nH]cnc2CCC1C#CC1CC1,0
protein104,1,CC1CCN(CC(=O)Nc2ccc(S(=O)(=O)N3CCOCC3)cc2C(=O)NCc2ccccc2)CC1,0
protein104,1,C=C1C(=O)Nc2ccc(-c3cc(C(=O)N4CCCCCC4)no3)cc2N1CC,0
protein104,1,CCN1CCN(C(=O)c2ccccc2)CC1,0
protein104,1,CC(C)CC1CN(C(=O)Nc2cc(Cl)cc(N(C)C)c2)Cc2c(C(N)=O)nn(-c3ccc(C#N)cc3)c21,0
protein104,1,Cc1ncc([N+](=O)[O-])n1CC(=O)N1CCCCC1,1
protein104,1,O=C(Nc1ccc(F)cc1)c1cc(Oc2ccnc3ccccc23)ccc1C(F)(F)F,1
protein104,1,Nc1ccccc1NC(=O)c1ccc2c(c1)C1CCC2C1,0
protein104,1,CCCCC1Cc2cc([N+](=O)[O-])ccc2SCc2ccc(cc2)OCC(C)N1,1
protein104,1,CC(C)CCC1Cc2ccc(C(=NO)n3c(=O)n(CC4CC4)c4ccncc43)cc2CS1(=O)=O,0
protein104,1,O=C(Nc1nc(-c2ccncc2)c(Cl)s1)c1ccc(Nc2ncccc2C(F)(F)F)cn1,0
protein104,1,Oc1n[nH]c(O)c1Cc1c(Cl)cccc1Cl,0
protein104,1,O=c1n(CCN2CCCCC2)c2ccccc2n1CCC(F)(F)F,0
protein104,1,Cc1cnc(C)c(Oc2cc3c(C(=O)O)nn(Cc4nnc(-c5cc(F)c(OC(F)F)c(F)c5)o4)c3c3ccccc23)c1,1
protein104,1,CC(C)CC(C(=O)Nc1cncc(-c2cc(-c3cccc(F)c3)nn2C)c1)C(O)CO,0
protein104,1,Cc1cc(C)c(C)c(OC2CCN(c3nc4c(s3)Cc3ccnc(N)c3-4)CC2)n1,1
protein104,1,Cc1ccc(NS(=O)(=O)c2cn(C)c3ccc([N+](=O)[O-])cc23)cc1,1
protein104,1,Cc1cc(-c2cnc(N)c(OC(F)F)c2)nn1Cc1cc(F)ccc1N1CCCCC1,1
protein104,1,Cc1c(-c2ccsc2C2CC3CCCC4COC(C)(CCN2CC3N(C)C(=O)C(C)C)O4)n(C)c2ccccc12,0
protein104,1,CCCCC1CCN2CCN(CC2)c2ccc(cc2)C1Oc1cc(N)ccn1,0
protein104,1,CCc1ccccc1C(=O)Nc1c(C#N)cnc2c(C)cc(OC)cc12,1
protein104,1,CCCCc1nc2cccnc2n1-c1ccc(S(C)(=O)=O)cc1,0
protein104,1,CCC(C)(C)C(=O)OCc1cccc(C(C)=NNC(F)=S)c1,1
protein104,1,CCC(C)CC[S+]([O-])c1ccc(Cc2n[nH]c3c2c(N)nc2nc(N)nc(C)c23)cc1,0
protein104,1,CCCC(=NNc1ccc([N+](=O)[O-])cc1)c1cc(-c2nccs2)ccc1C(F)(F)F,1
protein104,1,CCCCCn1ccnc1C(C)(C)C,0
protein104,1,CCN(CCCCC1CN(c2ccccc2)C(=O)O1)S(=O)(=O)c1ccc(C)cc1,0
protein104,1,O=C(NO)C1CS(=O)(=O)CC(c2cccc(F)c2)O1,1
protein104,1,CCN(CC)CC(=O)Nc1ccnc2ccccc12,0
protein104,1,CC=CC(=O)N(CCN1CCCCC1)C(N(C)S(=O)(=O)c1ccc(Cl)cc1)C1(CO)CCOc2ccccc21,0
protein104,1,O=C(Nc1ccccc1N1CCOCC1)c1c(F)cncc1Cl,0
protein104,1,CCOc1ccc(C(C)CS(=O)(=O)c2ccccc2)cc1,0
protein104,1,CCCn1c(=O)c2c(ccn2Cc2c(Cl)cccc2Cl)n(C)c1=O,0
protein104,1,CCOCc1cc(-c2ccc([N+](=O)[O-])o2)c(O)c2c1OC(C)(C)C=C2,1
protein104,1,CCC1CN(c2ccc(-c3cnc4ccc(OC)cc4c3N3CCOCC3)c(OC)c2)C(CN)CN1CC(O)COCC(F)(F)F,0
protein104,1,CC(=O)SCCCn1cc(C(N(C)C)C(C)(C)C)c2ccccc21,1
protein104,1,N#Cc1cccc(S(=O)(=O)Nc2ccccc2C(=O)Nc2sccc2C(N)=O)c1,0
protein104,1,CCn1c2c(n3cccc3c1=O)-c1cc(CNc3ncc(F)c(N4C(=O)OCC4C(C)CO)n3)ccc1C2,1
protein104,1,CCCCNc1nc2nc(S(=O)(=O)c3ccccc3)ncc2cc1[N+](=O)[O-],1
protein104,1,Cc1nc(Cl)ccc1-c1ncc(N2CCc3[nH]n(C(C)(C)C)c(=O)c3C2)nc1C,1
protein104,1,Cc1ccccc1Cn1c(CNS(=O)(=O)c2ccccc2C#N)nc2cc(F)ccc21,1
protein104,1,CC(C)CS(=O)(=O)Nc1ccc(OCC2(C(=O)NOC(=O)c3ccccc3)CC2)c(C(C)(C)C)c1,0
protein104,1,CCC(C)NS(=O)(=O)c1ccc(C=C2C(=O)N3CCN2c2ccc(C)cc2C3)cc1,0
protein104,1,CCC(C)C1(C(=O)O)CC(=O)N(Cc2ccsc2)C1,0
protein104,1,CC(C)N(C)C(=O)Cn1c(=O)cc(NCCc2ccccc2)[nH]c1=O,0
protein104,1,CCn1nc(C(=O)NCC2CCCO2)c2cc([N+](=O)[O-])ccc2c1=O,1
protein104,1,CC(C)NC(=S)NN=Cc1ccc(Cl)cc1Cl,0
protein104,1,CC1=NOC(Cn2c3c(c4ccccc42)CCCC3)(c2ccc(F)cc2F)C1C[N+](=O)[O-],1
protein104,1,CCC(NC(=O)OCC1CCC(C)(O)C(C)(C)N1C(=O)Nc1ncccn1)c1ccccc1,0
protein104,1,CCOc1ccccc1C(=O)N1CCC2(CC1)CC(=O)N(c1ccc(F)c(O)c1F)C2=O,0
protein104,1,CCn1c(C)cc(C(=O)C(=O)Nc2cc3ccccc3cn2)c1C,1
protein104,1,CCN(CC)CCCN1C(=O)c2cccc3c2C(c2ccccc2)=NC1C(=O)N3CC,0
protein104,1,CCc1cccc(Cl)c1C(=O)N1CCC(NC(=O)c2ccc(S(C)(=O)=O)cc2)CC1,0
protein104,1,O=C(NC1Cc2ccccc2COC1=O)c1cccc2c1CCc1ccccc1O2,0
protein104,1,CC(C)Nc1ncc(S(=O)(=O)N2CCCC2)cc1-c1cn(C)c2ccccc12,1
protein104,1,CCN(CC)S(=O)(=O)c1cc(NC(=S)NC(=O)c2ccccc2Cl)ccc1C,0
protein104,1,CC(C)CC1CCC(=O)N2CCN(CC2)c2ccc(F)c3c(cccc23)C(=O)N1,1
protein104,1,CC1CCCC2(C)C(=O)N=C(S)N12,0
protein104,1,CCCCN1CCCCOC(=O)Nc2cc(Cl)cnc21,0
protein104,1,CCn1cc(S(=O)(=O)Nc2ccc(Nc3ccc(Cl)cc3)cc2C(F)(F)F)c(=O)nc1C,0
protein11,1,O=C1c2ccccc2C(O)(Cc2nc3ccccc3c(O)c2S(=O)(=O)c2ccccc2)c2ccccc21,1
protein11,1,CC(C)Nc1cccc(C(=O)Nc2nc(S(=O)(=O)N3CCN(C)CC3)c(C3CC3)s2)c1,0
protein11,1,Cc1cc(-c2c[nH]nc2N2CCOCC2)nc2cc(Nc3cccc(Cl)c3)ccc12,1
protein11,1,Cc1nc(N)sc1-c1c(F)cccc1Cl,0
protein11,1,CCc1ccccc1CN1C(=O)CN=C(c2ccccc2)c2ccccc21,0
protein11,1,Cc1ccc(N2C(=O)CCC2=O)cc1S(=O)(=O)Nc1cccnc1Cl,0
protein11,1,O=C(c1cc(F)cc(OCC2CCNC2)c1)c1ncc([N+](=O)[O-])o1,1
protein11,1,CC1(c2ccncc2)OS(=O)(=O)C(N)=C1[n+]1ccccc1,1
protein11,1,CCC1CCN(CC(O)c2ccc(Cl)c(Cl)c2)C(C(N)=O)C1,0
protein11,1,O=Cc1cc(-n2c(S)nnc2-c2ccccc2Cl)ccc1O,0
protein11,1,Cc1cccc(Nc2ccc3s[n+](CC(=O)N(C)C)cc3c2)c1,0
protein11,1,CCC(=O)Nc1ccc(Nc2nc(C(F)(F)F)cc(S(=O)(=O)C(C)C)n2)c(C(F)(F)F)c1,0
protein11,1,CCCC1C(=O)NCc2ccc(c(F)c2)Oc2ccc(c(F)c2)CC(=O)NC12C(=O)Nc1cc(F)ccc12,1
protein11,1,Cc1ccc(NC(=S)NC2CCCCC2)c(C)c1,1
protein11,1,Clc1ccc(Nc2ccnc(N3CCNCC3)n2)cc1Cl,0
protein11,1,CCCCCOC1(C)NC2C(=NOCc3cn(C(C)(C)C)c4cc(c(F)cc34)NC(=O)C2OC(C)=O)CC1C,0
protein11,1,N#Cc1ccc(CN2CCc3ncc(C#CC=CC4CCOCC4)cc3C2=O)cc1,1
protein11,1,CC1CCc2cc(F)ccc2C1N1CCN(C(=O)c2ccc(Cl)nc2)CC1,0
protein11,1,CCOc1ccccc1C(=O)N1CCC2(CCCN(c3ccccc3)C2)C1,0
protein11,1,CC(C)(C)NC(=O)Nc1c(-c2cccs2)nc2n1CCCCC2,0
protein11,1,CC1CCC(NC(=O)CCn2c3cc(Nc4ccc(C(C)(C)C)cc4)c(N)cc3c3c2c(=O)ncn3CCO)CC1,0
protein11,1,CC1=C(C(=O)Nc2nnc(Cc3c(F)cccc3F)s2)C(C)c2ccccc2O1,1
protein11,1,Cc1cc(N(C)C)nc(N2CCc3ccc(CCC4CCC(CN5CCOCC5)CC4)cc32)n1,0
protein11,1,O=C(Nc1ccccc1N1CCCCCC1)c1cnccn1,1
protein11,1,CCCCNC(=O)Oc1cc(-c2ccccc2)ccc1N1CCN(C)CC1,0
protein11,1,Cc1cccc2c1c(C1CCCCC1NC(=O)C(O)c1ccncc1)cn2C,0
protein11,1,NC=CC(=O)CCCCCCF,0
protein11,1,CC1CCCC(C)C1NCCCCn1ccc(-c2cnc(N)cn2)n1,0
protein11,1,CC1(C)CCN(CCc2cccc(Nc3ccc(C4CNCCO4)cc3)c2)C1=O,0
protein11,1,Cc1cc(-c2ccc(OCCCN(C)C(C)c3cccnc3)cc2F)no1,0
protein11,1,Cc1csc(=O)n1CCCN1CCCCC1c1ccccc1C#N,0
protein11,1,CCNC(=O)CSc1nc(O)c(NC(=O)c2ccc3c(c2F)CCO3)cc1Cl,0
protein11,1,CC(C)n1nc(NC(=O)C2Cc3cc(F)ccc3NC2c2ccc(F)cc2)cc1C(F)(F)F,0
protein11,1,CCCCc1nc(CN(C)C)cs1,0
protein11,1,CC(OC(=O)C(NS(=O)(=O)c1c[nH]cn1)C(C)C)c1ccc(Nc2ccc3nc4c(c(N5CCOCC5)c3c2)CCCC4)cc1F,0
protein11,1,Cc1nc2cc(n1)Nc1cccc(c1)-c1nc(c(C#CCC(C)O)c3c1CCC(C)C3)C1CCC(=O)N1C2,0
protein11,1,CC(=O)n1c(CNC2CCc3nn4cccc4c(=O)n3C2)nc2ccccc21,1
protein11,1,CCCCCCn1cc(C(=O)O)c(=O)c2ccc(C(F)(F)F)nc21,0
protein11,1,O=C1Nc2cccc3c2OCC(COc2c1ccc1ncccc21)C3,1
protein11,1,CC1(C)C=CC(n2c(=O)[nH]c3c(-c4cccc(Cl)c4)cccc32)CC1,0
protein11,1,O=C(Nc1nc(-c2cnc3cc(-c4cccc(F)c4)ccn23)cs1)c1ccc(OC(F)(F)F)cc1,0
protein11,1,CCc1ccc(Nc2nccnc2-c2cc(-c3ccc(Cl)cc3)c(=O)n(C3CC3)c2)cc1,0
protein11,1,CC=CC(C)(C)N1C(=O)Cn2c3ccccc3c3cccc1c32,1
protein11,1,Cc1cc(C)cc(Oc2nc(C)ccc2C(=NO)NC23CCC(CC2)CC3)c1,0
protein11,1,CC1(C)NC(=O)NC1c1cc(C#CC2CCCC2)c(F)c(Cl)c1OCC(N)CC(N)=O,0
protein11,1,CC(C)Cc1cc(NC(=O)c2ccccc2C(F)(F)F)n(-c2cccc(S(=O)(=O)N3CCOCC3)c2)n1,0
protein11,1,O=C(c1ccc(NCC(F)(F)F)c([N+](=O)[O-])c1)c1ccccc1CN1CCOCC1,1
protein11,1,CCn1c(C)c(C(=O)N2CCCCC(c3ccccc3)(c3ccccc3)C2)c2ccccc21,1
protein11,1,NC(=NC(=O)COc1ccc(C2CCc3ccccc3N2C(=O)C2CCCCC2)cc1)c1ccc(Cl)cc1,0
protein11,1,CC(C)C(C)NS(=O)(=O)c1cccc2c1Cc1cc(O)ccc1C21CCN(CCN(C)C)CC1,0
protein11,1,Cc1ccc(N(C)C(=O)c2cc(-c3cnc4cc5c(c(F)c4n3)CCC5)sc2-n2cccc2)nc1,0
protein11,1,CCc1nc(-c2cccc(C3CCN(C(=O)Cn4cccn4)CC3)c2)no1,0
protein11,1,Cc1[nH]c2ccc(-n3ccnc3-c3ccccn3)cc2c1CC1CCC1,0
protein11,1,CCNC(C)C(=O)NC1CCN(Cc2ccccc2C(F)(F)F)CC1,0
protein11,1,CCC1CON(C)c2nccc(C)c21,1
protein11,1,CCC(Nc1cnc(N)nc1Cl)c1c(F)cnc(Nc2cnc(Cl)cn2)c1C#N,0
protein11,1,CC(=O)Nc1cc(-c2cccc3cc(C(=O)n4cc[nH]c4=O)nn23)cc(C(F)(F)F)c1,0
protein11,1,CC1(CCCC(N)C(F)(F)F)Oc2ccccc2C(=O)C1N1C(=O)c2ccc([N+](=O)[O-])cc2C1=O,1
protein11,1,CCN(CC)CCOC(=O)c1cc2ccccc2[nH]1,0
protein11,1,Cc1ccnc(Oc2cccc3c2CN(c2ccncc2)C3=O)c1,1
protein11,1,CC1CCc2nc3c(O)nc4cc(Cl)c(Cl)cc4n3c2C1,0
protein11,1,CCc1n[nH]c(=NC(=O)c2nn(C)c3ccc(S(=O)(=O)Nc4nc(C(=O)O)cs4)cc23)n1-c1ccccc1,0
protein11,1,COc1ccc(C)cc1S(=O)(=O)N1c2ccccc2Oc2nccnc21,0
protein11,1,CN(C)CCCC(CC#N)(c1ccccc1)C(C)(C)CO,0
protein11,1,CCNCC(=O)Nc1cccnc1O,0
protein11,1,CC(=CCCC(C#N)NC(=O)C(N)Cc1ccccc1F)CCC(F)(F)C(CF)CC#N,0
protein11,1,CCCn1c(-c2ccc3cc(C)cnc3c2)nc2cc(C(=O)OC)ccc21,0
protein11,1,CCOc1ccc(S(=O)(=O)Nc2cccnc2F)cc1,0
protein11,1,CCOC(=O)c1c(C)sc(Nc2cc3cc4c(cc3oc2=O)OCC4)c1C,0
protein11,1,CCc1ccc(Cn2cc(-c3cncc(NCC4CCCO4)n3)c3cc(S(N)(=O)=O)ccc32)cc1,1
protein11,1,Nc1nc(SCc2cccc(C(F)(F)F)c2)c2nc(-c3ccc(Cl)cc3)[nH]c2n1,0
protein11,1,CCn1c(=O)nc2cc(C=NNc3sc(-c4ccccn4)cc3C(=O)N(C)CC3CCCC3)ccn21,1
protein11,1,Cc1nc2ccccc2n(CCCCN2CCN(C)CC2)c1=O,0
protein11,1,CCc1cccc(C)c1Nc1ncnc2cc(Nc3cc(C)on3)c(S(N)(=O)=O)cc12,1
protein11,1,CC1=CC=CN2C=C(c3ccc([S+](=O)([O-])c4ccccc4)cc3)N3CC=CC123,0
protein11,1,CC(C)(C)N1CCC(c2cccc(Oc3ncccc3NC(N)=O)c2)CC1,0
protein11,1,CCCCNc1ccc(-c2ccc3c(c2)C(=C2NC=C(Cl)C=C2Cl)S(=O)(=O)C3)cn1,0
protein11,1,CC1CCN(c2c3c(c4nc5ccccc5nc4c2Cl)C(=O)Nc2ccccc2S3)CC1,0
protein11,1,Nc1ccc(Cl)cc1C(=O)Nc1ccc2[nH]c(=O)n(N)c(=O)c2c1,1
protein11,1,O=C(NC1CCN(C(c2ccc(Cl)cc2)c2cccnc2)CC1)c1ncccc1OC(F)F,0
protein11,1,Cc1csc2c1C(CC1CCN(Cc3ccccc3F)C1=O)C(=O)N(C)C2=NNC(C)(C)C,1
protein11,1,Cc1c(Cl)c2c(-c3ccc(C(=O)N(C)C)cc3)nn(C)c2c2cnccc12,0
protein11,1,Cc1c(C#N)cccc1NC(=O)c1ccccc1OC1CCN(Cc2cccc(Cl)c2)CC1,0
protein11,1,CCCN1CCc2ccc(OCCCN3CCN(C)CC3)cc2C1,0
protein11,1,Nc1nn(-c2ccccc2)c(-c2ccc(C=Nn3cnnc3)cc2)c1-c1ccccc1,1
protein11,1,CCc1cc2cc(C)c3c(-c4cccc(OC)c4)n[nH]c3c2[nH]1,1
protein11,1,CCCCc1nc2c(=O)n(C)c3cc(OCCN(CC)CCO)ccc3c2[nH]1,1
protein11,1,CCc1nc(C#N)c(NC(=O)c2cccc3c2c(C)c(Cl)n3CC)s1,1
protein11,1,O=Cc1sccc1NC(=O)c1cncc(Oc2cccc(F)c2)c1,0
protein11,1,Cc1cccc(CNC2CC(=O)N(c3ccccc3CC3c4ccc(C(=O)NCC5(C)CC5)cc4OC(=O)N3C)C2=O)c1Cl,1
protein11,1,CCCC(=O)N1CCCC(c2[nH]nc(C)c2-c2ccccc2)C1,0
protein11,1,O=C(O)C1CC1C(=O)Nc1cnn(Cc2cc(Cl)ccc2Cl)c1,0
protein11,1,CCn1cc(C(=O)O)c(=O)c2cc(F)c(N3CCN(C)CC3)c(F)c21,1
protein11,1,Cc1cnccc1-c1cc(C(=O)Nc2cccc(C(=O)N3CCCCC3)c2)ccn1,1
protein11,1,Cc1c(NC(=S)N2CCN(C)CC2)ccc2c1nc1n2CCCC1,1
protein11,1,O=CNc1cc(C(F)(F)F)ccc1S(=O)(=O)N1CCCCC1,0
protein11,1,CC1CN(c2cccc(F)c2)c2c(Cl)cc(C(F)(F)F)cc2C(S)=N1,0
protein11,1,O=S(=O)(CCC(F)(F)F)n1ccc(-c2cc(NC3CC3)c3ccccc3n2)n1,1
protein11,1,O=C1C(Sc2ccccc2F)c2cc(I)ccc2N1C1CCCCC1,0
protein11,1,NC(=O)C1=C(O)C(N2CCC(C(=O)Nc3cc(F)ccc3F)(S(=O)(=O)Cc3ccccc3)CC2)Cc2ccccc21,0
protein12,1,CCC1CCCCN1Cc1cc(Cl)ncn1,0
protein12,1,O=c1n(CC(O)CN2CCCCC2)cc2c3cnccc3cnn12,1
protein12,1,CCN1CCC(CNC(=O)Cn2cc(Cc3c(Cl)cccc3Cl)nn2)CC1,0
protein12,1,CCN(CC)CCc1ccc(-c2cc3cc(C)c4ccnc(N)c4c3o2)cc1,1
protein12,1,CC(C)C(c1ccccn1)N1CCN(C(=O)Nc2ccc(Cl)cc2)CC1,0
protein12,1,CCOc1ccc2nc(-c3ccc(OCCCC4CN5CCC4(O)CC5)cc3)sc2c1,0
protein12,1,Cc1nn(-c2ccccc2)c(=O)cc1-c1ccc(C#N)nc1,0
protein12,1,CN1CCN(c2ccc(C(F)(F)F)cc2-c2ccc3ncnc(Nc4cccc(F)c4)c3c2)CC1,0
protein12,1,CCCOc1ccc(-c2cc3c(C)c(C)cnc3o2)cc1,0
protein12,1,Cc1cccc(Cl)c1C(=O)NC(C)(C)c1cc2cc(C#N)ccc2[nH]1,0
protein12,1,NC(=O)c1cccc2ccc(Nc3cccc(-c4ccc(CCCO)cc4)c3)nc12,0
protein12,1,CC1(C)CC(c2ccccc2)C(C#N)(C#N)C2(CCCCC2)N1,0
protein12,1,CCN1CCN(c2nc3ncc(-c4cccc(C)c4)cc3o2)CC1,0
protein12,1,CCOc1cccc(CC2CCCCN2)c1,0
protein12,1,Cc1cccc(NC(=O)C=C2C(=O)n3ncc2c3-c2c[nH]c3ccccc23)c1,0
protein12,1,CC(=O)Nc1cnc(C)c(CN2CCCC(c3nc(N)n(-c4ccc(Cl)cc4)n3)C2)c1,1
protein12,1,CN1C(=O)c2ccccc2C1(C)CCC1CC2=NOC1C2,0
protein12,1,O=C(c1ccncc1)N1CCn2c(nnc2-c2ccc(F)cc2)C1,0
protein12,1,CCCCCC(=O)Nc1ccc(CCCCN2CCCCC2)cc1,0
protein12,1,O=C(NCC1CCCN1C(=O)C1CNC(COCc2ccc(F)cc2F)C(C(=O)O)C1)c1ccc(F)cn1,1
protein12,1,CC(C)CC1CN(C)C(=O)O1,0
protein12,1,Cc1ccc(NC(=O)C2CN(C3CCCCC3)CCN2C(=O)C(CSCCC(C)C)OC(=O)CC(C)C)cc1,0
protein12,1,CC1CCC(=O)N2CC(C1)N(S(=O)(=O)CCN1CCOCC1)C(=O)C2C(C)C,0
protein12,1,CC(C)c1csc(NC(=O)c2cc(S(=O)(=O)N3CCCCC3)ccc2F)n1,0
protein12,1,CN(C(=S)NC(=O)C1CCCN(S(=O)(=O)c2ccccc2)C1)c1ccccc1F,0
protein12,1,CC(C)CC(C=O)NC(=O)C(CC(C)C)N1CC(c2ccccc2OC(F)(F)F)OC1=O,0
protein12,1,CCN1C=NC2CCCC(F)C#Cc3cnc(cn3)-c3ccc(cc3)OCC21CCN(C)C,0
protein12,1,Cc1cncc(-c2ccc(CNC3CCN(CC4CC4)C3=O)cc2)n1,0
protein12,1,O=C(Nc1nncs1)c1c(O)cccc1Cl,0
protein12,1,CC(F)(F)c1ccc(C(=O)Nc2ccc(OCCN3CCCCC3)cc2)c(CO)c1,0
protein12,1,CCN(CC)c1ccc2c(c1)C(=O)c1nc3c(Cl)cnn3c(-c3ccc(OCCN4CCOCC4)cc3)c1-2,1
protein12,1,CCn1cc(C(=O)Nc2ccc3c(c2)CCC3=C(C#N)C#N)c(=O)c2cc([N+](=O)[O-])cc([N+](=O)[O-])c21,1
protein12,1,O=c1cc(-c2cccc(-c3ccnn3-c3ccccc3F)c2)[nH]c2c(N3CCCCC3)cnn12,0
protein12,1,CCc1ccccc1N1CCc2n[nH]c(C)c2N=C1SCC(=O)Nc1cc(S(=O)(=O)N2CCCCC2)ccc1OC,0
protein12,1,O=C(CCN1CCc2ccc(Oc3nncs3)cc2C1=O)N1CCCCCC1,0
protein12,1,O=C(Nc1ccc(Cl)cc1Cl)c1cccnc1-c1sc2c(F)cccc2[n+]1[O-],1
protein12,1,Cc1sc(NC(=O)CS(=O)(=O)c2cccc([N+](=O)[O-])c2)nc1-c1ccccc1F,1
protein12,1,CCc1ccccc1N1CCN(C(=O)C2CC2CN2CCN(Cc3ccc(F)cc3)CC2)CC1,1
protein12,1,CCC1C(C#N)c2cc(C(=O)O)ccc2N1CC(O)CN1CCC2(C(C(N)=O)N3C(=O)c4ccccc4C3=O)c3ccccc3CC12,0
protein12,1,CC(C)CCCCN1CCCC1=O,0
protein12,1,CCOC(=O)c1ccccc1NC(=O)c1cc(NCc2cccnc2)nc2ccccc12,0
protein12,1,CC(C)CCOc1ccc(-c2cncc(F)c2)cc1CN1CCCC(C)C1,0
protein12,1,CCCCCn1cc2nc1C1CCN(CC1)C(=NO)c1cccnc1Oc1ccc-2cc1,1
protein12,1,CC(C)N1CCN(C(=O)Oc2ccc3cc(-c4cn[nH]c4)ncc3c2)CC1,0
protein12,1,CC(=O)Nc1ccnc(Nc2c(F)cc(CC(CO)N3CCN(c4ccccc4C(F)(F)F)CC3)c(F)c2F)c1,0
protein12,1,O=C(C=NOCc1ccccc1)Nc1cccc(OCc2ccc(Cl)cc2Cl)c1,0
protein12,1,CCOc1cc(-c2cn3cc(-c4cccc(OC)c4)cc(NCC4CCOCC4)c3n2)ccc1O,1
protein12,1,COc1cc(C#N)c2c(c1)cc(C(=O)O)n2-c1ccc(C(C)NC(=O)c2ccc3c(c2)ncn3-c2cccc(C)c2)c(F)c1,0
protein12,1,Cc1cc(CC(C)(C)C)nn1CC(=O)Nc1cc(Cl)ccc1C(=O)O,0
protein12,1,CCC(=NO)C(CN(C(=O)Cc1ccc(Cl)cc1)c1ccc2c(c1)OCCO2)=NO,0
protein12,1,Cc1cc(Oc2ccc(F)cc2C(N)C2CCN(C)CC2)ccc1F,0
protein12,1,CC[N+]1(CCCS(=O)(=O)c2ccc(F)cc2)CCCC1,0
protein12,1,CCOC(=O)Nc1ccc2c(NC(=O)C3CCCCC3)c(C(=O)O)cnc2n1,0
protein12,1,O=C(CCCOc1ccccc1Cl)NC1(C(=O)O)CCCCC1,0
protein12,1,CCCC(C)(Cc1ccc(-c2cc(-c3ccccc3O)nc(N)c2C#N)cc1)C(=O)O,0
protein12,1,Cc1ccc(SCc2cc(C)nn2-c2nc(C)cc(N(C)Cc3c(O)cccc3O)n2)cc1,0
protein12,1,CCC1CCC(N)C(NC(=O)c2cccnc2)C1C1(C#N)CCCC1=O,0
protein12,1,O=C(CC1C(=O)NCCN1Cc1ccc(Cl)cc1Cl)NCc1ccccc1Cl,0
protein12,1,Cc1c(-c2ccc(Cl)cc2)nc2c(NC(=O)C3CC3)cc(CNC(=O)N3CCCC(C)C3)cn12,0
protein12,1,Fc1ccc(-c2cc(Nc3ccc(Cl)c(Cl)c3)ncn2)nc1,0
protein12,1,CCn1cc(O)c(=O)nc1-c1ccc(C(C)(C)C)cc1,0
protein12,1,Cc1ccc(C(=O)Nc2ccc(Cl)c3c(C)c4nc(N)nc(N)c4c(C)c23)cc1,1
protein12,1,CCOc1ccc(S(=O)(=O)N(C)C)cc1NC(=O)c1cc2cc(Oc3ccc(C(F)(F)F)cn3)ccc2[nH]1,0
protein12,1,CC12CCc3ccccc3C1N(C1=NCCN1)CCC2O,0
protein12,1,CC1(C)CC(=O)N(CCc2ccc(F)c(C(=O)NC3C(=O)c4c(ccc5c4OCC5)OC3(C)C)c2)C1=O,0
protein12,1,CC1NC(c2ccc(Cl)cc2Nc2cccc(C(=O)Nc3ccn(-c4ccccc4)n3)c2)=NC1=O,0
protein12,1,Cc1cc(S(=O)(=O)N(C)C)c2nc(C)cc(Nc3ccc(F)c(F)c3)c2c1,0
protein12,1,Cc1cc(O)cc2c1CCC(C)(CNC=CC(C)C)O2,0
protein12,1,CCc1ccc(CN2CCN(C(=S)Nc3ccc(NC4=NC(=O)C5CSCN45)c(Cl)c3)CC2)nc1,1
protein12,1,O=C(Nc1cc(-c2ccccc2)n(CCC(=O)N2CCCC2)n1)c1ccc(OC(F)(F)F)cc1,0
protein12,1,Cc1cncc(-c2cccc(NC(=O)Cc3cccnc3)c2)n1,0
protein12,1,CCC(=O)N1Cc2nc(Nc3cc(C)ccn3)sc2C(C)C1,0
protein12,1,CC(CNc1nccc(-c2ccccn2)n1)CN1CCCC1C(C)Oc1ccc(C(=O)O)cc1,0
protein12,1,O=C(CCCl)NC(c1ccc2c(c1)CCO2)c1nc2ccccc2cc1I,1
protein12,1,CCCCOC(=O)c1c(C)nc2cc(Nc3ccnc4cc(N(C)C)ccc34)ccc2c1C,0
protein12,1,CCCC1(N=C(c2ccccc2)N(C)C)CCN(CC(=NOC)c2ccccc2)C1,0
protein12,1,CC1(C)CN(N=Cc2c[nH]nc2-c2ccc(O)cc2O)C(=O)C1NC(=O)c1ccccc1,1
protein12,1,CCN(CC)S(=O)(=O)c1ccccc1NC(=O)c1ccc(C)c([N+](=O)[O-])c1,1
protein12,1,CC(C)CCn1c2c(c3cc(C(=O)N(C)C)ccc31)CCCC2,1
protein12,1,CCN(C)C(=O)c1ccc(-c2cnc3sc(-c4ccccc4F)nn23)cc1,1
protein12,1,CCN(CC)CC#CC1(NC(=O)c2ccc(C)c([N+](=O)[O-])c2)CCCC1,1
protein12,1,CNc1c(C(N)=O)c(CCC2(C)CCN(C)C2=O)nc2ccccc12,1
protein12,1,CCOc1cc(Cc2nccc3c2OCC(C)(C)N3)cc(OC(F)(F)F)c1C,0
protein12,1,CCOc1ccc(C=NN(CC)C(=O)c2cc(-c3cccc4c3N(C(=O)c3ccc(S(=O)(=O)N5CCOCC5)cc3)CCO4)c[nH]2)c(OC)c1,1
protein12,1,O=C(Nc1cc(S(=O)(=O)Nc2ccc(F)cc2)ccc1C(=O)O)c1ccc(N2CCOCC2)c([N+](=O)[O-])c1,1
protein12,1,CCC(C)NC(=O)c1sc2nc(N3CCN(C)CC3)c(C)c(OC(C)C)c2c1N,0
protein12,1,O=CC(Cl)=C1CS(=O)(=O)c2ccc(S(=O)(=O)NCc3cccc(Cl)c3)cc2N1,0
protein12,1,O=C(Nc1nc2ccccc2s1)Nc1cc(Cl)ccc1N1CCNCC1,0
protein12,1,CCNc1cccc2c1c[n+]1n2CCN(C)C2=C1C(=O)c1ccccc1C2=O,1
protein12,1,O=C(CSc1ccc([N+](=O)[O-])cc1)Nc1ccccc1OC(F)(F)F,1
protein12,1,O=C(Nc1ccccc1C(F)(F)F)Nc1ccc(Cl)c(C(=O)O)c1Cl,0
protein12,1,CCCCOc1ccc2c(c1F)C(C)(O)CCCCC1=CC(NC1=O)c1cc(O)ccc1-2,0
protein12,1,Cc1ccc(SCCN2CCN(C=Nc3ccc(Cl)cc3[N+](=O)[O-])CC2)cc1,1
protein12,1,O=C1C(N2CCCCC2)=CC(=O)c2ncccc21,0
protein12,1,CC(C)CCC(O)C(CS(N)(=O)=O)C(N)=O,0
protein12,1,CC(C)CC(C)Nc1nc(-n2c(SC(C)C)nnc2-c2ccc(N(C)C)cc2)[nH]c(=O)c1CCCl,1
protein12,1,CCCCOc1ccc(-c2csc(C3CCOCC3)n2)cc1NC(=O)c1ccc2c(c1)nc1n2CCCC1,0
protein12,1,O=C1OC(CBr)CN1c1nccc(N2CCCCC2c2c(F)ccnc2Cl)n1,1
protein12,1,CCC(C)Nc1ncc(N2C(=O)CCC2(CC2CC2)c2ccc(Cl)c(N)c2)c(N2C(=O)OCC2C(C)C)n1,0
protein12,1,CCN(CC)CC(=O)Nc1c(O)c(C(=O)C(F)(F)F)cc(Cl)c1OCc1ccccc1,0
protein13,1,CCN(CC)CCCCn1ncc2cnc(Nc3cccc(Cl)c3)nc21,0
protein13,1,CCn1c(Cn2nc(C)nc2C)nc2cc(-c3ccc(C4CN(C(=O)c5cnccn5)C4)cc3)ccc21,0
protein13,1,CCC(NC(=O)c1cc(Cl)c(N)c(Cl)c1OCCN1CCCC1)c1ccc(O)c2ncccc12,0
protein13,1,CCn1cc(I)c2nn(-c3ccc(S(=O)(=O)Nc4ncnc5[nH]cc(-c6ccccc6C(F)(F)F)c45)cc3)c(=O)cc21,1
protein13,1,COc1ccc(NC(=O)c2[nH]c3ccccc3c2C(C)=O)c(C=Nn2cnnc2)c1,1
protein13,1,CCc1cc(N)n2ncc(-c3cccc(C(=O)N(CC4CCCO4)c4cc(OC)ccc4OC)c3)c2n1,1
protein13,1,Cc1snnc1C(=O)NN=Cc1ccc(Cl)cc1Cl,0
protein13,1,CCCC(c1ccccc1)N(C)C(=O)C=C(C)C,0
protein13,1,Cc1c(-c2ccccc2)nc2c(c1NCCCN1CCCCC1)CCC(O)C2,0
protein13,1,CC1Oc2ccccc2C(OCC=O)C1(O)CCCc1cccnc1-c1ccccc1,1
protein13,1,CC1(C)Oc2c(cccc2-c2ccc(=O)n(Cc3ccccc3Cl)n2)OC1=C(C#N)C#N,0
protein13,1,COC1Cc2cccc3c2N(C(CCNS(=O)(=O)c2ccc(C#N)c4sc(C(=N)N)cc24)C#CC3)C1C,1
protein13,1,CCCNC(=O)C=C1C(=O)N(CCCN2CCCCC2)c2ccccc21,0
protein13,1,CC(CO)CCC1C(=O)N(c2ccc(C(=O)O)cc2)C(=O)C1(C)C,0
protein13,1,CC1(C)CC(=O)c2c(nc(O)c3oc4c(c23)CCCCC4)C1,0
protein13,1,O=C(Nc1ccncc1OC(F)(F)F)C1CCCN1c1cccc(Cl)c1,0
protein13,1,CCn1c(=O)c2c(c3cc(OC)ccc31)CC(C)(C)C(=O)C2=O,1
protein13,1,O=C(Nc1nccs1)c1ccc2c(c1)nc(CS(=O)(=O)c1ccccc1)n2Cc1ccccc1F,1
protein13,1,Cc1ccnc(C(=Cc2nc3cc(Cl)c(F)cc3n2C)C(C)C)n1,0
protein13,1,CC1=C(C)C2Cc3c1ccc(c3Cl)OC(C)(C)C(O)CCC1(CC(=O)N1)CC1CCCCN12,0
protein13,1,CC(=O)N(CC#Cc1ccccc1)CCC(C)C,0
protein13,1,Nc1ncc(-c2ccc3c(c2)nc(-c2ncc[nH]2)n3C2CC2)cc1OC(F)(F)F,1
protein13,1,CCCCCCCN,0
protein13,1,CCc1nc(-c2ccccc2)sc1C(=O)Nc1c(CS(=O)(=O)c2ccc(C)cc2Cl)noc1C,0
protein13,1,O=C(Nc1cccc(Nc2ncnc3c(CN4CCOCC4)cccc23)c1)c1ccccc1F,0
protein13,1,O=C(O)C(Cc1ccc(-c2cccnc2)cc1)NC(=O)C1CCCN1CC(F)C(F)C(F)(F)F,0
protein13,1,Cc1nccn1CC1CCCN1CC1C(C(F)(F)F)CCC(C)N1C(=O)OCc1ccccc1,0
protein13,1,O=CC1(C(=O)OCc2ccccc2)CC(=O)N(c2ccccc2)C1,0
protein13,1,CN(CCCNCC1CCCO1)Cc1nc(C(C)(C)C)cs1,0
protein13,1,CCOC(=O)c1[nH]c2ccccc2c1NC(=O)c1ccc2ccc(C)nc2c1,1
protein13,1,Cc1[nH]c2ccc([N+](=O)[O-])cc2c1C(=O)Nc1cc(S(=O)(=O)N2CCOCC2)ccc1Oc1ccccc1,1
protein13,1,O=C1c2cc(OC(F)(F)F)ccc2COc2ccc(O)cc21,0
protein13,1,CCCn1c(C)cc(C=NNC(=O)c2ccncc2)c1C,1
protein13,1,CC(C)N(C)c1nc(Cl)c(-c2cnn(C(C)C)c2)c(NC(C2CC2)C2CC2)n1,0
protein13,1,CCC1CN(CN2CCC2C)CC2=CC(O)CCC21C,0
protein13,1,CCN1CC(=O)N=C1C,0
protein13,1,Cc1cc2cc(S(=O)(=O)N3CCCCC3)ccc2nc1Nc1cccc2nccc(C)c12,0
protein13,1,CCn1cnnc1-c1ccoc1S(=O)(=O)N1CCCC(Oc2c(Cl)cnn2C)C1,0
protein13,1,CCCC1(CC)OC(=O)N(c2ccc3c(n2)N(CCCN(C)S(C)(=O)=O)CCO3)C1=O,0
protein13,1,Cc1cc2c(c(-c3nc4cnc(Cl)nc4n3Cc3ccc([N+](=O)[O-])cc3)c1)NC(=O)CC2,1
protein13,1,O=Cc1cccc(-c2cncc(CS(=O)(=O)c3cccc(F)c3)c2)c1F,0
protein13,1,O=[N+]([O-])c1ccccc1NC(=NOC1CCCC1)SCCCl,1
protein13,1,CC(C)Cc1nc(NC(=O)c2ccccc2)sc1-c1ccccc1,0
protein13,1,CCOc1cccc(-c2cn(Cc3ccc(OC)c(OC)c3)c3ncccc23)c1C#N,1
protein13,1,Cc1cc(-n2ccnc2C)ccc1C(=O)N1CC2(CCC(COc3ccc(C4CC4)cc3)C2)NC1=O,0
protein13,1,O=CCCCCCN1CCC2(c3ccccc3)CC1Cc1ccc(O)c(O)c12,0
protein13,1,Cc1ncoc1-c1cc(F)c2c(c1O)CCC(N(CC(=O)NCc1ccccc1)CC1COCC1C)C2,0
protein13,1,CC1CCC(NC(=O)CN2C(=O)c3ccccc3S2(=O)=O)CC1,0
protein13,1,Cc1ccc(Nc2cc(CC3CC3)nc3ccccc23)cc1C(=O)Nc1ccc2c(c1)OCCO2,1
protein13,1,Cc1ccc(NC(=O)CSc2nc3cccc(-c4ccsc4)n3n2)cc1N(C)C,0
protein13,1,CCCCc1nc2ccc(Cl)cn2c1C=Cc1ccccc1,0
protein13,1,CC(C)CC(Nc1nccc(-n2ccc(-c3ccc4c(c3O)C=CC(C)(C)O4)n2)n1)C(C)O,0
protein13,1,Cc1cc(NC(=S)N2CCC(=O)N(C)C(=O)C2C)ccc1F,0
protein13,1,CCC1=CN(C)CC1,0
protein13,1,Cc1nn(-c2c(Cl)ccc3ncccc23)c(C)c1CN1CCN(CCO)CC1,1
protein13,1,Cc1nc(NCCO)c(C#N)cc1-c1ccc(C(F)(F)F)cc1,1
protein13,1,CC1CCN(C(=O)Oc2cccc(-c3cnc(COc4ccc(OC(F)(F)F)cc4)s3)c2)CC1,0
protein13,1,CC(=O)Nc1ccc(C2CCN(c3nccc(=O)n3Cc3ccc(N(C)C)cc3)C2)cc1,1
protein13,1,Cc1c(F)ccc(CCc2c([N+](=O)[O-])nc([N+](=O)[O-])c3c2CC(C(C)(C)C)O3)c1[N+](=O)[O-],1
protein13,1,CCOC(=O)Nc1nc2ccccc2o1,0
protein13,1,Cc1cc2[nH]c(=O)n(CCCN(C(=O)Cn3cccc3C3=NCCCC3)C3CCCCC3)c(=O)c2c(C)c1O,0
protein13,1,O=C(Nc1ccc(N2CCCC2=O)cc1)c1cnn2ccc(Cl)cc12,0
protein13,1,Cc1nn(C)c2c1c(NC(N)=S)nc1c(Nc3ccccc3F)cccc12,1
protein13,1,O=C(Nc1ccc2c(c1)C1(CC2)CCN(c2ccccc2F)CC1)c1cnccn1,0
protein13,1,Cc1cc(OCCC(F)(F)F)c(F)cc1-c1cn(-c2ccc(C(N)=O)cc2C2(C)CCCN(CCC(F)(F)F)C2)cn1,1
protein13,1,O=C1NCCC(c2cccnc2Oc2ccc3cccc(F)c3n2)N1,1
protein13,1,CCN(CC)CC(=O)NCc1ccccc1C(F)(F)F,0
protein13,1,CCC1(c2cc(Cl)ncc2N)Cc2c(ccc(-c3cnc(N)nc3)c2F)C(=NO)N1,1
protein13,1,CC1(C)CC2C(=O)NCCC(C2c2cc(F)c(F)cc2F)N1C(=O)Nc1ccc(O)cc1,0
protein13,1,O=C(C1CN(C2CCCOC2)CC1CS(=O)(=O)c1ccc(Cl)cc1)N1CCN(Cc2ccccc2F)CC1,0
protein13,1,N#Cc1ccc(COc2ccc(N3CCc4ccccc4C3)cc2-c2cnc3cccc(C(=O)O)c3n2)cc1,1
protein13,1,CC(C)CC(Nc1nccnc1[N+](=O)[O-])c1cncc(-c2ccc(N3CCCC3=O)c(C#N)c2)c1,1
protein13,1,CC(C)CCNc1nccc(-n2cc(Cc3ccccc3-n3cccc3)nn2)n1,0
protein13,1,CCN(CC)CCCOC(=O)c1cc(C(F)(F)F)cc2c1NC(=O)CC2,0
protein13,1,CCN(CC)c1ccc2c(c1)Oc1ccc(CC3CCN(c4ccnc(N)n4)CC3)cc1C2N1CCN(C)CC1,0
protein13,1,CC(C)CNc1cc(-c2n[nH]c3ccc(-c4ccccc4)cc23)nc(N)n1,1
protein13,1,Cn1c(=S)oc2ccc(-c3ccccc3)cc2c1=O,0
protein13,1,CCN(CC)c1ccc(C(=O)NC2(C(F)(F)F)Nc3ccccc3N(C)C2=O)cc1,1
protein13,1,Cc1cccc(F)c1Cn1cnc([N+](=O)[O-])c1Sc1ccc(-c2ccncc2)cc1[N+](=O)[O-],1
protein13,1,NC(=O)c1nc2ccccc2n1CC(F)(F)c1ccccc1F,1
protein13,1,Nc1cc(-c2ccncc2)cc2c1C(=O)C=C(N1CC1)C2=O,1
protein13,1,CC(C)C1NCCCC1N1CCCCC1C1C(=O)N(C)C(=O)N2C(=O)c3ccccc3C12,0
protein13,1,Cc1ccnc(-n2nc(N(C)C)c(C(=O)N3CCC4(CCc5ccccc54)C3)c2C2CC2)c1,0
protein13,1,Cc1nc(N)n(C(=S)NC2CCCC2C)n1,0
protein13,1,CC(O)Cc1nc2c(c(N3CCCCC3)nn2-c2ccccc2)c2c1CCCC2,1
protein13,1,CCN(CC)CCCNC(=O)c1ccc(OCc2cc3c4c(cccc4n2)C(C)(C)CN3C)cc1,1
protein13,1,CC(C)COC1C(C(N)=O)=CCC2c3ccc(O)c(O)c3CCC12,0
protein13,1,O=c1cc2ncccn2c2cc(C(F)(F)F)ccc12,1
protein13,1,CN(CC1=CCCCC1)c1cccc(C=O)c1,0
protein13,1,Cc1ncc(-c2ccc(NC(=O)c3cc([N+](=O)[O-])ccc3O)cc2C)s1,1
protein13,1,O=C(Nc1ccccc1)c1nc(-c2ccncc2)sc1NC(c1cnn(CCN2CCCCC2)c1)C(F)(F)F,0
protein13,1,CCOC(=O)c1ccccc1NCC(=O)Nc1ccccc1C(=O)Nc1ccccc1OCC,0
protein13,1,CCCCC(C(=O)NC1CN2CCC1CC2)c1ccccc1,0
protein13,1,CC1COCCN1c1nc(Nc2ccc3c(c2)NC(=O)CO3)c2cc(F)c(Cl)cc2n1,1
protein13,1,CCC(=O)N1CCC2(NC(=O)Cc3cccnc3)CCCC1C2N(C)C(=O)c1c(O)cccc1O,0
protein13,1,ClC(Cl)c1nc2ccccc2n1CCN1CCCCC1,1
protein13,1,CCSc1cnn(CCc2ccncc2)c1,0
protein13,1,CCNC(=O)C1CCCCC1Oc1cc(S(=O)(=O)N2CCCC2C(=O)OC)c(C)c(C)c1O,0
protein13,1,Cc1cc(-n2c(C)cc3c(=O)c(-c4cccc(C(F)(F)F)c4Cl)c(C)[nH]c32)ccc1F,0
protein13,1,O=C(Nc1ccc2c(c1)oc(=O)n2C1CCNCC1)c1ccccc1F,0
protein14,1,Cc1cc(-c2cccc(N3CCS(=O)(=O)CC3)n2)nn1Cc1c(Cl)cccc1Cl,0
protein14,1,Cc1cc(Oc2cccc3c(C)nnc(C)c23)c(C#N)cc1F,1
protein14,1,CC(C)c1ccc(N2CCN(CC34CCCCC3C(=O)c3ccccc3C4=O)CC2)cc1,0
protein14,1,Cc1ccc(N)c(-c2cc(C(=O)Nc3ccccc3-c3ccccc3)[nH]n2)c1,1
protein14,1,CCOC(=O)c1c(C)[nH]c2c1CCc1ccc(CN3CCCC3)cc1-2,0
protein14,1,CCN1CCC2CN(c3ncc(-c4nc5c(C(F)(F)F)cccc5o4)c(Cl)c3F)CC2C1,0
protein14,1,CCC(c1ccc(C)cc1)n1c(=O)n(C)c2cnc(-c3ccc(C#N)cc3NC(=O)C(F)(F)F)nc21,0
protein14,1,Cc1ccc2c(c1)C(=O)OC1(CCN(C(C)(C)C)CC1)C2C,0
protein14,1,Cc1ccc(Cl)c(N(C)S(=O)(=O)c2cc(Nc3ccccc3C(=O)N3CCCCC3)ccc2Cl)c1,0
protein14,1,CCN(CC)C(C)CNC(=NC(=O)C1CCN(c2ncc(C(F)(F)F)cn2)CC1)N(C)C,0
protein14,1,CC(C)(C)OC(=O)NC1CCC(O)CC1COP(=O)([O-])O,1
protein14,1,CCOC1CCN(S(=O)(=O)c2ccc(-c3cnnc(N4CCCC(C)(N(C)C)C4)n3)cc2)C1,0
protein14,1,O=C(NCCN1CCOCC1)c1cc([N+](=O)[O-])ccc1N1CCOCC1,1
protein14,1,Cc1cc2c(cc1OC1CCCC1)C(=O)C(=O)c1nc(N)c(C(F)(F)F)cc1-2,1
protein14,1,O=C(c1cc2ccccc2[nH]1)N1CCN(Cc2cccc(Cl)c2)CC1,0
protein14,1,O=C1c2[nH]c3cccc(OCc4ccccc4)c3c2C(=O)c2cccc(O)c21,1
protein14,1,CC(C)CS(=O)(=O)c1ccccc1-c1c2n(CC3CCC3)c3nc(Cl)cc(c13)NC(C(=O)O)CC(CN)C2,0
protein14,1,CCCn1ncc(NC(=O)c2ccc3[nH]c(-c4nn(-c5ccc(N(C)C)cc5)c(C)c4CC)nc3c2)c1C,1
protein14,1,Cc1cc(-n2nc(O)nc2-c2ccccc2)nc(N(C)C2C=CCC2)n1,0
protein14,1,O=C(NC1C(=O)N(N=Cc2ccc(O)nc2)C(C(F)(F)F)c2ccc3c(c21)CCCC3)c1ccccc1,1
protein14,1,CCN(CC)c1ccc(C(=O)Nc2cn3c(-c4ccc(S(N)(=O)=O)cc4)c(-c4ccccc4)nc3c(C)n2)cc1,1
protein14,1,Cc1ccc(-c2ccc3nccn3c2)c(NC(=O)c2ccc(Cl)c(Cl)c2)n1,0
protein14,1,CCC1CN(Cc2ccccc2Cl)CC(P(=O)(O)OC)C1CC(C)C(=O)N1CCCC1C(=O)OC,0
protein14,1,CCC1C[S+]([O-])C(C)Cc2ccccc21,0
protein14,1,CC1Cc2ccccc2N1C(=O)c1cc2cc(C#CC3CC3)ccc2[nH]1,0
protein14,1,Cc1ccc([N+](=O)[O-])cc1Cn1cc(CN2CCN(C)CC2)c2ccccc21,1
protein14,1,CCC(=O)Nc1ccccc1-c1cc(C(=O)NC(C)c2ccccc2)n2c1CC1CCNCC1C2,0
protein14,1,Cc1ccc(C(=O)N2CCC(=CF)C2=O)cc1S(=O)(=O)NC(C)(C)C,0
protein14,1,CCC(C)Nc1nc(NC(=O)OCC(F)(F)F)cc(-c2cnn(-c3c(F)cccc3C(F)(F)F)c2)n1,0
protein14,1,CCCS(=O)(=O)Nc1cc(-c2ccccc2)c(Nc2ncnc3cc(OC)c(OC)cc23)c(C(C)(C)C)c1,1
protein14,1,CC(C)Cc1c(N)nc(N)nc1Cl,0
protein14,1,Cc1cc(N(C(=O)CCN)C(C)(C)C)ccc1-c1ccc(CN(C)CC(=O)O)cc1,0
protein14,1,Nc1ccccc1Sc1ccc(C=NO)cc1[N+](=O)[O-],1
protein14,1,CCn1c(C(F)(F)F)nc2cc(N(C)Cc3cccc(C(=O)N4CCSCC4)c3)ccc21,1
protein14,1,CC1CCCCN1CCC(=O)c1cccc2c1CCO2,0
protein14,1,CCCCN(CC)CCCOc1ccc(N(Sc2nc3nc(N)ccc3n2CC)C(C)=O)cc1,0
protein14,1,CCS(=O)(=O)Nc1ccc(-c2cn3c4c(cccc24)CC(NCC(F)(F)F)C3)cc1,1
protein14,1,CCCCCCC1CN(O)C(=O)C1c1ccc(OCC2CN(CCO)CCO2)c(C#CC2CCCCC2)c1,0
protein14,1,O=C(NCc1cn(-c2ccccc2F)nc1-c1cccc(F)c1)c1ccncc1,1
protein14,1,Cc1cc2c(cc1F)NC1c3[nH]c4ccccc4c3CN1C2=O,1
protein14,1,CCC1CCCCN1c1nccc(-n2cc(C(C)(C)C)c3nc(O)c(Cl)cc32)n1,0
protein14,1,CCC1(C(=O)Nc2cccc(-n3cc(C(=O)CN4CCCCC4C(N)=O)c4ccccc43)c2)CCN1C,0
protein14,1,CCn1cc(CNc2c3c(nc4ccccc24)Cc2ccccc2C3)cn1,1
protein14,1,CCc1ccc2nc(Nc3ccc(-c4nc(N)c5cc(N(C)C)ccc5n4)cc3)sc2c1,1
protein14,1,CC1(C)Cc2ccccc2C(NC2CC(NC(=O)C(F)(F)F)C(O)C3(C2)c2ccccc23)C1,1
protein14,1,NC1CCC(NC(=O)c2cnn(-c3cccc(F)c3)c2)C1,0
protein14,1,COc1cc(F)ccc1N1CC2(CCCCC2)NC1=NC(C)=O,0
protein14,1,CC(C)c1ncc(CN2Cc3cc(-c4ccc5[nH]ncc5c4)cnc3C2)cn1,0
protein14,1,CCn1ccc2ccc(CNC(=O)c3sc4nc(C)nc(N(C)C)c4c3C)cc21,1
protein14,1,Nc1ncc2c(=O)[nH]c3ccc(c(C(F)(F)F)c3)c3cccn3c2n1,1
protein14,1,COc1cc(C)c(NC(=O)c2cnn3c(C(F)(F)F)cc(-c4ccccc4)nc23)cc1C(=O)N(C)C,0
protein14,1,CN(Cc1nccs1)Cc1cncc2c1CC1CCCC2C1(C)O,0
protein14,1,CCNC(=O)C1CSC(C)(C)N1C(=O)c1cc(OC)cc(Oc2ccccc2)c1,0
protein14,1,CC1(O)CCC(=O)N1CC(=O)Nc1cc(F)cc(F)c1,0
protein14,1,CCC1CNCC2c3ccccc3Cc3c[nH]c(C)c3C12C,1
protein14,1,CC(C)CCNc1ncnc2ccccc12,0
protein14,1,Cc1cc(NC(=O)CSc2nc3ncccc3o2)no1,0
protein14,1,Cc1ncc(-c2cc(C(=O)Nc3cccnc3N3CCCCCC3)c3ccccc3n2)n1CCO,1
protein14,1,Nc1ccc(-c2cnc3c(c2)Cc2ccccc2N3CC2CCOC2)cn1,1
protein14,1,O=C(NN=C1SCC(=O)N1c1ccccc1C(F)(F)F)c1ccc(F)cc1F,0
protein14,1,Cc1csc(CNC(=O)c2ccc(-c3cccc(NC(CC(C)C)CC(O)C(O)CC=O)c3)cc2C(F)(F)F)n1,0
protein14,1,CC(CCO)OC(=O)Nc1ccc(O)c2c1c(=O)n(Cc1c(F)cccc1F)c1ccccc21,1
protein14,1,CC1(C)CC(NC(=O)c2cc(C(=O)[O-])nc3ccccc23)c2ccccc2N1c1ccccc1,1
protein14,1,O=C1NC(C2CC2)(C2COc3ccc(-c4cncc(F)c4)cc3C2)CC1n1ccnn1,1
protein14,1,Nc1nc(N)c2cc(NS(=O)(=O)c3ccc(Cl)cc3Cl)c(OC(F)(F)F)cc2n1,0
protein14,1,CCC1CCCC(=O)N1N=Cc1ccc(OC(F)(F)F)cc1,0
protein14,1,Cc1c(F)cc(F)cc1C1CC(=O)NC2Cc3ccc(cc3F)C#CC3(O)CN1CC3C1(COC2=O)CN(C)CCC1O,0
protein14,1,Cc1cc(-c2ccc(Cl)cc2Cl)cc2cc(N3CCCNCC3)nn12,0
protein14,1,O=C1CCSc2ccc(-c3cn[nH]c3)cc2N1,0
protein14,1,Cc1ccc(Nc2ncc3c(n2)Oc2cc(C)ccc2C32CCC(N(C)C)CC2)c(C)c1,0
protein14,1,CCCCN1C(=O)C(C(N)CN2CCCC2C)c2ccccc2-c2c1c(C(N)=O)c(OC)c1ccccc21,0
protein14,1,CC(C)c1ccccc1NC(=O)CCCn1nc(C(F)(F)F)c(C(=O)c2c(F)cccc2F)c1SCC(=NO)c1cccnc1,0
protein14,1,CC(C)C(CCC1Cc2cc(F)cc(F)c2S(=O)(=O)C1(C)C#N)C(=O)Nc1ccc(=O)n(C)c1,0
protein14,1,FCc1ccc(Oc2ccc(Nc3nccc4[nH]ccc34)cc2F)cc1,0
protein14,1,CCn1cc(NC(=O)COC)c(S(=O)(=O)c2ccc(OC(F)(F)F)cc2)n1,0
protein14,1,CCCCC1C=CC2CN(c3ccc(OC(=O)C(C)(C)C)c(Cl)c3)C(=O)OCCN1C2=O,0
protein14,1,Cc1cc(NC(=O)CC2CCCC2)cc(C(=O)O)c1,0
protein14,1,CCC(C)C(NC(=O)C(F)(F)F)C(=O)NC(CS(=O)(=O)C(C)(C)C)C(=O)O,0
protein14,1,CC(=O)c1cccc(C)c1NC(=O)c1cc(Nc2nccc(-c3cncn3C)n2)ccc1Cl,0
protein14,1,CCN1C(=O)SC(=Cc2ccc(Oc3cc(C(F)(F)F)c(Cl)cn3)cc2)C1=O,0
protein14,1,CC(C)=CCn1nc2c(cc1=O)CN(c1ncc(Cl)[nH]1)CC2,0
protein14,1,Cc1ccc(-c2cn(CC3CC3(C)C(N)=O)c3c(C(F)(F)F)nn(-c4ccccc4)c(=O)c23)cc1[N+](=O)[O-],1
protein14,1,CCC(C)Nc1ncnc2c3c4c(ccc(O)c4cc12)Oc1ccccc1-3,1
protein14,1,CCC(=O)N(Cc1cccc(Oc2ccccc2)c1)C1CN(Cc2ccccc2)C(=O)OC1C,0
protein14,1,Cc1ccc(-c2cc(C(=O)NCC3CCCCN3C)ccc2N2CCNCC2)cc1,0
protein14,1,CC(C)CCNc1nc(-n2cnc(C(=O)NC(C)C(C)(C)C)c2)c2c(C(F)(F)F)cccc2n1,1
protein14,1,CCCc1ccc(OCc2cccc(C(F)(F)F)c2)cc1,0
protein14,1,O=S(=O)(c1cccc(C(F)(F)F)c1)N1CCOCC1,0
protein14,1,CCC=C(C#N)C[S+]([O-])c1c(C)cccc1O,0
protein14,1,Cc1cnc(C)c2nc3nc4n(c3cc12)C1CCCCC1(C)CN4,0
protein14,1,CC1CCC(Nc2c(-c3ccccc3)cnc3c(-c4cccc(Cl)c4)cnn23)CC1,0
protein14,1,CC(=N)c1ccc(NC(=O)c2ccc(NC3CC3)c(OCC3CCCCC3)n2)cc1,0
protein14,1,CCC1CCC(O)CC1(c1cc(F)ccc1F)n1nc(-c2cc(F)cc(F)c2)c2c(N)ncnc21,1
protein14,1,CC1Cc2cccc(CNC(=O)c3cnn4c(C(C)(C)C)cc(-c5ccccc5)nc34)c2O1,1
protein14,1,CC(C)CC(CO)NCCCCC1c2ccccc2CCN1N,0
protein14,1,O=C(Nc1ccc(-c2ccccc2C(F)(F)F)cn1)N1CCOCC1,0
protein14,1,Cc1c(C(=O)O)c(=O)n(CCCC2CCC(C)(OC(=O)N3CCCC3)CC2)c2ccccc12,0
protein14,1,CCCCc1ccc(-c2cc(CNC(=S)Nn3c(C)nc4ccccc43)ccc2OC)cc1,0
protein14,1,CSc1nc(C)cc(N2CCCC(N)C2)n1,0
protein14,1,CC(C)CNc1ccccc1Nc1nc(NCCCO)nc2ccccc12,0
protein15,1,CCC1CC2C(=O)N(C1)c1cc(c(O)cc1O)-c1nn(cc1Cl)-c1ccc(cc1)NC(=O)C2(C)C,0
protein15,1,Nc1nc(Nc2ccc(F)c(F)c2)c2ccccc2n1,1
protein15,1,CCNC(=N)N(O)C(C)C,0
protein15,1,CC(C)c1ccc(-c2c(F)ccc(-n3cnc4sc(CC(C)(C)OC(=O)NCC(=O)O)nc4c3=O)c2F)cc1,0
protein15,1,CCNc1nc([N+](=O)[O-])c(Oc2ccc(Oc3ncccn3)cc2)c2c1CCCCC2,1
protein15,1,CCn1ccnc1CN1CCCC(CN2Cc3ccccc3C(c3ccc(F)cc3)C2)C1,0
protein15,1,Cc1cccc(-n2c(=O)n(Cc3cccc(C)n3)c3cc(C4CCNCC4)nnc32)c1,0
protein15,1,CCNc1ccc(OC)cc1C(C)Nc1nc2cc(Cl)ccc2n1Cc1ccc(C(=O)NN=C(C)CC(=O)N(C)C)cc1,0
protein15,1,O=C(CCN1CCCCC1)NC(Cn1ccnc1)C(=O)N1CC2=C(c3ccccc3)CC1c1ccc(Cl)cc1N2,1
protein15,1,CCC1=CCSc2c(C(=O)NCc3ccccc3)c(N)n(C3CC3)c21,0
protein15,1,Cc1nc(NCc2ccccc2)c2c(-c3ccc(F)cc3)nccc2n1,1
protein15,1,CCc1ccccc1NC(=O)C(C)CN1CCOCC1,0
protein15,1,CCc1cnc(-n2c(C(F)(F)F)nc3ccnc(N)c32)c(CC(C)C)c1,0
protein15,1,CCC(NC(C)=O)C(=O)Nc1sc2c(c1C(=O)Nc1ccc(F)c(C(C)(C)C)c1)CCCC2,0
protein15,1,Nc1nccc(NCP(=O)(O)O)n1,1
protein15,1,Cc1ccc(Cl)cc1NS(=O)(=O)c1ccc(C(=O)NCC2CCCO2)s1,0
protein15,1,Cc1ncc(-c2cc(-c3cn(CCCN4CCOCC4)nc3-c3cncc(Cl)c3)cnc2N)cc1F,0
protein15,1,CCCCC(C)(C)CNC(c1ccccc1)c1cccc2c(C(C)(O)C(F)(F)F)c[nH]c12,0
protein15,1,Cc1c(F)ccc(S(=O)(=O)N2CCCC(C(=O)Nc3ccc(N(C)C)cc3)C2)c1F,1
protein15,1,CCOc1ccc(CC(=NO)C2=Nc3c4c2cccc4cn3C)cc1Cl,1
protein15,1,NC(Cc1ccccc1)=NC(=O)Nc1nc2ccc(F)cc2s1,0
protein15,1,CCC1(c2cc(C(=O)NC3CC(=O)N4C(C)COCC34S(=O)(=O)c3cc(C(C)(C)C)ccc3OC)[nH]n2)CC1,1
protein15,1,CC(C)c1cccc(Cl)c1OCC(=O)N(C)c1ccccn1,0
protein15,1,CC1(C)CC(=O)C=C(Nc2ccc(Cl)cc2O)C1,0
protein15,1,CCOCc1csc(-c2cc(OC)cc3c2OC2C=C(C(N)=O)C(O)CCC32)c1,0
protein15,1,Cc1nn(-c2ccccc2)c(=O)c2c1cc(C)n2CC(=O)NC(C)(C)C,0
protein15,1,CCN(CC)C1CCN(c2cc(Cl)c(S(=O)(=O)Nc3ncccn3)cc2Cl)C1,0
protein15,1,CCC1CNc2nc3ccc(S(=O)(=O)NCC(c4cccs4)N4CCCCC4)cc3cc2C(=O)N1C(C)C,1
protein15,1,Nc1ncc(-c2nc3cc(-c4ccccc4)cc([N+](=O)[O-])c3cc2O)s1,1
protein15,1,CCC1=C(c2ccccc2)C(=O)NC1,0
protein15,1,CC1CN(Cc2ccc(C(=O)O)cc2)c2ncc(-c3cn4cc(C#N)cc(C(F)(F)F)c4n3)cc2O1,0
protein15,1,Cc1ccc(NC(=O)CSc2nccn(C)c2=O)c(C)c1,0
protein15,1,Cc1c(N=C2C(=O)Nc3cnn(C)c32)ccc(Cl)c1Cl,0
protein15,1,Cc1onc(CS(=O)(=O)Nc2ccc(C(=O)Nc3ccc(F)cc3)cc2C(F)(F)F)c1C(=O)O,0
protein15,1,Cc1ccc(S(=O)(=O)N2CCC(C)CC2)cc1NC(=O)c1c2n(c3ccccc13)CCCC2,0
protein15,1,Cc1nc2c(NC3CCCCC3)cccc2n1CC=C(CS(=O)(=O)c1ccccc1)NC(N)=O,0
protein15,1,CC1CCc2nc(NC(=O)c3ccc(F)c(C(=O)O)c3)sc2C1,0
protein15,1,CCCC(C#N)NC(=O)c1ccc(F)cc1,0
protein15,1,CC(=O)OCC1C(CO)NC1C(=O)O,0
protein15,1,O=C(Nc1cnn(C(C2=CCCCC2)C(F)(F)F)c1)c1cccs1,0
protein15,1,CC(C)CCCC1=C(n2c(CC#CC(C)(C)NC(=O)C(C)N(C)C)nc3cccnc32)c2cccc(O)c2C(=O)C1C,0
protein15,1,CCC1Cc2ccc(O)cc2C(C)(CCN2CCC2(C)C(=O)NC2CCCCC2)C1=O,0
protein15,1,CC1CCC(Nc2nccc(-c3cc(C(N)=O)cnc3N3C(C4CC4)CCC(O)C3(C)C)n2)CC1,0
protein15,1,Cc1cc(C)cc(C(C)n2cc(CS(=O)(=O)c3ccc(Cl)c(N4CCN(C)CC4=O)c3)nn2)c1,0
protein15,1,Cc1cc(NC(=O)CS(=O)(=O)c2cn(C)c3ccccc23)ccc1Cn1c(-c2ccncc2)nc2ccccc21,0
protein15,1,CC(C)CCN1CCc2cc(Oc3nc(N(C)C(=O)OC(C)C)c(C#N)c4c3CCC4)ccc2C(O)C1,0
protein15,1,O=C(CC1CCCC1)NO,0
protein15,1,CCN(C)CCNCc1ccc2c(c1)CCC2,0
protein15,1,NC(=O)N1CCC(=C2c3ccc(Cl)cc3C(=O)c3cc(F)c(F)cc32)CC1,0
protein15,1,Cc1ccc([N+](=O)[O-])cc1NC(=O)c1cnc(Cc2ccc([N+](=O)[O-])cc2)s1,1
protein15,1,CCCCN1CCC(C(=C(O)c2cccnc2)c2ccccc2)C(C)(O)C1C,0
protein15,1,CC(C)n1cc(C(=O)NN=Cc2ccc(Cl)cc2)c(C(F)(F)F)n1,0
protein15,1,CCC(N)C(=O)Nc1ccc2c(c1)C(=NNc1ccc(C(C)(C)C)nn1)c1ccccc1-2,1
protein15,1,NC1(C(=O)O)Cc2cc(-c3ccccc3F)sc2C2=CCCN2C1=O,1
protein15,1,CCC1CNCCN1C(=O)C1CCN(c2ccc(-c3ccc4nc5c(c(N(C)CCN(C)C)n34)CCCC5)cc2)CC1,1
protein15,1,CC(CO)C1CCC2(O)CCCC(C)C2N1C(=O)Nc1ccc(OC(F)(F)c2ccccc2)cc1,0
protein15,1,COc1ccc(CNC(=O)c2ccc3ncccc3c2OC(C)=O)c(F)c1,1
protein15,1,Cc1nccn1-c1cc(C(=O)N(c2cc(F)ccc2Cl)C(C)C)ccn1,1
protein15,1,Cc1cc(C(=O)N2CCc3cc(O)ccc3C2c2ccccc2)c(-n2ccnc2C(F)(F)F)nn1,0
protein15,1,CCCCCn1c(=O)oc2cc(CSc3nc[nH]n3)ccc2c1=O,0
protein15,1,CC(=O)NCC1NC2c3c4ccc5c(noc35)N3CCN(CCCCCc5csc6ccc(c2c56)C41O)CC3,1
protein15,1,CCN(CC)c1cc(Oc2cccc(N)c2C#N)cc(-c2cnc3ccc(C(C)C)cn23)c1,1
protein15,1,CC(C)(C)C#CC1(O)CCCc2c1[nH]c1ccccc21,1
protein15,1,Cc1cc(-c2ccnc(Nc3cc(OC(F)(F)F)ccc3F)n2)ccn1,0
protein15,1,Cc1onc(-c2cccc(Cl)c2)c1C(=O)Nc1ccc(F)cc1,0
protein15,1,CCn1cnc2c(C3CC(=O)NC3C(=O)N(CC3CC3)C3CN(C(=O)c4cscn4)CC3CO)cccc21,1
protein15,1,CCOC(=O)c1cnc2ccc(F)cc2c1Nc1cc(C(=O)C2CNC3=Nc4ncccc4C32)ccc1OC,0
protein15,1,CC(=O)Nc1cc(-c2ccncc2)nc(Sc2ccccc2[N+](=O)[O-])n1,1
protein15,1,O=C(Nc1nnc(Cl)c2c([N+](=O)[O-])cccc12)c1ccccc1F,1
protein15,1,CCOC1CCN(C(=O)C(OC(=O)Nc2cccc(Cl)c2Cl)c2ccccc2F)C1=N,0
protein15,1,Cc1cccc(Nc2nn(C3CCNCC3)c3cccc(C(=O)NCc4ccccn4)c23)c1,0
protein15,1,CC(=O)Nc1ccc(N2CCN(Cc3ccccc3)CC2)cc1,0
protein15,1,CN1CCC(CN(C)C(=O)c2ccc(C3=CC(=O)NCC34CCNC4)c(C(F)(F)F)c2)(N2Cc3ccc(Cl)cc3C2=O)CC1,0
protein15,1,CCOC(=O)C1=C(C)NCC(C#N)CC1,0
protein15,1,Cc1nsc(-n2ccc3ccc(OCC(F)(F)F)c(C(=O)N4CCCc5cccc(C#N)c54)c32)n1,1
protein15,1,Cc1ccc(C=CC(=O)NC(C)c2ccccc2)cc1,0
protein15,1,CCn1cc(C(=O)N2CCCc3ccccc32)c(=O)c2cc(F)c(N3CCNCC3)nc21,0
protein15,1,NCCPOCCF,0
protein15,1,CC(c1ccc(-n2cccn2)cc1)N1CC2CCCCN2c2ncc(Cc3ccc(N4CCCC4)cc3)cc2C1=O,0
protein15,1,COC12CCN(C)CC1C(c1ccccc1)=CC(C)(N1C(=O)Cc3cc(S(=O)(=O)N(C)C)ccc31)C2,0
protein15,1,CCn1c(C)cc(C)c1-c1cn(-c2ccc(F)cc2F)nc1NC(=O)C1CC(F)C(OC)C(NC(=O)N(C)C)C1,1
protein15,1,Cc1csc(NC(=O)CCS(=O)(=O)c2cccc(Cl)c2)n1,0
protein15,1,CCCCCCN1CC2CCC(C#Cc3c(-c4ccccc4C#N)ccnc3N)OC2C1,0
protein15,1,Cc1cc(C(=O)O)cc(C(O)(c2cccc(O)c2Cl)c2ccnc(N(C)C)c2CN)c1,0
protein15,1,CC(=O)C1CCCN(c2ccc3c(c2)C(=O)N(CC(C)C)C3=O)C1,0
protein15,1,CC1CN2CCC1C(CNS(=O)(=O)c1ccccc1C(F)(F)F)C2,0
protein15,1,CCNCC(=O)N1c2ccccc2CC(c2c(O)ccc3cccnc23)c2ccc(Cl)cc21,1
protein15,1,O=C1CCC(c2nc3ncccc3o2)N1C(=O)Nc1cccc(OC(F)(F)F)c1,0
protein15,1,Cc1cc(CN2CCCC(Oc3ncccc3CCN3CCN(C)CC3)C2)ccc1F,0
protein15,1,O=C(COc1ccc2cccnc2c1)Nc1cccc2c1C(NC(=O)c1ccccc1)CC2,1
protein15,1,Cc1cc2cnc(O)cc2cc1C(=O)Nc1nnc(Cc2ccccc2)s1,0
protein15,1,CC(C)CC(NC(=O)C(N)C(F)(F)F)C(=O)Nc1nc(-c2cccc(F)c2)nc(Oc2cccc(F)c2)c1F,0
protein15,1,CCN(CC)C(=O)c1ccc(C(F)(F)F)c(Nc2nc(C)cc(-c3ccncc3)n2)c1,1
protein15,1,CCN1CCN(c2cccc(Cl)c2Cl)CC1,0
protein15,1,CC1c2ccccc2N(CC(=O)Nc2ccc(Cl)cc2Cl)C1C,1
protein15,1,COC1CCC=C(C(=O)N2CCC(N3CCN(c4ccc(F)cc4)CC3)C2)O1,0
protein15,1,CCCS(=O)(=O)N1CC2C(C(=O)O)N(C)C(=O)C2(c2ccc(OC(F)(F)F)cc2)Oc2cc(Cl)ccc21,0
protein15,1,CCN(CC)Cc1c(C)c2cc(Cl)ccn2c1-c1ccccn1,0
protein15,1,CCn1nccc1C(=O)NC1CCCN(Cc2cc(-c3c(Cl)ccnc3N3CCCC3)c3ccccn23)C1,1
protein15,1,Cc1cc2nc(NCc3ccc(F)cc3)cnc2cc1C(C)C,0
protein16,1,O=C(c1cc(C(F)(F)F)c(Cl)cc1F)N1CCN(Cc2ncco2)CC1,0
protein16,1,CC(C)CC(NC(=O)C1CC2CN(C1)S(=O)(=O)CCC21OCCO1)c1ccccc1,0
protein16,1,CC(=O)Nc1ccccc1N(Cc1ccccc1F)C(=O)c1cccc2[nH]c3c(c12)OCCC3,1
protein16,1,CCCC1CN(c2c(N)ncnc2NS(=O)(=O)c2ccc(Cl)cc2Cl)C(=O)O1,0
protein16,1,Cc1ccnc(Nc2nccc(NC(=O)C(C)(C)C)n2)c1C,0
protein16,1,Cc1cc(OC(C)CCC2CCC(=O)N2)n2nc(-c3cccc([N+](=O)[O-])c3)cc2n1,1
protein16,1,CC(C)CCCCN=C(S)N1CCN(C(=O)C(C)O)CC1,0
protein16,1,CCNc1nc2ccccc2c(C#N)c1C#N,1
protein16,1,CC(C)c1nc(-c2ccc(Oc3ccc(C(=O)O)cc3N3CCSCC3)cc2)no1,0
protein16,1,Cc1ccc(C)n1-c1nc(N)c2c(-c3ccccc3)nn(C)c2n1,1
protein16,1,CC(C)NC(C)(C)C(C)(C)N,0
protein16,1,Cn1cc(C2CN(C(C)(C)C)C(=O)N2Cc2cc(-c3cccnc3)ccc2OC(F)(F)F)cn1,0
protein16,1,O=C(CCCn1nccc1-c1cc(Cl)ccc1OCC(F)(F)F)Nc1cnn(CC2CCCCC2)c1,0
protein16,1,Cc1ccc(C)c(NC(=O)C2CC(=O)N(c3cccs3)C2)c1,1
protein16,1,CC(=NOC(=O)N1CCC(CC#Cc2c(C)oc3c(C(F)(F)F)cccc23)CC1)c1ccccn1,0
protein16,1,O=C1C2=C3C(=C1SN3c1ccccc1F)N(CCCCl)C=C2,1
protein16,1,CC=NOc1ccc(-c2ccccc2CNc2nnc(SC)s2)cc1,0
protein16,1,CCNC(=S)N1CC=C(c2ccccc2)CC1,0
protein16,1,CCOP(=S)(NCCCNCc1cc(-c2ccccc2)ccc1F)OC(C)C,0
protein16,1,CC(C)n1cc(C(=O)N2CCN(c3ccc(-c4cnccn4)cc3N)CC2)c2nccnc21,1
protein16,1,CC(=O)Nc1cc(C(=O)OCc2ccccc2)cc(-c2cnc(Nc3ccc(Cl)cc3)[nH]2)c1,0
protein16,1,CCS(=O)Cc1c(-c2ccccc2)nc(C)c2c1COC2=O,1
protein16,1,CC1CCC(NC(=O)c2cc(-c3ccc(Cl)c(S(N)(=O)=O)c3)on2)CC1,0
protein16,1,Cc1cc(N)c(-c2nc3cncc(-c4cc(F)cc(F)c4)c3n2CC2CCCO2)c(NC(C)C)n1,1
protein16,1,CC(C)n1nc(C(=O)N2CCS(=O)(=O)N(C)C2)c2ccccc21,0
protein16,1,CC(C)CCN1CCC(NC(=O)Nc2ccc(F)cc2)c2ccc3c(c21)OCCO3,0
protein16,1,Cc1nc2nc(-n3nc(C(N)=O)c(Cl)c3C)ccc2c(N)c1C,1
protein16,1,CC(=O)NC1Cc2ccccc2C(Nc2nc(-n3ccnc3)ncc2C(F)(F)F)C1,1
protein16,1,Cc1cc(C(=O)Nc2ccc(OS(=O)(=O)O)cc2)ccc1F,0
protein16,1,O=Cc1cnc2c(-n3cncn3)cccc2c1N1CCN(Cc2c[nH]c3cc4c(cc23)CCC42CCCOC2)CC1,0
protein16,1,CC(C)(C)NC(=S)NN=C(O)C(c1ccccc1)(c1ccccc1)C1CCNC1,0
protein16,1,CCCCC1CN=CN1,0
protein16,1,Cc1ccc(CCSc2nc(CC(=O)Nc3ccccc3N3CCSCC3)cc(=O)n2C)cc1,1
protein16,1,CC1(C)Cc2cc(O)ccc2C1=NNC(=O)CCN1CCOCC1,1
protein16,1,CC(C)OC(=O)c1cnn(-c2cc(F)ccc2F)c1N1CCCc2ccccc2C1,0
protein16,1,CCCS(=O)(=O)Nc1cccc(-c2cc3ccc(N4CCOCC4)nc3nc2Cl)c1,0
protein16,1,NC(CC(=O)NC(Cn1cnc(-c2cccc(C(F)(F)F)c2-c2ccc[nH]2)c1)C1CC1)Cc1cccc2c1OCCCC2,0
protein16,1,CC(=O)Nc1ccccc1NC(=O)c1cn(-c2ccc(Oc3ccccc3)cc2)c2ccccc2c1=O,1
protein16,1,CCS(=O)(=O)N1CCCCC(Nc2nc(N(C)C)ncc2Cl)C1,0
protein16,1,CC(=O)c1cccc(OCCCOc2cccc(S(C)(=O)=O)c2)c1,0
protein16,1,O=C(NC1(c2cc(-c3nc4ccccc4[nH]3)[nH]n2)CCCCC1)c1ccccc1C(F)(F)F,0
protein16,1,CCc1cnc(Nc2ccc(Cl)cc2CNC(=O)c2ccncc2O)nc1-c1cccc2c(CC)coc12,0
protein16,1,CCCC(C)(C)c1ccc(C2CN3CC(C)CC(C3)N2)cc1,0
protein16,1,Cc1c(Cl)cccc1NC(=O)c1ccccc1NC(=O)C(C)N1CCN2CCCCC2C1,0
protein16,1,CCn1c([N+](=O)[O-])cnc1C=Cc1ccccc1,1
protein16,1,CCCC(C)(C(=O)NCC1(N(C)CCN(C)C)CCCCC1)c1ccccc1,0
protein16,1,CC(C)C1CC(F)C(COCC2CC2)N(C2CCN(C(=O)c3ccccc3CN3CCN(C)CC3)CC2)C1,0
protein16,1,Nc1cc([N+](=O)[O-])cc(S(=O)(=O)NO)c1F,1
protein16,1,CCCNC(=S)Nc1nc(O)c2c3c(ccc2n1)CCCC3,1
protein16,1,CCc1nc(-c2ccc3c(c2)N(c2ccc(OCC(=O)O)cc2)C(C)CC3)cs1,0
protein16,1,CCCC1CCN(C(=O)Cn2nc(C)c3cnc(N)c(OC(F)(F)F)c32)CC1,0
protein16,1,CC(=O)OC1CCCC(CNC(=O)C2CN(c3ccccc3)C(=O)C2CCCN2CC=C(c3ccc(F)cc3)CC2)C1,0
protein16,1,CCOc1cc2cc3c(nc2nc1NN=C1C=C(CC)Cc2ccsc21)CCC3,1
protein16,1,Cc1ccncc1Nc1nc(N)c2c3c(ccc2n1)Oc1c(ccc(O)c1Cl)C3,1
protein16,1,Cc1nnc(C(C)Nc2ccc(C(=O)NCc3ccc(F)c(F)c3F)cc2Cl)s1,0
protein16,1,O=C(Nc1cn(C2CCN(C(=O)c3c(F)cccc3Cl)CC2)cn1)c1cccs1,0
protein16,1,CCN1CCN(c2c3c(nc4cc(-c5ccccc5O)nn24)CCCC3)CC1,1
protein16,1,CC(C)CC1NC(=O)C(Cc2ccc(-c3ccc(F)cc3)cc2CN2CCC(CO)C2)NC1=O,0
protein16,1,O=C1Nc2cc(c(Cl)cn2)-c2c1n(CC1CCCNC1)c1ncccc21,0
protein16,1,O=C(CC1CCCCN(C(=O)c2cccs2)C1)Nc1cccnc1,0
protein16,1,O=C(O)C1CCCCC1CCC=Cc1cc(Cl)ccc1O,0
protein16,1,Cc1ccccc1C(C)Nc1nc(NC(=O)OC(C)(C)C)c(F)c(-c2csnn2)n1,0
protein16,1,O=C(C1CCC(c2ccccc2)N1S(=O)(=O)c1ccccc1)N1CCCC(O)C1Cc1ccccc1,0
protein16,1,CC(C)CC(=O)N1N=C(c2ccccc2OC2CCOCC2)CC1c1cccc([N+](=O)[O-])c1,1
protein16,1,Cc1ccccc1NS(=O)(=O)c1cccc2nsnc12,0
protein16,1,CCc1nc(C)sc1C(=O)N1CCCC(CCNC(=O)C=C(C)C)C1,0
protein16,1,CC(C)Cn1c(=O)cnc2c(Nc3nc4ccccc4cc3C(N)=O)cccc21,1
protein16,1,CCCCc1nc(Nc2ccc(Cl)cc2OC)c2ccc(C(=O)O)cc2n1,0
protein16,1,CC[S+]([O-])c1ncc(C(C)C)n(Cc2ccc(C(N)=O)cc2)c1=O,0
protein16,1,CCNC(=O)C1C(c2ccccc2)C(C)CN1C(=O)C1CCCCC1,0
protein16,1,CCc1ccccc1NC(=O)c1cc(-c2cccc(OC(F)(F)F)c2)on1,0
protein16,1,Cc1sc2ccc(NC(=O)COc3ccc(C(F)(F)F)cc3[N+](=O)[O-])cc2c1C,1
protein16,1,CCN(C)c1ccc(-c2nc3c(OCc4ccccc4)nn(Cc4cccs4)c3c3cc(OC)ccc23)cc1,1
protein16,1,O=c1[nH]c2cc3c(cc2c2cc(-c4cccs4)nnc12)OCCO3,0
protein16,1,CCN(CC)CCNC(=O)c1cccc(OCCC(CF)(C(N)=O)N2CCCCC2)c1,1
protein16,1,CCCCCCNC(=O)CC(N)C(=O)O,0
protein16,1,O=C(NC1CCC(CCNc2ccnc3ccncc23)CCS1(=O)=O)c1ccc(Cl)c(C2CCCCC2)n1,0
protein16,1,CC(C)CN1CCCC1CC1CN2CCN(CC2)c2sc3cc(F)ccc3[n+]2C1,0
protein16,1,CCC1CCC(NC(=O)C2CCN(C(=O)c3c(C(F)(F)F)n[nH]c3N)CC2)CC1,0
protein16,1,Cc1nc2ccccc2cc1NC(=O)c1ccc(-c2nc(NCC3CC3)c3cc(C(C)(C)C)sn3c2=O)c(Cl)c1,0
protein16,1,CC(C)CC#CCCN1CCCC1CN(C)C1Cc2ccccc2CC1O,0
protein16,1,CCC(C1CCCO1)N(C)C(=N)NC1CC2CCC(C(C)(C)NC(C)C)CC2C(Cn2nc(-c3ccccc3)ccc2=O)C1,0
protein16,1,Cc1ccc(Nc2nccc(-c3cc(C(=O)NC4CCCC4)sc3C)n2)cc1,0
protein16,1,Cc1cccc(-n2c(CC#N)nc3c(Nc4ccccc4N(C)C)c(C)ncc32)c1,0
protein16,1,Cc1ccsc1-c1nccc(C(=O)NC2CC3CCC2(c2ccc(F)cc2F)CN3CC2CCOCC2)n1,1
protein16,1,CC(=O)Nc1c(C)c2c(Oc3cccc4c3CCCC4)cccc2n(C)c1=O,1
protein16,1,CCCn1cc(F)c(C(=O)c2cn(-c3ccccc3)nc2C)c1C,0
protein16,1,CCCCOc1c(Cl)cc2c(c1[N+]#N)Cc1c(N)nc(N)nc1C2,0
protein16,1,CC(C(=O)Nc1cc(F)cc(F)c1)N1CCC(n2c(=O)[nH]c3c(Cl)c(Cl)ccc32)CC1,0
protein16,1,Cc1ccc(Oc2cccc3nc(-c4ccnc(N(C)C)c4)sc23)cc1,1
protein16,1,CCCCCC1(C(F)(F)F)c2nnc(Cl)cc2C(=O)N1c1ccc(F)cc1,0
protein16,1,CC(C)c1cc(CN(C)CCC2CC(c3nnc4sccc4n3)CCC2NC(=O)OC(C)(C)C)c(O)c2c1OCCC2(C)C,0
protein16,1,Cc1ccccc1NCCNC(=O)N1CCC(c2ccccc2)CC1,0
protein16,1,COc1cccc(CC(C)(O)CS(=O)(=O)c2ccc(F)cc2)c1OS(N)(=O)=O,0
protein16,1,Cc1ccccc1S(=O)(=O)N1CCN(Cc2ccc(N(C)C)c([N+](=O)[O-])c2)CC1,1
protein16,1,CCc1noc(C)c1C(=O)N(C)C,0
protein16,1,CC1=CC(=O)N(c2ccc(-n3c(C)c(C)c4cnc(N)nc43)c(F)c2)C1=O,1
protein16,1,CC1c2nccc(-c3cccc(CN4CCC(O)(C(C)(F)F)CC4)c3)c2OC1C(=O)Nc1ccccc1C(F)(F)F,0
protein16,1,O=C(Nc1nncs1)c1ccc(OCc2ccccc2)cc1,0
protein16,1,Nc1ccc(N2CCN(S(=O)(=O)c3ccc4nccc(OCC(F)(F)F)c4c3)CC2)nn1,0
protein17,1,O=C1CC(c2nc3cc(Cl)ccc3n2Cc2ccccc2)CN1S(=O)(=O)c1ccc2cccnc2c1,0
protein17,1,NC1(C(=O)Nc2cc(C(F)(F)F)ccc2N2CCCCC2)CCSC1,0
protein17,1,CCCC(=O)Nc1nnc(Nc2cc3cc(C)ccc3nc2OC)s1,1
protein17,1,O=C(Nc1cc([N+](=O)[O-])ccc1N1CCOCC1)c1ccc(F)cc1F,1
protein17,1,CC1CCC(C2=CS(=O)(=O)N(CC3c4ccc(-c5cccnc5F)cc4NC3(C)C)C2=O)CC1,1
protein17,1,CCNC1CCN(c2c(F)cc3c(=O)c(C(=O)O)cn(CC(=O)N4CCN(C)CC4)c3c2F)C1,1
protein17,1,Cc1cccc(NC(=O)CCC(=O)NC2Cc3cccc(C)c3-n3c(C)ccc32)c1F,0
protein17,1,CC(C)CNCC1COc2ccc(Nc3c4cccc(F)c4nc4cc(=O)n(Cc5ccc(C#N)cc5)c(=O)n34)cc2O1,1
protein17,1,CC(C)(C)CC(=O)Nc1ccc(CN2C(=O)c3ccccc3C2=O)nc1,1
protein17,1,Nc1ncc2c(-c3ccncc3)cn(Cc3nc4c(Cl)cccc4cc3O)c2n1,1
protein17,1,NC(=O)C1CCC(C(F)(F)F)n2c(nc3ccccc32)N1CCC(CN1CCCCC1)NC(=O)c1cccs1,0
protein17,1,CCCCCC(C)CN1OC(c2ccccc2)CC1=O,0
protein17,1,O=C(Nc1cccc(Oc2ccc(-c3cnco3)cc2)c1)C(Cl)Cl,0
protein17,1,CCCCCc1ccc(I)c(OC(C)c2cccc(-n3ncc(C(=O)O)c3C)c2)c1,0
protein17,1,CCCn1c(=O)c(-c2ccccc2OC)nc2cccnc21,1
protein17,1,CC(C)S(=O)(=O)NC1CCC(O)CC1CNc1ccc(F)cc1-c1ccnc(-n2c(C(F)(F)F)nc3cccnc32)n1,0
protein17,1,CCN1CCN(Cc2cc(Cl)ccc2O)CC1,0
protein17,1,Cc1cnccc1-c1nc(-c2ccccc2O)cs1,0
protein17,1,O=C(Nc1ccccc1Cn1c(C(F)(F)F)nc2ccccc21)c1cccc(F)c1,1
protein17,1,O=C(OCc1ccccc1F)c1sc(-c2cccnc2)nc1C(F)(F)F,0
protein17,1,CCC1CC(Nc2nc3c(c(N4CCC4)n2)CC(C)C(C)(C)C3)CN(CC2CC2)C1,0
protein17,1,CCN(CC(=O)Nc1ccccc1C(=O)O)C(=O)CS(=O)(=O)c1ccccc1,0
protein17,1,CCCCCC1NCCN1c1c(C)cc(=O)n2c1c(-c1ccc([N+](=O)[O-])cc1)cn2C,1
protein17,1,CN(CCc1ccc(F)cc1)C1CCN(C(=O)C2N3C(=O)C(O)CC3CC2(C)C)CC1,0
protein17,1,COC1COCC2C(=O)N(C=C(C)N3CCCCCC3)C(=O)CC12,0
protein17,1,NC(=O)c1cccc2[nH]c(-c3cnc(C(F)(F)F)c(N4CCCC(N)C4)c3)nc12,0
protein17,1,CC(C)CN1CCC(C)C(CCCCOc2c(C#N)cnc(N3CCC(OCCN4CCCCC4)C3)c2Cl)C1,0
protein17,1,CCCn1cc(-c2cnn3c(N=C4CC(CC)CN4)c(-c4ccccc4Cl)ccc23)cn1,0
protein17,1,Cc1ccc2c(n1)C(=O)CC(c1cc(O)c(O)cc1C)N1CCN=C21,1
protein17,1,CCc1nc2ccccc2n1S(=O)(=O)c1ccc(N2C(=O)c3ccccc3C2=O)cc1,0
protein17,1,CCn1cc(-c2ccnc(Nc3ccc(OCC4CC4)cc3)n2)cn1,1
protein17,1,Cc1cccc2c(S(=O)(=O)Nc3c(C(=O)N(C)C)ccc(Cl)c3Cl)ccnc12,0
protein17,1,NC(=O)c1cc(F)c(F)c(CC(=O)c2cc(-c3cccc(F)c3)on2)c1N,0
protein17,1,Cc1c(C(=O)O)oc2cc(Oc3ccc(C(N)P(=O)(O)O)cc3)ccc12,0
protein17,1,O=C(CCCCC(=O)N1CCNc2ccccc21)NCc1ccc(Cl)cc1Cl,0
protein17,1,O=C1CCN(C(=O)c2ccccc2)c2ccccc2N1,0
protein17,1,FC(F)(F)Oc1ccnc2c(CN3CC(n4ccnc4)c4cccc3c4)cccc12,1
protein17,1,CC1Cc2ccc(C(F)(F)F)cc2CC1N(Cc1ccc([N+](=O)[O-])cc1)C(=O)C(C)(C(C)CO)N(C)C,1
protein17,1,Cc1ccc(NC(=O)c2cccc(NC3CCN(C)C(C)C3)c2)cn1,0
protein17,1,Cc1c(-c2ccccc2)nc(-n2c(C(F)(F)F)nc3ccc(C(N)=O)cc32)c(C)c1-c1cccs1,1
protein17,1,Nc1nc(N)c2c(n1)-c1cc(OC(F)(F)F)ccc1OCC2NCC(F)(F)F,1
protein17,1,[C-]#[N+]c1cc(C2Cn3c(C#N)ccc3C(c3ccccc3)N(S(C)(=O)=O)C2=O)c(F)cc1F,0
protein17,1,CCN(CC)CCn1c2cc(C)ccc2c(=O)c2c3c(cnc21)CCCC3,1
protein17,1,CCN(CC)CCNc1ncccc1-c1nc(O)c2c(COc3ccc(C)cc3)nc(O)nc2n1,1
protein17,1,CC(C)CC1NCCc2cc(C(=O)Nc3nnc(-c4ccc(C#N)cc4)o3)ccc21,0
protein17,1,O=C1CC(c2ncc3n2CC(c2ncc(N4CCCC4)s2)C3)N1,0
protein17,1,CCn1cc(C(=O)O)c(=O)c(O)c1Cc1ccccc1OC,0
protein17,1,Cc1ccc(OCC(=O)NC2CCCCC2)c(Cl)c1Cl,0
protein17,1,O=c1[nH]c2ccc(F)cc2n1-c1ccc(Cl)cc1C(O)P(=O)(O)O,0
protein17,1,CCOC(C)(OC)C(C)n1cc2c(=O)nc1c1cc3c(cccc3n(C)c1=O)[nH]c2=O,0
protein17,1,O=C1OCC(c2ccccc2)=C2C(=O)N1c1ccccc12,1
protein17,1,O=Cc1c(C(F)(Cl)Cl)[nH]c2ccccc12,0
protein17,1,CC(CS(=O)(=O)N1CCOCC1)C(=O)NCc1cccnc1N(C)c1ccc(F)cc1,1
protein17,1,CCC(O)Cn1cc(-c2nc3nc(Nc4cc(-c5cncnc5)n(C)n4)ccc3[nH]2)c2cccc(F)c21,1
protein17,1,COc1ccc(C(C)n2c([N+](=O)[O-])cnc2C)cc1,1
protein17,1,CCCCC1=C(NC(N)=O)CCC1,0
protein17,1,COc1cccc2c(-c3cncc(NCCOc4ccc5c(c4)CC(C)(C)CC5)n3)cn(C(=O)CCO)c12,0
protein17,1,CCN1C(=O)c2ccccc2S1(=O)=O,1
protein17,1,Cc1ccc(Cn2cc(-c3ccccn3)c3cc(C)nc(C(=O)Nc4ccc(C)c(F)c4)c32)cc1,1
protein17,1,CCN1CCN(c2nc(C)nc3c(OC(F)(F)F)cccc23)CC1,1
protein17,1,Cc1ccc(C(=NO)NC2CCC(C)CC2)cc1COc1cccc2c1C(=O)N(C)C2=O,1
protein17,1,CC1(CN)CCCCc2c1ccc(O)c2CCN1CC=CC1=O,1
protein17,1,Cc1ccnc(CN2CCCC2)c1-n1c(-c2c(F)cccc2F)cc(OCC(C)C)nc1=O,0
protein17,1,CN1CCC2(C)CCC3CN(CC(NC(=O)c4cccnc4)C(=O)Oc4ccc(OC(F)(F)F)cc4)CCC3C12,0
protein17,1,CC1(NC(=O)c2cccc(NC(=O)c3ccc(N4CCCCC4)c([N+](=O)[O-])c3)n2)CCCCC1,1
protein17,1,Cc1c(C)n(C)c2cc(-c3ccc(NC(C)CO)cn3)cc(NC3CCNC3)c12,1
protein17,1,CC(C)CC(N)Cc1ccc(=S)n(C)c1,0
protein17,1,CCOC(=O)C1c2ncccc2-c2cc(Cl)c(cc2F)OCCSC1CP(=O)(O)O,0
protein17,1,CCON=C1CCN(c2cc(Cl)c(C(=O)Nc3ccc(S(=O)(=O)Nc4ncc(F)cc4F)cc3)cc2F)CC1,0
protein17,1,O=c1c(C(=S)NCc2ccccn2)cn(C2CC2)c2c(C(F)(F)F)cccc12,0
protein17,1,CCC1CCCCN1c1c(Sc2ccccc2)c(O)nc2ccccc12,1
protein17,1,CC(C)CCNC(=O)C1CCC(CS(=O)(=O)c2ccccc2)CN1,0
protein17,1,Cc1cccc([N+](=O)[O-])c1NC(=O)c1ccc(Nc2nccc(NCCO)n2)cc1,1
protein17,1,CCC1CN(c2cccc3cc(C4CCC5(CCN(C(=O)COc6ccccc6)CC5)O4)sc23)CCN1C,0
protein17,1,CCCn1ncc(-c2cc(F)c(C(=O)NC(C)c3c(C)n(C)c4ccc(S(C)(=O)=O)cc34)c(F)c2)c1N,1
protein17,1,O=C(c1c(F)c2cccc3c2n1CCC3C(F)(F)F)N1CCCCC1,1
protein17,1,CCS(=O)(=O)NCC1CCCN(Cc2ccccc2)C1,0
protein17,1,CNc1ncc2c(Nc3ccc(OC(F)(F)F)cc3)c(Oc3cccc(C(C)=O)c3)ccc2n1,0
protein17,1,CC(C)CC(NC(=O)N1CCCN(c2cccc(C(F)(F)F)c2)CC1)C(N)=O,0
protein17,1,CC(C)Oc1cccc2c1CCC1=NOC3(CCN(C)CC3)CC12c1ccccn1,0
protein17,1,CC(C)CCNCC(N)CO,0
protein17,1,CCCCC1CCCN(C(=O)c2c(NC(=O)CSc3nc(C)c4ccccc4n3)sc(C)c2C)C1,0
protein17,1,CCN(CC(=O)Nc1ccccc1-c1ccccc1)CC(F)(F)F,0
protein17,1,Cc1ccc(Nc2nnc(C3CC3)s2)cc1Cl,0
protein17,1,CC(C)CNC(=O)c1cc(-c2cc(Oc3ccc(N4CCN(C5CCCC5)CC4)cc3)ncn2)ccc1N,1
protein17,1,CCn1nc(Oc2ccc(F)cc2Cl)c(CC(=O)Nc2cc(C)on2)c1C,0
protein17,1,CCOC(=O)c1c(C)n(-c2ccccc2)c2ncccc12,0
protein17,1,Fc1cccc2nc(Nc3cccc(C(F)(F)F)c3)n(Cc3cccc(OC(F)(F)F)c3)c12,0
protein17,1,CC(=O)CC1c2cnn(-c3ccccc3)c2C2=CCN1C(=O)Nc1ccc(Cl)cc12,0
protein17,1,CC(C)C(C(=O)N(CC#CCl)CC1CNCCN1C)C(O)C#Cc1c(Cl)ccnc1Cl,0
protein17,1,Cc1ncc([N+](=O)[O-])n1CCN1CCC(C)CC1,1
protein17,1,CC(=O)OC1c2cc(C(F)(F)F)ccc2NC(c2c(C)cccc2C(F)(F)F)C1C1(CC(=O)O)CCC[N+](C)(C)C1,1
protein17,1,Cc1ccc2c(=O)n(C)nc(CC(=O)OCC(=O)N(C)c3ccccc3C)c2c1,0
protein17,1,CC(C)CCn1cccc(Nc2ccncc2Nc2nc3c(NC=CC(=O)O)cc(Cl)cc3s2)c1=O,0
protein17,1,CC(C)n1ncc2cc(NC(=O)Cc3ccc(C#N)cc3)c(-c3ccsc3)cc21,0
protein17,1,Cc1c(Cc2n[nH]c3c(F)cc(Cl)cc23)c(=O)n(-c2ccccc2)n1C(F)(F)F,0
protein17,1,Cc1nc(C(C)(C)C)c(F)cc1Oc1nc(N)nc(NC(=O)C2CCCCC2)c1F,0
protein17,1,COc1cnc(-c2cccs2)nc1Nc1cc(C(C)(C)O)nc2ccccc12,1
protein17,1,CCOC(C)c1ccc(C(=O)N2CC(C)c3c2cnn3C)cc1,0
protein17,1,COc1cc(C(=O)N2CC3c4cc([N+](=O)[O-])c(N(C)C)nc4OCC3(C)C2)cc(-c2ccccc2F)c1,1
protein18,1,CCOS(=O)(=O)c1c(O)c(NC(=O)NCCCCC(C)C)cc(Cl)c1Cl,0
protein18,1,Cc1nccn1CCNC(=O)Nc1ccccc1F,0
protein18,1,OCCN1CCC(c2ccc(Oc3cccc(C4CCNC4)c3)cc2)CC1,0
protein18,1,CCCCCc1ccccc1C1c2[nH]cnc2C(=O)N1c1ccc2c(c1)OCCC2,1
protein18,1,O=C1c2cccc(Cl)c2OC(c2ccccc2)C1CN1CCN(c2ncccn2)CC1,1
protein18,1,CCc1c(O)nc(-n2nc(C(F)(F)F)nc2N(C)C)nc1Cl,0
protein18,1,CCCCC(=O)Nc1cc2c(cc1Cl)OC(C)(C)CC2(C)c1cc(C(=N)N)cc(C(F)(F)F)c1,0
protein18,1,Cc1cc(-c2ccc3nc(N)nc(N)c3c2-c2ccccc2C2CC2)c(C)cc1N,1
protein18,1,Cc1cc(-c2ccncc2)c(NC(=O)c2ccc(Cl)cc2)c(C(C)(C)C)c1,0
protein18,1,O=C1C(=C(NS(=O)(=O)c2ccccc2)c2ccncc2)CCc2ccccc21,0
protein18,1,CCCCN(C)c1nc(N)c(OC)c2c3cc4c(cc3cc(=O)n12)OCCO4,0
protein18,1,CC1(C)Cc2cc(C(=O)NCCN3CCOCC3)cc3[nH]cc(c23)C=C1C(=O)Nc1ccccc1NC1CCCC1,0
protein18,1,Cc1cccc2nc(NC(=O)c3ccccc3[S+]([O-])c3ccccc3)nc(O)c12,1
protein18,1,CCn1nc(O)c(C=Nc2ccccc2[N+](=O)[O-])c1-c1ccc(OC)cc1OC,1
protein18,1,CCC1N=C2c3cccc(c3)NC(=O)c3ccc(cc3)OC(C)(CC(=O)SC)C1C(=O)N2C,0
protein18,1,CC1(n2cnc3ccccc32)C(=O)c2ccccc2C(=O)C1Cc1ccc(C#N)s1,0
protein18,1,CC(=O)N=c1scc(C2c3cc(Cl)ccc3OCC(=O)N2c2c(C)cccc2C)n1Cc1ccccc1,0
protein18,1,CCn1c(SCCC(=O)N2CCCCC2)nc2ccccc21,1
protein18,1,CSc1nc(N2CCN(C(C)=O)CC2)ncc1Oc1nccc(-c2ccncc2)n1,0
protein18,1,O=C(Nc1c(Cl)cc2c(c1Cl)OCCC2c1ccccc1)c1cccnc1,0
protein18,1,COc1ccc(Cc2ccccc2C(F)(F)F)c2nc(NC(=O)c3sc(N4CCCC(O)C4)nc3C(F)(F)F)sc12,1
protein18,1,CCOC(=O)CCCC1(C)CC(c2c(-c3ccc(C(F)(F)F)nc3)ccnc2Nc2cccc(F)c2)=NC1C,0
protein18,1,Cc1ccc2nc(O)c(-n3nccn3)cc2c1CSCc1c(F)cccc1F,1
protein18,1,CC(C)c1ccc2c3ccc(nc13)CCS(=O)(=O)n1cc(cn1)-c1nc(c3ccccc3n1)N2,0
protein18,1,FC(F)(F)Oc1cccc(Nc2ccnc(SCc3cccnc3)n2)c1,0
protein18,1,CC1CN(S(=O)(=O)c2ccc3c(c2)oc(=O)n3C)Cc2ccccc21,0
protein18,1,Cc1ccc(S(=O)(=O)N(C)CC(C)C)cc1NC(=O)c1cnn(C)c1Cl,0
protein18,1,CCC(CC)(CC)CNc1ccccc1CC1c2ccccc2CN1C,0
protein18,1,CC(=O)c1ccccc1-n1ccc2c(N3CCN(C)CC3)nc(-c3ccncc3)nc21,1
protein18,1,CC=CC1Sc2c(c(=O)n(Cc3cc(O)ccc3F)c3ccccc23)-c2cccn21,1
protein18,1,Cc1nc2ccccc2c(-c2ccc(CN3CCN(CC(O)c4ccc(C(F)(F)F)cc4)CC3)c(F)c2)c1C(N)=O,0
protein18,1,CC1CCC(C(C)(C)O)OC1=O,0
protein18,1,CCCN(CCC)C1CCN(c2ccc3c(c2)oc(=O)n3CCN(C)C)C1,0
protein18,1,CON=C1C(=O)N(CC(C)OCc2ccc(Cl)cc2)c2ccccc21,1
protein18,1,OCCn1cc(COc2ccc(C(F)(F)F)cc2)c2ccc(-c3cc4c(s3)C(N3CCNCC3)CCC4)cc21,0
protein18,1,Cc1nn(C)c2nc3c(cc12)CCC(C)(C)N3CCc1cccc(CNC2CCN(C)CC2)n1,0
protein18,1,CC(=O)N(Cc1nc2ccccc2n1CC(F)F)c1ccc(F)c(NS(=O)(=O)c2cc([N+](=O)[O-])ccc2C)c1,1
protein18,1,CCNS(=O)(=O)c1cc(Cl)c2ccc3c(c2c1)C(=O)N(c1cc(C)ccn1)C3,0
protein18,1,CN(C)CCN1CC(CNC(=O)C2(C)CC2)c2c(ccc3c2CC(C)(C)c2ccccc2O3)C1=O,1
protein18,1,CCn1cnc(CNC(C)C)c1Cc1c(F)cccc1F,0
protein18,1,CC(C)n1nc2c(N)nc(-c3ccc[nH]3)cc2c1-c1cccc(C(F)(F)F)c1,1
protein18,1,CCN1Cc2cccnc2Oc2cc3ccc(CN4C(=O)c5ccccc5C4=O)cc3nc21,1
protein18,1,Clc1ccc(C=Nn2cnnc2-c2cccs2)cc1,1
protein18,1,Cc1nn(C)cc1C(=O)Nc1cc(S(=O)(=O)N(C)C(C)C)ccc1Cl,0
protein18,1,CC1=CC=Cc2c(C=C(C)N3CCCC(O)C3)c3nnc2nc31,0
protein18,1,CCCc1cc(O)cc(-c2cnc(N)c3c(N)nc(-c4ccccc4)cc23)c1,1
protein18,1,Cc1[nH]c(-c2ncccn2)c2cc(-c3cnn(CC(O)COc4ccccc4C(F)(F)F)c3)ccc12,0
protein18,1,O=C1OC2(CCCN(S(=O)(=O)c3ccc(Cl)c4cccnc34)C2)c2ncccc21,1
protein18,1,CCN1c2nc3nc(Nc4c(Cl)ccc(Cl)c4Cl)[nH]c3cc2CC1C,0
protein18,1,N=C1NS(=O)(=O)c2ccc(Cl)cc2N1CC(CCP(=O)(O)O)C(=O)O,0
protein18,1,O=c1[nH]c2ncccc2n1C1CCOCC1,0
protein18,1,O=C(NCC(O)Cn1cc(-c2ccncc2)c2c(Nc3ccc(Cl)cc3)nc(C3CCC3)nc21)C1CC(O)CCN1,0
protein18,1,Cc1ncc([N+](=O)[O-])n1CCOCC(F)F,1
protein18,1,Cc1cc(N2CCC(C)CC2)ccc1COCCS(=O)(=O)NC(Cc1cccnc1)C(=O)O,0
protein18,1,Cc1cc(NC(=O)c2c(C)sc3nc(-c4ccccc4)nn23)ccn1,0
protein18,1,Cc1ccccc1-c1cc2nnc(C[S+]([O-])Cc3ccccc3Cl)n2cc1N1CCOCC1,0
protein18,1,CCN(CC)C(C)C(=O)Nc1nc2ccc(S(=O)(=O)NC3CCCc4ccccc43)cc2[nH]1,0
protein18,1,O=C(Nc1ccccc1-n1c2c(c3ccccc31)CCCC2c1ccccc1)c1cccc([N+](=O)[O-])c1,1
protein18,1,Cc1cccc2[nH]c(-c3ccc(S(=O)(=O)Nc4cccnc4Cl)cc3)nc12,0
protein18,1,CON=C1C(=O)NCc2nc(C)n(C)c2C(=[N+]([O-])c2ccccc2C(F)(F)F)c2ccc(O)cc21,1
protein18,1,O=c1nc(C(F)(F)F)cc(-c2ccc(Cl)cc2)n1C1OCC(CO)O1,1
protein18,1,Cc1ccc(-c2ccc3nc(-c4ccc(C(N)=O)cc4)[nH]c3c2)nc1,1
protein18,1,Nc1ncccc1S(=O)(=O)c1ccc2c(c1)CCC2,0
protein18,1,Cc1cccc(Nc2cc(-c3ccc(C#N)cc3)c3ccccc3n2)n1,1
protein18,1,CC#CCC(O)c1ccc(-c2nc(N)nc3c2ncn3Cc2ccccc2)cc1,1
protein18,1,CCN1C(=O)C(O)c2cn(C(C)(C)C)nc2-c2ccc(C34C=COC3=Nc3ccccc3C4=O)nc21,1
protein18,1,Cc1ccc(-n2nc(C(=O)Nc3cc(S(=O)(=O)NCCO)ccc3C)c3c4ccccc4n(C)c3c2=O)cc1,0
protein18,1,O=C(Cn1cnc2cc([N+](=O)[O-])ccc21)Nc1cccc(-c2nn3ccccc3c2Cl)c1,1
protein18,1,CC(N)=C(C(=O)CC(NC(=O)O)c1ccccc1)C(=O)N1CCN(c2ccc(F)cc2C)CC1,0
protein18,1,CCN1c2ccccc2CC2=C(C)Nc3ccccc3C21,1
protein18,1,CCCN(CC)CCn1c(Nc2ccc(C)c3[nH]c(=O)sc23)nc2ccccc21,1
protein18,1,CC(=Cc1ccc(-c2cnc(C3CC3)n2C)s1)N(C)C,0
protein18,1,O=C(CC1SC(=S)N(Cc2ccco2)C1=O)NCc1ccc(Cl)cc1,0
protein18,1,CC(C)CCCC(C)S,0
protein18,1,O=C(Nc1cnc2ccc(Oc3ccc(CCCC(F)(F)F)cn3)cc2c1)N1CCC2CCOC2C1,0
protein18,1,Cc1cnc(-c2ccccc2)c(Cl)c1C(=O)NC1CCC1,0
protein18,1,CCCC1(C(C)C)CC(n2cc(-c3ccccc3)c3[nH]c(=O)n(-c4ccc(OC)cc4)c(=O)c32)CO1,0
protein18,1,Nc1nnc2sc3c(c2n1)CN(Cc1ccccc1)CC3,1
protein18,1,O=C(Nc1cc(C(F)(F)F)ccc1Cl)Nc1cccnc1C(=O)NC1CCCCC1,0
protein18,1,CCCCN1CCCC(Nc2ccc3c(Nc4cccc(C)c4)ncnc3c2)C1,0
protein18,1,O=C1Nc2cc3c(cc2C1=NO)CCCC3,1
protein18,1,CC(C)CC(CO)Nc1nccc(-n2ccc(C(N)=O)c2-c2ccc(Cl)cc2)n1,0
protein18,1,Cc1cccc2c1NC(=O)C(C[S+]([O-])c1ccc3sccc3c1N1CCNCC1)C2,0
protein18,1,CCn1c(=NC(=S)N(C)C)sc2cc(C)c(C)cc21,1
protein18,1,Cc1ccc(NC(=O)CSc2ccc(S(=O)(=O)Nc3cccc(OC(F)(F)F)c3)cc2N2CCCOCC2)cc1,0
protein18,1,CCC(C)Nc1nc2ccncc2cc1-c1nnc(Nc2ncnc3cc(N4CCN(C)CC4)ccc23)s1,0
protein18,1,CCC1CN(c2nncs2)CCN1C(=O)C1N(S(C)(=O)=O)c2cc(C(F)(F)F)ccc2C1(C)C,0
protein18,1,CC(=O)NCCC1COc2cc3c(C)c(Cc4ccc(Cl)cc4Cl)sc3cc2C1,1
protein18,1,Cc1cc(C)c(-c2ccccc2)cc1NC(=O)CCN1CCC(O)(c2ccccc2)CC1,0
protein18,1,CCN(CC)CCC(=O)Oc1ccc2c(c1)C1CCCCN1CC2,0
protein18,1,Cc1c(C(=O)O)ccnc1-n1nc(N2CCCC2c2nc3ccccc3s2)ccc1=O,0
protein18,1,CC(=CC(O)(COc1ccc(-c2cccnc2O)cc1)CC(=O)O)c1ccccc1,0
protein18,1,CC1CCN(c2cc(-c3cc4ccccc4n3C)nc(N)n2)CC1,1
protein18,1,CCC(C#N)Nc1ccc(Oc2cc(C)cc(O)c2)c(C(=O)O)c1,0
protein18,1,Cc1cc(N2CCOCC2)c(-c2cc3cc(CC(O)Cn4ccnc4)ccc3o2)c(C(C)C)n1,0
protein18,1,NCCC(c1ccccc1)(c1ccccc1O)c1ccccc1[N+](=O)[O-],0
protein18,1,Cc1ccn2nc(C(F)(F)F)c(-c3ccc(C(=O)NCC(c4ccc([N+](=O)[O-])cc4)N4CCN(C)CC4)s3)c2n1,1
protein18,1,CCOCC1Nc2ccccc2-c2c1c1nccn1c1ccccc21,1
protein18,1,O=C(Nc1cccc(-c2ccnc(-c3ccccc3)c2)c1)c1ccc(Cl)nc1,1
protein18,1,O=C1c2ccccc2Sc2ccccc2N1CCN1CCCCC1,0
protein19,1,Cc1noc(NS(=O)(=O)c2ccc(Cl)cc2)c1C(=O)O,0
protein19,1,Cc1ccnn1C1CCN(C(CN(C)C)C(C)C)CC1,0
protein19,1,CC(C)CCN1CCN(C(=O)c2cc(S(=O)(=O)N3CCOCC3)ccc2Nc2ccccc2)CC1,0
protein19,1,CCC(=O)N(CCc1ccc(O)c(OC)c1)c1cccc(C)c1C,0
protein19,1,O=C(NO)c1ccccc1CN1CCOCC1C1CCCc2ccccc21,1
protein19,1,CC(C)CC1CCCCN1C(=O)C1CC(CO)N(C(=O)c2ccccc2N)C1,0
protein19,1,CCC1CCC(Nc2onc3c2C2(CCN(C)CC2)c2c(OC)cccc2-3)CC1,0
protein19,1,ON=C(c1ccco1)c1c2ccccc2c(Cl)n1Cc1cccc(Cl)c1,1
protein19,1,Cc1cc(C)nc(SCC(=O)Nc2nc(C)c(CN3CCCCCC3)s2)n1,0
protein19,1,Cc1nc2c(cnn2C=C2CC2(CO)C(O)Cc2ccccc2)c(=O)[nH]1,0
protein19,1,CCN(CC)CCS(=O)(=O)Nc1cc(C(=O)O)ccc1N1CCCC1=O,0
protein19,1,CCC1C(N(C)C2CCCCC2)CCN1c1nccc(N2C(=O)OCC2C(C)C)n1,0
protein19,1,ON(CCCBr)c1ccccc1,0
protein19,1,CC(C)Nc1nc(C#CC(C)(C)O)nc2cccnc12,0
protein19,1,CC(C)CC(NC(=O)C(C)Oc1ccc([N+](=O)[O-])cc1[N+](=O)[O-])C(=O)O,1
protein19,1,Cc1cc(N2CCN3Cc4ccccc4CC3C2)ccc1C(=O)N1CCCCCC1,0
protein19,1,CCNCCc1nnc(O)c2ccc(-c3ccc(F)cc3)cc12,0
protein19,1,Cc1cccc(CC(C)(C)NC(=O)C(=NNc2ccc(C(=O)O)cc2)c2ccccc2)c1,0
protein19,1,CCOc1ccc2c3c1C(CNC1=Nc4ccc(C(F)(F)F)cc4S(=O)(=O)N1)(CC3)C2=O,0
protein19,1,Cc1cc2n(c1C=Nn1cnnc1-c1ccccc1)CC(C)CC2,1
protein19,1,CC(C)CCNC(=O)C(C#N)Cc1c(Cl)cccc1Cl,0
protein19,1,CCc1nnc(NC(=O)C2CCCC2C)s1,0
protein19,1,Cc1nn(CC(=O)N2CCC(Cc3nc4ccccn4c3CC(CCl)C(=O)O)CC2)c(C)c1[N+](=O)[O-],1
protein19,1,CC1C=C(c2ccc3c(n2)-c2[nH]nc(c2Cl)O3)CC2(CCN(c3ncccn3)CC2)C1,0
protein19,1,O=C(Nc1cc(C(F)(F)F)c(Cl)cc1C(F)(F)F)N1CCc2cccn2C1C1CC1,0
protein19,1,O=C(Nc1cnn(Cc2ccccc2)c1)c1ccc(-c2ccc(NS(=O)(=O)C(F)(F)F)cc2F)s1,0
protein19,1,CC(C)N1CCCCCCC1CCN=[N+]=[N-],1
protein19,1,CCCCc1ccc(-c2csc(Nc3cccc(C(=N)N4CCCNCC4)c3)n2)cc1,0
protein19,1,Cc1[nH]c2cc(-c3c(F)cccc3Cl)nn2c(=O)c1S(=O)(=O)Nc1ccc(F)cc1F,0
protein19,1,CCOc1ccc(NC(=O)Cn2nc(-c3ccccc3S(=O)(=O)Nc3nnc(CC(C)C)s3)n3cccc3c2=O)c(OC)c1,1
protein19,1,CCn1ncc2c1S(=O)(=O)C1(CCCCC1N1CCCCC1)C(=O)N2,0
protein19,1,CCN(CCCNC(=O)c1sc2nc(C)ncc2c1C)S(=O)(=O)c1cccc(Cl)c1Cl,0
protein19,1,CC(C)CC(NC(=S)Nc1ccccc1C(=O)Nc1ccc2cccnc2c1)C(=O)O,0
protein19,1,CCN(CC)C(=O)C1C=CC(NC(=O)c2ccc(C(=O)OC)c(C)n2)C1,1
protein19,1,Cc1ccccc1N1CC(C(=O)Nc2ccc(S(=O)(=O)Nc3nccs3)cc2)CC1=O,0
protein19,1,O=C(Nc1cccc(-c2cc3ccccc3nc2Sc2ccc([N+](=O)[O-])cc2)c1)c1ccccn1,1
protein19,1,O=c1cc[nH]c2c1c(-c1ccccc1)cn2-c1cn(-c2ccccc2)nc1-c1ccncc1,1
protein19,1,CCc1ccccc1C(=O)Nn1c(-c2c(Cl)cccc2Cl)nc2ccn(C)c2c1=O,1
protein19,1,CCCc1ccc(CC(C#N)N(C(=O)C(NC(=O)OC(C)(C)C)c2ccc(F)c(F)c2)C(C)C(=O)N2CCOCC2)cc1,0
protein19,1,CCN1CCN(c2nc3c(c(=O)n2C)CCCC3)CC1,1
protein19,1,CCCCCc1cn(OS(=O)(=O)c2ccccc2)c(N)n1,0
protein19,1,CC(C)C(CO)NS(=O)(=O)c1ccc([N+](=O)[O-])cc1[N+](=O)[O-],0
protein19,1,COc1ccccc1C(=O)C1=CN(C)CC(C)N1C(=O)c1ccccc1,0
protein19,1,CC(=O)NC1Cc2ccc(NC(=O)CCCN3CCCC3)cc2C1NC(=O)C1CCCCC1,0
protein19,1,O=C(Nc1ccccc1)C(CO)OCCN1CCc2ccccc2C1,0
protein19,1,CC(C)S(=O)(=O)NC(=O)Cc1cc(OCC#Cc2ccc(CCC(C)(C)C)nc2)cc(C(F)(F)F)c1,0
protein19,1,CCC1Cc2ccc(O)cc2CC1NCCc1ccc(F)cc1,0
protein19,1,Cc1ccc(C)c(NC(=S)NCc2cc(-n3cccn3)ccc2C)c1,1
protein19,1,O=C1CC2OCC(c3ccc(-c4ccccc4)cc3)C2C(=O)N2C(CC3OCC4(CCNC4)CN13)c1ccccc1S2(=O)=O,0
protein19,1,CC(C)CCn1c(SCC(=O)N(CCN(C)C)c2ccc(F)cc2)nc2ccccc21,0
protein19,1,Cc1ccc(S(=O)(=O)N(C)C)cc1-c1ccn2c(N(C)C)nc(-c3cccs3)c2n1,1
protein19,1,CCC1=NCCN1C(C(=O)N(C(=O)C1CCC1)c1ccccc1)c1ccc(C(C)(C)C)cc1,0
protein19,1,Cc1cc(C)c(NC(=O)c2c(O)[nH]c3ccc(F)c(Cl)c23)c(C)c1,0
protein19,1,CCN(CC)c1nc2cccc(-c3cnc(NC(C)c4ccccc4)s3)c2nc1N1CCN(C)CC1,1
protein19,1,Cc1ccc(-c2ccccc2)cc1NC(=O)CS(=O)(=O)c1ccccc1,0
protein19,1,Cc1ccc(NC(=O)C2(N(C)C(=O)c3ccncc3O)CCCCC2)cc1,0
protein19,1,Cc1cc(F)cc(-c2cc(CN3CCOCC3)nc(Nc3nc(C)cn3C)n2)c1,0
protein19,1,Cc1ccc(Cc2cncn2C2CCN(CCOc3ccccc3C#N)CC2)o1,1
protein19,1,CCCCC(O)CC1CCN(C(=O)OCc2c(C)noc2C)CC1,0
protein19,1,O=C(Nc1cccc(-n2ccnc2)c1)c1cnn(C2CCOCC2)c1-n1ccc2cccc(F)c21,0
protein19,1,CC(C)c1ccccc1N1C(=O)CCC12CCCN1CCc3cc(ccc3C1=O)OC(=O)CC2,0
protein19,1,CCCCNC(=O)C1(C#Cc2cccc(C(=N)N)c2)CCCN1C(C)=O,0
protein19,1,CC(C)N(C)c1nccc(-c2cnc(N)cc2-c2cc(C(N)=O)c(N)c(C(C)(C)C)c2)n1,0
protein19,1,Cc1nc2c(OCC(F)(F)F)cc(Nc3nnc(-c4ccccc4S(=O)(=O)N4CCCCC4)s3)cn2c1C,0
protein19,1,CCCCCOc1ccc2ncc(CN3CCC(NC(=O)Nc4ccc(F)cc4F)CC3)cc2c1,0
protein19,1,O=C1Nc2cc(C(F)(F)F)ccc2C1=NNc1ccc([N+](=O)[O-])cc1,1
protein19,1,Cc1ccc(OCCn2ccc3c(-c4cccc5c4SCO5)c(-c4ccccn4)ccc32)cn1,1
protein19,1,Cc1ccc(-c2ccc3nn(-c4ccc(S(N)(=O)=O)cc4)cc3n2)cc1F,0
protein19,1,CC(C)CC(=O)NC(=O)N1C(c2ccc(F)cc2F)CCC2OC3(CCCCCCC(C(=O)O)SC3)NC21,0
protein19,1,CCOc1cc(CN2CCC3(CC2)Nc2ccc(C(F)(F)F)cc2NC3=O)ccc1OCc1cccnc1,0
protein19,1,NC1=NCC(COc2cccnc2)N1CCc1ccccc1,1
protein19,1,CC(C)CCN=C(S)CC1CCC(NC(=O)C2CCN(c3c(C#N)c(CC4CCC4)nc4ccccc34)CC2)S1(=O)=O,1
protein19,1,CCCCN(N=C(O)CN1C(=O)CSc2ccc(Cl)cc21)c1ccccc1Sc1ccccc1,0
protein19,1,CCn1c(CNC(=O)c2ccccc2Sc2ccc(C)cc2)nc2ccccc21,1
protein19,1,O=C(CCl)Nc1ncc(-c2nc(NCC(F)(F)F)ncc2-c2ccncc2)cc1OC(F)(F)F,1
protein19,1,O=C(CC(c1ccccc1)c1ccccc1)N1CCN(Cc2ccco2)CC1,0
protein19,1,CCCCCC1c2cc([N+](=O)[O-])ccc2N(C2CC(C)(C)S(=O)(=O)C(O)C2F)C(=O)C1N,1
protein19,1,CC(C)CCn1c2c(c3cccc(Cl)c3c1=O)CS(=O)(=O)NC2,0
protein19,1,Cc1cc(C(=O)NN=C2CCCC3CCN(C)CC23)[nH]n1,0
protein19,1,CC(=O)Nc1cc(-c2cnccn2)ccn1,0
protein19,1,CC1CCCN(C(S)=Nc2ccc(C#CC3CCCC3)cc2S(=O)(=O)N2CCCCC2)C1,0
protein19,1,O=C1NC2CN(c3nc(Nc4cccc(Cl)c4)ncc3Cl)CCCC2n2cccc21,0
protein19,1,CC1CCc2cc(Cl)ccc2N1S(=O)(=O)c1ccc2c(c1)oc(=O)n2C,0
protein19,1,O=c1c(-c2cccc(C(F)(F)F)c2)c(Cn2ccnc2)n(C2CC2)c2ccc(F)cc12,0
protein19,1,CC(C)Oc1cccc(CC2C=CC(O)C(O)C2)c1,0
protein19,1,O=C1CCC(=O)N1c1ccc(F)c(C(F)(F)F)c1,0
protein19,1,CCCCNC(=O)c1cn(Cc2cccc(F)c2)nc1C(F)(F)F,0
protein19,1,CCCCc1nc2ccccn2n1,0
protein19,1,Cc1cccc(-c2nc(N3CCN(C4CCCC4)CC3)n3c(=O)c4ccccc4[nH]c23)c1,0
protein19,1,CCOC1CCCc2ccc(-c3ccc4c(N5CCOCC5)nc5c(C#N)cnn5c4c3)cc21,1
protein19,1,CC1(C)CC(=O)c2c(nc3ccccc3c2C2CNCCO2)C1,1
protein19,1,Cc1nc(Cl)ccc1Nc1ncnc2c(Oc3ccccc3F)n(C3CCOCC3)cc12,1
protein19,1,O=c1[nH]c(-c2ccc(F)cc2)nc2ccccc12,1
protein19,1,CCN(CC(=O)Nc1ccccc1C(=O)N1CCCC1)C(=O)CC(C)(O)c1ccc(F)c(F)c1,0
protein19,1,Fc1cccc(CCCN2CCNCC2)c1,0
protein19,1,CCCCn1nc(-c2ccc(F)cc2F)c(C#N)c1O,0
protein19,1,CCCCC(Nc1nccc(-c2cccc(S(C)(=O)=O)c2)n1)c1cncc(F)c1,0
protein19,1,CC=CCN(Cc1ccc2cccnc2c1O)CC1CN(C)c2ccccc2O1,1
protein19,1,Cc1nnc(Nc2ccc(Cl)c(Cl)c2)c(F)c1-c1cccc(C(=O)O)c1,0
protein19,1,O=Cc1cccc(S(=O)(=O)N2CCCCC2)n1,0
protein2,1,Cc1nc(N2CCCCC2)c(-c2ccc3c(C)nn(-c4ccccc4)c3n2)s1,1
protein2,1,Cc1cccnc1Nc1nc2cccc(CC(N)C(C)(C)C)c2nc1NS(=O)(=O)c1ccc(C(F)(F)F)cc1,0
protein2,1,Cc1cc2c3c4cccc(c4nc2c(C)n1)C(C)(C)N3,1
protein2,1,COc1c(C)cccc1NC(=O)CCN1CCN(c2ccc(C)c(Cl)c2)CC1,0
protein2,1,Nc1ncc(-c2nc(C(=O)Nc3ccc(NCC(F)(F)F)c(Cl)c3)cn2C2CC(F)(F)C2)cn1,1
protein2,1,Cc1cc(=O)nc(Cn2nc(COc3ccc(Cl)cc3Sc3cccnc3)nc2-c2ccccc2)s1,0
protein2,1,CC(C)N1C(=O)c2cc(-c3ccccc3)nn2COC12CCC(O)C2,0
protein2,1,Cc1cc(S(=O)(=O)CCCCCCc2nccs2)c(C#N)cc1-c1nc2ccccn2c1C(=O)C(C)C,1
protein2,1,CC1=C(S(=O)(=O)CCCC(=O)O)C(C)(C)N(C(=O)Nc2ccccc2C)c2ccc(C(=O)O)cc21,0
protein2,1,CCCCCSc1nc(O)cc(O)n1,0
protein2,1,N#Cc1cc(-c2n[nH]c(C3CCNCC3)c2Cl)c(N2CCOCC2)s1,0
protein2,1,Cc1cc(N2CCC2)nc(Nc2cc(C)c(F)cn2)n1,0
protein2,1,CCC1CN(CC(=O)Nc2ccc(N(C)S(=O)(=O)c3ccccc3[N+](=O)[O-])cc2)C(=O)C1Oc1ccccc1C#N,0
protein2,1,Cc1ccc2cccnc2c1C(=O)Nc1ccc(Oc2cnc(N(C)C)nc2N)cc1,1
protein2,1,CC1=C2N=c3cc(Nc4ncc(C(F)(F)F)cc4Cl)ccc3=C2N1N,0
protein2,1,CCCc1ncncc1-c1ccc(NCc2ccccn2)cc1,0
protein2,1,CC#Cc1ccc2c(c1)N1CCCN=C1C=C2,1
protein2,1,CCCCNc1cc(-c2ccc(C(=O)O)o2)nn1S(=O)(=O)CC1CCCCC1,0
protein2,1,Cc1cccc2c1CCN(C(C)C(=O)Nc1cccc(Cl)c1C(=O)CC#N)C2,0
protein2,1,Cc1cc(Oc2cc(CN3CCCC(Cn4c(C5CC5)cn5cccc5c4=O)C3)ccc2Cl)cnc1C,0
protein2,1,Cc1ccc(Oc2ccc(Cl)cc2C=NNC(=O)c2ccncc2)cc1C,0
protein2,1,CC[S+]([O-])c1cc(-c2cccnc2C(F)(F)F)ccc1CCNC(=O)c1cc2cc(C(F)(F)F)cc(OC)n2n1,1
protein2,1,O=Cc1oc2ccc(F)cc2c1-c1nnc(N2CCCCC2)o1,1
protein2,1,N#CC(C(=O)c1c(-c2ccccc2)ccnc1OCc1ccc(C(F)(F)F)cc1)=C1CCCN1,0
protein2,1,c1ccc(-c2nc(N3CCNCC3)nc3ccccc23)cc1,1
protein2,1,Cc1cncc(C(C)(C)C#CCN2CCCC2CO)n1,0
protein2,1,O=CNc1cccc(CN2CCCC2)c1,0
protein2,1,CS(=O)(=O)c1ccccc1-c1cc2cccc(O)c2nc1CN1CCc2ccccc21,1
protein2,1,O=c1[nH]c(Cc2ccccc2Cl)nc2cccnc12,1
protein2,1,Nc1nc(-c2ccc(Cl)cc2)c(-c2ccc(O)cc2O)o1,1
protein2,1,Cc1ncc(CN(C)C2CCN(c3nnc(-c4cccc(Cl)c4Cl)s3)CC2)o1,0
protein2,1,CCS(=O)(=O)N1CCN(c2cc(C(F)(F)F)ccc2O)CC1,0
protein2,1,CC(C)CS(=O)(=O)Oc1ccc(C2C(=O)Nc3ccc(Oc4cc(C(F)(F)F)ncc4C4CC4)cc32)cc1,0
protein2,1,Cc1cccc(Nc2nc3c(F)cccc3cc2C(C)n2ccnc2)c1,0
protein2,1,O=C(Nc1ccc(Cl)cc1C(F)(F)F)c1cc(-c2cccnc2)nc2ccccc12,1
protein2,1,CC(C)C1C(=O)N2CCC(c3ccc(C4CC4)cc3)=CC2(c2ccncn2)C(=O)N1CCN1CCOCC1,0
protein2,1,CCC1(O)CCN(Cc2c(-c3cnccn3)nn(C3CCC(F)CC3)c2Nc2ccc(C3CNCCO3)cc2)CC1,0
protein2,1,NC1=NC(=NCCc2ccc(S(=O)(=O)C(F)(F)F)cc2)CN1C1CCCCC1,0
protein2,1,CCN(CC)c1cc2ccccc2c(NC(=O)c2c(F)cccc2F)n1,1
protein2,1,CC1C=C(C#N)c2ncc(-c3ccc(S(=O)(=O)C(C)C)cc3)cc21,0
protein2,1,CCC(NC(C)COc1ccc(Cl)cc1)C(=O)NCc1cccc(N)n1,1
protein2,1,CC1(CO)CC(ON=Cc2ccc(OC(F)(F)F)cc2)CN1C(=O)C1(c2ccccc2)CCC1,0
protein2,1,O=C(Nc1ccc(Cl)c(C(F)(F)F)c1)C1(CCN2CCOCC2)CC1,0
protein2,1,CCc1c(O)c(C)c(O)c(CCC(C)=O)c1O,0
protein2,1,CC(C)CCC(C)(C)CCOc1ccc2cc(-c3nc4ccccc4s3)c(=O)oc2c1,0
protein2,1,CC1CCc2c(sc3ncnc(N4CCCC4)c23)C1,0
protein2,1,Nc1c(-c2c(Cl)cc(Cl)cc2Cl)c(C(F)(F)F)nn1-c1ccc(O)cc1,0
protein2,1,O=C(Nc1ccccc1)c1cc([N+](=O)[O-])ccc1NC(=O)C(F)F,1
protein2,1,Cc1ccccc1-n1c(SCCOc2cccc(F)c2F)nc2ccccc2c1=O,1
protein2,1,CCC(=O)N(CC(=O)O)c1cccc(C)c1N(C(=O)CS(C)(=O)=O)c1ccccc1,0
protein2,1,O=C(NCc1ccco1)C1CCN(c2ncccn2)CC1,0
protein2,1,CC1CCC2(CCN(Cc3ccccc3)CC2)OC1CC1C(=O)N2CCCC1C2,0
protein2,1,CC(C)=CCN1CCCC1C(CNc1cccc2c1ccn2C)C(=O)[O-],0
protein2,1,Cc1ccc(S(=O)(=O)N(C)C)cc1-n1c(-c2ccccc2)nc2ccc(O)c(NCC(=O)N3CCCCC3(C)C)c2c1=O,1
protein2,1,CCN1CCC(C(=O)Nc2cccc(-c3c(C)cc(C)nc3C)c2)CC1,0
protein2,1,CCOc1cc([N+](=O)[O-])ccc1NC(=O)c1cc2c(cc1C)OCC(NC(=O)C1CC1)CO2,1
protein2,1,Cc1nc(Sc2ccc(C(=O)N(N=C3CCCC(C)C3)c3ccccn3)cc2)sc1C(=O)O,0
protein2,1,CCn1c2ccccc2c2cc(F)c(NC(=O)CN3CCCC3)cc21,1
protein2,1,CCC(C(=O)N1CCC(COC(F)(F)F)(Oc2ccc(Cl)cc2C)CC1)C(C)(C)c1ccc(OCC(N)=O)c(F)c1F,0
protein2,1,CCOc1ccc(C)nc1-c1ccnc(Nc2c3c(nn2-c2cccc(C(=O)O)c2)C(C)(C)CC3)n1,0
protein2,1,COc1cccc(-c2nc(CN(C)C(C)=O)co2)c1C12CCC(C1)Nc1ccc(C#N)cc12,0
protein2,1,CC(O)CNc1cc(Nc2ccc(F)cc2)[nH]c(=O)n1,0
protein2,1,O=C(NCC1CCC2=C(O1)C(=O)c1ccccc12)c1ccncc1,0
protein2,1,COc1cc(C)c(Oc2c(N=CN(C)C)nc(-c3ccccc3F)nc2-c2ccncc2)c(C)c1C,1
protein2,1,c1ccc(OC2CCCCC2)c(CN2CCCCC2CN2CCc3ncc(-c4cnco4)cc3C2)c1,0
protein2,1,O=C1CC2(CCN(Cc3cc4c(O)nccc4c4cccnc34)CC2)C(=O)N1,1
protein2,1,O=C(OCC1Oc2cccc(I)c2-c2ccccc21)c1cccnc1,1
protein2,1,NC1=CC(Cl)=CS(=O)(=O)NC(C(=O)[O-])Cc2ccc(cc2)Oc2c(N)n1c1cc(F)ccc21,1
protein2,1,O=Cc1cc(C2CC2)c(C2(c3ccccc3)NCCC2c2cccc([N+](=O)[O-])c2)[nH]1,1
protein2,1,O=C(NCc1ccc(F)cc1)c1c(Nc2cc(F)cc(Cl)c2)c2ccccn2c1C(F)(F)F,0
protein2,1,CCn1cnnc1-c1cccc(S(=O)(=O)c2cccnc2Cl)c1,0
protein2,1,CCOc1cc2c(cc1O)CC1C(CNC1C=C(C(=O)O)c1cccc3c1c(Cl)cn3CC1CCCC1)C2,0
protein2,1,CC(CC1=NCC(C(=O)NS(C)(=O)=O)CC1)c1ccccc1,0
protein2,1,O=C(NC(C(=O)N1CCCC1C(=O)O)C1CCCCC1)c1cc(Cl)cc(Cl)c1,0
protein2,1,Cc1ccc(S(=O)(=O)N(C)CC2COCC2c2nc3c(s2)CCCC3)cc1F,0
protein2,1,COc1ccc2cc1S(=O)(=O)N(c1cccc(C(F)(F)F)c1)Cc1cccc3c1c-2nn3CC(C)NC(C)=O,1
protein2,1,O=C1NCCN(CP(=O)(O)O)C1=Cc1ccc(O)cc1,0
protein2,1,CCCCCc1ccc(-c2cnc(N)cn2)cc1,0
protein2,1,Cc1cnc2sc(C(=O)NCC(=O)Nc3cccc(C)c3C)c(C)c2c1,1
protein2,1,Cc1c(NC(=O)c2ccccc2Sc2ccccc2C(=O)O)cc(Cl)cc1C(=O)O,0
protein2,1,CCCCC1=NC(=O)c2ccc(Cl)c(c2)Cn2c(nc3cc(C(=O)[O-])ccc32)-c2cn[nH]c21,0
protein2,1,CC(C)CC(NC(=O)c1cccs1)C(=O)NCC(=O)O,0
protein2,1,CCn1cnc2c(NC(=O)c3cc(-c4cncs4)cc(C)n3)ccnc21,1
protein2,1,CN1CCN(c2cc(-c3cc(Cl)ncc3-c3ccncc3)ncn2)CC1,0
protein2,1,[O-][n+]1c2ccccc2nn1-c1ccccc1Br,0
protein2,1,CCCn1c(=N)c2ccc(C(=O)O)n2c2cc(C(=O)OC)ccc21,0
protein2,1,Cc1cccc(O)c1C(=O)c1ccc(-n2cccc2)cc1,0
protein2,1,CC(=O)C(O)C(C)C,0
protein2,1,Cc1c(C(=O)Nc2cccc(Cl)c2)cn(NC(=O)c2ccc(C#N)cc2)c1-c1ccccc1,0
protein2,1,CCCn1c(=N)c2cc(C(=O)N3CCc4ccccc4C3)ccc2n1-c1cc(OC)c(C)cc1-c1ccc(C#N)cc1,0
protein2,1,Cc1ccc2ncnc(Nc3cn(Cc4ccccc4)nc3-c3cccc(CN4CCCCC4)c3)c2c1,0
protein2,1,CCN1c2ccc(N)cc2C(=O)N(C)c2ccccc21,1
protein2,1,O=C(c1ccc(C(F)(F)F)c(S(=O)(=O)NCC2(O)CCCCC2)c1)N1CCCCC1,0
protein2,1,CCCC(Cn1ccnc1)NC(=O)c1cc(C)n(Cc2ccccc2)n1,0
protein2,1,CCC1CN1c1ccc(C(C(=O)N2CCCCC2CN2CCOCC2)C2CN(CCC3(C)Cc4ccccc4C3=O)C2)cc1F,0
protein2,1,COc1cc2nc(-c3ccccc3C(F)(F)F)nc(NCCC(C)C)c2cc1OC,1
protein2,1,CCN(CC)c1ccc(N2CCN(C)CC2)cc1,0
protein2,1,Cc1csc2c1C(=NNC(=O)c1ccnc(Cl)c1)CCC2,0
protein2,1,CCN1C(=S)Nc2nnc(s2)-c2cc(C(F)(F)F)nn2Cc2ccccc21,0
protein2,1,Cc1csc(NC(=O)c2ccc(Oc3ccc(S(C)(=O)=O)cc3-c3nnc(N)o3)c(F)c2)n1,0
protein20,1,CC(C)C(=O)Nc1nn2c3c4c(cccc4nc2c1C#N)S(=O)(=O)c1ccccc1-3,1
protein20,1,CC(C)N1CCN(c2ccc(Cn3nnc4ccccc43)cc2C(=O)O)CC1,0
protein20,1,CCN1CC(c2ccc(C)cc2)C2(C)C=C1c1cc(I)ccc1S2(=O)=O,0
protein20,1,CC(C)CN(C)C(C)CNS(=O)(=O)c1ccc([N+](=O)[O-])cc1F,1
protein20,1,O=C(Nc1ccc(CCc2cccc(C(F)(F)F)c2)cc1)n1cnc2ccccc21,0
protein20,1,Cc1ccc(C)n2c(Nc3ccc(C#N)c(C(F)(F)F)c3)c(-c3ccc(C(=O)N(C)C)c(OC(C)C)c3)nc12,0
protein20,1,Fc1ccc(Cl)cc1-c1ccc(-n2cccn2)c2nc3c(n12)CCNC3,0
protein20,1,CC(=O)OC(c1ccccc1)c1ccc(-c2ccccc2C2=CCN(C)CC2)o1,0
protein20,1,CC(C)C(NC(=O)Cc1[nH]c2cccc(-c3ccccc3)c2c1[N+](=O)[O-])C(=O)N1CCC(O)C1,0
protein20,1,CCc1ccccc1NC(=O)NSc1ccc2c(C)c(C)n(C)c2c1,1
protein20,1,CC(C)CCC12Oc3ccc(F)cc3OC1C(=O)N(C(=O)N1CCNC3CCc4ccccc4C31)c1ccccc12,0
protein20,1,CCC1CCCN(C(=O)c2c(C)oc(-c3cc([N+](=O)[O-])cc4c3OCC4)c2C)C1,1
protein20,1,CC1(C)C=C(c2cccc(N3CCC3)c2)C(=O)N1,0
protein20,1,CCOC(=O)N(O)C1CCCC(C)C1C(=O)Nc1cc(-c2ccc(F)cc2)nc(-c2ccncc2)n1,0
protein20,1,CCCCCCN1CCCCCC1=CC(C)=O,0
protein20,1,O=c1n(CCc2ccc(C(F)(F)F)cc2)c2ccc(O)cc2n1Cc1nc2ccccc2s1,0
protein20,1,CCN(CC)CCn1cccc(-c2c3c(nn2C)COc2c-3ccc3cc(C)ccc23)c1=O,1
protein20,1,COC1CCC2CC3(CCN2C1)CC(CCO)c1ccc(-c2cc[nH]n2)c(N)c1CCC(C)Nc1ccc2c(cccc2n1)CN1CCC(CC1)O3,1
protein20,1,Cc1c(Cl)c(Cl)nn1-c1ccc(F)cc1NC(=O)CN(C)Cc1ccccc1,0
protein20,1,CCC1CCN(C(=O)C2SCC(Cc3ccc(C)cc3)N(CC#CCN3CCCC3)C2=O)CC1,0
protein20,1,CC(=C(C#N)C(=O)c1cn(C)c2ccc(-c3cc(N4C(=N)OCC4C(F)(F)F)nc(NCC4(C)CCO4)n3)cc12)N(C)C,1
protein20,1,CCCn1cc(C(=O)Nc2cc(C(F)(F)F)ccc2OCCN2CCCCC2C)nn1,0
protein20,1,CCCCc1ccc(OC2(c3ccc(OC)c(O)c3)CCCC(N3CCCCC3)C2)cn1,0
protein20,1,O=C1CCCN1C1CCc2sc3nnc(Nc4ccccc4C4CCC4)nc3c2C1,0
protein20,1,CCCCCCCCC(O)CC(=O)O,0
protein20,1,CC(C)CNc1ccnc2[nH]c3c4c(ccc3c12)N=C(N1CCOCC1)c1ccc(Cl)c-4c1,0
protein20,1,CC(=O)OC1c2ccccc2SC2(c3ccccc3Cl)C=NCC12,0
protein20,1,Cc1ccccc1Nc1nc(-c2ccc3c(c2)OCCCO3)c2cnn(C(C)C)c2n1,1
protein20,1,CCc1nc2c(-c3c(F)cccc3Cl)cccn2c1Nc1ccc(C#N)cn1,1
protein20,1,CCC(C)C1CCC(C#N)CN1C(=O)c1cnnc2ccn(-c3ccnc(-c4ccccc4O)n3)c12,1
protein20,1,CCOc1ccc(C#CCN2CCN(C)CC2)cc1C(=O)N1CCCC1C,0
protein20,1,Cc1c(-c2cccc(-c3cc(O)c(=O)n(CCN(C)C)c3)c2)cc2nc(N3CCCCC3)cc(C(C)C)n12,1
protein20,1,Cc1ccccc1CNC(=O)COc1cccc(N2N=C(N)CC2c2ccccc2O)c1,1
protein20,1,CC(C)N(C)c1nc(N2CCN(C3CCCC3)CC2)ncc1F,0
protein20,1,Cc1ncc([N+](=O)[O-])n1CC1CCCN1C(=O)c1cccc(C(F)(F)F)c1,0
protein20,1,CCCOc1cccc(F)c1C(=O)N1CCN(Cc2ccc(C#N)cc2)CC1,0
protein20,1,NC1=NOC(=O)C(O)(c2ccccc2)c2ccccc21,1
protein20,1,Cc1noc(C)c1C(=O)N1CCCN(c2ccc3ccc(F)cn23)CC1,1
protein20,1,Cc1nc2cc(NCCc3ccccc3)ccn2c1C(F)c1ccc(Cl)cc1,0
protein20,1,CC1CCCC(C)C1(O)C(=O)Nc1ccccc1C(=O)N(C)c1nccs1,0
protein20,1,CC1(C)COC(=O)c2cc(NC(=O)c3ccccc3NS(=O)(=O)c3ccccc3F)ccc21,0
protein20,1,O=C1C2=NN(c3cccnc3Cl)C(c3ccc(O)cc3O)C1COC2,0
protein20,1,Cc1cc(Nc2nc(N)cc(-c3cnn(C)c3)n2)ccc1Cl,1
protein20,1,CC1CCC(=O)N(c2nc3nc(-n4ccnc4)c2C(F)(F)CO3)C1,0
protein20,1,CCC(NC(=O)c1c(NC(=O)c2cccs2)sc(C)c1-c1ccc(N(C)C)cc1)c1ccccc1,1
protein20,1,O=C(Nc1ccccc1C(=O)OCC(F)(F)F)c1cc2c(cn1)[nH]c1ccccc12,1
protein20,1,CC#CC[n+]1ccn(-c2cccc(F)c2)c1C=NO,1
protein20,1,O=C1CC(Cn2ncnc2-c2ccc(OC(F)(F)F)cc2)CN1CCCCCO,0
protein20,1,CCNC(=O)Nc1nc(-c2[nH]c(C)cc2C)c2sc3cc(NC(=O)OC)ccc3c2n1,1
protein20,1,O=c1[nH]c(-c2ccncc2)nc2ccc3c(c12)CCCC3,1
protein20,1,O=C(Nc1cccc2ncccc12)c1cccc(C(F)(F)F)c1F,1
protein20,1,Cc1cc(F)ccc1Nc1nc2ccccc2c(C(=O)O)c1CN1CCNCCC1=O,1
protein20,1,CCN(CC)C1CCc2c(CN3CC4(CCC3=O)OCc3c(C)cccc34)cccc21,0
protein20,1,CCN1c2nccc(-c3cc(C(=O)Nc4ccc(OC(F)(F)F)cn4)ccc3F)c2C#CC1CN1CCCCCC1,0
protein20,1,CC1CN(CC2(Cc3ccc(S(=O)(=O)NC(=NO)c4ccc(O)nc4O)cc3)CCC(C(=O)O)CC2)CCO1,0
protein20,1,CCCCOc1cc(N2CC(C(=O)NC3CCCCC3)CC2=O)ccc1S(C)(=O)=O,0
protein20,1,CCCN(CCC)C1Cc2cccc(F)c2C1,0
protein20,1,CCN(CC)c1ccc(CC(=O)NC(Cc2ccccc2N2CCOCC2)C(=O)N2CCCC2)cc1,1
protein20,1,Cc1ccc(N=Nc2ccccc2SCC(=O)N2CCN(C)CC2)cc1,1
protein20,1,CC1CCC(C2CCCc3c2nc2ccccc2c3N)CN1C,1
protein20,1,CC(=O)Oc1ccccc1-c1nnc(Cn2c(=O)c(-c3cnccn3)c(C)c3cnn(C)c32)s1,1
protein20,1,CC1CCC(NCc2c(=O)n3cccnc3c3ccccc23)CC1,1
protein20,1,CCC(C)(C(=O)NCCN1C(=O)CS(=O)(=O)C1c1ccc(F)cc1)c1ccccc1,0
protein20,1,Oc1ncnc(N2CCOC(c3ccc(C(F)(F)F)cc3)C2)c1-c1cncc(C2CC2)c1,0
protein20,1,N#Cc1cccc(CC(=O)N2CCCC(c3sc(N4CCOCC4)nc3-c3ccc(Cl)cc3)C2)c1,0
protein20,1,Nc1ccccc1C(=O)N(CCc1ccccc1Cl)c1ccncc1,0
protein20,1,CCNC(=O)c1cc2c(cc1Oc1ccc3c(ccn3C(=O)OCC)c1)C1CCCCN(C2)C1,0
protein20,1,CCc1c(-c2ccccc2)n[n+](-c2cccc(C3CNCCO3)c2)c2ccc(C(=O)N3CCN(C)CC3)cc12,0
protein20,1,COc1ccc(-c2cnc3c(n2)N(Cc2c(Cl)cccc2Cl)CC3C)cc1,0
protein20,1,CCc1c(C)ccc2c(-c3ccc(CNC(=O)N4CCN(C(C)=O)CC4)cc3)cc(=O)oc12,1
protein20,1,Cc1ccc(-c2nc(CN3CCC4CC3CCN4C)co2)cc1S(=O)(=O)C(C)(C)C,0
protein20,1,O=c1c(-c2cccnc2)cc2ccc(O)cc2n1Cc1ccc(-c2ccccc2)cc1,1
protein20,1,CCOc1ccc(NC=NOC2CCCC2)cc1Nc1nccc(Oc2cccc(Cl)c2)n1,0
protein20,1,CCn1c(C(F)(F)F)nc2ccc(S(=O)(=O)NCC(C)(C)C3CCN(C)CC3)cc21,0
protein20,1,O=C1Nc2ccccc2C1c1nnc(-c2ccc(F)cc2C(F)(F)F)o1,1
protein20,1,Cc1ccc(Cn2cnc3ccc(NC(=O)C(C)(C)C)cc32)nn1,0
protein20,1,Nc1ccccc1NC(=O)c1ccc(OCc2nc(-c3ccccc3)oc2C(F)(F)F)cc1,0
protein20,1,CC(C)(CCn1c(=O)n(C2(C(N)=O)CCCCC2)c2cnccc21)c1ccccc1,0
protein20,1,CC(C)c1nc2cc(-c3cc4cc(F)ccn4c3C3NCC(C)(C)O3)ccc2[nH]1,0
protein20,1,CCC(=O)N(c1c(N)n(Cc2ccccc2)c(=O)[nH]c1=O)C(C(=O)O)C(C)C,0
protein20,1,O=C(NC1CN(Cc2ccccc2)C1)c1c(-c2ccccc2)nc2ccc(-c3cnn(-c4ccc(F)cc4F)c3)cn12,1
protein20,1,O=c1[nH]c(SCc2ccc([N+](=O)[O-])cc2)nc2cccnc12,1
protein20,1,CC(C)N(Cc1cc2c(cn1)C(NC(=O)COC(=O)Cc1c[nH]c3ccccc13)C1(COC1)C(C)(C)O2)c1ncccc1-c1cccc(Cl)c1,0
protein20,1,COc1cc(C(F)(F)F)c2ccc([S+]([O-])Cc3c(C)noc3-c3cc(Cl)ccc3F)nc2c1,1
protein20,1,Cc1cc(C(F)(F)F)cc(C2(C#N)CCN(c3c(C)nc4cc(Cl)ccc4c3C)CC2)c1,1
protein20,1,CSCc1c(SCC=CCC=NN)n[nH]c1O,1
protein20,1,CCc1ccccc1N(C)C(=O)CCNC(=O)CCS(=O)(=O)Cc1c(C)nn(C)c1C,1
protein20,1,Cc1ccc(NC(=O)C[n+]2c(C)ccc(C)c2C)cc1Cl,0
protein20,1,CCC(=NO)C(=O)c1cc2n(c1C)CCOc1ccc(NC(=O)c3ccccc3OC(F)(F)F)cc1-2,0
protein20,1,O=C(NO)C(CS(=O)(=O)c1cccc(I)c1)N1CCCC1,0
protein20,1,Nc1cc(C(F)(F)F)c(-c2cc(F)cc(-c3ccc(Cl)c(Cl)c3)n2)cn1,0
protein20,1,CC1=C(C)C(O)N(C(c2ccc(Cl)cc2)c2cccc3ccc(=O)[nH]c23)C1=O,0
protein20,1,CC(C)CN(C)c1cc(-c2ccc3nc(Nc4cc(Cl)c(F)c(Cl)c4)sc3c2)ncn1,0
protein20,1,Cc1nc(NCc2cccc(C(F)(F)F)c2Cl)cc(Nc2cccnc2)n1,0
protein20,1,CCCS(=O)(=O)NCc1cc(F)ccc1-c1ccc(C#N)c(C(F)(F)F)c1,1
protein20,1,Nc1oc2c(c1C(O)(c1ccccc1)C(F)(F)F)CCCC2,0
protein20,1,O=C1c2cc(F)c(F)cc2C(C2CC2(F)F)N1c1nnc(S(=O)(=O)N2CCCCC2)s1,0
protein20,1,NC(=O)NN=Cc1ccc2c(c1)OCc1c-2[nH]c(C(F)F)c1-c1cccnc1,1
protein20,1,Cc1ccccc1N1C(=O)CSC1c1cc(-c2ccccn2)nc2ccccc12,1
protein20,1,CC(=N)n1cc2c3c1Cc1ccccc1C3CCC2,0
protein21,1,Cc1ccc2nc(S)[nH]c2c1C1(C)CCC(C)C1,1
protein21,1,Cc1cccc(NS(=O)(=O)c2ccc(Cl)cc2)c1C,0
protein21,1,CC(C)n1ccc(CN(C)Cc2nc3ccccc3[nH]2)n1,0
protein21,1,O=S(=O)(Nc1ncn[nH]1)c1ccc(Cc2cc(-c3cc4nc(n3)N(C3CCC3)C4)cnc2Cl)c(Cl)c1,0
protein21,1,CCOc1ccc(-c2cc(-c3nc[nH]n3)nc(Nc3ccc(S(C)(=O)=O)c(Oc4ccccc4)c3)n2)cc1,0
protein21,1,CC(=O)OC1c2cc(C)c(c(C(=O)c3ccc(Cl)cc3)c2)NC(=O)CC(C)C2=C(C)C1N(S(=O)(=O)N1CCN(CC(C)C)CC1)C2,0
protein21,1,O=C1c2cccc3c(O)cc4[n+](c23)Cc2ccccc2C4N1Cc1ccccc1,1
protein21,1,CC(=O)Nc1ccc2c(n1)C(c1ccccc1)=CC2=O,0
protein21,1,CC(C)=CCC(O)C1(C)CCc2c(ccc(C)c2C)O1,0
protein21,1,Cc1nc(-c2ccncc2)c(Oc2ccc(N3C(=O)C4CN5CCC(O)CC5CN4C3(C)C)cc2F)s1,0
protein21,1,CC(=O)NCC1CN(c2ccc(-c3ccc(F)cc3)c(F)c2)C(=O)O1,1
protein21,1,Cc1ccc(C=NNC(=O)C2CCN(S(=O)(=O)c3cccc4nsnc34)C2)cc1,1
protein21,1,CCc1ccc(Cl)c(S(=O)(=O)NCCCN2CCC(C)CC2)c1,0
protein21,1,CC(C)CN1C(=NS(=O)(=O)c2ccccc2)Nc2ccc(Cl)cc2S1(=O)=O,0
protein21,1,O=C1C=CCC(NC(=O)Nc2ccc(Oc3ccccc3Cl)cc2)C1,0
protein21,1,CC(C)c1ccc(NS(=O)(=O)c2cccc3cncc(F)c23)cc1,0
protein21,1,CCCC1CN(C(C)Cc2ccccc2)CCN1C(=O)c1ccc(N2CCC(C)CC2)nn1,0
protein21,1,CC(C)Oc1cc(C(=O)NC2CCCC2)cc2c1CCC2,0
protein21,1,CCCC(C)(C(=O)Nc1nc(C)cs1)N1C(=O)c2cccnc2Oc2ccccc21,0
protein21,1,CC(C)CC1CN(C(=O)C(O)C2CCCC2)Cc2cc3onc(N)c3c(CO)c21,1
protein21,1,Cc1cccc(-c2nc3cnc(Nc4cccnc4)cc3n2C2CCCCC2)c1N,1
protein21,1,CCCC1c2ccc(C)c3c2CCC1N(O)C(=O)C1CC(C(=O)O1)N1CCCC(C(=O)NC(CC)c2ccccc2)(CCC(=O)N3)C1,0
protein21,1,CCN1CCCC1c1nc2c(-c3ccccc3)cc(OC)cn2n1,1
protein21,1,O=C(c1ccncc1)N1CCC2c3c(cccc3OC(F)F)CCN2CC1,0
protein21,1,CCCc1ccc(CCCn2cnc3ccccc32)cc1,0
protein21,1,CCN(CC)CCNC(=O)c1cn2c3c(cnc2c1N)Cc1cc(SC)ccc1-3,1
protein21,1,CCc1c(C(=O)Nc2ccc(Oc3ccc([N+](=O)[O-])cc3C#N)cc2)c(N)nn1-c1ccccc1,1
protein21,1,Cc1ccccc1NC(=O)CCN1CCN(c2ccccc2OC(F)F)CC1,0
protein21,1,CCCc1nn(-c2ccc(CS(=O)(=O)c3ccccc3NC(=O)C(C#N)=C(C)O)c(C)c2)c(C)c1CC,0
protein21,1,CCC1CCN(CCn2cc(CN3CCCC3)c(-c3cccnc3)n2)C1=O,0
protein21,1,CNC(CC(C)C)c1nc(-c2cnnc(N3CCCC3)c2)cc(N(C)C2CCCCC2)n1,1
protein21,1,CC(C)CCNc1[nH]c2ncnc(Nc3ccc4c(c3)CCC(C)(C)O4)c2c1C#N,0
protein21,1,NC(=O)c1cnc(N2CCOCC2)nc1N,0
protein21,1,O=C(Nc1ccccn1)c1ccc(-c2cc(Cl)ccc2S(=O)(=O)N2CCN(CCO)CC2)o1,0
protein21,1,CCOC1OCn2c(=O)c3ccc2c1c3,1
protein21,1,Cn1c(C(N)=O)c(NC(=O)CSc2scc(-c3ccc(Cl)cc3)c2C#N)c2ccccc21,1
protein21,1,CCCN(CC(=O)O)c1ccc(O)cc1,0
protein21,1,Nc1nc(-c2ccc3nccn3c2)nc(O)c1Nc1ccc(Cl)c(C(F)(F)F)c1,0
protein21,1,O=C1CNC(c2ccncc2)N1CCS(=O)(=O)Oc1ccccc1,0
protein21,1,CCC(CC(=O)O)NC(=O)c1ccc(-n2c(-c3ccccn3)nc3cccc(C(F)(F)F)c32)c(OC)c1,0
protein21,1,Cc1ccc(-n2nc(C)c(C(=O)O)c2Nc2ccccc2C)cc1,0
protein21,1,CC(C)c1nc(CC2CNC(=O)C(C)(C)N(Cc3ccccc3Cl)C2=O)no1,0
protein21,1,O=C(O)c1cc(NCc2ccc(C(F)(F)F)cc2)c2cc(Oc3ccccc3)cn2c1,0
protein21,1,CC(=O)N1CC(O)CC1C(=O)N(CCCN(C(=O)Cc1cccc(OC(F)F)c1)c1ccccc1)C(C)(C)C,0
protein21,1,CCCCC(=O)C(C)(C)C1CN(CC2=Cc3cc(-n4ccnc4)ccc3C2(O)C(F)(F)F)CC1C(=O)O,0
protein21,1,CCCN(C)C1Cc2cc(CC(O)c3ccccn3)cc(OC)c2C1,0
protein21,1,CCCC(CO)NCc1cc(-c2ccnc(NCC3CCCO3)n2)cnc1Cl,0
protein21,1,CCC1C(=O)N(C)c2ccccc2C1N=C(S)Nc1ccc2ccccc2n1,0
protein21,1,CC1CC(c2nc3cc(C(F)(F)F)ccc3s2)CCC1N1CCN(C)CC1,0
protein21,1,NC=CC(=O)C1CCCCC1Cc1ccc(-c2ccccc2)cc1,0
protein21,1,Cc1cc(C(=O)Nc2nc(NC(C)c3ccccn3)c(-c3ccccn3)cc2C#N)c2cc(C)ccc2c1,1
protein21,1,Cc1cc(Nc2nc3cc4c(cc3[nH]2)C23C=C(C4=O)N(C)C(CCC2)C3)nnc1C,0
protein21,1,CCn1c(C)c(C)c2cc(S(=O)(=O)Nc3cc4ccc(C(C)(C)C)cc4nn3)ccc21,0
protein21,1,Cc1ccc(NC2=NC(=O)CC(C)(C(F)(F)F)C2)cc1Cl,0
protein21,1,CCN(CC)c1ccc2c(CC(=O)Nc3ccccc3)csc2c1,1
protein21,1,CC1(C)C(OCC2=NC(=O)N2CC2CCCCC2)c2c(oc3ccccc23)C(=O)N1O,1
protein21,1,O=C1CCCC1C(=O)Nc1cccc(Cl)c1Cl,0
protein21,1,O=C(Nc1cccnc1)c1ccc(C(c2ccc(O)cc2)c2cc(F)cc(F)c2)nc1Cl,0
protein21,1,CC(C)CC(=O)N(C)C=S,0
protein21,1,NC(=O)CCC1c2ccccc2N(Cc2cc(F)cc(F)c2)CC1NC(=O)Cn1cccc1,0
protein21,1,CCCCCCC#CCn1cc2c(N3CCCCC3)nccc2n1,0
protein21,1,Cc1ccc2cnc(NC=C3CCCCC3=O)cc2n1,0
protein21,1,O=C(c1ccc(Nc2ccc(F)cc2F)nc1)N1CCOCC1,0
protein21,1,CC(C)CC(NC(=O)c1ccc2c(c1)Cc1n[nH]c(=O)cc1C2=O)C(=O)N1Cc2ccccc2C1,0
protein21,1,Cc1ccc(-c2cnn(CCN3CCCC3)c2)cc1Cl,0
protein21,1,Cc1c(C(=O)N2CCC(C(C)(C)S)CC2)cnc(SCCCC=CCO)c1C#N,0
protein21,1,CCOC1CCN(C(=O)c2cc(-c3ccc(F)c(F)c3Cl)no2)CC1,0
protein21,1,CCS(=O)(=O)N(C)c1ccc(C(=O)Nc2ccccc2N2CCN(C)CC2)cc1,1
protein21,1,Cc1cc(C)c2nc3sc(N)[n+]([O-])c3cc2c1,1
protein21,1,O=C1CCCCC1c1cccc(Nc2nnc(-c3c(F)cccc3Cl)s2)n1,0
protein21,1,Cc1cc2ccccc2n1-c1cccc(C(=O)Nc2[nH]nc(N)c2-c2nc3ccccc3n3ccc(F)c23)c1,0
protein21,1,Cc1nnc(C(=O)NC(=Cc2ccc(Cl)cc2)c2ccccn2)s1,0
protein21,1,CCN(CC)CC=C1CCN(C)c2ccccc2-c2c1c1ccccc1n2C,1
protein21,1,O=Cc1ccc(N2CCN(COC(CO)c3ccccc3)CC2)c([N+](=O)[O-])c1,1
protein21,1,O=C(NC1CCCCC1)NC1CCN(CCC2CCc3ccc4c(c32)C(N2CCCCC2)CO4)C1,1
protein21,1,CCCNc1c2cccnc2c(-c2ccc(C)cc2)c2c1[nH]c1c(O)n[nH]c(=O)c12,1
protein21,1,CC(C)CC#CCN1CCC(c2nc(Nc3ccccc3)nc3ccsc23)CC1,0
protein21,1,Cc1ccc(NC(=O)Nc2ccc(C(=O)O)cc2)nc1,0
protein21,1,O=C(CC12C=CC(C1)n1c2nc2ccccc21)Nc1ccc(Cl)cc1Cl,0
protein21,1,Fc1cnc(NCc2cc(OC(F)F)c3c(c2)N2CCCC2CO3)nc1Cl,1
protein21,1,CC(C)n1cc(C(=O)C(=O)N2CC(C)(C)Oc3ccccc32)c2ccccc21,0
protein21,1,O=C(Nc1ncc(C(F)(F)F)cc1NCc1ccccc1)c1ncc([N+](=O)[O-])o1,1
protein21,1,NC(=O)c1cccc2cc(C(=O)O)c(Nc3c(F)cc(F)c(F)c3F)nc12,0
protein21,1,O=c1n(-c2ccccc2OC(F)(F)F)c2nncc-2c(COc2ccccc2OC(F)(F)F)n1C1CC1,0
protein21,1,CCN=C(N)C(F)(F)P(=O)(O)O,0
protein21,1,O=CCN(C(=O)Nc1ccc(Cl)c(S(=O)(=O)C2CCCC2)c1O)c1ccccc1,0
protein21,1,CCCc1cc(C(=O)NC(=S)NC(=O)CC(F)(F)F)sc1Nc1cccc(C)c1C,0
protein21,1,CCC(C)C(=O)CCC1(c2ccc(C#CC(C)(C)O)cc2)CCN(S(C)(=O)=O)CC1,0
protein21,1,Cc1cc2c(C)cc3c(c2nc1C)CC[N+](C)(C)C3,1
protein21,1,Cc1cc2cc(CNC(=O)Nc3cc(Cl)ccc3Oc3ccc(C(F)(F)F)cc3)[nH]c2c(C)c1C,0
protein21,1,O=Cc1ccc(Oc2cc(-c3ccncc3)nc3ccc(F)cc23)c([N+](=O)[O-])c1Cl,1
protein21,1,CCC(N)CNc1nc2nc(C)c(C)cn2c1C(=CC(C)C)c1ccccc1,0
protein21,1,O=C(NS(=O)(=O)c1ccc(F)c([N+](=O)[O-])c1)c1cccnc1Cl,1
protein21,1,CC(Nc1nc2cc(-c3cnn(CCC(=O)NC4CCCC4)c3)ccc2n1C)c1ccccc1,0
protein21,1,O=C1c2ccccc2C(=O)N1c1cccnc1,0
protein21,1,Cc1ccccc1Nc1ccnc(N2CCCC2C(=O)NCc2ccccc2)c1,0
protein21,1,Cc1ccc(C2=NC(C)C(=O)N(CC#CCC3CCCC3)C3CCN2C3)cc1,0
protein21,1,CCOc1ncc(-n2nc(C(N)=O)cc2C2CC2)cc1NC(=O)c1cccc(C(F)(F)F)c1Cl,0
protein21,1,COc1cccc(N(CCCN2CCOCC2)c2nc3c(C(F)(F)F)cccc3cc2C#N)c1,1
protein21,1,CCC(C)(CC)OC(=O)c1cnc2ccc(F)cc2c1Nc1ccc(OC(F)(F)F)cc1,0
protein22,1,CCC(=O)n1c(Cc2ncc(C(C)(C)C)nc2N2CCCC(C)C2)nc2ccccc21,0
protein22,1,CC1CN(c2ccccc2[N+](=O)[O-])N=C1N1CCN(C)CC1,1
protein22,1,CCNC(=S)Nc1cc(Cl)cnc1N1CCN(S(=O)(=O)c2ccc(Cl)s2)CC1,0
protein22,1,CCC(C)C(N)C(=O)Nc1nc(C(=O)c2cc(C(F)(F)F)cc(C(F)(F)F)c2)cs1,0
protein22,1,CCCCC1CN(CCC(=O)Nc2cc(OC)ccc2Cl)CCC1N,0
protein22,1,CCN1CCN(Cc2c(OC)cccc2OC)CC1,0
protein22,1,Cc1c(CN2CCC(CCO)C(C)C2)c2ccccc2n1C,1
protein22,1,CCC1CC(=O)c2sc(NN=C(C)c3ccccc3)nc2C1=O,1
protein22,1,Cc1ccccc1C(=O)ON=C1CC(C)CC(C)(C)C1,0
protein22,1,Nc1nc2ccncc2c2c1CCCC2,1
protein22,1,CCC1(c2ccccc2)C=Cc2c(F)cc(-c3c(C)nc(N)nc3N)cc2O1,1
protein22,1,CCN1CC(CC2CCC34CC2CN(C3)C(=O)C2COC(c3ccccc3)CN2C4)OC1=O,0
protein22,1,Cc1nc(N)nc2c1C(NCCO)c1cc3cc(-c4cnn(C)c4)cnc3cc1N2,1
protein22,1,CC1CCCC2(C)C(=O)C=C(N)N12,0
protein22,1,NC(Cc1ccccc1CO)C(=O)N1CCCC1C(=O)O,0
protein22,1,CCc1nn2c(C(F)(F)F)c(-n3ccnc3)ccc2c1NCc1cccnc1,1
protein22,1,Cc1ccc(C(=O)NC(=S)Nc2cccc(NCc3ccccc3)c2)cc1,0
protein22,1,Cc1ccc(CN2CCC(NS(=O)(=O)c3ccc([N+](=O)[O-])cc3)CC2)s1,0
protein22,1,CC(C)CCc1n[nH]c(=O)c2ccc(C(=O)NC3Cc4cccc(O)c4CC3O)cc12,0
protein22,1,CCC1CNCCN1c1nc2c3c(c(CN(C)C)cc2[nH]1)-c1ccccc1C3=O,1
protein22,1,CC(C)C=CCN(C(=O)C1CCS(=O)(=O)C1)C1CCC(O)(c2cccc(Cl)c2)C1C(=O)N1CCCCC1,0
protein22,1,CC1(C)CCN(c2nc(NCCN3CCOCC3)c3cc(-c4cccnc4)ccc3n2)C1,1
protein22,1,CNC(=NCC1CC2CCc3c(ccc(O)c3O)C2C(ON)C1)C(C)C,0
protein22,1,Cc1ccc(C)c(NC(=O)c2cccc3c(N)c(C(=O)N(C)c4ccccc4)sc23)c1,1
protein22,1,O=C(Nc1ccc(OC(F)(F)F)cc1C(=O)Nc1ccccc1C(F)(F)F)c1ccncc1,1
protein22,1,NC(=O)C(F)CC1CCN(S(=O)(=O)c2cccc(CO)c2F)C1CCC(=O)Nc1cc(F)c(F)cc1F,0
protein22,1,Cc1cc2c(cc1N)nc(CSC(=S)N1CCN(C)CC1)n2Cc1cccc(Cl)c1Cl,1
protein22,1,CC1CCC(=NNc2nc(-c3ccco3)nc3ccccc23)c2c1nn(C)c2Cl,1
protein22,1,CC(C)(C(=O)O)C1c2ccc(Cl)cc2C(N)C1C(=O)OCc1c(F)ccc2cc[nH]c12,0
protein22,1,CCn1nc(-c2ccccn2)c2c1C(O)CN(C(=O)CCCc1ncccc1-c1ccccc1C(F)(F)F)C2,0
protein22,1,O=C(CC1CCN(c2ccccc2F)C1=O)Nc1ccccc1N1CC=CC1=O,0
protein22,1,CCN(CC)CCn1ccc2c(=O)n(C)c3ccc(C)cc3c21,1
protein22,1,Cc1cccc2c(Sc3cc(F)cc(Cl)c3)cc(O)nc12,1
protein22,1,CC1(C)CCCC(C)(C(N)C(=O)N2CC(S(=O)(=O)O)CC2C#N)C1,0
protein22,1,O=C(COC(CO)C1Cn2c1nc1c(=O)[nH]cnc12)Nc1ccc(NCc2ccc(Oc3ccccc3)cc2)c(Cl)c1,1
protein22,1,CCC(=C(C#N)C#N)c1coc2ccccc12,0
protein22,1,CCn1c(=O)c2c(c(C(=O)Nc3ccccc3C(=O)O)c(O)n2CC(C)C)c2ccccc21,1
protein22,1,c1ccc(-c2cc(Nc3nc(NC4CCCC4)nc4ncccc34)n[nH]2)cc1,1
protein22,1,Cc1cccc(C(C#N)N2CCC(C(=O)NCc3coc(C)n3)CC2)c1,0
protein22,1,CC(C)(C)OC(=O)N1CCC(NC2CC(n3cnc(-c4nccs4)c3)C3C(C)(C)CCCC3(C)C2)C1,0
protein22,1,CC(C)c1cccc(NC(=O)c2c3c4c([nH]c2=O)CCC(C)(C)C4CN3C(C)C)c1,0
protein22,1,CCn1cnc2c(C#N)c(N)c(-c3ccnc(-c4ccccn4)c3)c(-c3cccc(F)c3)c21,1
protein22,1,CC(NC(=O)N1c2ccc(F)cc2COc2ccc(Cl)cc21)c1ccc(C(N)=O)cc1,0
protein22,1,CCOc1cc(C2=Nc3ccccc3N(C)C(=O)C2C#N)ccc1OC(F)(F)F,0
protein22,1,CC1CC(C)(C)N(c2ncc(C(F)(F)F)nc2Cl)C1=O,0
protein22,1,CCC1CCN2CCCCC2C1OCN1CCNc2ccc(S(C)(=O)=O)cc21,0
protein22,1,CCCN1Cc2cccc3cc(-c4cccc(O)c4)c1nc23,1
protein22,1,Nc1c(C(=O)O)[nH]c2c(Cc3c(Cl)cccc3Cl)cccc12,0
protein22,1,CC(=O)c1c(C)nn(Cc2ccc(CCSC(c3cccnc3)c3cccc(F)c3C)cc2)c1C,0
protein22,1,Cc1nc2ccc[n+](C)c2cc1-c1ccc(O)c(O)c1,0
protein22,1,CC1CCCN(C(=O)c2cc(-c3ccco3)nc3ccc(CNC(=O)Nc4ccncc4)cc23)C1,0
protein22,1,FC(F)(F)Cc1ccccc1N1CCC(COc2ccc(Cl)c(Cl)c2)CC1,0
protein22,1,O=C1CC(c2ccc3oc(CCCCCNC(=O)c4nccc5ccccc45)cc3c2)=NO1,1
protein22,1,CCn1cc(C(=O)O)c(=O)c2cc(C)c(OCc3ccccc3C(F)(F)F)cc21,0
protein22,1,CC1CN(S(=O)(=O)c2cc(C(=O)NCc3ccccc3F)ccc2-c2ccccc2)CCO1,1
protein22,1,CCCCC(NS(=O)(=O)Oc1ccccc1)C(N)C(=O)OCc1ccccc1,0
protein22,1,CC(C)C1NC(=O)CN(C2CCN(c3c(F)cc4c(=O)n(C)ncc4c3F)CC2)C1=O,1
protein22,1,Cc1cc(=O)[nH]c(N2C(=O)CC3(O)CC=C2S3)n1,0
protein22,1,Nc1ncc(-c2ccn3c2CN(C(=O)C2CCOC2)CCC3)cc1OC(F)F,1
protein22,1,Cc1c(Cc2ccc(S(N)(=O)=O)cc2F)cccc1OCCN1CCCCC1,0
protein22,1,CCN1CCCN(c2cc(-c3cccnc3)c(Cl)cc2C#N)CC1,1
protein22,1,CCC1CC(C)CCC1NC(=O)c1ccco1,0
protein22,1,Cc1ccc(C(=O)Nc2nnc(-c3ccc(Cl)cc3)o2)cc1C,0
protein22,1,Cc1ccc2c(c1)c(-c1nc3ncccn3c1NCCCl)cn2C1CCC(CN)CC1,1
protein22,1,O=C(Nc1ccc(Cl)c(C(F)(F)F)c1)c1ccccc1Sc1cccnc1N1CCN(C2CCCCC2)CC1,0
protein22,1,Cc1cc(O)ccc1C(O)CC1CNC1,0
protein22,1,Nc1ncnc2c1c(C(O)c1ccc(F)cc1)cn2-c1ccc(F)cc1,1
protein22,1,CCC(C)CNC1CCN(C)CC1C(=O)OC,0
protein22,1,Cc1occc1S(=O)(=O)N1CCN(Cc2c(F)cccc2Cl)CC1,0
protein22,1,O=C(Nc1ccc(Oc2ccc3cccnc3c2C2CNCCO2)cc1F)c1ccccc1F,1
protein22,1,Cc1c(F)cc(Nc2nnc(N(C)C(=O)c3ccc(OCC(F)(F)F)cc3)s2)cc1F,1
protein22,1,Nc1nccc(Oc2cc3ccnn3c3c2-c2cnc(N4CCCC(CO)C4)c(-c4cccc(Cn5cccn5)c4)c2CC3)n1,0
protein22,1,Cc1ccc(C)c(NC(=O)c2cnc3cc(NC(=O)c4cc(Cl)c5c(c4)OCC(=O)N5)ccc3c2O)c1,1
protein22,1,COCC(CC1CCCN(CC=C(C)C)C1)Cn1oc(-c2ccccn2)cc(=O)c1=O,0
protein22,1,CCNc1nc2ccccc2cc1-c1nnc(C)c2ccc(Cl)cc12,1
protein22,1,CCC1C(=O)N(C(=NC)NC)c2c(Cl)cc([N+](=O)[O-])cc2S1(=O)=O,1
protein22,1,CCn1ccnc1CNC(=O)c1ccccc1-n1nccn1,0
protein22,1,Cc1ccc2[nH]cc(C(=O)NCc3cc4ccccc4n(C)c3=O)c2c1[N+](=O)[O-],1
protein22,1,Cc1cncc(C(=O)Nc2noc(C(F)(F)F)n2)c1,0
protein22,1,Cc1ccnc(Sc2nc3ccccc3cc2-c2cccc(O)c2)n1,1
protein22,1,Cc1cc(NCc2cccc(Cl)c2)nc(NC2C=CCC(C)C2)n1,0
protein22,1,O=C(Cc1ccccc1F)NC(CC1CCN(C(CCN2CCCc3ccccc3C2=O)C2CC2)CC1)C(=O)O,0
protein22,1,NC(C(=O)NCC(=O)Nc1cc([N+](=O)[O-])cc(Cl)c1Nc1ccc(OC(F)(F)F)cn1)C1CCCC1,0
protein22,1,CC(=O)Nc1nnc(SCc2ccccc2)s1,0
protein22,1,Cc1nc(S)n(-c2ccc(N3CCOCC3)cc2)c1-c1ccccc1,0
protein22,1,CC(C)(C)N=C1N2CCCC(C2)CC1(c1ccccc1)c1nccs1,0
protein22,1,COc1cccc(-c2cc(O)n3ncc(C(=O)NC4C(C)CCCC4C)c3n2)c1,0
protein22,1,CC(C)CCCN(CC(OCc1cncc(F)c1)C(C)(C)F)C(C)CN1C(=O)c2ccc(Cl)cc2C1=O,0
protein22,1,CCOC(=O)c1nc(-c2ccccc2C(=O)N(C)C)n[nH]1,0
protein22,1,Cc1ccc(C)c(NC(=O)c2ccc(NC3CCCCC3C)nc2)c1,0
protein22,1,CC1=CC(C(OCC(F)(F)F)C2CCN(Cc3cccc(-c4ccc5c(c4)CCC(C)N5)c3)C2=O)Oc2ccccc21,0
protein22,1,CCn1cc(CCO)c(N)nc1=O,1
protein22,1,CC(=NOCc1cnn(-c2ccccc2)c1Nc1ccc(C(C)(C)C)cc1)c1ccc(C)nc1,0
protein22,1,CC1(c2cc(-c3c(F)cccc3Cl)nc(N)n2)CCC(CN2Cc3cccc(O)c3C2=O)OC1,0
protein22,1,CCN(CC)CCC#Cc1ccc(CN2CCCCC2)cc1,0
protein22,1,CC(C)CNC(=O)c1cccnc1C(=O)NC(c1cccnc1)c1cc(C(F)(F)F)ccc1F,0
protein22,1,CCN(CC)Cc1nc2ccccc2c(=O)n1-c1ccc(OC)cc1,1
protein22,1,CC(C(=O)N1CCN(c2ccccc2Oc2ccccc2)CC1)C(C)(C)C,0
protein22,1,CC1C(=O)Nc2cc(Oc3ccc([N+](=O)[O-])cc3)c(F)cc2N1C,1
protein22,1,Cc1ccccc1-c1nc(N2CCN(C)CC2)c2ccccc2n1,1
protein23,1,CC1CCCC(C)(C)NCC(O)c2ccc(Cl)cc2C1c1ccccc1,0
protein23,1,CC1CC=C(NCc2cccc3ncccc23)CC1,1
protein23,1,CC1CCC1CN1C[N+]2=C(c3cc(F)c(F)c(F)c3)CC1CC2(C)C,0
protein23,1,Cc1nc(O)c(C(C)(C)C)nc1Cn1ccc(-c2cn(C(N)=O)c3ccccc23)n1,0
protein23,1,Cc1ccccc1Nn1c(C)nc2ccccc2c1=O,1
protein23,1,Cn1cc(CN2CCN(C(=O)Cc3c(F)cccc3F)CC2)cn1,0
protein23,1,CC(=O)Nc1ccc(C(F)(F)F)c(C(=O)NCc2ccc(F)cc2Cl)c1,0
protein23,1,CCC(CC)CCNC(=O)c1csc(-c2ccc(OC(F)(F)F)cc2)n1,0
protein23,1,Cc1c(Cl)ccc(C(=O)NCC(F)(F)F)c1N1C(=O)C(C)(C)CC1(C)C,0
protein23,1,O=C(C=Cc1ccccc1[N+](=O)[O-])Nc1nc(-c2cccc(Cl)c2)cs1,1
protein23,1,CC(C)CC(NC(=O)C[S+]([O-])Cc1cccc(C(C)(C)C)n1)C(=O)NC1CCCC(N2CC2)C1(O)CO,0
protein23,1,O=CNC(=O)c1cc2cc(-c3cnc(Cl)c(-n4nc(C(F)(F)F)c5c(OCC6COC6)ccnc54)c3)ccc2[nH]1,0
protein23,1,CCN(CC)c1ccc2nc(Nc3ccccc3NC(=O)Nc3ccccc3OC)ccc2c1,1
protein23,1,Cc1cc(C)c(OCC2CCCN(c3nn(Cc4ccccc4Cl)c4nccc(C(F)(F)F)c34)C2)cc1NS(C)(=O)=O,1
protein23,1,O=C1C=C2c3cc(Cl)ccc3OP(=O)(O)C2(O)C1,0
protein23,1,CC(=O)NC(C)c1c(F)cc(CC2CCCN2S(=O)(=O)c2ccc(Nc3ccccc3S(C)(=O)=O)cc2)cc1F,0
protein23,1,CC1(C)C(=O)N2CCCCC(N3CCS(=O)(=O)CC3)CCNS(=O)(=O)c3ccc1c2c3,0
protein23,1,Cc1cc(Cl)ccc1NC(=O)c1c(C)nn(-c2ccccc2)c1Cl,0
protein23,1,CCn1ccc2c(-c3ccccc3)c(-c3cccnc3)n(CCCO)c2c1=O,1
protein23,1,O=c1c(O)cn(-c2ccccc2)c2nc(N3CCOCC3)nc(-c3ccccc3)c12,1
protein23,1,CC(C)=CS(=O)(=O)Cc1ccc2c(c1)sc1nn(CC(=O)NC3CC(C)c4ccccc4C3O)c(C)c12,1
protein23,1,NCC1CN(C(=O)C2CCCN2Cc2ccccc2-c2nnc(Nc3cccc(OC(F)(F)F)c3)s2)CCCC[n+]2ccccc21,0
protein23,1,Cc1cc(Cn2ncc(C(=O)N(C)c3nc4ccccc4n3C3CCCC3)c2C(F)(F)F)cc(C(=O)O)c1,0
protein23,1,Cc1c(C=NNC(=O)c2ccc(OCc3ccccc3)cc2F)cnn1-c1ccccc1,1
protein23,1,Cc1cccc(NS(=O)(=O)c2c[nH]cn2)c1C,1
protein23,1,Cc1ccc2ccc(NC(=O)CCNS(=O)(=O)c3ccc(C(C)(C)C)cc3)cc2n1,0
protein23,1,NC(=O)c1ccc(Nc2cc(-c3cn4c(C(=O)c5cccc(C(F)(F)F)c5)csc4n3)ncn2)cc1,0
protein23,1,NC(=O)c1cncc2cc(-c3nc(N4CCCC4)nc(N)c3Cl)ccc12,1
protein23,1,CCC1CN(c2nc(F)cc(Nc3ccccc3N)n2)CCN1C(=O)c1cccc(F)c1,1
protein23,1,CCN(C(=O)CC1(C(C#N)OCCOC)C(=O)NC(C)=Cc2ccccc21)c1ccccc1,1
protein23,1,CC(C)(O)C#Cc1ccc2c(c1)C(C)(Cn1ccnc1)CCC2,0
protein23,1,Cc1ccc(Nc2nc3ccccc3c(N)c2[N+](=O)[O-])cc1C,1
protein23,1,CCN(CC)c1ccc(C(=O)Nc2cc([N+](=O)[O-])ccc2-n2ccc(C(F)(F)F)n2)cc1,1
protein23,1,Cc1cc(C)cc(Oc2ccc(C(=O)Nc3cccc(F)c3C(N)=O)cc2)c1,0
protein23,1,CCc1ccc2nc(NN=Cc3ccc(O)cc3O)sc2c1,1
protein23,1,Cc1cccc(Nc2nc(=O)c3cc(C(=O)Nc4cccnc4F)cnc3n2N)c1,1
protein23,1,CC1(C)CC([S+](=O)([O-])c2ncc3c(n2)-c2ccccc2C2=NCCN2C3)c2ccccc21,1
protein23,1,CC(C)C(NS(=O)(=O)c1ccc2cn[nH]c2c1)C(=O)O,0
protein23,1,Cc1ccc(S(=O)(=O)NCC(F)(F)F)cc1-c1ccc2nc3c(n2c1)-c1ccccc1CC3,1
protein23,1,CCC1CCn2nc(-c3cccc(S(N)(=O)=O)c3)cc2N1CCC1CCOCC1,0
protein23,1,CCc1ccccc1Nc1nc2c(C)cc3cc(OC)ccc3c2c(O)c1-c1ncn[nH]1,1
protein23,1,Cc1cccc(C)c1N(C)CC=c1[nH]c(=O)c(=CC#N)[nH]c1=O,0
protein23,1,CCn1cnnc1[N+](=O)c1ccc(S(=O)(=O)Nc2cccc(C(F)(F)F)c2)c(Cl)c1,0
protein23,1,CCn1c2ccc(NC(=O)OC)cc2c2cc3c(cc21)C(=O)NCC3,1
protein23,1,CCCC1c2ccccc2CC1NS(=O)(=O)c1ccc(F)cc1C,1
protein23,1,CC1(C)C=C(Nc2nc(C(F)(F)F)c([N+](=O)[O-])cc2C(F)(F)F)c2cc(O)ccc2O1,1
protein23,1,CCn1cnc2cc(C(=O)N3CCn4c(nc5cc(-c6cnn(C)c6)ccc54)C3)ccc21,1
protein23,1,CC(C)(C)C(=O)Nc1cc(C(=O)Nc2ccoc2N2CCC(CO)CC2)ccc1F,0
protein23,1,Cc1ccc(C=C(C(=N)N)[N+](=O)[O-])cc1,1
protein23,1,CCc1ccccc1NC(=O)C1CCN(CC(=O)Nc2cccc(C(N)=O)c2)CC1,0
protein23,1,Cc1nc(C(F)(F)F)c(C(=O)NC2CCCCC(N(C)C)C2)s1,0
protein23,1,CCCCc1nnc(NN=C(C(=O)N(C)CCC(F)(F)F)c2ccccc2)nc1N,1
protein23,1,O=S(=O)(NCC1CN(Cc2cccc(Cl)c2)CCO1)c1cc(Nc2ccnc3cc(Cl)ccc23)cs1,1
protein23,1,COc1ccc(Oc2cccc3c2C(=O)N(CC(C)C)C(=O)c2ccccc2NC3=O)cc1,1
protein23,1,CC(C)c1ncc(CN2CCCCC(C(F)(F)F)C2)cn1,0
protein23,1,Cc1ccc(S(=O)(=O)N(C)CC(C)C)cc1NC(=O)C1CC(Nc2cccc(C(F)(F)F)c2)CN(S(C)(=O)=O)C1,0
protein23,1,O=C1C(=CNc2nc(-c3ccncc3)ncc2F)CCc2ccccc21,0
protein23,1,O=C(Nc1ccccc1NCC1CN2CC(C2)C1=O)c1cccs1,0
protein23,1,CC(=O)Nc1ccccc1C=CCN1CCn2c(nc3cc(-c4ccccn4)nc(N)c32)C1,1
protein23,1,O=c1[nH]c(=Nc2cccc(F)c2F)c2ccccc2[nH]1,0
protein23,1,CCS(=O)(=O)N1CCCC2(CCN(C(=O)c3c[nH]nc3C3CCCC3)C2=O)CC1,0
protein23,1,Cc1ccc(NC(=O)c2cccnc2)cc1S(=O)(=O)Nc1c(C)nn(C)c1C,0
protein23,1,CC#CC=NCCn1c(C)nc2cc(S(=O)(=O)N(CCC)Cc3ccccc3)cnc21,1
protein23,1,CC1(C)C=C(c2c(Oc3cccc(C#N)c3)n(-c3ccc(C(=O)CO)c(Cl)c3)c3cnccc23)C(=O)NC1,1
protein23,1,CCCC(=O)N1CCC(c2ccccc2)(c2c(O)c(C(=O)N3CCNCC3)cc3cccc(O)c23)CC1,1
protein23,1,Cc1nc2cc(O)ccc2cc1CC1(OCC2CC2)CCN2CCCC1C2CO,0
protein23,1,Cc1c(F)cccc1Nc1nc2c(s1)COC13CCN(CC1)C(Cc1cccnc1)C23,0
protein23,1,CCc1nnc(SCc2cccc(-n3nc(C)cc3C)c2)s1,0
protein23,1,CCCC1CCCCN1C(=O)c1c(C(=O)Nc2ccc(Cl)cn2)nc2cc(C(F)(F)F)ccc2c1O,1
protein23,1,Cc1cc(C)c(COc2cc3c(cn2)Cc2cccc(C)c2C3)c(OS(C)(=O)=O)c1,1
protein23,1,Cc1cc2ccc(N(C)C)nc2n1CSCCO,1
protein23,1,CCOc1cc(-c2ccc(CSC(=N)Nc3ccc(OC)cc3)cc2)nc2c1CCCC2,1
protein23,1,CCCCC1CCN(S(=O)(=O)Cc2ccccc2)C2(CCC2)C1=O,0
protein23,1,Cc1nc(C(=O)Nc2ccc(NC(c3nc(C#N)c(Nc4ccc(F)cc4)s3)C(F)(F)F)cc2)cs1,0
protein23,1,Cc1nc(NC(=O)CS(=O)(=O)c2ccc(Cl)c(Cl)c2)sc1C(C)(C)C,0
protein23,1,CC(C)CC1CCN(C)CC1Oc1nc2c(cc1[N+](=O)[O-])CCCN2CC(C)(C)C,1
protein23,1,Cc1ccc(Cn2cc(C)cn2)c(C2(c3ccccc3)CCN(C)CC2)c1,0
protein23,1,CC1CCCc2cc(NC3CCN(c4nccc(C(F)(F)F)n4)C3)ccc21,0
protein23,1,Cc1sc(N)nc1Cc1cccc(CNCCN2CCCC2)c1Cl,0
protein23,1,CC1CN(c2cccc(-c3noc(C4CCCCC4)n3)c2)CC(C(C)C)N1,0
protein23,1,CCOCCc1ccc(-c2ccc(CNc3cccc4cccnc34)cc2)cc1,1
protein23,1,CC1CN(c2ccc([N+](=O)[O-])cc2C(C)(C)n2ccnc2)CCN1Cc1ccc(F)cc1,0
protein23,1,CCCCCOCCn1cc(CC(=O)Nc2cccc(C(F)(F)F)c2)nn1,0
protein23,1,Cc1nc2cnn(CC(=O)NC(C(=O)O)c3ccc(Cl)c(Cl)c3)c2cc1-c1ccccc1,0
protein23,1,CCCC1CCCCN1S(=O)(=O)c1ccc(C(C)(C)O)cc1,0
protein23,1,CCC(C)Nc1nc2ccnc(Nc3c(NC)cc(C(F)(F)F)nc3N)c2s1,0
protein23,1,Cc1nn(-c2sc3ccc(Cl)cc3c2[N+](=O)[O-])c(N)c1C(=O)CC(C)(C)C,1
protein23,1,CCn1cc(-c2cccnc2Nc2c(-c3ccc(OC)cc3)c(=O)c3cc(OC)c(OC)cc3n2C)cn1,1
protein23,1,COc1cc(C)c(-c2ccc3ncnc(Nc4cc(C(C)C)ns4)c3c2)c(OC)n1,1
protein23,1,CCC1CN(C(=O)c2ccc(C)c(OCc3ncccc3Cc3cc(Cl)ccn3)c2)CCN1N=O,1
protein23,1,Cc1ccc(Nc2nc(N)c3c(C)cc(C)cc3c2-c2n[nH]c(C)n2)cc1,1
protein23,1,O=C(Nc1ccccc1F)c1cnc2c(c1O)CC(c1ccc(O)cc1)S2,0
protein23,1,CC1(C)Cc2ccccc2N1C(=O)CN1C(=O)SC(=Cc2ccccc2)C1=O,0
protein23,1,CCCn1nc(NS(=O)(=O)CC(F)(F)F)c2cc(-c3c(F)cccc3Cl)cnc21,0
protein23,1,CC1CCC(CN2CCN(c3ccccc3F)CC2C)C2=NN(c3ccccc3)C(=O)C21,0
protein23,1,Nc1ncccc1C(=O)Nc1cc(Cl)ccc1-c1ccnc2ccccc12,1
protein23,1,CCN1C(=O)c2cc(Cl)ccc2Nc2ccc([N+](=O)[O-])cc21,1
protein23,1,CC(C)CCNc1nc(SCc2cccc3c2CCC3)nc2ccccc12,0
protein23,1,O=C(CCc1ccccc1)NC(=S)Nc1ccccc1SC(=O)c1ccccc1Cl,0
protein23,1,CC1(C)CCc2c(O)cccc2C1(OCC=CCn1cnc2ccc(F)cc21)C(=O)O,0
protein24,1,CC1N=C([O-])CC12CC(=O)N=C(N1c3c(c(Cl)c(O)c4ncccc34)CC1(C)C)O2,1
protein24,1,CC#CCn1cc(NC(=O)c2ccc(C)cc2Nc2ccc(C(F)(F)F)cc2)cn1,0
protein24,1,CC1CC2CN(S(=O)(=O)Oc3cccc(C(C)(C)c4ccccc4)c3)CC(C)C2NC1=O,0
protein24,1,Cc1ccc2nc(Nc3ccc(C#N)cc3F)n(Cc3ccccc3)c(=O)c2c1,1
protein24,1,O=C(NCc1ccccc1Cl)C1CCN(S(=O)(=O)c2cccc(OC3CCOCC3)c2)C1,0
protein24,1,Cc1cc(NC(=O)C(F)(F)F)ccc1Nc1ncnc2cc(-c3ccnc(N4CCOCC4)c3)ccc12,0
protein24,1,CC(C)=CCn1ccnc1-c1ccc2cc(C#N)ccc2n1,1
protein24,1,Cc1cc(C)n2nc(-c3cccc(OCC(F)(F)F)c3F)c(NC(=O)C3CCNCC3)c2n1,1
protein24,1,CC=C(C)C(=O)N1CCN(c2ccc(F)cc2C#N)CC1,1
protein24,1,NCCC(=O)Nc1cc(C(F)(F)F)c2c(n1)NC(=O)CC2=C(OCc1ccccc1)C1CCc2cc(Cl)ccc2C1CN1CCNCC1,0
protein24,1,Cc1cccc(S(=O)(=O)N2CCC(CCN3CCNCC3c3ccccc3)CC2)c1C,0
protein24,1,CC1(C)Cc2c(C(F)(F)F)cc(C#N)nc2C(NC(=O)c2cccc(OCc3ccccc3)n2)C1,0
protein24,1,CC1CCCCN(C(=O)c2ccnn2C(C)(C)C)C1,0
protein24,1,CCc1cccc(C(C)C)c1NC(=O)CS(=O)(=O)c1cccc([N+](=O)[O-])c1,0
protein24,1,CC(C)CC(Cn1c(C2CC2)nc2cc(C(=O)NC(C)CC3CC(O)CCN3C)ccc21)NC(=O)Nc1cccc(Cl)c1,0
protein24,1,CC(C)=CCNc1cnccc1Nc1ccc(C(=O)O)c(C)c1,0
protein24,1,CCn1cc2c(c1C)-c1ccccc1C(CNS(=O)(=O)c1cc(C)ccc1C)C2,1
protein24,1,CCn1c(CSc2ccccc2C)nc2ccccc21,1
protein24,1,C=C(C1CCC(C)CC1)C1NCCC2(C3CCCCC3)C1OC(=O)N2C,0
protein24,1,O=C(Nc1ccccc1[N+](=O)[O-])c1ccc(S(=O)(=O)Nc2ccc(O)cc2)cc1,0
protein24,1,NC1c2cc(F)c(F)cc2Oc2cc1c1oc3ccccc3c1n2,1
protein24,1,CC(C)(Cc1ccccc1)NCC(O)COc1cc(O)ccc1-c1cnco1,0
protein24,1,O=C(c1cccc(F)c1)N1CCCC2C1Cc1ccc(O)cc1C2(Nc1ccccn1)C(F)(F)C(F)(F)F,0
protein24,1,Cc1ccc(C(=O)Oc2cnn(CC3CCCCC3)c2)cc1-n1nc(O)c2cc(F)ccc2c1=O,0
protein24,1,O=C1CCCCN1n1cnnc1Sc1cccc(F)c1Cl,0
protein24,1,CC#CCN1CCC(S(C)(=O)=O)CC1,0
protein24,1,CCCN(CC(C)CC)c1nc2cc(Cl)c(OC3(C)CCN(Cc4ccccc4)CC3)cc2o1,1
protein24,1,Cc1ccc(Cn2c3c(c4cc([N+](=O)[O-])ccc42)CN(CCO)CC3)cc1,1
protein24,1,CC(=O)Nc1ccccc1N1CCC(C2(N)C3CCCCC3OC(=O)N2c2ccccc2)CC1,1
protein24,1,CCCC1(c2ccc(F)cc2)CCCN(Cc2cc3c([nH]2)CCNC3=O)C1,0
protein24,1,CCCC1(C)CC(=O)c2cc3c(cc2C1=O)CC(C)C(C)O3,0
protein24,1,CCN1CCC(c2nc3c(C(=O)Nc4cccc(-n5cccn5)c4)cccc3o2)CC1,0
protein24,1,CC1(C)CC(C(=O)Nc2ccc(S(=O)(=O)Nc3nccs3)cc2)CC(C)(C)C1,0
protein24,1,Cc1cccc(-n2cc(-c3ccc(NC(=N)N)cc3)nc2S)c1,0
protein24,1,Cc1ccc2ncc(-c3cc(CC(C)(C)CC(=O)O)cc(N4CCOCC4)n3)n2n1,0
protein24,1,CC(C)(C)C(=O)NCC1CN(CCCC(=O)CC(C)(C)C(C)(C)C)CC(c2ccccc2C(F)(F)F)O1,1
protein24,1,CC(C)CC1CN(c2nc(NC(=O)c3ccccc3)nc3c2c(C(C)C)nn3C)CCN1C,0
protein24,1,CC(C)C(CP(N)(=O)O)=C(C#N)C#N,0
protein24,1,O=C(Nc1cc(-c2cnc3c(N4CCCCC4)cccn23)ccc1F)c1ccccc1F,1
protein24,1,CCc1cc(OCC(=O)NCCc2cccc(C)c2)ccc1C(C)(C)C,0
protein24,1,CCCCC1(C(=O)OCc2c(C(=O)c3ccccc3)n(Cc3nnc(S)n3C)c3ccccc23)CCS(=O)(=O)N1,0
protein24,1,CC(=NNc1ccc2ccccc2n1)c1ccc(N(C)C)cc1,1
protein24,1,O=C(Nc1ccc(-c2ccccc2)cc1SCC(=O)N1CCC(O)C1)C1CC1c1ccccc1,0
protein24,1,CC(C)CC(C)Nc1nc(-c2ccncc2)nc2ccc(C(F)(F)F)cc12,0
protein24,1,Cc1[nH]n(-c2ccc([N+](=O)[O-])cc2C#N)c(=O)c1C(C)C,1
protein24,1,Cc1cc2cnccc2nc1O,0
protein24,1,Cc1cc(C)c2cccc(NC(=O)C(C)(C)C)c2n1,1
protein24,1,Cc1cccc(C)c1NC(=O)c1ccccc1N1C2CC3(CCCC3N(C)C2=O)S1(=O)=O,0
protein24,1,CCc1cc(C(=O)NO)ccc1-n1c(CCCN2CCN(C)CC2)nc2c(Cl)cccc21,0
protein24,1,CC1(C)CCN(c2nc(CS(=O)(=O)c3cccc(OCC4CC4)c3)no2)C1,0
protein24,1,Cc1cccc(C)c1NC(=O)CSc1ccccn1,0
protein24,1,CC1CCN(C(=O)c2cccc3c2OCCN3c2ccnc3nc(N)ccc23)CC1,1
protein24,1,CC(C)CC(C1=NN(c2ccc(Cl)cc2)C(C(C)O)C1=O)c1ccccc1,0
protein24,1,Cc1nc2c3c4cc(c(nc4-c4ccccc4)c3c1O)CC2,1
protein24,1,Cc1c(Cl)cccc1-n1nccc1C(=O)OCC(=O)NC1CCC(C(=O)O)CC1,0
protein24,1,CCCN1CCN(C(=O)c2cc(C)ccc2-c2nc3ccccc3s2)CC1,0
protein24,1,CCN(CC)CCn1c(NC#N)nc2cc(Cl)cc(Cl)c21,0
protein24,1,CC(C)CC1CC(c2ccc(F)cc2)=NN1C(=O)OCc1ccccc1,0
protein24,1,Cc1ccccc1NC(=S)NC(=O)C(Cl)(Cl)Cl,0
protein24,1,Cc1ccc(Cl)cc1NC(=O)c1cnc2nc(N(C)C)nc(O)c2c1,0
protein24,1,CCS(=O)(=O)NC1CCC(COc2cccc3c2CCCC3)C1,0
protein24,1,Cc1onc(OCC(Cl)(Cl)Cl)c1C1=NCCCC12C(=O)Nc1ccc(OC(F)(F)F)cc12,1
protein24,1,COc1ccc(C=Nc2cc(F)ccc2NC(C)=NOC2CNC(=O)C2c2c(Cl)cccc2Cl)c(O)c1,1
protein24,1,CC=CC(=O)NCC#Cc1cn(C)c2ccc(Oc3cc(O)nc(N)n3)cc12,1
protein24,1,NCCCNc1cnc(-c2ccccn2)n1Cc1ccccc1,1
protein24,1,CCC1CN(CCOc2ccc(F)cc2C(C)(C)C)C(=O)c2cnc3cccc(C)c3c2N1,0
protein24,1,CCn1cc(N2CCN(C)CC2)c(=O)n(CCCN2CCOCC2)c1=O,1
protein24,1,CCCCOc1cocc(-c2ccccc2)c1=O,0
protein24,1,CCN1C(=O)c2cc([n+]([O-])c3ccccc23)C1=O,1
protein24,1,Cc1cccc2[nH]c(-c3cc(-c4cc(NC(=O)C(N)CC(=O)O)nn4-c4ccc(C#N)cc4)cc(N4CCOCC4)c3)nc12,0
protein24,1,Cc1noc(C)c1C(=O)Oc1cc2c(cc1OC(F)(F)F)CN(C(C)c1nc3c(-c4ccccc4F)ccnc3[nH]1)CC2,0
protein24,1,CC1CCc2ccc(NC(=O)C[S+]([O-])Cc3nc4ccccc4o3)cc2C1(C)C,0
protein24,1,CCCC1CC2C(=O)C=CCC2ON1c1ccccc1Cl,0
protein24,1,CCn1c(N2CCc3ccccc32)c2nc(-c3cccnc3)cc-2n(CC2CN(C(C)C)CCO2)c1=O,1
protein24,1,Cc1ccc(C(NC(=O)C(=O)O)C2CCCO2)cc1,0
protein24,1,CCCc1cc(CN2C(=O)C3(CCN(C)CC3)c3ccccc32)sc1C,0
protein24,1,CCC(CC)Cn1ccnc1[N+](=O)[O-],1
protein24,1,CC#CC1(NC(=O)C2CCCN(S(=O)(=O)c3ccc(C(F)(F)F)o3)C2)CCCC1,0
protein24,1,CC(=O)Nc1cccc(C(=O)NC2c3ccccc3COc3ccc(F)cc32)c1,1
protein24,1,CCn1cc(C(N2CCN(c3nnc(C)[nH]3)CC2)C(C)(C)C)cn1,0
protein24,1,CC(C)N=C(N)S,0
protein24,1,CCN(CC)CCn1c(Sc2cccc3c2C(=O)NC3=O)nc2ccccc21,1
protein24,1,CC1OCCN1c1nc2c(Cc3ccc(F)c(F)c3)cnnc2s1,1
protein24,1,Cc1ccc(CC(CN2c3ccccc3CC3CCCCC32)n2cc(C(C)C(=O)NC3CCC(C)(C)C3N3CCC3=O)c3cccnc32)cc1,0
protein24,1,CCC1CN(Cc2cnc(NC3CC3)c3c(Nc4c(Cl)cncc4C(F)(F)F)cccc23)CCN1C,0
protein24,1,CC(C)(CC(=NNC(=O)c1ccccc1)C(=O)c1cc2ccccc2[nH]1)C1CC1,0
protein24,1,C=C(C(=O)c1[nH]c(C)c(C(=O)OCC)c1C)N1CCOCC1,0
protein24,1,O=C1CN(c2ccc3c(c2)OCc2cc4n(c(=O)c2O3)-c2ccccc2CC4)CCN1,0
protein24,1,O=C(O)c1cncc2c1C(=O)Nc1cccnc1O2,0
protein24,1,CC(C)C1C=C2C(C=[SH]C2(C)C)C2C(=O)N(Cc3cccnc3)C(=O)N12,0
protein24,1,O=C1C2OC2(c2c[nH]c3ncccc23)c2ccccc2N1c1ccc(F)c(F)c1,1
protein24,1,CCCCC(C)NCC(O)COc1ccc(C(C)(C)C)cc1,0
protein24,1,O=C(O)c1ccccc1C(=O)Nc1ccc(C2=NCCc3ccc(Cl)cc32)cc1,0
protein24,1,O=C(c1cc2cc(C(F)(F)F)nc(-c3ccc(Cl)c(Cl)c3)n2c1)N1CCNCC1,0
protein24,1,O=CCCCCN=C1c2ccccc2C(=O)N1c1nnc(-c2ccccc2)o1,0
protein24,1,Cc1ccc2nc(C(=O)Nc3cc(-c4cccc(Cl)c4)nn3CCC(N)=O)cc(C)c2c1,0
protein24,1,CCn1cnc2c(NC(=O)Nc3cc(Cl)ccc3OC)cccc21,0
protein24,1,CCC(C)(C)c1ccc(COc2cc(F)ccc2CCC(=O)O)cc1,0
protein24,1,CCOc1cc2cccnc2cc1N1CCN(CC(O)Cc2ccccc2C)CC1,1
protein24,1,O=C(Nc1ccc(F)c(F)c1)OC1CN(c2ncnc(N3CCCC3)c2F)CC1CO,0
protein25,1,O=c1nc(OCCCCN2CCN(c3ccccc3Cl)CC2)c2ccccc2[nH]1,0
protein25,1,Cc1ccc(-c2nc3ccccc3nc2Nc2ccc(N3CCCCC3)nn2)cc1,0
protein25,1,CCS(=O)(=O)NC(=O)c1cc(C(C)C)nn1C(C)(C)C,0
protein25,1,CCN1C2=NCCCN2c2cc(C(=O)Nc3ccccc3-c3ccccc3)ccc21,1
protein25,1,CCn1c(=NC(C)=O)oc2c3c(ccc21)N(C(C)=O)CCC3,1
protein25,1,Cc1cnc(N)c(-c2cc(Cl)c(OCC(C)(C)C)cc2-c2ccc(NC(=O)C(CS)NC(=O)OC(C)(C)C)cc2)n1,0
protein25,1,O=C1C=C2NCC(CCCc3ccc4c(c3)NC(=O)CS4)C2C1,0
protein25,1,Cc1nc(-n2ncc3c2CN(C(=O)c2ccc(-c4cc(C(F)(F)F)n(C)n4)o2)C3)ncc1F,1
protein25,1,CCN1CCN(c2nc(C(F)(F)F)cc3c2nc(C)n3Cc2ccccc2Cl)CC1,1
protein25,1,Cc1ccc2ccc(C3CCCN3C(=O)c3cnc(Cl)c(F)c3)c(O)c2n1,0
protein25,1,CC(C)NC(=O)c1ccncc1Oc1ccc(CNC(=O)C(C)N)cc1F,0
protein25,1,O=Cc1cccc(-c2cnc(NCc3ccc(F)cc3C(F)(F)F)s2)c1O,0
protein25,1,O=C(O)CCC(=O)Nc1ccc(OCC2CC2)cc1,0
protein25,1,CC(C)CC(N)C(N)=O,0
protein25,1,CCCCCC(O)CC,0
protein25,1,Cc1ccc(C)c(OCC(=O)n2nc(C)c3c(C)nn(-c4ccc5c(c4)OCCCO5)c32)c1,1
protein25,1,CC(C)C1COCCn2cc(C(=O)NC3CCCCC3)c(n2)C(CNC(=O)c2ccccc2C#N)O1,1
protein25,1,CCNC(=O)c1ccc2c(=O)n(-c3ccc(-c4[nH]nc(-c5ccncc5)c4-c4ccc(OC)cc4)cc3)c(=S)[nH]c2c1,0
protein25,1,CC(=O)C1CN(Cc2ccc(C#N)cc2C(F)(F)F)C1=O,0
protein25,1,CCC(C(=O)O)N(C)C(=O)C1N(Cc2csc(-c3cc(F)ccc3F)n2)CC1(C)C,0
protein25,1,CC(=O)c1cccc(Nc2nccc(-c3cnc(N)c4c3CCc3cccnc3-4)n2)c1,1
protein25,1,CCCCCn1cc(-c2cc3c(nc2N2CCCNCC2)CCCC3=O)cn1,0
protein25,1,Cc1ccc(Nc2nc(N)c(C(=O)Nc3ccccc3N)c(-c3ccc(O)cc3)n2)cc1,1
protein25,1,CCOc1nn(-c2ccc(Cl)cc2)c(=O)c(-c2cccc(F)c2)c1OCC,0
protein25,1,CCN(CC)c1ccc(C=C2C(=O)Nc3ccc([N+](=O)[O-])cc32)cc1,1
protein25,1,CC(F)(F)c1ccccc1-n1sc2ccccc2c1=O,0
protein25,1,CCOc1ccc(C(=O)NC2CCN(Cc3ccccc3)CC2)cc1OCC,0
protein25,1,CC#CCOc1ccccc1C(Cc1ccccc1)C1([N+](=O)[O-])CCN(CCC#N)CC1,0
protein25,1,O=c1cc2c3cn1CCCC3c1cccnc1N1CCN(CC1)C2,1
protein25,1,O=CCNc1cc(-c2cc3cc(Cl)ccc3o2)cc2c1OCC(C(F)(F)F)O2,0
protein25,1,CC(=O)Oc1cccc(-c2ccc(-c3nc(NCc4ccccc4C(F)(F)F)cc(C4CC(O)C4)n3)nc2)c1,0
protein25,1,Cc1ccc(-c2c(C(F)(F)F)[nH]c3c2C(=O)C(=Cc2ccccc2)C2C3CCCN2C)cc1,0
protein25,1,CCONC(=O)C(C)P(=O)(O)Oc1ccccc1OCC(F)(F)F,0
protein25,1,CC(C)(C)N=C(S)NNC(=O)C1Cc2c(cc(C(C)(C)C)cc2C(F)(F)F)CN1S(C)(=O)=O,0
protein25,1,O=C(Nc1ncccc1Oc1ccc(N2CC3CCCNC3(CCO)C2=O)cc1F)c1ccco1,0
protein25,1,Cc1c2c(c(O)c3ccc(-c4ccccc4)nc13)CCCC2,1
protein25,1,Cc1cc(CNc2nc3c(c(N)c2C(N)=O)CCCC3)n(CCC(F)(F)F)n1,0
protein25,1,CCCN=C(S)CCCCCNc1nncc2c3c(sc12)CCCC3,0
protein25,1,CC(C)(C)c1c(N2CCN(Cc3ccccc3)CC2)[nH]c2ccccc2c1=O,0
protein25,1,CCCCC(Nc1cc(C(=O)O)ccc1[N+](=O)[O-])c1cc(C(F)(F)F)cc(C(F)(F)F)c1,0
protein25,1,Cc1cnn(-c2ccccc2)c1-c1ccccc1,0
protein25,1,CC(C)(n1cc(C(=O)NCCN2CCOCC2)c(=O)c2cc(F)c(F)cc21)C(F)(F)F,1
protein25,1,Nc1nc2cc(Oc3ccc(C(F)(F)F)cn3)ccc2n1Cc1ncc(C(F)(F)F)cc1F,1
protein25,1,CC(=O)N1c2ccccc2C(=O)NC12CCNCCS2,0
protein25,1,Cc1noc(C)c1CN(C)C(=O)c1c(-c2cccc(C(=O)O)c2)noc1C1CC1,0
protein25,1,CCn1c(C)c(-c2ccc(F)cc2)c2cc(NC3=NCCO3)ccc21,1
protein25,1,Cc1cc(Cl)c(O)c(Cn2cnc3c(-c4ccc(Cl)c(N(C)C)c4)nc(N)nc32)c1,1
protein25,1,CSC1N=C(c2cccc(Cl)c2)N(c2ccccc2C)C1=O,0
protein25,1,Cc1ccc(CN2C(=O)CC(C)(S)C2=O)s1,0
protein25,1,CCn1c(=O)c2c(c3ccncc31)OC1CCC3(CC1)CCN(C3)C2=O,0
protein25,1,Cc1cccc2c1N(C(=O)C(C)N1CCCCC1)c1ccccc1OC2,0
protein25,1,CC(C)CCCCCC(C)N1CCN(CC(F)(F)c2ccccn2)C(CC(N)=O)C1CO,0
protein25,1,Nc1onc2c(O)c(-c3c(O)cccc3S(=O)(=O)N3CCCCCC3)cc(C(F)(F)F)c12,0
protein25,1,CCC(C)C1(C)C(=O)N(C)c2c(N)nc(N(C)Cc3nc4ccc(Cl)cc4[nH]3)nc21,1
protein25,1,CC(=O)Nc1ccc(S(=O)(=O)c2ccccc2)c(NN=C(C)c2cccs2)c1,0
protein25,1,O=C([O-])c1ccnc(-c2ccccc2OCC2CCC(C3CSC(=O)N3c3ccccc3)CC2)c1,1
protein25,1,O=C(OCCN1CCOCC1)c1oc2ccccc2c1O,0
protein25,1,Cc1ccc(-c2ccccc2)cc1Nc1nccc(N2C(=O)OCC2C(C)C)n1,1
protein25,1,CCn1cc(C(N)=O)c(=O)c2cc(F)c(N3CCOCC3)nc21,1
protein25,1,CC1=CCC(COc2ncccc2C(=O)Nc2ccccc2Cl)CC1,0
protein25,1,Cc1nn(Cc2ccccc2)c(C)c1[S+]([O-])c1c(F)cccc1F,1
protein25,1,Cc1ccc(C)c(C(C)CCC(C(=O)N2CCCC2)N(C)CC(O)Cc2ccccc2CCCCN2CCN(C)CC2)c1O,0
protein25,1,Cc1ccc2c(c1CO)COc1cc3c(cc1O2)C(=O)C1(C2=NCCN2)CCCN3C1,1
protein25,1,CC(=O)NC1CCN(c2c(-c3cccnc3)nc3ccc(-c4ccccc4)cn23)CC1,1
protein25,1,CC(=O)OCC(CO)Nc1ncc(C(F)(F)F)cc1N1CCC(C(O)c2ccccc2)CC1,0
protein25,1,CC1(C)CC(=O)Nc2ccc(Oc3ccc4c(c3)CCCC(CC(=O)NO)C4)cc21,0
protein25,1,Cc1ccc(NC(=O)C2CCc3[nH]c4ccccc4[n+]3C2)cc1C,0
protein25,1,Cc1ccc(S(=O)(=O)N2CCCCC2)cc1Nc1nc(C(C)C)cc(-n2cc(C(F)(F)F)nn2)n1,0
protein25,1,Cc1cncc(OC2CN(S(=O)(=O)c3ccc(O)cc3)C3(CSc4ccccc4C3)C2)n1,0
protein25,1,O=C(Cc1nnc(NC(=O)C2CCCC2)s1)NCc1cccc(F)c1,0
protein25,1,CCS(=O)(=O)N(c1cccc(Nc2ncc(C)c(-c3cncc(C4CCCCC4)c3)n2)c1)C1CCCCC1,0
protein25,1,O=C1C(=Cc2ccc(Cl)c(Cl)c2)NCCN1c1ccccc1,0
protein25,1,Cc1nc([N+](=O)[O-])cn1-c1ccc(Nc2ccc(Cl)c(C3CCCN(C)C3)c2)nc1,1
protein25,1,COc1ccc(Cl)c(Cc2c(O)c(=O)c(Oc3ccc(C#N)cc3F)c3n2CCC3)c1,0
protein25,1,CC1CCN2C(=O)C(C)CC2C1,0
protein25,1,O=C(Nc1ccc(Cl)cc1I)c1cnc(O)nc1O,0
protein25,1,CC(C)(C)NC(=O)Cc1nn(-c2ccccc2)c(=O)c2ccc3c(c12)OCCO3,1
protein25,1,CCCCNc1ccccc1C(=O)NC(C)CCc1ccccc1C,0
protein25,1,CCCC1NCc2oc3ccc(cc3c2C)CNCCc2c1[nH]c1ccccc21,0
protein25,1,CCN(C)c1cc(C)c2c(ccc3c(O)ccc(CN(C)C(=O)C4CCN(c5nnc(-c6ccc(F)cc6)s5)CC4)c32)n1,1
protein25,1,O=CCC1C(=O)N(Cc2cccs2)CC(=O)N1C1CCCCC1O,0
protein25,1,O=C(NCC#Cc1ccncc1)C1Cc2ccccc2CN1C(=O)c1ccccc1C(F)(F)F,0
protein25,1,Cc1ncccc1-c1nc(Nc2cn3c(n2)CN(C)CC3)ncc1N1CCCCC1,0
protein25,1,CC(=O)Nc1ccc(-c2cnsc2Cc2ccccc2[N+](=O)[O-])cc1,1
protein25,1,FC(F)(F)c1c(N2CCCC2)nc2cc(Cl)nc(-c3ccccc3Cl)n12,0
protein25,1,CC1Cc2c(N3CCCC(N)C3)c3cc(-c4cnn(C)c4)cnc3n2C1,1
protein25,1,CCCN(C)Cc1cccc(C23CCCCCC2OS(=O)(=O)C3)c1,0
protein25,1,CCOc1cc(C2=NN(C(=O)c3ccccc3F)CC2)ccc1O,1
protein25,1,CCc1cc(Cl)cc2c1N(C)N=CC2,0
protein25,1,CC(C)=CCN1C(=O)CC(=O)CC1(C)c1ccccc1,0
protein25,1,O=C(Nc1ccccc1OC(F)(F)F)c1ccc(C(F)(F)F)c(-c2ccc3c(c2)[nH]c(=O)n3CC(F)(F)F)c1,1
protein25,1,NCc1c(-c2cccnc2)nn(-c2cccc(Cl)c2)c1OCC1CCC(NC(=O)c2cccnc2N)C1,0
protein25,1,CCC1(c2ccc(Cl)c(C(=NNC(=O)C3CC3(C)C)c3cc(OC(C)=O)ccc3O)c2)CCN(C)CC1,0
protein25,1,CCCS(=O)(=O)NC(=O)c1ccc(OCC(N)=O)c(Cl)c1F,0
protein25,1,CCC1CCC(Nc2nc(N3CCNCC3CCO)ncc2F)c2ccccc21,0
protein25,1,Nc1nc(N)c2c(C(F)(F)F)c(S(=O)(=O)Nc3ccc(F)cc3F)ccc2n1,1
protein25,1,CC(=O)N(CCCN1CCCC(c2ccccc2)C1)C1CCCCC1,0
protein25,1,CC1(C)COC(O)(C(Nc2cc(C(F)(F)F)cnc2-c2ncccn2)C(F)(F)F)C1,0
protein25,1,CCCCCCc1nnc(NC(=O)CCc2cccc(C(F)(F)F)c2)s1,0
protein25,1,CC(C)CC(NC(=O)C1Cc2ccccc2CN1C(=O)C1CCN(S(=O)(=O)c2ccccc2)CC1)C(N)=O,0
protein26,1,CC(C)(CNC(=O)c1cc(-c2ccccc2)ccc1Cl)N=[N+]=[N-],1
protein26,1,Cc1noc(C)c1CN1CCCN(c2ncnc3c2c(C)cn3CC2CC2)CC1,1
protein26,1,CCCCCN1CC2CC(C1)C(CC(O)=CC1(O)c3ccccc3C(=O)N1C(C)C)O2,0
protein26,1,Cc1ccccc1NC(=O)c1cccc(OCC2CCC3(CCCNC3=O)CC2)c1,0
protein26,1,Cc1cc(Nc2c(C)n(C)n(-c3cc(CCCO)c4c(c3)CCCO4)c2=O)ccc1F,0
protein26,1,CCCCC(CO)=NOc1ccc2c(c1)C(=O)c1ccc(S(=O)(=O)N3CCCC(C)C3)cc1-2,0
protein26,1,Cc1nc2c(Oc3ccc(C4=NNC(=O)CC4)cc3)ccc(-c3ccncc3)c2n1C,1
protein26,1,c1ccc(-c2csc3nc(-c4ccncc4)nc(N4CCCCC4)c23)nc1,1
protein26,1,Cc1nc(O)c2cc(NC(=O)COC(=O)Cc3cc(Cl)c(Cl)cc3Cl)ccc2n1,0
protein26,1,O=C(NC(=S)Nc1ccc(F)cc1)c1cccs1,0
protein26,1,CCc1ccc(-n2ncc3ccc(C)c(S(=O)(=O)Nc4ccc(OC)cc4[N+](=O)[O-])c3c2=O)cc1,1
protein26,1,Cc1oc(Nc2ccc(NC(=O)c3cnn4c(C(F)(F)F)cc(-c5cccnc5)nc34)cc2)nc1C#N,0
protein26,1,CC#Cc1ccc(CN(C)C(=O)Nc2ccc(-c3ccccc3)nc2)cc1,0
protein26,1,S=C1N=C(c2ccccc2)CC(c2cccs2)N1,0
protein26,1,CCC(CNC(=O)c1cn(COC(C)CO)nnc1=O)c1ccccc1F,0
protein26,1,CCN(CC)CCNC(=O)c1cc(-c2ccc(OC)cc2)nn1-c1ccccc1,0
protein26,1,CC(=O)Oc1cc2c3c(cccc3n1)-c1cccc[n+]1C2=O,1
protein26,1,CCS(=O)(=O)Nc1ccc(-c2cc(-c3ccc(OC)cc3)n(CC3CC3)c2C(C)(C)C)cn1,0
protein26,1,Cc1nc2c3cc(N4CCN(C)CC4)ccc3n(C)c2c(=O)n1CC(=O)Nc1ccccc1,1
protein26,1,CCS(=O)(=O)c1cn(CC(C)(C)C)cc1C1(C(=O)Nc2ccccc2C(=O)O)CC1,0
protein26,1,Cc1cnn(Cc2nc(O)c3sccc3n2)c1-c1cn(-c2ccc(Cl)cc2)c(=O)[nH]1,1
protein26,1,O=C(Nc1nnc(-c2ccncc2)s1)c1ccc(F)c(F)c1,0
protein26,1,CC(C)CC(NC(=O)C1OCC(C)NCC1CCCNC(=O)c1cccs1)C(=O)O,1
protein26,1,CC12C(=O)N(C(=O)C1C(c1ccccc1)N1CCNCC1)c1cc(Cl)ccc12,0
protein26,1,COc1cc(C(=O)Oc2ccc(Cl)c(C)c2)nc2ccccc12,1
protein26,1,CCN(CC)CCNC(=O)c1cc(NC(=O)c2cc(Cl)cc(OC)c2)ccc1C,0
protein26,1,COc1ncnc(N2CCC(C(=O)Nc3cncc(-c4ccccc4)n3)CC2)c1[N+](=O)[O-],1
protein26,1,O=C(O)CN1C(=O)C2CC=CCC2C1=O,0
protein26,1,N#Cc1ccccc1CN1CCCC1C1CCCCN1Cc1cn(-c2cccnc2)nc1-c1cccc(C(F)(F)F)c1,0
protein26,1,CC(C)CC(NC(=O)Nc1ccccc1Nc1ccccc1F)C(=O)O,0
protein26,1,CC(C)C(CO)NS(=O)(=O)c1ccccc1C1CCN(c2ncnc3ccc(C#CCO)cc23)CC1,0
protein26,1,Cc1ccc(C(=O)Nc2ccc(OC(F)(F)F)cc2)cc1-c1nc(CO)cc(N2CCCC2)n1,1
protein26,1,O=C(Nc1ccccc1N1CCCC1)c1ccncc1O,1
protein26,1,O=C(NCCCN1C(=O)Cc2ccccc21)c1ccccc1N1CCOCC1,0
protein26,1,NC(=O)C(Cc1ccccc1Cl)NC(=O)c1sc2c(c1[N+](=O)[O-])CCCC2,1
protein26,1,O=C1CC(c2ccccc2OCc2ccccc2)=NO1,0
protein26,1,CCCc1nn(C)c2ncc(C)c(N3CCCCC3COCC)c12,1
protein26,1,Cc1ccccc1C(C)(C)Oc1ccc(C(=O)CSc2nc3cc(OC(C)C)ccc3[nH]2)cn1,0
protein26,1,Cc1ccccc1-n1nc(-c2ccc3c(c2)oc(=O)n3C)cc1C(F)C(F)(F)F,1
protein26,1,CC1C(C)(C)CCCC1(C)n1cc2c(n1)C1CC(C)(C)C(=O)N1N=C2,0
protein26,1,CCc1ccccc1NC(=O)c1cnn2c(-c3ccc(C(C)(C)C)cc3)cc(-c3cccc([N+](=O)[O-])c3)nc12,0
protein26,1,CCC=C(C)CC(C#N)n1cc(-c2cn(C)nc2OC)c2cc([N+](=O)[O-])ccc21,1
protein26,1,CCNC(=S)Nc1cccc(NC(=S)N2CCN(c3ncccn3)CC2)c1,0
protein26,1,Nc1nc(O)cc(-c2ccccc2C2CCCCC2)n1,1
protein26,1,COc1ccc(-n2nc(C)c(-c3nc(C(C)CCn4nccc4N)c(N(C)C)[nH]3)c2C)cc1,1
protein26,1,CCCn1c(-c2cscc2C)c(OC)cc(C(=O)O)c1=Nc1ncc(C)cc1C(F)(F)F,0
protein26,1,CC(C)c1ncc(C(=O)C=C(Nc2ccc(C(F)(F)F)cc2F)C2(c3ccc([N+](=O)[O-])cc3)CC2)n1C,1
protein26,1,CC(CC(=O)Nc1nnc(-c2ccccc2OCC(N)=O)s1)c1ccccc1,0
protein26,1,CCCCC(=O)Oc1cccc(CCNC(=O)C2CCN(C(=O)OC(C)(C)C)CC2)c1,0
protein26,1,Cc1c(O)cc2c(nc(Cn3nc(C(F)(F)F)c4scnc43)n2CC=C2CC(O)CCC2C)c1C,0
protein26,1,CCCC(Cc1ccccc1-c1cnc(Cl)c(C(F)(F)F)n1)N1CCCC1,0
protein26,1,Cc1c(C(Cl)(Cl)Cl)cc(-c2cnc(N)nc2-c2ccc(C#N)cc2)nc1C1(C#N)CC1,0
protein26,1,CC(C)CC(SC(=O)Nc1ccc(C#N)c(C(F)(F)F)c1)C(=O)NC1CN2CCC1CC2,0
protein26,1,CCN=c1sc(-c2ccccc2)nn1Cc1ccccc1,1
protein26,1,Cc1cnc2c(c1CC(C)(C)O)NC(=O)c1cc(F)ccc1N2c1ccc(C#N)cc1,0
protein26,1,O=C1CCn2c(=O)cnc3cc(O)c(NCc4ccccc4Cl)c1c32,0
protein26,1,CCN(CC)c1ncc(-c2ccncc2)n1Cc1ccc(F)cc1OCCCCN1CCCCC1,0
protein26,1,CCN(CC)CC(=O)Nc1cccc(CCCN(CCOC)Cc2cc(O)c3ncccc3c2)c1,1
protein26,1,CC(=O)Oc1cc(C2CCN(CC(=O)Nc3ccc4c(c3)OCCO4)CC2)ccc1-c1ccccc1,0
protein26,1,CCn1nc(Cl)c(NS(=O)(=O)c2cc(C(F)(F)F)ccc2Nc2ccncc2)c1C,0
protein26,1,COc1ccc(-c2cc3c(N4CCOCC4)ncnc3n(-c3ccc4c(c3)C(N)CO4)c2=O)cc1,1
protein26,1,O=CNC(=O)C=C(CN1CCN(Cc2ccccc2)CC1)c1ccc(F)cc1,0
protein26,1,CCCC1CCN(c2ccc(C(=O)Nc3ccc(S(=O)(=O)C(F)F)cc3)c(O)c2)C1,0
protein26,1,O=C(O)CCN1CCN(c2ccccc2F)CC1,0
protein26,1,O=C(Nc1ccc2nc(-c3ccccc3Cl)nn2c1)c1cccs1,1
protein26,1,CCCS(=O)(=O)N(CC1CC1)c1cc(-c2ccc(C(F)(F)F)cc2)c(F)cc1-c1cc(N2CCOCC2)c2nn(C)cc2n1,1
protein26,1,Cc1cc(NC(=O)c2sc3ncnc(NC(C)C)c3c2-c2ccccn2)ccc1F,1
protein26,1,CCCCC(CS(=O)(=O)C(C#N)=Cc1ccc(O)cc1)NC(=S)OC,0
protein26,1,CC(C)Cn1c2nc3ccccc3c(C(F)(F)F)c2c2cccc(N)c21,1
protein26,1,CCn1c(-c2cc(C(=O)Nc3sc(C)c(C)c3C(N)=O)c(C)s2)nc2ccccc21,1
protein26,1,CCCCC(CC(=O)N(C)C1CCC(O)(C(C)C)CC1)N1C(=O)C2Cc3cc(Cl)ccc3CN2C1(C)C,0
protein26,1,N#Cc1cccc(-c2cc3oc(N)nc3c(C(F)(F)F)n2)c1,1
protein26,1,CC(C)c1ccc2sc(C(=O)NCCN3CCC(=O)CC3)nc2c1,0
protein26,1,O=C(c1cc(-c2ccc3c(c2)CCC(=O)N3c2ccccc2)c[nH]1)N1CCNCC1,0
protein26,1,CCOc1ccc2c(c1)oc(=N)n2Cc1ccc(OC)cc1,0
protein26,1,CCN(CC)Cc1cn(C)nc1-c1ccc(N2CCN(CC3CC3)C(CO)C2)cc1F,0
protein26,1,CCN(CC)S(=O)(=O)c1cc2c(=O)n3ccccc3nc2cc1N1CCCC1,0
protein26,1,CC1(C)CC(=O)NN=C1Nc1ccccc1Cl,0
protein26,1,CCn1nc(-c2cnc(OC)nc2Cl)cc1C(=O)NCc1cccc(F)c1,1
protein26,1,NC(=S)NC(=O)c1ccc(Cl)cc1Cl,0
protein26,1,CCN1CCN(c2cccc3ccc(-c4ccc(OC)cc4O)nc23)CC1,1
protein26,1,CCCC1=C(C(=O)Nc2cccc(C)c2)NCCCCCCC1=O,0
protein26,1,CCCC1CC(C)CN(C(=O)c2ccc3c(c2)C=C(CO)CO3)C1,0
protein26,1,CC1(CC(=O)Nc2ccc(Cl)c(-c3csc4cnc(S(C)(=O)=O)cc34)c2)NCCS1(=O)=O,0
protein26,1,CCCCn1cc(C(N)=O)c2c(NC3=NCCN3)cc(OC)cc21,0
protein26,1,CCN(CC)CC(COc1ccccc1)=NOCCn1c(C)cc2cc([N+](=O)[O-])ccc21,1
protein26,1,Cc1nc2ccccn2c1S(=O)(=O)Cc1cccc(-c2ccc(C(C)(C)C)cc2)n1,0
protein26,1,CCCN1CC(C)N(C(=O)CNC(=O)c2cc3cc(C)ccc3o2)c2ccccc21,0
protein26,1,CCS(=O)(=O)N1CCC2(CCCN(c3ncncc3S(=O)(=O)Nc3c(C)cc(C)cc3C)C2)CC1,0
protein26,1,O=CN1CCN(c2ccc([N+](=O)[O-])cc2S(=O)(=O)Nc2ccccc2)CC1,1
protein26,1,CCC(O)C1(C)Oc2ccc(CN)cc2C1CCN1CCN(C)CC1,0
protein26,1,CCN(CC)CCn1nc(NC(=O)c2ccccc2O)cc1-c1ccccc1,0
protein26,1,CCC1CNCC2CCCOc3cc4c(c(c3)C(c3ccccc3)=CCC12O)CCCN(C)C4,0
protein26,1,O=C1Cc2c([nH]c3cc(-c4ccc(Cl)cc4)ccc23)C(=O)N1c1ccccc1,0
protein26,1,Cc1nn(C(C)(C)C)cc1-c1ccnc(NN=Cc2cccnc2)n1,1
protein26,1,Cc1cncc(Oc2ccnc3nc(C4CCN(C(=O)c5cc(F)cc(Cl)c5)CC4)n(C)c23)c1,0
protein26,1,CC(C)N1CCN(C(=NO)c2cccnc2)CC1,0
protein26,1,NC(=O)c1ccc(Nc2ccc(F)c(-c3scnc3S(=O)(=O)N3CCOCC3)c2F)nc1,0
protein26,1,CCC1(C(C)O)CCN(Cc2cc3ccccc3nc2O)CC1,0
protein26,1,NC(=O)c1c(O)c(-c2ccc(Cl)cc2)nc2cc(F)cc(F)c12,1
protein27,1,CC1=NNC(=O)c2cc(C)sc2CC(O)CCCCCC1,0
protein27,1,Cc1cccc(NC(=O)c2ccc(Cl)c(Nc3nc4c(C(=O)NC5CCNCC5)cc(C)nc4s3)c2)c1,0
protein27,1,CCc1ccccc1NC(=O)C1(C)c2ccccc2N(C(C)=O)C1C,1
protein27,1,O=C(NC(=S)Nc1nc(-c2cccc(Cl)c2)cs1)c1ccc(O)c(O)c1,0
protein27,1,CC(=O)NC(C=C(c1ccc(NC(=O)c2c(-c3c(F)cccc3Cl)noc2C)cc1)c1ccccn1)C(=O)O,0
protein27,1,Cc1ccccc1-c1cc(-c2ccc3ccnc(N)c3c2)nc2c1c(NCC(C)C)nn2C,1
protein27,1,CC1CCN1c1ccc(C(=O)Nc2nc3c(F)cc(C(F)(F)F)cc3s2)cc1,0
protein27,1,CC(C)c1nc(CN2CCN(CC3CCc4cc(NC(=O)c5ccccc5)ccc43)CC2)no1,0
protein27,1,O=C(CCn1c(=S)[nH]c2ccccc21)N1CCCCC1,1
protein27,1,Cc1c2c(nn1-c1ccccc1)CCCC2=O,0
protein27,1,Nc1nc(O)c2nc(-c3cccc(F)c3)c(=O)n(C3CCC4CC=CC3C4)c2n1,0
protein27,1,O=C(NCCN1CCCC1)c1cc(-n2ccnc2-c2ccccc2)ccc1Cl,0
protein27,1,Cc1cc(-c2cc(NC(c3cccc4c3OCC4CO[N+](=O)[O-])C3CC3)n(C)n2)cnc1N,1
protein27,1,Cc1cc(N(C)C)nc(N2CCC(N(C)c3ncccn3)CC2)n1,1
protein27,1,O=C(Nc1ccc(Cl)cc1C(F)(F)F)c1cn(C2CC2)c2c3c(c(F)cc2c1=O)N(Cc1ccccc1F)CO3,0
protein27,1,CCCCC1CCc2ccc(O)c3c2C1N1c2sc4ccc(O)cc4c2C(=O)C1OC3,0
protein27,1,Cc1cc(C(C)(C)C)n(C(=O)c2ccc3[nH]nc(CC4CCNCC4)c3c2)c1C(N)=O,0
protein27,1,Cc1cc(F)ccc1Nc1nc2ccc(C#N)cc2[nH]c1=O,1
protein27,1,Cc1cc(-c2ccccc2)cc2sc(NC(=O)N3CCN(C)CC3)nc12,0
protein27,1,COc1cc2cc3c(nc2cc1O)Cc1nc(NC2(C)CC2)sc1-3,0
protein27,1,Cc1cc(C)cc(N2CC(C(=O)N(C)c3ccccc3)CC2=O)c1,0
protein27,1,CC1CCCCC1CSc1cccc2[nH]c(=O)[nH]c12,0
protein27,1,CCCCNC(=O)c1cccc(-n2cc(-c3cc(F)cc(F)c3)c3c2CN(C(C)=O)CC3)c1,0
protein27,1,CN1C(=O)C(=NOCC[S+](C)[O-])c2cc(S(=O)(=O)N3CCCCC3)ccc21,0
protein27,1,CCC(NC(=O)CS)C(=O)N1CCC2(CC1)OCCO2,0
protein27,1,CC(C)CCCCOC(=O)C(=O)Nc1ccc(I)cc1,0
protein27,1,Cc1cccc(N2CCC(n3nccc3NC(=O)c3cccs3)CC2)c1C,0
protein27,1,Nc1ccc2[nH]c(-c3ccccc3)c(C(=O)c3ccncc3)c2c1,1
protein27,1,O=C1Nc2ccc([N+](=O)[O-])cc2C1=C(O)c1ccc(O)c(O)n1,1
protein27,1,Cc1ccc(-c2cnc3ccc(-c4ccccc4)nn23)cc1NC(=O)c1ccncc1,0
protein27,1,CC(C)CCc1nc2c(cnn2CC(F)(F)F)c(=O)[nH]1,0
protein27,1,CC1=C(NC(C)c2ccc(F)cc2)COC1=O,0
protein27,1,CC(C)C(C)(C)C1C(=Cc2cccnc2)C(O)C(=O)N1c1ccc([N+](=O)[O-])cc1-c1cn2cccnc2n1,1
protein27,1,CCN(CC)CCCn1ncc2c(C(F)(F)F)cc(-c3cc4c(cc3NC(C)=O)-c3ccncc3CC4)nc21,1
protein27,1,O=C1c2ccccc2CN1c1nccc(-c2sc(CN3CCCCC3)cc2Cl)n1,1
protein27,1,CCOc1ccc(-c2nn(CCN3CCCCC3)c3nc(O)cc(O)c23)c(C)c1,1
protein27,1,CCCN1CCN(C(=O)c2c(F)ccc3c2-c2ccccc2C3NC2CCN3CC(C(C)C)CCC3C2(O)C(N)=O)CC1,0
protein27,1,CC(C)c1ccc2nc(-c3ccccc3)c(Nc3ccncc3)n2n1,0
protein27,1,CCNc1nnc(-c2ccc(OC)c(OC)c2)s1,0
protein27,1,Cc1nc2ccc(Cl)cc2c(Nc2ccc3c(c2O)CCCC3)c1C,0
protein27,1,CCN1CCN(c2ncnc3ccc([N+](=O)[O-])cc23)CC1,1
protein27,1,CC1CC(NC(=O)c2ncccc2Cl)C(=O)N1,0
protein27,1,O=C(CSc1nn(CC(O)C(Cc2cc(F)cc(F)c2)NC(=O)c2ccccc2F)c2ccccc12)Nc1nccs1,0
protein27,1,CCCC1C(=O)Nc2ccc([N+](=O)[O-])cc2N(C(=O)c2cccs2)C1C(N)=O,1
protein27,1,Cc1nc(CCC(C)C)sc1S(=O)(=O)Nc1ccccc1N1CCOCC1,0
protein27,1,Cc1ccc(NC(=O)c2cnn(C3CCCCC3)c2NS(=O)(=O)c2ccc(O)cc2)cc1,0
protein27,1,Cc1cc(-c2ccc(C(=O)O)s2)cnc1-c1cc(F)c(Cl)c2c1C(CC(N)=O)N(C)C2,1
protein27,1,Cc1cc(COc2ccc3c(c2)OC(CN2CCOCC2)C3)n(C)n1,0
protein27,1,O=C(O)c1ncsc1C(=O)Nc1ccc(Cl)c(F)c1Cl,0
protein27,1,CCC(C)N1CCN(C(=O)c2cc([N+](=O)[O-])c3ccc(I)nc3c2)CC1,1
protein27,1,CC(C)CCN1CC2(CCC(C(=O)N(C)c3ccccc3N)C2)C(NS(=O)(=O)c2cc(C(=O)N(C)C)ccc2Cl)C1=O,0
protein27,1,CCN(CC)C(=O)c1cc(NC(=O)C=CS(=O)(=O)Cc2c(F)cccc2F)ccc1OCCOC,0
protein27,1,CCN(C)CCN(Cc1ccccn1)c1ccc(Cl)cc1C(=S)N1CCN(CCO)CC1,0
protein27,1,N=C1NC(CCCCc2nc3c(ccn3-c3ccccc3F)c(=O)[nH]2)CN1c1ccccc1,0
protein27,1,CN1CCC(Nc2cc(C(=O)Nc3ccccc3)ccc2Sc2ccccc2C(N)=O)CC1,0
protein27,1,O=CC(Cc1ccccc1)NC(=O)CC(O)CN1CCN(C2CCCC2)CC1,0
protein27,1,CCn1cnc2c(NC(=O)c3cccc(OC(F)(F)F)c3)ccc(-n3c(C)cc4c(c3=O)OC(C)(C)C4)c21,0
protein27,1,CC(C)=CCc1c(O)c(C)cc2c(CNC(=O)CN3CCCCC3)c3ccccc3nc12,1
protein27,1,CC(C)(C)c1nnc(NC(=O)c2ccc(N3CCCC3)c(Oc3ccc(F)c(F)c3F)c2)s1,0
protein27,1,CC(C)N(C(=O)c1cnc2c(c1)COc1ccccc1C2=O)c1cncc(C(F)(F)F)c1,1
protein27,1,Cc1c(NS(=O)(=O)c2ccccc2)c(=O)n(-c2ccccc2S(C)(=O)=O)n1C,0
protein27,1,Cc1cccc(-c2nc(C(=O)Nc3cnccc3Nc3ccnnc3Cl)c3ccccc3n2)c1,0
protein27,1,CC(C)(C)[N+]([O-])=C1CCCC2(CCC(c3cccc(C(=O)O)c3)N(c3ccccc3[N+](=O)[O-])C2=O)n2cccc21,1
protein27,1,CCOc1cc(Cc2coc(CC3CCC(CN)CC3)n2)ccc1O,0
protein27,1,CCn1c(C=NOC)nc2ccc(NC3=NC4CC(C(=O)O)N(C4=O)C3(C)C3CCCCC3)cc21,1
protein27,1,N=C(N)c1cn(C2CC2)c2c(N(CC3CC3(F)F)C(=O)Nc3ccc(-c4cccc(C(F)(F)F)c4)cc3)ccnc12,0
protein27,1,CC(C)c1nc2sc3c(c2c(=O)n1O)CCCCC3,1
protein27,1,Cc1cc2c(cn1)C(=O)N(Cc1cc(S(=O)(=O)N3CCOCC3)ccc1OC1CCCC1)C2=O,0
protein27,1,Cc1ccc2c(N3CCN(CCO)CC3)ncnc2c1-c1cccs1,1
protein27,1,CCC1CSC2(C(N)=O)C(=Cc3ccnc4ccccc34)C(=O)N12,0
protein27,1,Cc1ccccc1C(=O)N(C)C1C(C(=O)N2CCN(c3cccc(Cl)c3)CC2)CC(C)NC1C(C)C,0
protein27,1,Cc1ccc(C(=O)N2CCC(C(=O)NCCN3CCOCC3)CC2)s1,0
protein27,1,CCOc1ccc(CC(C)C)c(C)c1CON,0
protein27,1,CC(C)(CO)CNCCCNCc1ccccc1SCc1ccccn1,0
protein27,1,Cc1ccc([N+](=O)[O-])cc1N=C(S)NCC1CCC(C(=O)O)C1,1
protein27,1,Cc1ccccc1Nc1c(C(=O)Nc2ccccc2N2CCCNCC2)c(C)nc2ccccc12,1
protein27,1,Cc1c(C=NNC(=O)c2ccncc2O)c2ccccc2n1Cc1ccccc1Cl,1
protein27,1,CC(C)(C)OC(=O)N1C2CCCCC2CCC1(c1ccncc1)S(=O)(=O)NCCC1c2cccc(F)c2CN1CC(F)(F)F,0
protein27,1,O=C1c2ccc3ncccc3c2OC2CN1C(C1CC1)c1ccc(Cl)cc12,1
protein27,1,CCn1c2ccc(N)cc2c2cc([N+](=O)[O-])ccc21,1
protein27,1,CCn1c(SC2CCCCC2)nc2ccccc21,0
protein27,1,CCN(CC)CCn1c(N)nc2c(N(C)c3ccccc3)cccc21,1
protein27,1,CCCC=CCC1CCN(c2cnccn2)CC1C,0
protein27,1,Nc1ccccc1COc1ccc2c(c1)C1(CCC2)CCNCC1,1
protein27,1,CC(C)CCNC(=O)C1=CCC(O)C(COc2ccc(-c3ccc(C(F)(F)F)nc3)cc2CN2CCCC2C(F)(F)F)C1,0
protein27,1,CCC1CCCN(Cc2coc(-c3ccc(Cl)cc3)n2)C1,0
protein27,1,Cc1ccccc1-c1nc2c(Nc3ncnc4[nH]cc(F)c34)cccc2cc1C,1
protein27,1,CC(C)c1cccc2c1N(C(=O)COc1ccc3c(c1)OCCCO3)CC2C,0
protein27,1,CC1CCCCC1N(C(=O)C1CNCCO1)c1ccc([S+]([O-])Cc2nc3ccccc3c3c2CNC3=O)cc1,1
protein27,1,Cc1ccc2c(N)c(C(=O)Nc3ccc(C(=O)N4CC(c5ccccc5)C4)cc3)sc2c1,0
protein27,1,Cc1cncc(CNc2c(C#N)c(N)nc3cc(C(F)(F)F)ccc23)n1,1
protein27,1,Nc1ccccc1-c1nnc2ccc(-c3cncc(Cl)c3)cn12,1
protein27,1,Cc1cccc(Oc2c3c(nc4c2cnn4-c2cnn(C)c2)CCCC3)c1F,1
protein27,1,CC(C)CC1N=C(N)OC1C(=O)NCC(=O)c1c(F)c(F)cc(F)c1F,1
protein27,1,CC1(C)N=C(c2ccncc2)c2ccccc2N1C(=O)Nc1cn(C2CCCCC2)n(-c2ccc(Cl)cc2)c1=O,0
protein27,1,CC1CCC([S+]([O-])c2ccccc2C(=O)OC2CC(C)(C)CCC2=O)C(=O)C1,0
protein27,1,Cc1ccc(C(=O)n2nc(C(F)(F)F)cc2-c2cccs2)o1,0
protein27,1,CCC1CCN(CCn2cc(-c3cccnc3)c(-c3ccccc3C(=O)O)n2)CC1,0
protein27,1,O=C(NN=C1CCCC1)c1ccncc1,0
protein27,1,CCCCC(=O)OCCCC1(C)Nc2cc3c(cc2C1=O)OC(C)CO3,0
protein28,1,CCn1c(Nc2cccc([N+](=O)[O-])c2)nc2ccccc21,1
protein28,1,Cc1noc(C(F)(F)F)c1-c1nc(-c2ncc[nH]2)c2ccccc2c1C,0
protein28,1,CCc1ccc(C(=O)N2CCC2C(=O)NCc2cccc(OC(F)(F)F)c2)s1,0
protein28,1,CC(C)(O)Cc1ccc(NC(=O)c2c(-c3cccc(C#N)c3)nn(-c3ccc(Cl)cc3)c2N)cc1,0
protein28,1,CCOc1ccc2nc(-c3ccccc3)[nH]c(=O)c2c1N,1
protein28,1,Nc1nc(-c2ccc(C(=O)Nc3ccccc3OC(F)(F)F)s2)cs1,1
protein28,1,NC(=O)c1nn(-c2cccc(S(=O)(=O)N3CCCCCC3)c2)c(=O)c2ccc3ccc(C(F)(F)F)n3c12,0
protein28,1,CC(C)CCn1cnc2c(N3CCC(CO)(CCN)CC3)nc(-c3cccc(C(N)=O)c3)cc21,0
protein28,1,O=C1C(Cc2cccc(Cl)c2)N(C(=O)Cc2c[nH]c3cccc(Cl)c23)CC2CCCN12,0
protein28,1,O=C(Nc1ncc(-c2ccncc2F)s1)C1CCCC1,0
protein28,1,CC(C)CCC1=CCN(S(=O)(=O)c2ccc(Cl)cc2)C(C(=O)O)C1,0
protein28,1,CCC(CC)C(=O)O,0
protein28,1,O=C1C=C(N2CCCCC2)C(=O)c2ccccc21,1
protein28,1,CC1CNCCOCC(C(C)(C)C)OP(C)(=O)C(c2ccccc2)C(C#N)C(=O)N1,1
protein28,1,Nc1cc(O)cc2oc3c(c(=O)c12)CC(O)CC3,0
protein28,1,CC(O)(CO)CCC1CC(=O)c2c(O)cccc2O1,1
protein28,1,CCn1c(=O)c(CNC2CCOCC2)cc2c(-c3c(OC)nc4ccc(N(C)C)cc4c3COC)cccc21,1
protein28,1,CCOc1cc2cc(C(=O)Nc3ccc(-c4nc5cc(C(F)(F)F)ccc5o4)cc3)oc2cc1N1CCNCC1,0
protein28,1,CCc1ccc(C=NNc2nc(C)c3c(n2)sc2c(C)ccnc23)cc1,1
protein28,1,CCCCCN1CC2CC=CCCCC1C1C(=O)NC(=O)C1C1CCN2C1,0
protein28,1,O=C(NCC1CCCCC1)c1cccnc1,0
protein28,1,CCc1nc2cc(OC)c(N3CCN(C)CC3)cc2n1-c1ccc(F)cc1CN(CC)CC,1
protein28,1,CCCCOc1nc(N(C)C)nc(N2CCC(F)CC2)c1F,0
protein28,1,CC1(C)Cc2c3c4cc(ccc4[nH]c2=O)C2=CC4CCC4NC2C(=O)N(C(=O)Nc2ccc(F)cc2F)C3O1,1
protein28,1,Cc1nc2c(Nc3ccc(F)c(Cl)c3)nc(N)nc2c(C#N)c1O,0
protein28,1,CCCCCn1c(N)c(N(C)c2ccccc2)c(=O)[nH]c1=O,0
protein28,1,CC(C)n1cc(N2CCC(CCCCNc3ncncc3C(F)(F)F)CC2)c2nc(C(F)(F)F)cc(C(F)(F)F)c21,0
protein28,1,CCOc1c(C2CC(=O)Nc3c2c(=O)n(C)c2ccccc32)cc([N+](=O)[O-])cc1C(C)(C)C,1
protein28,1,CC(=O)OC1CCN(CC#Cc2ccc(N3CCCC3C)nc2)CC1,0
protein28,1,CC1(C)Cc2c(-c3ccccc3)cccc2-c2cncn21,0
protein28,1,CCCN1CCC(c2cccc(O)c2O)c2ccccc21,0
protein28,1,Cc1cnc(-n2nc(C3CCN(C(=O)c4ncoc4C)CC3)cc2C(F)(F)F)c(C)c1,1
protein28,1,CCC(=NNc1nc(O)cc(CSc2cccc(F)c2C)n1)c1ccccc1,1
protein28,1,O=CN1CCc2c(ccnc2Nc2ccc(N3CCCCC3)c([N+](=O)[O-])c2)C1,1
protein28,1,CC1c2nc3c(N(C)c4cccc(C(C)(C)C)c4)cccn3c2CCc2nc[nH]c21,0
protein28,1,O=C(Nc1ccccc1N(O)CCCl)c1cccc(Cl)c1,1
protein28,1,CC1CCCC(NS(=O)(=O)c2ccc(Oc3ncccc3CN3CCCC3)c(C(F)(F)F)c2)C1,0
protein28,1,Cc1ccccc1CNc1cc2c(NCc3cccnc3)ncnc2c(C(C)(O)C(F)(F)F)n1,0
protein28,1,CCN(C(=O)Nc1cccc(C(=O)C(F)(F)F)c1)c1nc2cc([N+](=O)[O-])ccc2n1C1CCCC1,1
protein28,1,CCN1c2ccc(C#N)cc2C(C#CCC(O)CCC(F)(F)F)(OC)c2cccnc21,0
protein28,1,O=C(NCc1cccnc1)c1ccc(-c2nc(C=NO)c[nH]2)cc1Cl,0
protein28,1,Cc1ccccc1Nc1nc(-c2cccc3[nH]nc(C(C)(C)O)c23)ncc1N1C(=O)c2c(O)cccc2C1C,1
protein28,1,CC1CC2CC(C)C(=O)N(C)c3nccc(n3)-c3c(sc4c(-c5cc(N(C)CCCO)ncn5)cnc(N)c34)C(C1)C2,1
protein28,1,Cc1cc(C(=O)N(c2cc(-c3ccc(C#N)nc3)cc(C(F)(F)F)c2)C2(c3cc(F)ccc3F)CCN(CCO)CC2)no1,0
protein28,1,CCc1cccc(C)c1N1C(=O)CN(C)CC1=O,0
protein28,1,Cc1c(S(N)(=O)=O)ccc(Nc2cncc(-c3ccc(Cl)cc3)n2)c1-c1c(C(C)C)nc2cccnn12,0
protein28,1,O=C(CN1C(=O)C(O)(C(F)(F)F)c2ccccc21)N1CCCc2ccccc21,0
protein28,1,CC(C)c1cc(C(=O)NCCCOc2ccc(C#N)cc2F)[nH]n1,0
protein28,1,CCc1cccc2c1C(=Nc1cc([N+](=O)[O-])ccc1N1CCN(C)CC1)CCC2,1
protein28,1,Cc1ccc([N+](=O)[O-])c(C)c1NC(=O)CS(=O)(=O)c1ccccc1Cl,1
protein28,1,Cc1c(C(=O)Nc2cccc(-c3ccnc(SCC(N)C(=O)O)n3)c2)c2ccccc2n1Cc1ccccc1,1
protein28,1,CCS(=O)(=O)Nc1ccc2c(c1)c(C(C)(C)C)cn2C(N)=O,0
protein28,1,CC(C)c1ccccc1OCCN1CCC(c2cc3nc(N4CCOCC4)ccc3[nH]2)CC1,0
protein28,1,CCOc1cc(-c2nnc(NC(=O)c3ccccc3O)s2)c(OCC)cc1NCC(C)C,0
protein28,1,Cc1ccc2c(c1)CCC2Nc1cc(-c2ccc(Cl)nc2)n(C)n1,0
protein28,1,Cc1c([N+](=O)[O-])c(=O)c(C(=O)O)cn1Cc1ccccc1,1
protein28,1,CC1CN(C)CC2(C1)CC(C)S(=O)(=O)C(P(=O)(O)O)O2,0
protein28,1,CC(C)=CCn1cc(C#N)c(N2CCCCCC2)n1,0
protein28,1,CC(=O)c1cccc(NCC(=O)Nc2ccc(I)c(Cl)c2F)c1,0
protein28,1,Cc1noc(C)c1C1=C(c2ccccc2)C(=O)NC1=O,0
protein28,1,CC(=NNc1cccc(Oc2cc(C)cc(C)c2)c1)c1ccc([N+](=O)[O-])o1,1
protein28,1,Cc1ccc(N2CNc3ccc([N+](=O)[O-])cc3S2(=O)=O)cc1,1
protein28,1,O=C1CC(=O)c2cc(N=Nc3ccccc3)ccc2N1,1
protein28,1,CC(C)Nc1c2ccc([N+](=O)[O-])cc2nc2cc3c(cc12)OCCO3,1
protein28,1,CCC(C)NCc1cc2cc(OC)ccc2n1C(=O)c1ccc(C(F)(F)F)cc1,0
protein28,1,CCC(C(=O)NC(C)(C)C)C1CCC(C)(C)CO1,0
protein28,1,CCN(C)C1=NC(C)(C(=O)NCCc2ccncc2)Sc2cccc(F)c21,0
protein28,1,CCCc1ccccc1NC(=O)Oc1ccc([N+](=O)[O-])cc1,1
protein28,1,Cc1ccc(Nc2ncnc3c(O)ccc(Cl)c23)cc1S(=O)(=O)N1CCCCC1,0
protein28,1,O=C(NCc1ccccn1)c1cccc(-c2cnc(Nc3ccnc4ccc(Oc5ccccc5)cc34)s2)c1,0
protein28,1,O=C1CC2COCN2S(=O)(=O)c2ccc3c(c2)C(CC(F)(F)F)CN13,1
protein28,1,COc1ccc(Nc2ncnc3sc(C)c(C)c23)c(C(F)(F)F)c1,1
protein28,1,O=C(Nc1cccc(Nc2nc(N3CCCCC3)c3c(Cl)cccc3n2)c1)C(F)(F)F,0
protein28,1,CC(NC(=O)C1(C(N)=O)CN2C(=O)CC#CC(C)(C)CCc3cccc2c31)C(C)(C)C,0
protein28,1,Cc1cc(C)n(-c2nc(Nc3ccc(C#N)cc3)c3sccc3n2)n1,1
protein28,1,Nc1cc(Cl)ccc1N1CCN(CC2CCc3ccccc3C2=O)CC1,1
protein28,1,Cc1nc2c(Nc3ccc(CN4C(=O)c5ccccc5C4=O)cc3)nccc2c(=O)[nH]1,1
protein28,1,COc1c2cccc1NC(=O)N(CCCC(=O)Nc1cncc(C)c1)CCN(C)C2,0
protein28,1,CCCC(=O)Nc1ccc(N2CCOCC2)cc1S(=O)(=O)N(C)C,0
protein28,1,Cc1c(Cl)cccc1N1CC(C(=O)Nc2ccc(S(=O)(=O)N(C)C)cc2)CC1=O,0
protein28,1,O=C(CCNS(=O)(=O)c1ccc(OCc2ccccc2)cc1)N1CCCC1,0
protein28,1,CCCC(=O)N(Cc1ncccc1C)c1ccc(OCCOc2ncccc2-c2cnn(C)c2)cc1,1
protein28,1,Cc1ccc(OCc2nc3ccccc3c(=O)n2Cc2ccc(C#N)cc2)c([N+](=O)[O-])c1,1
protein28,1,CC(C)(C)OC(=O)N1CCC2(C=CSCCC2)CC1,0
protein28,1,CC(=O)NCC1Cn2cnc3c(ccnc32)CCCN2CCCCC12,0
protein28,1,NC1=NCc2cc(Cc3ccc(F)cc3F)ccc2OC1=O,1
protein28,1,CC(C)C1(O)CCC(C)(C)C(=O)N(C)CCc2c(Cl)ccc3[nH]c(nc23)-c2ccc(cc2)NC1=O,0
protein28,1,CC(C)(CNC(=S)NS(=O)(=O)c1ccc(F)cc1F)OP(=O)(O)O,0
protein28,1,O=C(O)c1cccnc1Oc1c(F)cc(CCCCCC=Cc2cccnn2)cc1F,0
protein28,1,NCc1ccccc1-c1cccc(OS(=O)(=O)c2cccc(CSc3ccccn3)c2)c1,0
protein28,1,CCC1CCC(NS(=O)(=O)c2cc(N3C(=O)SC(C4CCC(OC(=O)C5CCC5)C4)C3=O)ccc2OC)CC1,0
protein28,1,Cc1ccc2nc(NCCN(C)C3CCNCC3)c(-c3ccc(F)cc3C)nc2c1,1
protein28,1,CCCCC(NC(=O)c1ccccc1)C(=O)NN=CC(=O)NC1CCCCC1,0
protein28,1,CC(C)NC(=O)Cn1c(-c2ccc(-n3ccnc3)cc2)nc2ccccc21,0
protein28,1,CC1CC(C)(C)OC1C#CCN1C(=O)CSC1=O,0
protein28,1,CC(C)CN1CCC(c2nc(-c3ccc(F)cc3)no2)CC1=O,0
protein28,1,CC(C)CCNC(=O)c1cn2cc(-c3cccc(-n4c(C(F)(F)F)nc5cccnc54)c3)ccc2n1,0
protein28,1,CC(=O)Nc1cc(CC(NS(C)(=O)=O)C2CCCN(Cc3cc(C)ccc3C(F)(F)F)C2)ccn1,0
protein28,1,Cc1cc(Cl)cc2c(C)[n+]3c(c(C)c12)C1(N=CN(c2ccncn2)C1=O)C(c1ccccc1)CC3,1
protein28,1,CCOCCN1CCCCC1CN(c1ccccc1C(=O)NCc1ccc(F)c(F)c1)S(C)(=O)=O,0
protein29,1,Cc1cc(CN(C)C)c2ccccc2n1,1
protein29,1,O=C1CC2(CCc3ccccc3N2)C(CCCCN2CCOCC2)=NN1c1ccccc1,0
protein29,1,Cc1ncsc1C(=O)Nc1cc(-c2cc(C(=O)Nc3cn4c(n3)CCCC4)c3cccnc3c2)ccc1F,1
protein29,1,CCN1CN=C(c2noc(-c3ccccc3C(F)(F)F)n2)NC1,0
protein29,1,CCn1nc(C)c(N2CCN(S(=O)(=O)c3cccs3)C2)cc1=O,1
protein29,1,CC1CCC(NC(=O)Oc2ccc(O)c3ccc(O)nc23)CC1,1
protein29,1,Cc1ccccc1Nc1ncc(C(F)(F)F)cc1N(C)CC(=NO)c1[nH]ncc1CC1CC1,1
protein29,1,Cc1nc2c(C(=O)Nc3cccc(F)c3)cc(C#CCCO)nc2s1,0
protein29,1,O=C(C=Cc1ccc(CN(c2ccccc2F)C2C(=O)Nc3ccccc32)cc1)NO,0
protein29,1,Cc1nc(-c2c3n(c4ccccc24)CCCN3CC2CC2)cc(N2CC(Oc3ccccc3F)C2)n1,1
protein29,1,CN(C)C(=O)c1csc(CN2C(=O)C3CCCCCC(=O)N3c3ccccc32)n1,0
protein29,1,CC(C)CCn1cnc2c(NC(=O)C3=C(c4ccc(S(C)(=O)=O)cc4)OC4(CCNCC4)C3)cccc21,0
protein29,1,Nc1ccc(-c2ccc(NC(=O)c3ccccn3)cc2C(F)(F)F)c(F)n1,1
protein29,1,CCCCC(C)(C)C1NC(=O)N(Cc2ccccc2)C1=O,0
protein29,1,Nc1ncnc2cc(OCCCO)c(-c3ccnc4ccc(F)cc34)cc12,1
protein29,1,Cc1c(C#N)cnn1-c1ccccc1,0
protein29,1,CCCCN1C(=O)CSc2ccc1c(-c1ccc(C(N)=O)nc1)c2,0
protein29,1,Cc1cccc(C)c1N1CC2CCCCC2C1=O,0
protein29,1,CCC1CN2CCC13C(=O)N(c1cc(-c4ccccc4C(=N)N)nc4c(C(N)=O)cccc14)CC3C2,1
protein29,1,CCN(C(=S)NCc1ccccc1Cl)S(=O)(=O)c1ccc(C)c(F)c1,0
protein29,1,CC(=O)Nc1cccc(Oc2cccc(CC(=O)O)c2)c1,0
protein29,1,CCC1CCn2c(c(C(=O)N3CCN(C(c4cc(C(C)(C)C)ccc4SC)C(C)O)CC3)c3cc(OC)c(OC)cc32)C1,0
protein29,1,O=C(Cc1ccccc1C(F)(F)F)Nc1ccccc1-c1cccnn1,0
protein29,1,CCc1noc(C)c1CN(C)C(=O)Nc1ccc(-c2nc3c(C4(O)CCC4(F)F)cc(C#N)cc3[nH]2)cc1,0
protein29,1,CCC(NC(=O)C(N)C(=O)O)C(=O)O,0
protein29,1,CC12Cc3cnc4nc(ccc4c3O)C3CCN(CC3)CCN1c1ccc(I)cc1C2=O,1
protein29,1,O=C1CC(N2CCN(C(F)(F)F)CC2)c2cc(-c3cccnc3)ccc2N1,1
protein29,1,O=C(C1CCCN(c2nc(N3CCNCC3)ncc2F)C1)N1CCc2ccccc21,0
protein29,1,O=c1cc(-c2ccccc2)[nH]c2ccc(N3CCNCC3)cc12,0
protein29,1,CCN(CC)CCn1cnc2cc(Nc3ccc(CCc4ccnc(NC(=N)N)c4)cc3)ccc21,0
protein29,1,CCCn1c(C)nc2cc(OCCCCN3CCN(c4nsc5ccccc45)CC3)ccc21,0
protein29,1,O=C(NN=C1CCCCC1)c1c(Nc2ccc(F)cc2)c2c([nH]c1=O)CCCC2,0
protein29,1,CCn1cc(C(=O)Nc2cncc(F)c2)c2cc(S(=O)(=O)N(c3ccccn3)C(C)C)ccc21,0
protein29,1,CC1CCN(C(=O)Cc2cccc3c(=O)n(C)c(N)nc23)CC1,1
protein29,1,CCN(C(C)C)C(C)Cn1cc(CCN2C(=O)c3ccccc3C2=O)c2ccccc21,1
protein29,1,Cc1cnc(Nc2cccc(Cl)c2C#N)cc1-c1cccc(S(=O)(=O)N2CCOCC2)c1,1
protein29,1,CC(C)(C)OC(=O)NCc1cnc(-c2nc3c(o2)C(C)(C)C=CC3=O)cc1F,0
protein29,1,CCOc1ccccc1C=NNC(=O)CC(C)C,1
protein29,1,CCCCCCCC(N)=C(C(=O)OCC)c1nnc2ccn(C(C)(C)C)cc1-2,0
protein29,1,CC1CC(N)C(=O)N1CCC1CCCn2c(N(C)CCS)nc3cc(cnc32)-c2cnn(c2)CC1,0
protein29,1,Cc1ccc2nc(NS(=O)(=O)CCc3ccccc3)[nH]c2c1C,1
protein29,1,CCn1c(-c2ccccn2)nc2cc(NC(=O)c3cccc(C)c3O)ccc21,1
protein29,1,C=C(C)C(O)C1c2cc(OCC(F)(F)F)ccc2CC(CF)N1C(=O)c1cnc2n(c1=O)CCC2,0
protein29,1,CCCCc1cn(C)c2c(C(=O)Nc3ccc(C(=O)O)c(NC(=O)c4cccs4)c3)cccc12,0
protein29,1,CCN(CC)S(=O)(=O)c1cccc(NC(=O)c2ccc(=O)n(-c3ccccc3)n2)c1,0
protein29,1,CCS(=O)(=O)NCc1cc(O)c2nc(-c3ccccc3)ccc2c1O,1
protein29,1,Cc1nc(-c2cccnc2)sc1CCN1CC2CCC(C1)C(C)(CO)C2,0
protein29,1,Cc1cncc(-c2cc(C3CCCCN3)cnc2N2CCC(CNC(=O)C3CCCCC3)C2)n1,1
protein29,1,Cc1[nH]c(-c2ccccc2)c(C)c1C(=O)OC(C)C,0
protein29,1,Cc1ccc2ncnc(NC(=O)CCCc3nc4ccccc4[nH]3)c2c1,0
protein29,1,O=C(NC1CCNCC1)c1ccc(N2CCCC2)c([N+](=O)[O-])c1,1
protein29,1,c1cncc(NCC2=C(CN3CCCCC3)c3ccccc3OC2)c1,1
protein29,1,O=CN1c2ccccc2CCc2ccc(Nc3ccnc4ccccc34)cc21,1
protein29,1,Cc1ccc(C(=O)N(Cc2ccccn2)c2nc3ncc(-c4cnn(C(C)(C)C)c4)cc3s2)c(C)c1,0
protein29,1,CC(Cl)Cn1c(C=Cc2ccccc2)nc2ccc(C(N)=O)c(C(F)(F)F)c21,0
protein29,1,CC(=O)c1cn(-c2ccc(F)c(C3(C4CC(=O)N(C(C)C(=O)O)C4)CCCCC3)c2)c2ccccc12,0
protein29,1,CCS(=O)(=O)N1CCc2c(c(C(=O)N3CCc4ccccc4C3)nn2C)C1,0
protein29,1,NCCOC(c1ccc(Cl)cc1)c1cc2cc(Cl)ccc2[nH]1,0
protein29,1,Cc1noc(C)c1C(=O)N1CC(Oc2cccc(C#N)c2)CC1C(=O)NCc1c(Cl)cccc1Cl,0
protein29,1,Cc1cc(=O)n(C)c2cc(C(=O)NC(C)CN3CCCC3)c(O)cc12,0
protein29,1,Cc1cccc(NC(=O)c2ccc(Cl)c(S(=O)(=O)N3CCOCC3)c2)c1C,0
protein29,1,Cc1cc(NC(=O)NC2C(=O)N(C)CCC23CCN(c2ccc(C#N)c(C(F)(F)F)c2)CC3)ccc1Cl,0
protein29,1,CCCS(=O)(=O)Nc1cc(C(=O)Nc2cccc(OC(F)F)c2)ccc1Cl,0
protein29,1,CCCCCC(C)C(C#N)NC(=O)C1CCC(CON=Cc2cn3ccccc3n2)N1,0
protein29,1,CCC(O)CCNCc1c(-c2ccccc2)[nH]c2ccc(Cl)c(Cl)c12,0
protein29,1,Cc1ccc(-c2nc(N(C)c3cccc(C)c3)c3ccc(C(=O)O)cc3n2)cc1,0
protein29,1,COc1ccc(-c2ccc(OC)c(Cc3nc4c(c(N5CCN(C)CC5)n3)NC(C)C4)c2)cc1,0
protein29,1,Cc1ccccc1-c1c2nc3ncccc3c1C(=O)N2CCCCOS(=O)(=O)C(F)(F)C(F)(F)F,1
protein29,1,CC(=O)Nc1sc2c(c1C(=O)N1CCN(c3ccc(F)cc3F)CC1)CCCCC2,1
protein29,1,Cc1ccc(NC(=O)CCN2CCN(c3ccc(Cl)c(Cl)c3)CC2)cc1F,0
protein29,1,CCC(C(=O)N1CC(c2cccc(C(F)(F)F)c2)CC1C#N)N(Cc1cnn(C)c1)S(=O)(=O)c1ccc(Cl)cc1N(C)C,0
protein29,1,CCOC(C)(C)C12CC3CCCCC3C3NC1=NN3c1cccc(C)c12,0
protein29,1,CCN(c1cc(C(F)(F)F)ccc1F)S(=O)(=O)c1ccc2c(c1)C(=O)N(C(C)c1ccsc1)C2=O,1
protein29,1,CCOc1ccc(C(=O)CCN2CCOCC2)cc1,0
protein29,1,Cc1ncc(O)c2c(N)cccc12,1
protein29,1,O=C(O)CN(C(=O)c1ccncc1)c1ccc(Cl)c(Cl)c1,0
protein29,1,Cc1nc(C)c2c(n1)CN(S(=O)(=O)c1cccc(F)c1C(=O)NC(C)(C)C)CC2,0
protein29,1,CCC1CCCCN1C(=O)c1ccc(Cl)cc1,0
protein29,1,CC(C(=O)O)c1ccc2c(-c3ccc(CCC#N)nc3)c3ccccc3nc2c1O,1
protein29,1,Cc1cccc2c1CCC([N+](=O)[O-])C2,1
protein29,1,CCCCc1ccc(N(C)c2cc(CCOC(C)=O)nc(S(C)(=O)=O)n2)cc1,0
protein29,1,O=C(NCC1CN(Cc2ccc(F)cc2)CCO1)c1cc(Nc2nnc(-c3ccncc3)s2)ccc1F,1
protein29,1,Cc1ccc(C)c(NC(=O)c2cc(S(=O)(=O)F)c(N3CCC(C)CC3)nc2C)c1,0
protein29,1,CCN(CC)C(=O)c1ccc(-n2ncc3c2C2(CCN(C)CC2)N(C)C3)cc1,0
protein29,1,O=C1C2CN(CCC(CNc3ccc4[nH]cc(-c5cncc(F)c5)c4c3)C2c2ccccc2)CCN1c1cc(F)cc(F)c1,0
protein29,1,COc1ccc(NC(=O)NC(=O)c2cccc(Nc3ncnc4ccc(C)cc34)c2)cc1,0
protein29,1,CCn1c(C(=O)Nc2ccc(NC(=S)N3CCCCCCC3)cc2)cc2c(Cl)cc(Cl)cc21,1
protein29,1,CC(C)(C(F)(F)F)C(Cl)(Cl)Cl,0
protein29,1,CCCCCc1nnc(Nc2nc3ccccc3[nH]2)s1,0
protein29,1,CCCCn1c(=O)cnc2cc(F)c(F)cc21,0
protein29,1,Cc1ncc(C)n2nc(Nc3ccc(F)c(C(=O)N4CCC(Nc5ccc(F)c(F)c5)CC4)c3)c(C)c12,0
protein29,1,CCC(CCC1(C)CO1)C(=O)Nc1ccc(NC(C)=C2C(=O)CC(C)(C)CC2=O)cc1,0
protein29,1,CCOC12CCCCC1N(C(=O)c1sc(N(C)c3ccc(C4(C(N)=O)CCCC4)cc3)nc1C)CCC2,1
protein29,1,O=C(O)C1CCCC(Cc2ccccc2)C1S(=O)(=O)[O-],0
protein29,1,CC(n1cc(-c2ccc(NC(=O)CSc3nc4ccsc4c(=O)n3Cc3ccccc3[N+](=O)[O-])cc2)cn1)C(F)(F)F,1
protein29,1,Cn1nc(-c2ccc(Cl)cc2)c2c(N3CCN(CC4CCC(NC(=O)OC(C)(C)C)CC4)CC3)ncnc21,1
protein29,1,Cc1cc(O)nc2ccc(C#CC3CNCc4nn(-c5ccc([N+](=O)[O-])cc5)c(O)c43)cc12,1
protein29,1,O=C1Cc2ccc(Cl)c(Cl)c2N1CC(O)CN1CCCCC1,0
protein29,1,CCCCC1CNc2cc(OC)c3cc4ccc(O)cc4nc3c21,1
protein29,1,CCOc1ccc(Nc2ncnc3cc4c(cc23)NC2CN4CC(C(CC)CC)C2=O)cc1,0
protein3,1,CCNc1ncc2c(n1)c(C=CC#N)c(-c1ccc(OC)cc1O)n2Cc1ccccc1,1
protein3,1,CN(C)C1CC(C)(c2ccccc2)Oc2ccc(Cl)cc21,1
protein3,1,Nc1ncc(-c2ccc3c(c2)CC(Oc2ccc(C(F)(F)F)cc2F)C3)cn1,0
protein3,1,Cc1nc2c(N3CCOCC3)cc(-c3cnn(C4CCCC4)c3)cn2c1-c1ccncc1,0
protein3,1,O=C1Cc2c(O)nc3ccc(-c4ccccc4C(F)(F)F)cc3c2-c2ccccc2N1,1
protein3,1,Nc1ncc(-c2cc(C3CCC(CO)N3CCCF)n(-c3ccc(F)c([N+](=O)[O-])c3)n2)cc1OC(F)(F)F,1
protein3,1,Cc1ccc2nc(O)c(-c3cc4c(F)cn(-c5nccs5)c4[nH]3)c(-c3cccc(Cl)n3)c2c1,1
protein3,1,Cc1cc(-c2nn(C)c3nc(N)nc(NC4CCC(C)CC4)c23)cs1,1
protein3,1,Cc1noc(CN2CCCC(C)(C(=O)O)C2)n1,0
protein3,1,Cc1ccnc(N2CCN(C(c3ccc(OC(F)(F)F)cc3)C(C)O)CC2)n1,0
protein3,1,Cc1cc(Cc2ccc(N3CCN(C)CC3)c([N+](=O)[O-])c2)on1,1
protein3,1,O=C(NN=C1CCCCC1)c1ccsc1,0
protein3,1,O=C(c1cnc(OCc2ccccc2)c(-c2cncc(Cl)c2)c1)N1CC(O)CC1CO,0
protein3,1,CCCC(=O)N(c1ccc(S(=O)(=O)N(C)F)c(F)c1)C1CC2CCC1N(C(C)=O)C2,0
protein3,1,CC1CCCC(N2CCC(O)C2)C1,0
protein3,1,Nc1cc2c(Nc3ccc(C(F)(F)F)cc3)ncnc2c(COc2ccc(F)cc2)n1,1
protein3,1,CC(C)Cn1ccnc1-c1nccc(C(O)c2cccc(Cl)c2)n1,0
protein3,1,Cc1cc(-c2cn(Cc3ccccc3F)c3c(F)c(F)ccc3c2=O)nn1-c1ccc(OCC(=O)O)cc1,0
protein3,1,COc1ccc(CNC(=O)C(C)=Cc2ccc(C)o2)cc1S(=O)(=O)Nc1cc(C)ccc1C,0
protein3,1,CCn1cc(-c2cnc3[nH]cc(C=NNC(=O)CCn4ccnc4)c3c2Nc2cccc(OC(F)(F)F)c2)cn1,1
protein3,1,CCNC(=O)c1ccccc1NC(=O)c1ccc2cc3c(nc2c1OC)CCc1ccccc1-3,0
protein3,1,CC(C)=CC1(CCOc2ccccc2)CN(Cc2cccnc2)NC1=O,0
protein3,1,CCCCN1CCCC(C(=O)N(c2ccccc2)N2CC(=O)C=C2C)C1,0
protein3,1,CC#CC1CCCCCC1NS(=O)(=O)c1ccc(Cc2ccccc2)cc1,0
protein3,1,CN(C)c1nc(NC2CC(C)(C)C(=O)NC2=O)c2c(Cl)cccc2n1,1
protein3,1,CCCC(C)C(COC(=O)C1CCCCC1)NC(=O)C(C)(C)c1ccccc1N,0
protein3,1,CCCN(CC)C(=O)c1ccc(Cn2c(=O)c(F)c(N)n3ccnc23)cc1,0
protein3,1,CCC(CCNC(=N)N)Nc1nc2nc(Nc3ccccc3F)nc3c4c1c(c23)=C4,1
protein3,1,Nc1ccc(C(=O)NCC2C=CCC2)cc1N1C(=O)OCC1c1ccc(OCc2ccccc2)cc1,1
protein3,1,NC(=O)C1CCCN1S(=O)(=O)c1ccc(OC(F)(F)F)cc1,0
protein3,1,Cc1cn2c(n1)CCC(NC(C(=O)NCc1ccc(C(N)=O)cc1)C(C)(C)C)C2=O,0
protein3,1,Cc1nnc(NC(=O)CS(=O)(=O)c2ccccc2F)s1,0
protein3,1,Cc1ncc(NC(=O)c2ccc(Nc3nccc(-c4cn5c(=O)c(Cl)c(Cl)cc5n4C(C)C)n3)cc2)cc1Cl,0
protein3,1,CCn1nc2c(F)cc3sc(S(=O)(=O)NC(=O)c4ccc(Cl)cc4)cc3c2n1,0
protein3,1,Nc1ccc(F)cc1N=Cc1ccc([N+](=O)[O-])s1,1
protein3,1,CC(C)=CCn1cc(C(=O)NS(=O)(=O)c2ccccc2F)c(Cl)n1,0
protein3,1,Cc1cc(-c2nnc(NC(=O)c3ccccc3)s2)cn1-c1cccnc1,0
protein3,1,CCN(C(C)=O)c1ccc(NC(=O)c2c(Cl)c3ccccc3n2CC)cc1,1
protein3,1,CCC(CCN1CCOCC1)Oc1ccc2c(c1)CCC(C1(C)NC(CC)C(=O)CC1N)C2,0
protein3,1,CN1CCC2c3cccc(O)c3CC1C2(C)C,0
protein3,1,Cc1c(C(=O)NCC2(C#N)CCC(NS(=O)(=O)c3ccccc3)O2)c(N)nc2c1cnn2-c1ccccc1,1
protein3,1,Cc1nn(-c2cccc(C(F)(F)F)c2)c2cc(NC(=O)Nc3ccccc3F)ccc12,1
protein3,1,O=C(NS(=O)(=O)c1ccccc1C(F)(F)F)c1ccc(Cl)cc1Cl,0
protein3,1,Cc1oc2ccccc2c1CCN1CC(Oc2ncc(F)cn2)CCCC1C(=O)O,0
protein3,1,O=CN1c2c(cc([N+](=O)[O-])c3ncccc23)C(NCC2CCCCC2)c2ccccc2C1O,1
protein3,1,O=C1NN=C(c2cccnc2)C(CC(F)F)(C(F)(F)F)N1,0
protein3,1,CCN(CC)S(=O)(=O)c1cccc(N2C(=O)C(C)N(S(=O)(=O)c3cccc4nsnc34)c3ccc(C)cc32)c1,0
protein3,1,Cc1cc(=O)oc2ccc(O)c(O)c12,0
protein3,1,CCCC#Cc1cn2c3c(nc2c(N)n1)C=CC1(CCCCC1)O3,0
protein3,1,CCCCCC1CCCN1C(=O)Nc1ccc2[nH]c3c(c2c1)CCCC3(O)C(N)=O,0
protein3,1,CCCCN1CCC(c2nc3ccc(OC)cc3n2C(C)C(F)F)CC1,0
protein3,1,Cc1ccc2nc(N(C)C)cc(N3C(=O)C(C)(C)c4cc(C(=O)N5CCCC5)ccc43)c2c1,1
protein3,1,CCC(=O)C(C)(CC)c1cccc2c1OCCc1c(ccnc1N1CCNCC1)C2c1cc(N)nc(N2CCCC2CC#N)n1,0
protein3,1,Cc1nc(N(C)C)c2cnn(Cc3ccc(-c4ccccc4CCC4CCCN(CCO)C4)cc3)c2n1,1
protein3,1,CCN(CC)S(=O)(=O)c1ccc(-n2c(C(F)(F)F)nc3ccc4c(c32)COC(C)(C)C4)cc1,0
protein3,1,Cc1ccc(Nc2ncc3c[nH]nc3c2-c2cccc(C(=O)Nc3ccc(S(C)(=O)=O)cc3)c2)cc1,1
protein3,1,Cc1nc2c(O)ccc(C3CC3CN3CCN(C)CC3)n2c1-c1cccc(C(=O)c2ccc(Cn3nnc4cc(F)ccc43)cc2)c1,0
protein3,1,O=C(NN=Cc1ccc(-c2ccccc2C(F)(F)F)nc1C(F)(F)F)c1ccncc1,1
protein3,1,CCC(C)(C)n1nc(C)cc1C#CCCN1CCOCC1,0
protein3,1,CCC(N)C(=O)Nc1ccc2[nH]c(SCN(C)C)nc2c1,0
protein3,1,Nc1ccc2cc(-c3ccccc3O)c(N)nc2c1,1
protein3,1,CCN1C(=O)c2ccccc2S(=O)(=O)c2ccc(-c3ccc(Cl)cc3Cl)cc21,0
protein3,1,CC1(C)CCCC(=O)NC2CCN(CC(=O)Nc3nc4cc1ccc4[nH]3)C2=O,0
protein3,1,CCC(C)CN1CCCC(OC(=O)c2sc(NC(=O)Cc3ccccc3)c(C#N)c2C)C1,0
protein3,1,Cc1ccccc1CSc1ncnc2ccccc12,0
protein3,1,Cc1nc2cc(NC(=O)c3n[nH]c4ccc([N+](=O)[O-])cc34)ccc2n1C1CCNCC1,1
protein3,1,CCN(CC)CCN1C(=O)c2cccc(S(=O)(=O)N3CCN(C)CC3)c2C1=O,1
protein3,1,Cc1ccc(C(=O)Nc2cc(-c3cc(Cc4ccccc4F)ncn3)ccc2N)s1,1
protein3,1,CN1CC(CCCNC(=O)C(C)(C)NC2CC2)(c2ccccc2)c2ccccc2S1(=O)=O,0
protein3,1,CCS(=O)(=O)NC(=O)c1cc(-c2cccnc2)cc(C(C)(C)C)c1Nc1ccc(F)c(F)c1F,0
protein3,1,CCC1CNC(=O)CN2CCCCC2c2ccc(Cl)c(c2)CC1NCc1ccc(OC(F)(F)F)cc1,0
protein3,1,CCN(CC)CCCNC(=O)c1cc2cc(C)ccc2n1C(=O)c1ccccc1Cl,0
protein3,1,CCCCC(C)n1cnc(S(=O)(=O)N2CCC(C(C)c3c(F)cccc3F)CC2)c1,0
protein3,1,CCNc1ncc(F)c(NCc2cccc(OC)c2OC)n1,1
protein3,1,Cc1cc(Cl)ccc1-n1cc(C(=O)O)c(=O)c2cc(F)c(N3CCCC3)nc21,0
protein3,1,CCCCN1C(=O)C(=NOC)c2cc(OC(F)(F)F)ccc21,1
protein3,1,CC1(C)CCn2c(nc3cc(NC(=O)c4cc(F)c(F)c(F)c4)ccc32)S1,0
protein3,1,Cc1ccc(OCC2(N3CCN(C(=O)N4CCc5ccccc5C4)CC3)CCS(=O)(=O)CC2)cc1,0
protein3,1,O=c1n(Cc2cccnc2)c2cn[nH]c2n1-c1ccc(S(=O)(=O)N2CCOCC2)cc1,0
protein3,1,CC(=NOCC(=O)Nc1cc(-c2ccncc2)cc(C)c1O)c1ccccn1,0
protein3,1,O=Cc1cn(Cc2nc3ccccc3n2CCCC2CCN(Cc3ccon3)CC2)c2ccc(F)cc12,1
protein3,1,CC(N)CCC1CCN2CCCCC2C1(O)c1ccc(Cl)cc1,0
protein3,1,Clc1ccc(CSc2nnc(-c3ccccc3)o2)cc1Cl,0
protein3,1,CCC1CN(Cc2ccc(Oc3c(C)cc(O)cc3C)cc2F)C(=O)C1(C)C,0
protein3,1,Cc1nc(-c2ccccc2)sc1C(=O)N(C)c1nc2cc(C(=O)NCCCN3CCOCC3)ccc2[nH]1,1
protein3,1,Nc1ccccc1C(=O)Nc1ccc(C2CC3CCC2N3)cn1,0
protein3,1,CC(C)Cc1ccc(-c2cc(F)c3nc4[nH]c(=O)n(Cc5ccccc5C(N)=O)c4nc3c2)cc1,0
protein3,1,Cc1oc(-c2cccc(Cl)c2F)nc1CN1CCN(c2ncccc2C#N)CC1,0
protein3,1,CCC1CC2C#CCN3Cc4ccc(F)cc4N(C)C13CC2,0
protein3,1,Nc1nc(O)c2nc(-c3cccc(Cl)c3OCC3(C(F)(F)F)CCC3)ccc2n1,1
protein3,1,O=C(NCCc1ccc(F)cc1)c1csc(Nc2ccc(Cl)cn2)n1,0
protein3,1,CCC1COC2=C(C#N)C(c3ccccc3)(c3cccc(C)c3)NC(=O)N21,0
protein3,1,CC(C)CCCCC(NC(=O)OC(C)(C)C)C(=Cc1ccncc1)C(=O)NC(=S)Nc1ccccc1,0
protein3,1,CC1CCCC(C)(NC(=O)CSC(=NCC(F)(F)F)NNc2ccccc2F)C1,0
protein3,1,CCCN1Cc2c3c(cc4c2OP(=O)(CC)O4)-c2ccc(cc2)N=CCCC1C3,0
protein3,1,Cc1ccc(N(CC(=O)N2CC(C)CC(C)C2)C(=O)c2cc([N+](=O)[O-])ccc2Cl)cc1C,1
protein3,1,CCN(c1cc(-c2ccc(OC)c([N+](=O)[O-])c2)ccc1F)c1nc2nccc(-n3nc(C)cc3C)c2c2c1CCC2,1
protein3,1,CCN1c2ccc(-c3cc(C(=O)NC4CC5CCN(Cc6ccccc6)C5C4)on3)cc2CC1C,1
protein3,1,CCCCN(C(=O)c1cnn(-c2ccccc2)c1Nc1ccccc1)c1ccc(C)cc1,0
protein3,1,COc1ccc2c(c1)C1(CC3C(C(C)C)CC(OCC(C)C)N3C(=O)Nc3ccc(C)nn3)CCCC(=O)N1CC2,0
protein30,1,O=C(NCc1ccccc1)c1sccc1S(=O)(=O)Nc1cccnc1C(F)(F)F,0
protein30,1,O=C(Nc1cc2nccc(-c3cccnc3)c2s1)C1CN(C(=O)c2ccccc2)Cc2[nH]cnc21,0
protein30,1,CCOC(=O)Nc1cc(-c2cnc3cc(CN4CCOCC4)ccc3c2Nc2ccccc2)cc2c1OCCO2,0
protein30,1,Cc1ccc(Cl)c(N2CCC(Oc3ccccc3Sc3nc4ccccc4[nH]3)CC2)n1,0
protein30,1,CCC(C)c1cc(Cc2ccnc3c(=O)[nH]c(C(C)(C)C)nc23)c2c(c1OC)C(C)(C)C(O)C(CO)N2,0
protein30,1,Cc1ccc(NC(=O)C(CCCN2CCCCC2)S(=O)(=O)c2ccccc2)nc1,0
protein30,1,CCc1ccccc1Nc1ncc(C#N)c(Nc2cccc(F)c2)n1,0
protein30,1,O=C(NCC1(O)CCN(C(=O)c2ccc(F)cc2C(F)(F)F)CC1)c1ccco1,0
protein30,1,Cc1cc(O)nc2ccc(Cl)c(Cl)c12,1
protein30,1,Cc1c(-c2ccccn2)cn2ccnc2c1C(=O)Nc1ccccn1,1
protein30,1,Nc1ncnc2ccc(-c3ccc(Cl)c(COC4CC(C(=O)NO)N(C(=O)C5CCCC5)C4)c3)cc12,0
protein30,1,CN(c1cccc(NC(=S)OCc2ccccc2Cl)c1)S(=O)(=O)c1ccccc1C(N)=O,1
protein30,1,Nc1nc2ccc1-c1nc3c(cccc3[nH]1)-c1ccc(cc1)Cc1cc(ccc1F)C2=O,1
protein30,1,Oc1cccc2c1C1CCCCC21,1
protein30,1,Cc1nc(NC(=O)c2ccc3n(c2=N)C(=O)CC(C)(C)C3)sc1C(C)C,0
protein30,1,Cc1nnc(NC(=O)c2ccc(N3CCN(C)CC3)c([N+](=O)[O-])c2)s1,1
protein30,1,Cc1cc(O)c2ccc(C(=O)Nc3ccc(O)cc3I)cc2n1,1
protein30,1,CCNC(=Nc1nc2c(C)cccc2s1)SCC(=O)Nc1ccnc2ccc(C)cc12,1
protein30,1,Cc1c2n(c3cc(OCC(=O)N(C)C)ccc13)C1C=C2CC1,0
protein30,1,Nc1ncnc2c1c(-c1ccccc1)nn2Cc1ccccc1F,1
protein30,1,CC(C)CC(C(=O)NO)N(C(=O)Nc1cc(C(F)(F)F)c2cc(O)ccc2c1)c1ccc(C(=O)O)cc1,1
protein30,1,Cc1nc2c(NCc3ccc(F)cc3)cc(-c3ccc4c(c3)OCCO4)cn2c1C,1
protein30,1,NC(=CC(=O)c1cn(CC(=O)Nc2ccccc2)c2ccccc12)c1c(F)cccc1Cl,0
protein30,1,O=CCCCOC(CCc1c[nH]cn1)c1ccc([N+](=O)[O-])cc1,1
protein30,1,CC(C)c1cc(=O)c(-c2cccc(NC(=O)C3CCN(S(=O)(=O)c4ccc(Cl)cc4)CC3)c2)co1,0
protein30,1,CC(=O)c1cccc(Nc2nc(N3CCOCC3)c3ccccc3n2)c1,1
protein30,1,Cc1cc(OC2CCCC2)c(C(C)N(C)c2ccc(C(N)=O)nc2)cc1C,0
protein30,1,CCC1(CC)Cc2cc(C(=O)N(C)n3c(Cl)nnc3-c3ccccc3)c3ccccc3c2O1,0
protein30,1,Fc1ccc2sc(N3CCCC(N4CCCc5ccccc54)C3)nc2c1,1
protein30,1,CC(C)C1CCc2c(NC(=O)c3ccnc(-n4ccnc4)n3)cccc2C1N1CCc2cc(OC(F)(F)F)ccc2C1,1
protein30,1,O=C(O)c1cccc2c1N(Cc1cccc(F)c1F)CCSC2c1ccccc1,0
protein30,1,CCCCC1CC(C)C(=O)N1,0
protein30,1,O=C(NC1CCCNC1)c1cc(-c2cncc(Cl)c2)c(-c2ccc([N+](=O)[O-])cc2)s1,1
protein30,1,CCC(=O)CC(c1ccc2c(c1)C(=O)C(Cc1ccc(C(C)(C)C)cc1)CO2)N1CCN(C)CC1,0
protein30,1,CCCc1ccc(-c2cc(F)cc(Nc3ncnc4[nH]cc(COC5CCNCC5)c34)c2)cc1,1
protein30,1,Cc1nc2ccc(N3CCC4(CCCCN4C)C3=O)cn2c1-c1ccccc1C(=O)O,0
protein30,1,Cc1nnsc1C(=O)Nc1ccc(Cl)c(C(F)(F)F)c1,0
protein30,1,CC(C)N1CCN(C(=O)c2ccccc2Nc2ccncc2)CC1,0
protein30,1,CC1CC1C(=O)NC(C#N)C(C)(C)[N+](=O)[O-],1
protein30,1,CC(C)Oc1cc(C(=O)NC2CCCC2)ccc1Nc1ncncc1[N+](=O)[O-],1
protein30,1,CC=CCN1CCC1(C)C(=O)NC(C(=O)NN=C1CC2CCC1O2)c1ccnc(F)c1,0
protein30,1,Cc1c[nH]nc1-c1nc2ccc(C3NCCCC3(C)C)cc2s1,1
protein30,1,CCN1CC=C(c2ccc(C3CCN(C(C)=O)CC3)cc2-c2ccccc2)CC1,1
protein30,1,CCn1cc(C(=O)O)c(=O)c2cc(Cl)c(N3CCN(C)CC3)cc21,1
protein30,1,CC(=O)N1CCc2cc(S(=O)(=O)Nc3ncccn3)ccc21,0
protein30,1,CC1CCCCC1NC(=NO)c1ccnc(Oc2cc(Cl)c3ccccc3n2)c1,1
protein30,1,CC(C)(C)C(C(=O)Nc1cc(Nc2ccc(S(=O)(=O)Nc3nccs3)cc2)ccc1C1CC1C(=O)O)c1ccccc1,0
protein30,1,CC(C)(CN1C(=O)c2ccccc2C1Cc1cnccc1-c1ccc(OCCN2CCCCC2)cc1)n1ccnc1,1
protein30,1,CCn1nc(-c2cc(-c3cnco3)ccc2S(=O)(=O)Nc2cc3c(Cl)cc(Cl)cc3s2)c2ccccc21,1
protein30,1,CC(C)Cc1ccc(Oc2nc(N)nc3ccc(S(=O)(=O)N4CCC(C(=O)NO)CC4)cc23)cc1,0
protein30,1,Cc1noc(C)c1CNc1cc(CC(C)(C)C)nc2c(C(N)=O)cccc12,0
protein30,1,CCn1nc(C)c2nc(C)nc(Nc3ccc(F)c(Cl)c3)c21,0
protein30,1,NCc1ccccc1Nc1sc(C(=O)N2CCC3(CCC(N(CC4CC4)C(=O)COCC(F)(F)F)CC3)ON=C2N)c2cccnc12,1
protein30,1,Cc1cc(Nc2cnc3c(c2)CCC(=O)N3)ncc1-c1ccc2cc(N(C)C)ncc2c1,0
protein30,1,Cc1c[nH]c(Cc2nc3c4c(ccc3[nH]2)C(=O)N(c2ccc(O)cc2)C4)n1,1
protein30,1,O=C1CCC(=NOC(c2ccccc2)c2ccc(F)cc2)N1C1CCCCC1,0
protein30,1,CCS(=O)(=O)N=C(Nc1cccc(N)c1)c1ccccc1F,1
protein30,1,CCN1CSc2c(C(C)(C)C)c1nc1c(C)c(Cl)ccc21,1
protein30,1,Cc1cc(-c2noc(C(=O)Nc3cc([N+](=O)[O-])ccc3N3CCOCC3)c2-c2ccc(C(C)(C)C)cc2)n(C)n1,0
protein30,1,CCn1ccnc1CN(CC1CCN(Cc2cccnc2)CC1)C(=O)c1ccccc1C(F)(F)F,0
protein30,1,O=c1[nH]c2cc(C(F)(F)F)c(Oc3cccc(C(F)(F)F)c3)nc2s1,0
protein30,1,CC1CC(C)(C)CCC1=NN=C(N)NC1CCCCC1,0
protein30,1,CCC(NC(=O)c1cnc(Cl)cn1)C(=O)O,0
protein30,1,FC(F)(F)c1cccc2cc(C3CCCCC3)cnc12,1
protein30,1,COc1c(C(C)C)nc2ccnc(Nc3cc(Cl)cc(Cl)c3)c2c1C,0
protein30,1,CC(C)N1CCCN(c2ncccc2CN(C)c2ccc3c(-c4ccccc4)noc3c2)C1=O,0
protein30,1,Nc1nc2c(n(C3CCN(CCc4ccncc4)CC3)c1=O)CCN(Cc1cccc(C(F)(F)F)c1Cl)C2,0
protein30,1,CCN1CCN(c2ncn(C)c3c(C#N)c(-c4cnccc4Sc4ncn[nH]4)cc2-3)CC1,0
protein30,1,COc1ccc(F)c(-c2cnc(N)nc2-c2cc(C(F)(F)F)c3c(c2)ncn3C(C)(C)C)c1F,1
protein30,1,COc1ncc(F)c(C(=O)Nc2cc(-c3ccnc(Nc4ccc(C(F)(F)F)c(Cl)c4)c3)ccn2)n1,0
protein30,1,CC1CCCCC1c1ccc(C(=O)Nc2ccc(O)c([N+](=O)[O-])c2)o1,0
protein30,1,O=C(Cn1c(=O)c2cccnc2n1-c1ccc(Cl)c(Cl)c1)NCc1ccccc1,0
protein30,1,CCN(CC)CCn1c2c(c3ccc([N+](=O)[O-])cc31)CN(C(=O)OC)CC2,1
protein30,1,NCC1(NC(=O)Nc2cc(I)cc(C(=O)O)c2)CCCCC1,0
protein30,1,O=C1CSc2ccc(C(F)(F)F)cc2N1C1CCCCC1,0
protein30,1,O=C(NC(CO)c1ccc(OC2CCN(c3ncnc(N4CCCC4)c3F)C2)cc1)C1CCCC1,0
protein30,1,CCCCC(C)C(CC#N)Nc1nc(NC(C)c2ccc(OC)cc2C(F)(F)F)c2cc(C)ccc2n1,0
protein30,1,CC1CCC2(CC1)NC(=O)NC2c1ccncc1,0
protein30,1,OC(C#CCN1CCN(c2cccc(Cl)c2)CC1)C1CC1,0
protein30,1,O=C(O)C1CC(c2ncccc2F)CCC1Nc1cnn(CC2CCC(Nc3cnccn3)CC2)c1,0
protein30,1,COc1cc(C(=O)O)ccc1Nc1ccnc(N2CCCC(C)C2)n1,0
protein30,1,CC(C)Cn1cc(-c2cnc(Cc3ccc(N(C)C(=O)c4cncnc4N)cc3F)s2)n(Cc2cccnc2)c1=O,1
protein30,1,O=C(NC(Cc1ccccc1)C(=O)N1CCN(Cc2cccc(F)c2)CC1)c1ccc(Cl)c(Cl)c1,0
protein30,1,Cc1ccc(Nc2nn(-c3cccc(Cl)c3Cl)ccc2=O)cc1,0
protein30,1,CCn1ncc(-c2cnc(N)cc2C)c1-c1ccc([N+](=O)[O-])cc1,1
protein30,1,Cc1ccc2c(c1)N(C1CCS(=O)(=O)C1)C(c1cccnc1)C(C#N)C2c1ccc(-c2ccccc2Cl)nc1,0
protein30,1,CC(c1ccccc1)(c1ccc(O)cc1O)C1CNC(=O)N(c2cccc(C(F)(F)F)c2)C1=O,0
protein30,1,CCC(C)(C)N=CNO,0
protein30,1,CCCn1cc(-c2ccc(N3CCN(Cc4ccc5c(c4)OCCCO5)CC3)nn2)cn1,0
protein30,1,CCCn1c(Cn2nc(C(F)(F)F)c3cc4c(cc32)C2CC3(CCCNC3)C(O4)c3ccccc32)nc2c1c(=O)[nH]c(=O)n2C,0
protein30,1,CC(OC1CCN(C)CC1)c1nc(C(C)(C)C)cc2nc(NCCO)n(Cc3ccc(Cl)cc3)c12,0
protein30,1,Cc1ccc(-c2c3c(-c4ccc[nH]4)nn(C4CCOC4)c3cc(=O)n2C)nc1C,1
protein30,1,Nc1nc2c(c(Nc3cccc(C(F)(F)F)c3)n1)CCCC2,0
protein30,1,CCNc1cc(C2CCN(C(=O)c3ccc(OCc4ccccc4OC)c(C#N)c3)CC2C(=O)O)ncc1Cl,0
protein30,1,CC(=O)NCCCCN1CCN(Cc2cccc(-c3ccc(CC(C#N)NC(=O)C(N)CC(=O)O)cc3)c2)CC1,0
protein30,1,CCn1cnc2c(-c3c(F)cccc3F)c(O)ncc2c1=O,1
protein30,1,CCN(CC)C(=O)Oc1cc(-c2ccncc2)ccc1C,0
protein30,1,CC(=O)c1cccc(Oc2cc(F)c(S(=O)(=O)Nc3nc4ccc(C)cc4n3Cc3ccccc3)cc2C)c1,0
protein30,1,Cc1ccc(Cc2noc(C)c2CN2CCC(N3CCOc4ncccc4C3=O)CC2)cc1,1
protein30,1,COc1cc2[nH]c(-c3ccc(C4=NCCN4)cc3)nc2cc1Cl,1
protein31,1,FC(F)(F)c1ccccc1C1Cc2c(cc(C(F)(F)F)c3ccccc23)O1,1
protein31,1,CC(=O)N(c1cccc(C)c1)C(C)c1nc(-c2cccc([N+](=O)[O-])c2)no1,1
protein31,1,Nc1ncc(Cl)cc1-c1cnccc1-c1ccc(C(=O)N2CCCC2)c(Cl)c1,0
protein31,1,CC(C)CN(CCN1CCOCC1)c1cnc(-c2ccncc2F)cn1,0
protein31,1,O=C(NC1CCCCCC1)C(F)(F)F,0
protein31,1,CCC1c2ccccc2-c2ccc(CN3CCN(C)CC3)cc21,1
protein31,1,CCN(C1CC1)S(=O)(=O)c1ccc2c(c1)C(=Cc1c(C(F)(F)F)nn(C)c1Cl)C(=O)N2,0
protein31,1,CCN(CC)Cc1ccc2c3c(c(=O)oc2c1)CCC3,0
protein31,1,CCOc1ccc(-c2nc3c(cnn3C)c(=O)[nH]2)cc1,1
protein31,1,CC1CN(c2ccc(Nc3ncnc4c3cnn4Cc3c(F)cccc3F)cc2)CCO1,1
protein31,1,Cn1nc(-c2ccccc2OCCOC(=O)C(C)(C)N)c2ccccc21,1
protein31,1,CC[N+]1(C)c2cccnc2OCc2c1[nH]c(=O)c1sccc21,1
protein31,1,CCC#CC1(O)CCCC(CS(=O)(=O)N2CCC(OCC(C)C)C2)C1,0
protein31,1,COC(=O)C1c2c(NC(=O)Nc3ccc(OC(F)(F)F)cc3)cccc2C(=O)N1CC(C)(CO)c1ccccc1,1
protein31,1,CCCN1CC(C)(C(=O)Nc2ccc3c(c2)OCCO3)OC1=O,0
protein31,1,CCCCCC(C)C(=O)Nc1cccc(C)c1C,0
protein31,1,CC(C)N1CCCC(c2ccnc3c(-c4nc5ccccc5s4)ccc(N)c23)C1,1
protein31,1,Cc1ccccc1-c1ccc2nc(-c3ccccc3)c(O)n2n1,0
protein31,1,CCC(=O)Nc1nnc(-c2ccc(Cl)cc2)s1,0
protein31,1,Cc1nc(Nc2cc(F)c(C(O)CNC(=O)c3cn(-c4ccc(F)cc4F)cn3)cc2F)cc(-c2ccco2)n1,1
protein31,1,CC(C)CC(CN1CCc2nn(-c3ccccc3)cc2C1)N(C)C,1
protein31,1,CCC(C)C12OC=C(C)C(CN=C(N)NP3(=O)OCCN3CCCl)=C1c1cccc3c2cc(C)nc13,1
protein31,1,O=C(NCc1ccc(C2NC(c3ccccc3)Cc3ccccc32)cc1)C1CCOCC1,0
protein31,1,CC1(C)C(N)=NS(=O)(=O)c2ccc(NC(=O)c3cn(O)c4ccc(F)cc4c3=O)cc21,1
protein31,1,Cc1ccc2nc(-c3ccncc3)cc(C(=O)N3CCOc4ncc(-c5cccnc5)cc4C3)c2c1,0
protein31,1,Cc1c(C(=O)Nc2ccc(F)cc2)c2nnc(-c3ccccc3)n2c2ccc(Cl)cc12,0
protein31,1,CCOC(=O)C1NC(=O)C(N)CC(=O)Nc2ccc(Cl)cc21,0
protein31,1,O=C1CCN(S(=O)(=O)c2ccccc2C(F)(F)F)CC1=O,0
protein31,1,Nc1ncc(NC(=O)c2cnc3ccc(F)cn23)c(Oc2cc(F)cc(Cl)c2F)n1,0
protein31,1,Cc1occc1C(=O)Nc1c(C(F)(F)F)nn(Cc2ccc(F)cc2)c1C1CCC(N)CC1,1
protein31,1,Cc1cc(Nc2cccc(NC(C)C)n2)nc(C)n1,0
protein31,1,O=C(COC(=O)c1ccc(N2CCOCC2)cc1)NCc1ccc(Cl)cc1,0
protein31,1,CCN1C(=O)c2cccc(c2)C1CCCNC(=O)c1cccc(C(F)(F)F)c1,0
protein31,1,N#CC1CCCCN1C1CCc2ccccc2C1NC(=O)c1cc(Cl)cc(C(F)(F)F)c1,0
protein31,1,Cc1onc(O)c1C(c1ccc(Nc2cc(N(C)C3CCN(C)C3)ncc2Cl)cc1Cl)N1CCC(C)CC1,0
protein31,1,Cc1ccc(OCc2nnc(Nc3ccccc3[N+](=O)[O-])s2)cc1C,0
protein31,1,Cc1c(C(F)(F)F)cnn1-c1ncc2c(n1)N(c1ccccc1)C(=O)NC21CCCCC1C,0
protein31,1,CCCc1ccnn1-c1nc(C)nc(OCC2COc3ccccc3O2)c1F,1
protein31,1,CCn1cc(CN2C(=O)C(=Cc3ccc([N+](=O)[O-])cc3)SC2=S)cn1,1
protein31,1,Clc1ccc(CN2CCNCC2)cc1,0
protein31,1,CCCCOc1ccc2nc(-c3ccccc3)cc(-c3c(C(N)=O)nn4ccc(C)nc34)c2c1,1
protein31,1,CC(=O)Nc1cc2c(cc1C#N)SC(c1ccc(OC(F)(F)F)cc1)C(=O)N2CC(C)C,0
protein31,1,Cc1cc(Nc2ccc(F)c(F)c2)c2nc(-c3c(C)nn4c3NCCC4)ccc2n1,1
protein31,1,O=C(O)CCNc1nc(-c2cccnc2)cc(-c2ccccc2Cl)n1,0
protein31,1,CC=CC(CC(=O)O)c1ccccc1,0
protein31,1,CN(C)c1ccc(N=C2NC(=O)CC(CCC3CC(=O)C4CCCN4C3)O2)cc1,0
protein31,1,O=C1C=CC2(CCOCC2)N1c1ccc2c(c1)CCC2,0
protein31,1,O=C(NC1CCCC1Cl)c1cc(-c2ccc(F)c(Cl)c2)n(-c2cccnc2)n1,0
protein31,1,COc1ccc(Cc2ccccc2)cc1C(=O)N(Cc1c[nH]c2ccccc12)C(C)C,0
protein31,1,Cc1cc(S(=O)(=O)NC2=NCCCCC2)cc(F)c1Cl,0
protein31,1,CC(C)(C)C1CCC(N)CC1Oc1ncnc2c1NC(=O)c1ccccc1N2,0
protein31,1,CC1(C)CC(O)CN(C(=O)C(=O)NC2CCCCC2)C1C(O)c1ccc(O)cc1,0
protein31,1,Fc1ccc(-c2n[nH]cc2-c2ccc(Oc3ccnnc3N3CCOCC3)c(F)c2)cc1Cl,0
protein31,1,CC1CCC2C(CCCN2CC#CCO)C1,0
protein31,1,Nc1nc(CCc2ccc(Cl)c(Cl)c2)nc2ccccc12,1
protein31,1,CCNC(S)=Nc1ccc(F)c(F)c1,0
protein31,1,Cc1c(-c2cc(Cl)ccc2S(=O)(=O)N2CCCCC2)c2ncccn2c1C,0
protein31,1,CC(=NS(=O)(=O)c1ccc(Cl)cc1)c1cn2c(n1)CN(CCO)CC2,0
protein31,1,O=C1C(=Cc2ccc3ncccc3c2)Oc2ncccc21,1
protein31,1,O=C1CCC(=Cc2cccnc2)N1Cc1cc2cc([N+](=O)[O-])ccc2nc1O,1
protein31,1,CC=C1CCC(O)CC1C(=O)N1CCCC1c1nc(-c2ccc(Cl)c(F)c2)cs1,0
protein31,1,Nc1cnc(-c2ccc(-c3cccc(Cl)c3C(=O)O)cc2F)cn1,1
protein31,1,CC1=C(NC(S)=Nc2ccc([N+](=O)[O-])cc2[N+](=O)[O-])CC2(CN3CCC(N)C3)CC1CCC2O,1
protein31,1,Cc1nc(SCC2CCCCC2)ncc1F,0
protein31,1,CCCCC1(C(O)c2ccccc2N)COc2ccc(O)cc2C1=O,0
protein31,1,CCCS(=O)(=O)N1CCN(c2cccc(C(=O)O)c2N(C(=O)c2cccc(OCCC(F)(F)F)c2)c2ccc(O)cc2)CC1,1
protein31,1,COc1cc2[nH]c(C(CO)OC)c(C(C)(C)C)c2cc1NCC1CCC(O)CC1CN=C(N)N,0
protein31,1,Cc1cccc(N(C)c2nc(Cl)cc(S(=O)(=O)CC34CCC(CC3)O4)n2)c1,0
protein31,1,CC=CC(C)(O)CCCC(CN1CCN(C(=O)Nc2cccc(F)c2)CC1)C(C)C,0
protein31,1,CC1(C)C=C(Nc2ccc(Cl)nn2)CN1,0
protein31,1,CCc1[nH]c2ccccc2c1CCN1C(C)(C)CCCC1(C)C,1
protein31,1,O=C1CC(NS(=O)(=O)c2cccc(Cl)c2)CN1c1cnn2ccccc12,0
protein31,1,Cc1occc1C(=O)NC1CCC(CC(=O)N2CCN(c3ncccn3)CC2)CC1,1
protein31,1,COc1cccc2ncnc(NCc3ccccc3C)c12,1
protein31,1,Cc1ccc2c3cc4ccc3c(nn2c1=O)Nc1cc(-c2cnc3ccccn23)ccc1NC4=O,1
protein31,1,CC(C)NC(=O)C(C)n1c(=O)c(-c2ccc(CO)cc2)c(C(=O)O)c2ccccc21,0
protein31,1,CCCS(=O)(=O)Nc1ccc2c(c1)CC(CN(CC)C(=O)C1CC1(C)c1cccc(OC)c1)CCCC2,0
protein31,1,CCN(CC)CCn1ccnc1CNCc1ccc(-c2ccc(OC)cc2)cc1,0
protein31,1,CC(C)c1cccc(Nc2nc(N)c3c(-c4ccccc4)cn(COCCO)c3n2)c1,1
protein31,1,CCN1C(N2CCc3c(cccc3OC)C2)=CCc2ccccc21,1
protein31,1,Cc1cc2nn3c(c2c2cccc(O)c12)C1COC(N)=C(C#N)C1c1ccc(F)cc1-3,1
protein31,1,CC(C)N1CCN(c2ncccc2C(=O)N2CCCCCC2)CC1,0
protein31,1,CC#Cc1nn(-c2ccccc2)c2scc(-c3cccnc3)c12,1
protein31,1,COc1cccc(CNC2=NC(C)(c3cc(OCc4nn(C(C)(C)C)c(=O)[nH]4)ccc3F)CCC2)c1C,0
protein31,1,CCc1ccc(Nc2cc(C)nc3c(-c4cccc(OC(F)(F)F)c4)cnn23)cc1,0
protein31,1,CC(CN1CCCCCC1)n1cc(N2C(=O)c3ccccc3C2=O)cn1,0
protein31,1,O=C1CC(=Cc2ccccc2)C(=O)N1CNS(=O)(=O)c1ccccc1F,0
protein31,1,CCc1cc(N2CCCC2)nc(Nc2cccc(C(F)(F)F)c2C)n1,0
protein31,1,CC(C)CC(NC(=O)CC(CC(=O)O)c1ccccc1)C1=Nc2ccc(Cl)cc2S(=O)(=O)N1,0
protein31,1,CC1CC(O)CC(C)(C)C1C(=O)Nc1ccccc1Cl,0
protein31,1,CC(=O)N1CC(c2nccn2-c2ccccc2OC(F)(F)F)Cc2ccc([N+](=O)[O-])cc21,1
protein31,1,CCCc1c(C)cc2oc(N3CCN(C)CC3)nc2c1C,1
protein31,1,Nc1nc(NC2CCCC2)c2nc(-c3ccc(Cl)cc3F)sc2n1,1
protein31,1,O=C1C(=Cc2ccc[nH]2)SC(=S)N1c1ccccc1F,0
protein31,1,Cc1ccc(S(=O)(=O)Nc2ccccc2NC(=O)c2cncs2)cc1C,0
protein31,1,NC(=O)N1C2=C(C(=O)O)C(c3ccc(F)cc3F)C(CC2)C1c1ccc(Cl)c(Cl)c1,0
protein31,1,O=C(Nc1ccc(C(=O)NCc2cccc(C(F)(F)F)c2)c2cccnc12)c1cccc([N+](=O)[O-])c1,1
protein31,1,CCCC12CCCCC1N1C(=O)CN(c3ccc(S(=O)(=O)N4CCOCC4)cc3)C(=O)c3ccc(cc31)C2=O,0
protein31,1,Nc1nc(-c2ccccc2)cc(S(=O)(=O)[O-])c1S(=O)(=O)c1ccccc1F,0
protein31,1,CC1OC(C(=O)Nc2c(Cl)cccc2Cl)CC1(C)CC1=CC(C)(C)NC(=S)N1C,0
protein32,1,O=C(CN1C(=O)Cc2cc(S(=O)(=O)NCC3CCCCC3)ccc21)NCc1ccco1,0
protein32,1,CCN1CCN(c2cc(NCC(F)(F)F)c(S(N)(=O)=O)cn2)CC1,0
protein32,1,O=C1C2C(CCCN2C(=O)c2ccncc2O)CN1Cc1ccc(Cl)cc1,0
protein32,1,CCC(C)C1=CC=C2C3=CCN(C(=O)COC(=O)C4CCNCC4)C3c3c(ccn3C)C2(C)C1O,1
protein32,1,NC(=O)C1CCCC1C(=O)N1CCOc2ccc(F)cc21,0
protein32,1,Cc1nccnc1C(=O)CC1CCN(C(=NO)c2cccnc2Oc2ccccc2Cl)CC1,0
protein32,1,Cc1ccc(C(=O)Nc2cc(Nc3n[nH]c4ncc(C(F)(F)F)cc34)ccc2Cl)s1,1
protein32,1,CCC(c1ccc([N+](=O)[O-])cc1)n1cc(C(=O)NCC(O)CNC(C)=O)c2ccccc21,1
protein32,1,Cn1c(=O)c(C(=O)NC(=O)c2ccc(CN3CCCCC3)cc2)cc2cc(C(C)(C)C)ccc21,0
protein32,1,NC(=O)c1cc(Nc2ccc(Cl)c(Cl)c2)nc2ccccc12,0
protein32,1,CCOCCOc1ccc(C2NC(=O)c3nc4c(c(Cl)c32)OCC4)c(CC)c1,1
protein32,1,Cc1ccccc1Cn1cc(C(=O)CSCC(=O)NCc2ccccn2)c2ccccc21,1
protein32,1,CC1CCCCN1C(=O)COC(=O)c1cn(Cc2ccccn2)c2ccccc12,0
protein32,1,CCCCn1c(SCc2nc(O)c3c(C)cccc3n2)nc2ccccc2c1=O,1
protein32,1,Cc1ncc(Cl)c(-c2c(C(C)n3cnc4ccc(O)cc43)nc(-c3ccncc3F)[nH]c2=O)c1Cl,0
protein32,1,CCn1cc(-c2cnc3c(C(=O)Nc4cccc(-n5c(C(F)(F)F)nc6cc(F)ccc65)c4)cccn23)cn1,0
protein32,1,Cc1noc(N2CCN(Cc3cccc(C(N)=O)n3)C(C)C2)n1,0
protein32,1,Cc1cccc(Cn2c(C(O)c3cc(Cl)cc(Cl)c3)nc3ccccc32)c1,0
protein32,1,O=C(NN=C1CC(O)(c2cccc(F)c2Cl)c2cnc3ccccc3c21)c1ccncc1,1
protein32,1,CCCCCNc1nnc(-c2ccc([N+](=O)[O-])cc2)s1,1
protein32,1,CC(CC(=O)N1CCN(C)CC1)c1nc(-c2cccc(NC(=O)c3ccc(Cl)cc3)c2)no1,0
protein32,1,CC(C)C1=CC2NC(=O)C3CCN(CC3)CC(=O)N3c4ccccc4C(C1)C23,1
protein32,1,CCCCC(NC(=O)c1ccncc1)C(=O)N1CCC(Oc2nc(Nc3ccnc(C)c3)nc3c(C(F)(F)F)cccc23)C1,0
protein32,1,CCOc1cccc(N2C(=O)C(C(N)CC(C)N(CC)Cc3nccs3)C(C)C(C3CCCN3Cc3ccccn3)C2=O)c1,0
protein32,1,CCCCn1c(N)c(-c2ccc(C(F)(F)F)cc2)c(=O)[nH]c1=O,1
protein32,1,CC(=O)Nc1ccc(NC(=O)c2ccc3c(c2)CCC(C)(C)N3C(=O)c2ccc3c(c2)COCO3)cc1,0
protein32,1,O=C(N(CCc1ncc(-c2ccccc2C(F)(F)F)o1)Cc1ncccc1F)C1(c2ccc(F)cc2)CCC1,0
protein32,1,CC(=O)n1cc(C(=O)C(C(C)C)n2nc3ccccc3cc2=O)c2ccccc21,1
protein32,1,CC1COC=C2C(=O)N(CC(=O)N3CCc4c([nH]c5ccccc45)C3C(C)(C)C)CC21,0
protein32,1,CC(=O)N1CCC(CCn2cccn2)(c2ccccc2)CC1,0
protein32,1,CC(C)N(CCNC(=O)c1cnc2c(F)cc(F)cc2c1OCc1ccccc1Cl)c1ccccn1,0
protein32,1,CCOc1cc(-n2nc(CS(=O)(=O)c3ccc(OC)cc3)c(C)c2C)ccc1C,0
protein32,1,CC(C)(C)c1ccc(Nc2ncnc3c(CN4CCCCC4)cccc23)cc1,1
protein32,1,CCn1ncc(C(=O)Nc2ccc(Oc3ccccc3)cc2)c1C,0
protein32,1,COc1cc(OC)nc(Nc2c(C(=O)NC(C)C)[nH]c3cc(Cl)c(SCc4ccccc4)cc23)n1,0
protein32,1,O=C(c1ccc(O)c([N+](=O)[O-])c1)c1nc2cc(Nc3ccccn3)ccc2[nH]1,1
protein32,1,CC1(C)CN=C(N2CCN(C(=O)c3cc(F)ccc3OCCC#N)CC2)S1,0
protein32,1,Cc1cc2nnc(O)c(C)c2cc1F,0
protein32,1,Cc1cc(CN2CCCCC2Cn2cccn2)c2ccccc2n1,1
protein32,1,CC1(C)CC=CC(CC(N)=NOC(=O)c2ccc([N+](=O)[O-])cc2)C1,1
protein32,1,CC1=S2C3=C(C(=O)C(=O)N2N=C1)c1ccc(Cl)cc1C3(C)C,1
protein32,1,Cc1cccc2cc(C(=O)Nc3[nH]c(C(F)(F)F)nc3C#N)oc12,1
protein32,1,CCN(CC)C(=O)Oc1cccc(N(Cc2ccc(OC(F)(F)F)cc2)C(=O)c2cc3cc(OC)ccc3o2)c1,0
protein32,1,CCN1CCN(C2=Nc3cc(OC)c(OC)cc3Cc3ccccc32)CC1,1
protein32,1,O=C(Nc1ccccc1C(F)(F)F)C1CC(=O)N(c2ccc(O)cc2)C1,0
protein32,1,Cc1cc(C(=O)CSc2nc3cccnc3o2)c(C)n1CC(F)(F)F,1
protein32,1,COc1ccc(-c2nc3cc(-c4ccccc4)nn3c3c2CCC(C(=O)NCCC2=CCCCC2)N3)cc1,0
protein32,1,NCC1CC2(CCCN(c3ncccn3)C2)c2ccccc21,1
protein32,1,O=C(Nc1ccccc1F)c1cccc2c(-c3ccc(F)cc3)noc12,1
protein32,1,O=C(c1ccncc1Cl)N(O)c1ccccc1-c1ccccc1,0
protein32,1,CC=C(Cc1ccc(-c2cccc(O)c2)s1)C(=O)NC(N)=S,0
protein32,1,CCn1c(-c2ccccc2Cl)ncc(C(=O)N2CCN(C)CC2)c1=O,0
protein32,1,CC1COCCN1c1nc(-c2cccc3scnc23)cc(N2CCC(CC(N)C(=O)O)C2)n1,1
protein32,1,Cc1ccccc1NC(=O)Cc1ccc(S(=O)(=O)NC2CCCCC2C)cc1[N+](=O)[O-],1
protein32,1,CCN(CCN(c1nc2ccccc2s1)c1ncccc1Nc1cccc(OC)c1)C(C)C,0
protein32,1,O=C1CC(CC(=O)Nc2ccc3c(c2)CCC3)C(=O)N1,0
protein32,1,CCN(CC)CCn1nc2cc(Nc3nccc(OC4CCC(C)CC4)n3)ccc2c1C,1
protein32,1,CC1CCN(c2ccc(S(=O)(=O)Nc3csc(-c4ccccn4)n3)cc2)CC1,0
protein32,1,Cc1cc2n3ccnc3c3c(-c4ccccc4)ccc(CC(=O)O)c3n2n1,1
protein32,1,CCc1cnn(C(=O)c2ccn3c(Nc4ccc5ncccc5c4)c(C)nc3c2)c1,1
protein32,1,CC1CCN2CC3CCc4cc(N5CCC(CC(N)=NO)CC5)ccc4N3CC2C1,0
protein32,1,CCC(CC)CCN1C(=O)c2cc(C(C)C)ccc2S(=O)(=O)C2CC(C(=O)O)CCC21,0
protein32,1,Clc1ccc(N2CCOCC2)c(C(c2ccccc2)n2ccnc2)c1,0
protein32,1,Cc1cc(C(=O)OCC(=O)N(C)c2nccs2)c(C)o1,0
protein32,1,Cc1ccsc1CNC(=O)C(Cl)(Cl)C(F)F,0
protein32,1,O=C(Nc1ccccc1C(F)(F)F)c1cc2ccccc2o1,0
protein32,1,Cc1c(-c2cccc(Nc3cc(Cl)ccc3C#N)c2)cn2c(N(C)C(CN)CCN(C)CCO)ccnc12,0
protein32,1,CCOc1ccccc1NC(=O)C(CC(C)C)NC(=O)c1cccs1,0
protein32,1,CCCCNC(=O)CNc1cc2nc3c(C(F)(F)F)cccc3nc2cc1OC,0
protein32,1,CC1(C)c2sc(-c3cccnc3)cc2C(c2cccnc2)N1C=S,1
protein32,1,Cc1cc(-c2cccnc2)nnc1Nc1cccc(N2C(=O)C(C)C(CO)C2=O)c1,1
protein32,1,Cc1nc(-c2ccccc2C(F)(F)F)cc(N2CCOCC2)n1,0
protein32,1,CCSC(=O)CCCC(C)=O,0
protein32,1,CC(C)C#Cc1ncccc1-c1cccc(Cn2ccnc2)c1,1
protein32,1,CC(C)N(CC#Cc1ccc(C(F)(F)F)nc1)CCO,0
protein32,1,CCn1c(SCC(=O)Nc2ncn(-c3ccc(C)cc3)n2)nc2ccccc21,1
protein32,1,NC(=O)c1c[nH]nc1SC1(c2c(F)ccc(F)c2F)CCCCC1,0
protein32,1,CCC(C)(C(=O)O)N1CCC(n2ncc3cnc(Nc4cc(F)c(F)cc4F)nc32)CC1,0
protein32,1,CCn1nc(-c2c(C)cc3[nH]ccc3c2N2CCCC(NC(=O)c3cn(C)nc3C(F)(F)F)C2)cc1C,0
protein32,1,Cc1cc(=O)oc2cc(C(=O)OCC(=O)Nc3ccccc3C(C)C)ccc12,0
protein32,1,Cc1n[nH]c(NC(N)=O)c1S(=O)(=O)c1c(Cl)ccc(Cl)c1Cl,0
protein32,1,O=C1CC2CCN1c1nc3cnccc3n12,0
protein32,1,O=CCC1CC(c2cccc(OC(F)(F)F)c2)=Nn2c1nc1ccccc12,0
protein32,1,COc1ccc2c(C(=O)N3CC(n4cccc4)C3)[nH]c(C(C)C)c2c1,0
protein32,1,CCOCC1CCCN(C2=NCCS2)C1,0
protein32,1,Cc1c(C(=O)N2CCN(Cc3ccccc3C(F)(F)F)CC2)c2ccccc2n1C,1
protein32,1,CCCCCCC(C)n1cc(-c2cccc(NC(=N)N)c2)c2ccccc21,0
protein32,1,ON=C1CCCC1=Cc1ccccc1O,0
protein32,1,CCC1C(=O)NC1CC1(CO)CC2Cc3cc(C(=O)O)ccc3-c3c(Cl)ccc(c3C(=O)O)N21,0
protein32,1,Cc1cc(Oc2cnc3c(n2)CCOC3(C)C)nnc1-c1ccccc1,1
protein32,1,Cc1ccccc1Nc1cc(=O)oc2c(CNC(=O)C3(C(=O)NO)CC3)nccc12,1
protein32,1,CCc1cc(C(=O)N2CCN(c3nc4ccccc4n3CCC(C)C)CC2)cs1,0
protein32,1,CCn1cc(C=NC2(C(=O)Nc3ccc(C(=O)OC)cn3)CCCC2)c2c(-c3cncc(C)c3)cccc21,1
protein32,1,NC(=O)n1c(O)nc2cccc(Cl)c21,0
protein32,1,Cc1c(Cn2cc(NC(=O)c3ccc([N+](=O)[O-])cc3[N+](=O)[O-])cn2)cnn1C,1
protein32,1,CCN1CCC(C(=O)Nc2ccc(S(=O)(=O)N3CC(NC(=O)C(C)C)CC3C(C)C)cc2)CC1,0
protein32,1,O=C(Cc1cscn1)OC(c1ccccc1)c1ccccc1,0
protein32,1,N#Cc1ccc(Nc2ccc(I)c(N)n2)cc1C(F)(F)F,1
protein32,1,CC(C)(C)c1ccccc1-c1cc(C(=O)Nc2ccc(C#N)cc2)no1,0
protein32,1,CCCCCCNc1nnc(-c2cc3cnc(N)nc3cc2OC=NN)s1,0
protein33,1,Cc1ncc(-c2ccc(-c3nc4c(C(=O)N5CCCC5C)cccc4[nH]3)nc2)cc1F,1
protein33,1,Cc1cnc(C(C)C)c(OC2(C)CCN(C(=O)c3ccc(C(F)(F)F)cc3N)CC2)c1,0
protein33,1,CCCCC1(C)NC(=O)N(Cc2ccccc2CC)C1=O,0
protein33,1,Cc1ccc(-c2ncsc2C(CC(=O)c2ccccn2)N2CCSCC2)cc1,0
protein33,1,O=C(Nc1cccc(-c2ccc(Cl)cc2)c1)C1CCN(CCn2cnc3nc(Nc4cccnc4)ccc32)CC1,0
protein33,1,FC(F)(F)Oc1ccccc1C#CCC1CCC(c2nnc3ccccn23)(N2CCNCC2)C1,0
protein33,1,N#Cc1cnc(N)nc1N,0
protein33,1,CCn1c2c(c3ccccc31)CCCN2c1nccc(-c2ccc(C(=O)N3CCOCC3)s2)n1,1
protein33,1,CN1CCC(Cc2c(CO)n(C)c3c4c(ccc23)C(N)=NC(C)(C)C4)CC1,1
protein33,1,CCS(=O)(=O)Nc1ccc(-c2cn3cc(C)cc(OCc4ncc(F)cc4F)c3n2)cc1,0
protein33,1,O=C(N=C1SCCN1C1CCS(=O)(=O)C1)c1ccc(Cl)c([N+](=O)[O-])c1,1
protein33,1,FC(F)C(F)(F)COC1CNC(c2cncc(-c3ccncc3Cl)c2)C1,0
protein33,1,O=C(NCC1CNCCO1)c1ccc2c(c1)nc(Cn1nnc3ccccc31)n2-c1ccc(Cl)c(Cl)c1,0
protein33,1,O=C1Nc2ccc([N+](=O)[O-])cc2C12CCN(Cc1nc3ccccc3s1)C2,1
protein33,1,Cc1cn(CC(C)C)c2ccc(C(=O)N3CCN(Cc4ccc(N(C)C)cc4)CC3)cc12,1
protein33,1,O=c1c2cc(-c3cnn(Cc4ncccc4F)c3)ccc2nc(N2CCCCC2CN2CCOCC2)n1CC1=CCCCC1,0
protein33,1,NC(=O)NN=C1CCCc2scc(N3Cc4ccccc4C3=O)c21,1
protein33,1,CC(C)C(=O)C=C(Nc1ccc(NC(=O)CN2CCc3ccccc3C2)cc1C(=O)NC(C)(C)C)c1cccc(Cl)c1,0
protein33,1,CCNCc1cc(C(=O)N2CCN(C)CC2)c(-c2ccc(F)cc2)cc1N(C)c1ccccc1,0
protein33,1,CC1CCCN(CCN(C(=O)C2(c3ccccc3)CCC2)c2ccc3nc4n(c3c2)CCC(C)(C)C4=O)C1,0
protein33,1,Cc1cc(C)c(Nc2ncnc(N3CCOCC3)c2[N+](=O)[O-])c(C)c1,1
protein33,1,CCCCC1CCCCC1NC(=O)Nc1ccncc1,0
protein33,1,Cc1cc(F)c(O)cc1N(C)c1ccn(Cc2c(C)nn(C)c2C)c(=O)c1C#N,1
protein33,1,CC=C1C(=O)N(c2ccc(N(C)C)cn2)c2ccc(Cl)cc21,0
protein33,1,CC(=O)c1cccc(C(O)(C2CCCC(C)C2)P(=O)(O)O)c1,0
protein33,1,CC(C)(NC(=O)c1ccc(Cl)c(N2CCNCC2)c1)c1ccccn1,0
protein33,1,CC(=O)c1ccc(SCC(=O)N2CCN(c3ccccc3C(C)=O)CC2)c([N+](=O)[O-])c1,1
protein33,1,CCCCNc1nc(N)nc2cc(C)ccc12,1
protein33,1,CCCNC(=O)c1cnc(-c2cnccn2)n(C2CCCO2)c1=O,0
protein33,1,CCS(=O)(=O)N1CCC(C(=O)N2CCN(c3ccccc3Cl)CC2)CC1,0
protein33,1,CCNC1CCc2nc(O)c(-c3cnc4cc5c(cc4c3-c3ccccc3C)N(C)C(C)CO5)cc2C1,1
protein33,1,O=C1Cc2cccc(OCc3nc4ccccc4[nH]3)c2O1,0
protein33,1,Cc1ccc(CN2C(=O)Cc3c([nH]c4ccccc34)C23CCNCC3)cc1F,1
protein33,1,Cc1nc(Nc2ccc(C#N)cc2)sc1-c1csc2ncnc(NC3CCCCC3)c12,0
protein33,1,CCN(CN1C(=O)c2cccc(Cl)c2C1=O)c1cccc(OC)c1,1
protein33,1,CC(C)CCCN(Cc1cncnc1)c1cccnc1-n1cc(COc2ccc(C(F)(F)F)cc2[N+](=O)[O-])nn1,0
protein33,1,O=C(O)c1c(-c2ccccc2O)nc2ccccc2c1O,0
protein33,1,CC1(NC(=O)c2c(S(C)(=O)=O)c3ccsc3n2Cc2ccccc2)CCCCC1,0
protein33,1,CCn1c(C(=O)N2CCN(C)CC2)c(C)c2ccccc21,1
protein33,1,CC1CCN(Cc2nc(Nc3ccc(F)cc3)cc(Cl)c2C#N)CC1,0
protein33,1,CC(C)C(NCC1CN(c2ccc(-n3nc4ccccc4n3)c(F)c2)C(=O)O1)C(=O)O,0
protein33,1,Cc1cc(C(=O)NN=Cc2cccc(Cl)c2O)c2ccccc2n1,1
protein33,1,Cc1cc(CO)c2c(C(=O)Nc3ccncc3)cccc2n1,1
protein33,1,CCC(C)N1C(=O)c2c(c(Cl)nc3ccccc23)C1C(=O)NCc1ccccc1F,1
protein33,1,CCC(C)c1ccc(N2C(=O)CC(CC=C3CCCCC3)C2=O)cc1,0
protein33,1,Cc1ccc(-c2ccc(C#N)cc2)cc1NC(=O)c1csc(N2CCOCC2)n1,1
protein33,1,Cc1ccc(F)cc1-c1cc(COc2ncc(Cl)cn2)cc(Nc2nc(C3CC3)ncc2OCCCO)n1,0
protein33,1,CCCN(CCOC)Cc1cccc(OC)c1-n1cc2cc3ccoc3cc2nc1=O,1
protein33,1,O=C(O)CCCOC(=O)c1ccc(O)c(Cl)c1,0
protein33,1,Cc1nc2cc(C(C)(C)C(F)(F)F)nc(Nc3cc(C)c(C#N)cn3)c2[nH]1,0
protein33,1,Cc1ccc(S(=O)(=O)NCC(=O)NCC(C)(C)C)cc1C,0
protein33,1,CC(C)C(CO)Nc1nccc(N2C(=O)OCC2C2(C)CCC3Cc4c(C5CCCCC5)ccc(O)c4CN32)n1,1
protein33,1,CCN(CC)S(=O)(=O)c1ccc(Cl)c(NC(=O)c2ccncc2C)c1,0
protein33,1,CC(C)c1ccnc(Nc2ncccc2C(=O)N2CCCC2c2nc(C(F)(F)F)c[nH]2)n1,0
protein33,1,O=C(CSc1ccc2sccc2n1)Nc1ccccc1C(F)(F)F,0
protein33,1,CCC1CNc2cc(Nc3cccc(Cl)c3)ncc2S(=O)(=O)N1,0
protein33,1,Cc1cc(Nc2ccc(F)c(Cl)c2)n2nc(-c3ccccc3)cc2n1,0
protein33,1,Nc1ncc(-c2ccc(C(=O)O)s2)cc1OCc1c(F)cccc1F,0
protein33,1,Cc1ccc(C(=O)Oc2ccccc2CCCCCCN2CCC(NC(=O)NC3CCCC3)C2)cc1NC(=O)CCSC#N,0
protein33,1,CCC(C)(C)Nc1nc2ccccc2cc1CSc1nc(C(C)(C)C)cc(C(F)(F)F)c1C#N,0
protein33,1,CCNC(=O)c1cccnc1Oc1ccc(NC(=O)c2cnc3ccccc3n2)cc1,0
protein33,1,CC1CCC(C(C)C)C(Nc2nc(N3CCNCC3)nc3c(C#N)c4c(cc23)OCCCC4)C1,1
protein33,1,O=C1NCC(OC2CCCCC2)CN2CCC(CC2)C2Oc3ccc1cc3NC2=O,0
protein33,1,CCN(CC)S(=O)(=O)c1cc(NC(=O)c2cc3sc(C4CC4(C)C)cc3n2C)cnc1OC,1
protein33,1,O=C(Cc1ccsc1)N1CCN(c2ccccc2Cl)CC1,0
protein33,1,O=C(NN=Cc1ccc(S(=O)(=O)NC2CCCCC2)o1)c1ccccc1O,0
protein33,1,CCS(=O)(=O)NC(=O)C(C)c1ccc(OCCN2CCCCC2)cc1,0
protein33,1,CCn1c(C(=O)NCCOc2ccc([N+](=O)[O-])cc2C#N)cc2ccc(S(N)(=O)=O)cc21,1
protein33,1,CC(C)CN1CCC(c2cc(Nc3ccc(C4CNCCO4)cc3)nn2-c2ccccc2O)CC1,0
protein33,1,CC=CCn1cc(CN2CCOCC2)c2ccccc2c1=O,1
protein33,1,Cc1cnc(N2CCN(S(=O)(=O)CCN(C(=O)c3cccs3)C(C)C)CC2)c(-c2ccccc2)c1,0
protein33,1,O=C(Nc1c2c(nc3ccccc13)-c1ccccc1CC2)c1ccncc1,1
protein33,1,O=C1CCN(CCCCCc2[nH]c(Nc3ccc(F)cc3)c3c(O)nc(=O)[nH]c23)C(=O)C(CO)N1,0
protein33,1,CCCCC(Nc1nc(-c2cc(C(F)(F)F)nn2C)nc2ccccc12)c1cc(Cl)cc(Cl)n1,0
protein33,1,O=C(NCCN1Cc2ccccc2C1)c1nc(-c2ccccc2NC(=O)C(F)(F)F)cs1,1
protein33,1,CCS(=O)(=O)N1CCN(C(c2ccc(C(F)(F)F)cc2)C(C)C)CC1,0
protein33,1,O=C(Nc1cc(C2CCN(C3CCCCC3)C2)[nH]n1)c1cccc(N2CCCC2)c1,0
protein33,1,Cc1cc2occ(-c3cc4n(c3-c3ccccc3)C(C3=CCC(C(N)=O)CC3)CC(O)C4)c2nc1C(F)(F)F,0
protein33,1,NC(c1ccccc1)(c1ccccc1)c1ccccc1C(=O)O,0
protein33,1,Cc1ccc(-n2c(C)c3ccccc3c2S(=O)(=O)NC2CCCCC2)cc1,0
protein33,1,CCOC(=O)c1sc(-n2ncc3c(C(F)(F)F)cccc32)nc1C,0
protein33,1,Cc1ccn2cc(-c3ccc(NC(=O)CC#N)cc3S(=O)(=O)N3CCCCCC3)nc2c1,0
protein33,1,CC(C)c1ccc(CNC(=O)c2ccncc2NCC(F)(F)F)cc1,0
protein33,1,CCOc1ccccc1CN(Cc1ccc(Cl)c(Cl)c1)C(=O)c1cn(C)nc1OC,1
protein33,1,CCOc1cc(C2CCC(NCc3ccccc3O)C2)ccc1N,1
protein33,1,CCCCC1OC(OC)C1n1cnc2c(N)ncnc21,0
protein33,1,CC1(C)NC(=O)C(c2ccccc2)=C1c1[nH]nc2ccccc12,1
protein33,1,CCCC(CC)Nc1nc(NC(C)C(=O)NO)c(Cl)cc1F,0
protein33,1,CC(C)CC(=O)N1CCN(Cc2cc(F)ccc2Oc2ccc(F)cc2)CC1,0
protein33,1,O=C(NCc1ccc(C(F)(F)F)cc1)NCc1cc([N+](=O)[O-])ccc1N1CCCCC1,1
protein33,1,CC(C)COc1cccc(NC(=O)c2cc(S(N)(=O)=O)cs2)c1,0
protein33,1,Cc1c(NC(=O)c2cn(CC(F)(F)F)nc2Nc2ccccc2)ccc(F)c1Cl,0
protein33,1,Cc1ccc2c(c1Cl)OC1CN(C)CCCNc3ccc(nn3)-c3ccccc3N(C2)C1,0
protein33,1,CCCc1ccc(CNC(=O)c2ccc(F)c(S(=O)(=O)NC(=O)C3CCC3)c2)c(C)c1,0
protein33,1,Cc1nc2n(c(=O)c1-c1c(F)cccc1F)CCC2N1C(=O)c2ccccc2C1=O,0
protein33,1,Cc1nn(Cc2ccc(S(=O)(=O)N(C)C)cc2)c(C)c1CN1CCCN(C)CC1,0
protein33,1,CCOc1cc(F)ccc1-c1[nH]c(C)c(C)c1C1=NN(c2cc(C(F)(F)F)ccn2)C(=O)C1,1
protein33,1,CCCCC1(COc2ccc(-c3ccc(C(=O)Nc4ccc(OC)nc4)cc3)cc2)CCN(C(C)=O)CC1,0
protein33,1,Nc1nc2c(cc1F)c(=O)ncn2Cc1cccc(C(F)(F)F)c1Cl,0
protein33,1,CC1(C)CC(c2n[nH]c3cncc(-c4cccc(CS(C)(=O)=O)c4)c23)c2ccc(O)c(O)c21,1
protein34,1,O=C(Nc1ncc(Cl)c(Cl)c1-n1cccc1)OC1CS(=O)(=O)c2ccccc21,0
protein34,1,Cc1ncc(CN2CCN(C=Cc3ccccc3C(F)(F)F)CC2)n1C,0
protein34,1,CC1CCC(c2cccc(O)c2O)=CC1[N+](=O)[O-],1
protein34,1,O=C(O)Cc1nnc(-c2ccc(Cl)cc2Cl)o1,0
protein34,1,CCCC=CC(=O)Nc1cccc(Nc2nccc(-c3cccc4c(CC)c[nH]c34)n2)c1,0
protein34,1,Cc1nn(Cc2c(F)cccc2Cl)c(C)c1CN1CCC(C(N)=O)CC1,0
protein34,1,CCOCCN1CCC(=Cc2cc(O)ccc2Cn2cnc3ccccc32)CC1,0
protein34,1,Cc1ccccc1-c1nc(N)n2nc(-c3ccc(S(C)(=O)=O)cc3)cc2c1N1CCCCC1,1
protein34,1,Cc1ccc(-n2cc(CC(=O)Nc3cccc(Cl)c3)nn2)cc1,0
protein34,1,CCc1cnc2c(-c3c(Cl)cc(NC(C)CC(=O)O)c(C=NO)c3Cl)cnn2c1Nc1c(F)cccc1F,0
protein34,1,CCCn1c(=N)[nH]c2c(-c3ccc(OC)cc3)c[nH]c2c1=O,0
protein34,1,CC(=O)Nc1cncc(-c2cn3c(n2)C(C)(C)C2COC(=O)Nc4cncc5ccc(cc45)C2C3)c1,1
protein34,1,CCS(=O)(=O)N1CCC2(CCNCC2(C)C)c2cccc(C)c21,0
protein34,1,Cc1noc2nc(C3CC3)cc(CN3CCC(CN4C(=O)c5ccc(F)cc5C4=O)CC3)c12,1
protein34,1,Cc1cc(Cl)cnc1N1CCN(CC=Cc2ccccc2)CC1,0
protein34,1,CC(CO)c1ccccc1NS(=O)(=O)c1cc(OC(F)(F)F)ccc1N1CCN(C)CC1,0
protein34,1,CCN(CC)CCn1nc(-n2ccnc2)c2c3ccccc3n(C)c2c1=O,1
protein34,1,CCOc1cccc(O)c1C(=O)CC(C)C,0
protein34,1,Cc1nc2c3[nH]c(=O)n(c3n1)CCCN(CCc1cccc(F)c1)CCCN2,1
protein34,1,CCNc1ncc(-c2cc(-c3cncc(C(F)(F)F)c3)nn2CC2CCN(c3cccc(O)c3)C2=O)cc1OC(F)(F)F,0
protein34,1,CCN(CC)S(=O)(=O)CCN1Cc2cc(CN(C3CCCCC3)S(C)(=O)=O)ccc2C1=O,0
protein34,1,COc1cc(NC(=O)Nc2ccc(C)cc2C)c(F)cc1F,1
protein34,1,CCn1c(C)c(-c2cccnc2Oc2ccc3c(c2)C(C)(C)C(=O)N3C(C)=O)c2ccccc21,1
protein34,1,CC1=CC(C)CN(CCN2CN(C)C3c4cc(C5=NC(c6ccccc6)(C(F)F)NC(=S)N5C)ccc4OC(C)C3C2=O)C1,1
protein34,1,CCN(CC1CC1)c1nnc(-c2nccs2)c(-c2ccccc2)[n+]1Cc1ccccc1,0
protein34,1,Cc1cccc(CCC(O)CN2CCN(c3noc4ccc(S(N)(=O)=O)cc34)CC2)c1,0
protein34,1,C=C(C)COc1ccccc1C(=O)NC(=S)n1nc(CCc2ccccc2)cc1C(F)(F)F,0
protein34,1,Nc1nc2ccccc2n2c(OCC(O)Cn3ccc(C(F)(F)F)n3)c3cccc(Cl)c3c12,1
protein34,1,CCCCOCC#CCN1c2cc(CNCCC#N)ccc2C2CCC1CC2,0
protein34,1,Cc1cccc(N)c1NC(=O)C1CC2(CCN(C)CC2)c2ccccc21,0
protein34,1,O=C(Nc1cc(Cl)c(Cl)cc1C(=O)N1CCCCC1)c1cccn1-c1ccc([N+](=O)[O-])cc1Cl,1
protein34,1,CN1Cc2nc3c(c(=O)n2CC12CCCCC2)C(=O)CC(C)(C)C3,0
protein34,1,COC(=O)N1CC(C(C)(C)O)CC2C3CC(CC=CC31)N2N=Nc1nc2ccccc2[nH]1,0
protein34,1,CCCn1c(=O)n(-c2ccc(OC(F)(F)F)cc2)c2nc[nH]c(=O)c21,1
protein34,1,CCN(CC)c1nc2ccccc2nc1NC1CCN(Cc2ccccc2Cl)CC1,0
protein34,1,CC(C)CCN1CCc2nc(N)nc(N)c2C1c1cccc([N+](=O)[O-])c1,1
protein34,1,Cc1ccc([N+](=O)[O-])cc1C(=O)N1CC(NC(=O)CC(C)C)C(=O)N2CCCC2C1,1
protein34,1,Cc1ncc([N+](=O)[O-])n1Cc1ccc2c(c1)CCC(N(C)C)C2,1
protein34,1,CCOc1cc(-c2cn3cc(C(=O)Nc4ccncc4)ccc3n2)ccc1O,0
protein34,1,CCOC1CCN(C(=O)Oc2cccc(C(C)(C)C)c2)CC1,0
protein34,1,CCC1C(=O)c2sc(NC(=O)C3CCN(c4ncccn4)CC3)nc2CC1c1ccccc1,0
protein34,1,Cc1ccc(C(=O)N2CCN(C)C(Cc3ccc(C#CC4(N5CCC(=O)NCC5=O)CC4)cc3)C2)s1,0
protein34,1,O=C1CC(CC=CCCn2ccccc2=O)C(=Cc2ccc(Oc3ccccc3)c(O)c2)S(=O)(=O)N1,0
protein34,1,Cc1ocnc1C(=O)NN=Cc1cc([N+](=O)[O-])ccc1O,1
protein34,1,CN=C1NC23Cc4ccc(F)cc4C(CCN2C)(O1)C3CCN1CC(O)CCC1C,0
protein34,1,O=C(CCN1CCOC1=O)Nc1ccccc1C(F)(F)F,0
protein34,1,CC(C)c1ccc(-c2csc(CCCNC(=O)C3CC(F)CN3)n2)cc1,0
protein34,1,O=C(Nc1cc(F)ccc1N1CCCC1)c1c(-c2ccccc2)n(O)c2ncccc12,1
protein34,1,Cc1nn(C)c(C)c1C1C(=O)N(CC2(C)CCOC2)C(=N)N1Cc1ccccc1,1
protein34,1,CC(=O)Nc1nnc(SCc2ccc(Cl)cc2)s1,0
protein34,1,O=C(CC1CN(Cc2ccccc2Cn2ccnc2)CC1OCCn1cnc2ccccc21)NC1CCCC1,0
protein34,1,CC(CCc1ccccc1)(CCC(O)Cn1cccc(O)c1=O)OO,0
protein34,1,CCN(C(=O)C1CN(c2nc(-c3c(F)cc(OC)cc3Cl)cs2)CC1O)c1ncc(F)cn1,0
protein34,1,CCN1C(=O)CCC1c1cccc2c1N(CCCNCc1c(Cl)cccc1Cl)CC2,0
protein34,1,Cc1c(Cc2ccc(C(C(OC(N)=O)C(F)(F)F)S(=O)(=O)c3ccccc3)cc2F)c(=O)[nH]c2ccccc12,0
protein34,1,Cc1ccc([N+](=O)[O-])cc1-c1c(C(N)=O)cnn1-c1ccccc1,1
protein34,1,Cc1c(C(=O)O)c(O)c2ncccc2c1-[n+]1ccn2cc(Cl)ccc21,0
protein34,1,O=C(Nc1cccc2cc(O)ccc12)c1cccc([N+](=O)[O-])c1,1
protein34,1,O=C(Cc1nc2ccc(NC(=O)C3CCCCC3)cc2cc1C1CC1)Nc1nccs1,0
protein34,1,CCN1CCOC2(CCCN(CC(=O)Nc3ccc(Cl)cc3)C2=O)OCc2c(c3ccccc3c3ccccc23)C1,0
protein34,1,Cc1ccc(-c2ncccn2)cc1NC(=O)N(CC1CCCO1)c1ccccn1,0
protein34,1,CC(=O)c1c2n(C)c3c(cccc13)CCCN(CCS)CCOc1ccccc1OC2,1
protein34,1,NC(=NCCCCCC(=O)NC(CCCC1COc2ccc(C=NNC(=O)c3ccncc3)cc2C1)C(=O)O)C(F)(F)C(F)(F)F,1
protein34,1,CCC(C)OCn1c(C)c(C(=O)C2CCC(=O)N2c2ccc(F)cc2)c2ccccc21,0
protein34,1,CC1CC2(CCN(S(=O)(=O)c3cc(C(=O)OCC(=O)N4CCCC4)ccc3Cl)CC2)CO1,0
protein34,1,CCCCc1c2cc(c3ccc(OC)c(O)c13)CC(O)C2N(C(=O)CC1CC1C(O)CCc1ccc(C(=N)N)cc1)C(C)(C)C,0
protein34,1,Nc1ncnc2c1c(-c1cccnc1)nn2-c1ccccc1,1
protein34,1,CCN(c1ccc(C#N)cn1)S(=O)(=O)c1cc(-c2ccccc2C(F)(F)F)ccc1Cl,1
protein34,1,Cc1ccnc(Cl)c1CC(C#N)(c1ccccc1)N1CCCCC1,0
protein34,1,CCOc1nc(OC)nc(N)c1NC(=O)c1oc2ccc(OC)cc2c1C,1
protein34,1,Cc1c(COc2ccc(C(F)(F)F)cc2[N+](=O)[O-])sc(N)c1[S+](=O)([O-])[O-],0
protein34,1,Cc1occc1C(=O)N1CC(c2nccn2C(C)c2cccc(F)c2F)CC(C(F)(F)F)C1,0
protein34,1,CCCCN(CC)c1ccc(-c2cn3c(C)c(C(=O)Nc4ccc5cc(C(=O)O)[nH]c5c4)sc3n2)cc1,0
protein34,1,COc1cc2c3c(C(N)=O)csc3n(C)c2cc1NC(=O)NC1=CCCCC1,1
protein34,1,CCC(C)c1ccccc1N1CCC(C(N)=C(C#N)C(=O)c2ccccc2)CC1,0
protein34,1,Cc1cc(S(=O)(=O)F)ccc1C(=O)Nc1ccccc1N1CCCC1=O,0
protein34,1,Cc1ccc(S(=O)(=O)N(C)C)cc1C(=O)Nc1cc(CN2CCN(C3=NCCC3)CC2)ccc1NC(=O)C1CC1,0
protein34,1,N#CC(c1ccccc1)c1ccc(-c2ccc(C(=O)N3C(C(=O)N4CCCCC4)COCC3C(O)c3ccccc3)cc2)cc1,0
protein34,1,CCN1CCCc2cc(C(=O)N(C)c3ccccc3C(Nc3ncnc4ccccc34)c3ccccc3)ccc21,0
protein34,1,Cc1ccccc1NC(=O)CSc1nccnc1NCc1ccc2c(c1)OCCO2,0
protein34,1,Nc1ccc(CNc2ccccc2-c2nc3cnccc3[nH]2)c(Cl)c1,1
protein34,1,Cc1cc2nn(-c3ccc(S(N)(=O)=O)cc3)cc2nc1C,0
protein34,1,NC1=NC(c2ccccc2Cl)C2(CCCCC2)OC1,0
protein34,1,O=C(NCCN1CCCc2cc([N+](=O)[O-])ccc21)c1cc(-c2ccccc2)n2ccccc12,1
protein34,1,CC(=O)N1c2ccc(C(=N)N)cc2C(NCC2CCCCC2C)C1C1C2CCN(C)C1CC(O)C2,1
protein34,1,O=C(Nc1ccc2c(c1)OCC(c1ccccc1)O2)c1ccc(COc2cc(O)ccc2C2CC(c3cccnc3)=NO2)cc1,0
protein34,1,Cc1ccc(F)cc1-c1nc(CN2CCc3nc(N(C)C)ncc3C2)co1,0
protein34,1,CC1=C(C(=O)Nc2nnc(CC(C)C)s2)C2N(CC2(C)C)c2ccccc21,0
protein34,1,O=Cc1ccc(C2=C(Oc3ccccc3)C(=O)N3c4ccccc4OCC3C2)s1,1
protein34,1,Cc1cnn(CC2CCCN2)c1-c1cc(F)c(NCCN(C)C)c(C(F)(F)F)c1,0
protein34,1,CCC1CCN(Cc2c(N)cccc2O)CC1,0
protein34,1,CCC(CC(O)CN)N=C=S,0
protein34,1,CC1(N)CCC(N(Cc2ccc(O)c(O)n2)C(=O)c2cccc(Cl)c2)C1,0
protein34,1,CC[N+]1([O-])CCc2c(nn(-c3cccc(Cl)c3Cl)c2C)C1,0
protein34,1,CC(=CC1=C(O)N2C(=O)C(C#N)C1c1cc(NC(=N)N)ccc12)c1ccc(Cl)c(C(N)=O)c1,1
protein34,1,CCC(C)C1Oc2c(ccc(O)c2CN2CCCC2)-c2c(OC)n[nH]c21,1
protein34,1,Cc1cc2c(c(N3CCN(Cc4ccccc4Cl)CC3)n1)CCCN2,0
protein34,1,O=C(CCC1CN2CCC1CC2)Nc1nccs1,0
protein34,1,CC1(C)C(=O)c2ccc(F)cc2C(=O)C1c1ccccc1,0
protein34,1,CCn1nc2c(-n3c([N+](=O)[O-])cnc3C)cc(-c3ccc(F)cc3)c(F)c2n1,1
protein35,1,Nc1ccc2c(c1)C(=O)N(CCc1ccccc1)C2=O,1
protein35,1,Cc1ccc(Nc2ncnc(N)c2[N+](=O)[O-])cc1,1
protein35,1,CCOc1ccccc1CNC(=O)CC(C#N)N1CCN(c2ccc3cccc(C)c3n2)CC1,1
protein35,1,Cc1nc(N=C(O)c2cn(Cc3sccc3C)c3ccccc23)c2ccccc2n1,1
protein35,1,CC(=O)NC1=NCCCN1c1nc(-c2cc(-c3cc4c(cc3C#N)CCC(C)(C)O4)ccc2C)cs1,0
protein35,1,O=C(O)c1cc(S(=O)(=O)N2CCCCCC2)c(O)[nH]1,0
protein35,1,CCc1ccccc1NC(=O)CCS(=O)(=O)c1ccc2c(C)cc(=O)oc2c1,0
protein35,1,Cc1ncc(CNC(=O)C2CCN(C(=O)c3c(F)cccc3F)CC2)nc1C,0
protein35,1,CC1(C)CCN(C(=O)CNC(=O)Nc2nc3cc(Cl)c(Cl)cc3s2)C1,0
protein35,1,CC(C)(C)SC(=O)N1CCCC(C(F)(F)F)=C1CO,0
protein35,1,CCOC(=O)Nc1nc(NC(C)=O)cc(C2=CCCCC2C)n1,0
protein35,1,Cc1ccc(C)c(Nc2nc(N)nc3ccc(-c4ccccc4)nc23)c1,1
protein35,1,CCNc1nc2cc(-c3ccccc3)n(C(=O)c3cc4ccccc4[nH]3)c2c2cnccc12,0
protein35,1,CCN1C(C)Cc2nnccc2C1C[S+]([O-])c1nc2ccccc2[nH]1,1
protein35,1,CCCCC1CC2CCNCC2CC1O,0
protein35,1,CCN(CC)c1ccc(C(=O)N(Cc2ccc(C(=O)O)cc2)c2nc3ccc(F)cc3s2)cc1,1
protein35,1,Cc1cccc(C(=O)Nc2ccc(NC(=O)C(C)(C)C)c3cccc(OC(F)(F)F)c23)c1,1
protein35,1,Cc1ccccc1CN(Cc1ccncc1)c1ncc2c(n1)OC(C)(C)C2,0
protein35,1,CCNC(=O)C(CCC1CN(CC2CN2)C(=O)c2cc(Cl)cc(Cl)c21)NC(=O)O,0
protein35,1,CNCCCNC1CC(C)(C)C(C)(C)c2cccc(O)c21,0
protein35,1,Cc1cc(S(=O)(=O)N(CCCN(C)CCO)CC2CC2)c(C)n1Cc1cccs1,0
protein35,1,CCn1nc(NC(=O)CN2C(=O)NCC2(C)C)nc1-c1ccccc1F,1
protein35,1,NC(CCCC(=O)CC(=O)O)c1ccccc1,0
protein35,1,Cc1noc(N2CCN(Cc3ccccn3)CC2)n1,1
protein35,1,CC1(C)C(=O)NCC2CNC(=O)CC(n3cc(C#N)c4ccccc43)CCCC21,0
protein35,1,O=C(NC(Cc1c[nH]c2ccccc12)C(=O)O)c1cccc(C(O)Cc2ccc(CN3CCCCC3)cc2C(=O)O)c1,0
protein35,1,Cc1cc(C)c2nnc(CCN(c3ccc(F)cc3)c3nc4c(c(=O)[nH]3)CCC4)n2c1,1
protein35,1,CCS(=O)(=O)Nc1c(C(=O)N(c2c(C)cccc2C)C2CCCCC2)[nH]c2cccc(OC)c12,1
protein35,1,Cc1c(Cl)cccc1N1C(=O)c2cccc3cccc1c23,1
protein35,1,O=C1C(c2ccccc2)Oc2ccccc2N1C1CCN(Cc2ccccn2)CC1,0
protein35,1,CCN(CC)CCCNC(=O)c1cc(C)nn1-c1nc(-c2cccc(OC(F)(F)F)c2)cs1,0
protein35,1,CCN1Cc2cc3c(n2-c2ccc(S(=O)(=O)Nc4ncccn4)cc21)CCC3,0
protein35,1,CCCC1(C#CCN(C)C)CC(CC)CCC(=O)N1C,0
protein35,1,CCCCCCC1CC=C(C)C(S(=O)(=O)O)N1C,0
protein35,1,CC(=O)Nc1ccc(Cl)nc1N1C(=O)c2ccccc2C1=O,1
protein35,1,CCNCCNC(=O)c1cccc2c(N=C(C)N(C)C)c3ccccc3nc12,1
protein35,1,CC#CCN(C(=O)c1sc2nc(-c3cccs3)cc(C(F)(F)F)c2c1N)c1ccc([N+](=O)[O-])cc1,1
protein35,1,Cc1ccc(-n2ccc3c(NCCN4CC(C)OC(C)C4)cc(-c4ccccc4)nc32)cc1C,1
protein35,1,Cc1c(C(=O)NCC(F)(F)F)ccn1-c1nc(NC2CCCCC2C)ncc1[N+](=O)[O-],1
protein35,1,O=C(NC(C(=O)O)c1ccc(Cl)cc1)C(CO)Sc1ccccc1,0
protein35,1,Cc1nc2ccccn2c1C(=O)NCC(CC1(C)CCc2ccccc21)NC(=O)N(C)C,0
protein35,1,CN1C(=O)N(CC2CC2(F)F)C(C(N)=O)C12CCCC(n1cnc3c(NCc4ccc(C(F)(F)F)cc4)nccc31)C2,0
protein35,1,O=C1N=C2Sc3cc(=O)oc4c(cccc34)C1N2C(=O)CO,1
protein35,1,CC(=O)NCC1CN(c2ccc3nc(-c4cnn(-c5ccc(F)cc5F)c4C(F)(F)F)[nH]c3c2)C(=O)O1,1
protein35,1,CCCCCC(C)C(=O)C=C(COC)SC#N,0
protein35,1,CCC1CN(C(=O)C(O)C(C)N2CCN(C)CC2)C(C#N)(c2ccccc2)CC1N,0
protein35,1,CCC1NCCCC1c1cccc(-c2ccc(OC3CCN(c4cc(N(C)C)ncc4F)C3)cc2)c1,0
protein35,1,O=C(Nc1ccc(Cl)c(Cl)c1)c1cc2ccncc2cc1OCCCN1CCCCC1,0
protein35,1,CCn1cc(C(N)=O)c(Nc2cc(-c3nc4cc(C(=N)N)ccc4[nH]3)ccc2C)n1,0
protein35,1,O=C(Nc1cc(Cl)c(F)cc1OCC(F)(F)F)c1c(O)nsc1C(F)(F)F,0
protein35,1,CCN(Cc1ccc(-c2ccc(S(=O)(=O)N(C)C(C)(C)C(=O)O)cc2)cc1)S(C)(=O)=O,0
protein35,1,Cc1cn(S(=O)(=O)c2sc3ccc(Cl)cc3c2Nc2ccc([N+](=O)[O-])cc2C)c(C)n1,1
protein35,1,Cc1cnc(Nc2cnn(C(C)(C)C)c2)nc1C1CCCN(Cc2nc(CC(C)C)oc2C)C1,0
protein35,1,NC(=O)C1CCN(C(=O)c2cc(-c3ccnc(Nc4ccccc4C(=O)O)n3)ccc2Cl)CC1,0
protein35,1,Cc1cnc2c(c1)CCN2C(=O)c1cccc(-n2nc(C(F)(F)F)cc2C(F)(F)F)c1,0
protein35,1,Cc1noc(CN2CCCCC2C(=O)NCC2c3ccccc3CCC2CO)n1,0
protein35,1,O=C(NC1CCN(C(=O)OCCCn2ccnc2)C1)c1cccn1-c1ccc(F)cc1,0
protein35,1,CC(C)CS(=O)(=O)OC1CN2CCN1CC2,0
protein35,1,Cc1cc(Nc2nnc(-c3ccccc3C#N)s2)c2cccn2n1,1
protein35,1,Nc1ncnc2c(Oc3cccc(CCCO)c3)cc(Cl)cc12,0
protein35,1,CCC1CCc2ccc3c(c2N2C(=O)C4N(C(=O)C4(C)CC1)C2N(C)C)CC(O)CC3,0
protein35,1,CCOCC(c1ccc2c(c1)C(NCCN)CC(C)(C)O2)S(=O)(=O)N1CCCCC1,0
protein35,1,Cc1ccc(Nc2ccnc(C(=O)NC3CCN(Cc4ccccc4)CC3)c2)cc1F,0
protein35,1,CC1=NN(c2c(F)cccc2F)S(=O)(=O)C1,1
protein35,1,Cc1c(C(=O)Nc2noc3c2CCC3)cccc1[N+](=O)[O-],1
protein35,1,O=C1CCC(=O)N1c1cccc(-c2ccccc2C(F)(F)F)c1,0
protein35,1,Cc1cc(C(=O)Nc2cc(-c3ccccc3)nc3ncccc23)c(C)n1-c1ccccn1,1
protein35,1,CC1=NN(c2cccnc2Cl)C(=O)C1C,0
protein35,1,CC1(C)Cc2cc(S(C)(=O)=O)ccc2N1c1nccc(-c2cc(F)cc(Cl)c2)n1,0
protein35,1,O=C1c2ccccc2SCC1OC(CC1=CCCCC1)C(F)(F)F,0
protein35,1,Cc1ccc(NC(=O)c2c(C)c(-c3cscn3)c(-c3ccc(F)cc3)n2CC2CCCO2)c(C)c1,1
protein35,1,CC(=O)c1c(Nc2ccncc2)cc2n(c1=O)CC1CC(C)CN(C2)C1,0
protein35,1,Nc1nc(C2N=C(n3ccnc3)c3c(ccc(Cl)c3Cl)N2)c2ccccc2n1,1
protein35,1,Cc1ccc(-c2cccc3c2CC(C)(C)NC3)cc1,0
protein35,1,O=C(Nc1ccc(OC(F)(F)F)cc1)c1cc([N+](=O)[O-])cc([N+](=O)[O-])c1,1
protein35,1,O=Nc1c(I)nc(-c2ccc(Br)cc2)c2[nH]cc(C3CCCCC3)c12,1
protein35,1,N=C(N)Nc1nc(-c2cccc(-c3cnc(Cl)c(NCc4ccc(Cl)nc4F)c3)c2)n[nH]1,0
protein35,1,CC#CC(O)CC(O)=C(C#N)c1nc2ccccc2o1,0
protein35,1,CCn1nc(F)c2cc(C(=O)Nc3cccc(S(N)(=O)=O)c3)ccc21,1
protein35,1,Cc1cc(-c2nnc(N3CCN(C4CCCC4)CC3)s2)c2c([N+](=O)[O-])cccc2n1,1
protein35,1,O=C(O)C1OC(NC(c2cc(C(F)(F)F)ccc2O)C2CCCCC2)=NC1c1ccccc1Cl,0
protein35,1,Cc1ccccc1NC(=O)c1c(C)nn(-c2ccc(N)c(C#N)c2)c1C(F)(F)F,1
protein35,1,CCC(=O)Nc1ccc(C2Cc3ccc(O)cc3C2)cc1N1CCCCC1,1
protein35,1,O=C(CCN1CCCCC1)Nc1ncc(-c2ccncc2Cl)cc1OC(F)(F)F,0
protein35,1,CCCCN1C(=O)C(=O)c2cccc(Cl)c21,0
protein35,1,CN(C)c1cc(-c2c(-c3cc4ccccc4[nH]3)nc3ccccn23)nc(N2CCC(OCCO)CC2)n1,0
protein35,1,Cc1ccc2nc(Cn3cc(C)c(-c4ncccc4Cl)n3)nc(Nc3ccccc3)c2c1,1
protein35,1,CCN1CCC(NC(=O)C2CCCN2C(=O)c2cnn(-c3ccc(F)cc3F)c2C)C1=O,1
protein35,1,Cc1cc(=O)nc2n1-c1ccccc1CC2c1ccccc1,0
protein35,1,Cc1ccc(C)c(NC(=O)CCCn2ncc3cc([N+](=O)[O-])ccc32)c1,1
protein35,1,CCN(CC)CCNC(=O)c1cc(C)cc2ncc(C)nc12,1
protein35,1,O=Cc1ccc(NC(=S)N2CCN(Cc3ccccc3-c3cccc(F)c3)CC2)cc1O,0
protein35,1,CC1C2CCC(C)(C)c3cccc(c32)N1C,0
protein35,1,CCCC1Sc2ccc(Nc3nccc(N(C)C)n3)cc2NC1=O,1
protein35,1,CCN(CC)c1nc(C2CC(OC)C(=O)N2C)cc(-n2cc([N+](=O)[O-])nc2C)n1,1
protein35,1,Nc1nc(-c2ccc3[nH]c(-c4ccnc(OC(F)(F)F)c4)nc3c2)nc2c1CNCC2,0
protein35,1,Cc1ccc(-c2cn(C)c3nc4c(c(C)c23)CCN4)c(NCc2ccccc2C)n1,1
protein35,1,CC(C)N1c2ccc(Nc3ccnc4ccccc34)cc2CCC1C,0
protein35,1,CC(C)CC1CN(c2cc(F)c(N3C(=O)CC(OC(F)(F)C(F)(F)F)C3=O)cc2Cl)C(=O)O1,1
protein35,1,CCCn1c(-c2ccc(F)c(-c3cccs3)n2)nc2[nH]ncc2c1=O,0
protein36,1,CC(C)CCCC1=CC(=O)N(C)CC1,0
protein36,1,CCN(CCN1CCOCC1)c1nnc(-c2cccc(F)c2)[nH]1,0
protein36,1,Cc1ccc(-c2cc(C#N)c(NC(C)c3cnccn3)[nH]2)cc1,0
protein36,1,O=c1c2c(cnn1-c1cccc(Br)c1)c1ccccc1n2Cc1ccncc1,1
protein36,1,Cc1c(F)ccc(C=NN2CCN(CC3CCOc4ccc([N+](=O)[O-])cc43)CC2)c1Cl,1
protein36,1,CCCCCC(NC(=O)C1N=C(c2ccccc2)c2ccccc21)C(=O)O,0
protein36,1,CC(=O)Nc1cccc2c(CSC(=Nc3cccc([N+](=O)[O-])c3)N3CCN(C(C)C)CC3)coc12,1
protein36,1,CCN(c1cc(C)nc(-c2ccccn2)n1)c1ccccc1-c1csc(C2CC2)n1,1
protein36,1,CCC1CC2=C(CCn3c2cc2ccccc23)C(OC)C1,0
protein36,1,CC(C)C(OP1(=O)OCCS(=O)(=O)c2ccc(-c3cccs3)cc21)C(=O)O,0
protein36,1,Cc1ccccc1-n1c(CC2CCCO2)cnc1S(=O)(=O)c1cccc(Cl)c1,0
protein36,1,Cc1c(Cc2ccccc2)c(O)n2ccsc12,0
protein36,1,Cc1cccc2c1C(C)(C)CC2NS(=O)(=O)c1c(C(F)(F)F)noc1C,1
protein36,1,CCC(C)CNc1ncc(Cl)c(-n2cc(-c3ccccn3)nc2C#N)n1,0
protein36,1,Cc1ccsc1C1=CCCN(CCCN(C)C)C1,0
protein36,1,CCC(C)C(N)C(=O)NC(Cc1ccc(O)cc1)C(=O)O,0
protein36,1,CC(C)Nc1cc(OCCCCCCC(CC(=O)NO)C(=O)N2CCN(C)CC2)cc(-c2ccccc2)c1,0
protein36,1,CC1=C2CCC(CN2C)N=Nc2c(O)ccc3cccc(c23)C1=O,1
protein36,1,O=C(CCC1CCCCC1N1C(=O)c2ccccc2C1=O)Nc1ccc(S(=O)(=O)Nc2ncccn2)cc1,0
protein36,1,Cc1cccnc1Nc1ncccc1NC(Cc1ccc(C#N)cc1)c1cccnc1,0
protein36,1,CCCS(=O)(=O)N1C(=O)CC2(CCCC2)c2cc(-c3ccccc3)ccc21,0
protein36,1,O=C(Nc1ccc(Cl)cc1N1CCCC1=O)c1cc(-c2ccncc2)nc2ccccc12,1
protein36,1,O=C(c1ccc(Cl)c(Cl)c1)c1cc(S(=O)(=O)N2CCCCC2)ccc1N1CCCC1=O,0
protein36,1,CC[N+]1(CC)CCN2CC1C2,0
protein36,1,CCn1c2c(c(=Nc3cc(Cl)c(Cl)cc3OC)c3cc(N(C)C)ccc31)CCC2,1
protein36,1,Nc1nccc(Oc2cc3c(c4ncccc24)CC2CC3CCN2Cc2ccccc2)n1,1
protein36,1,O=C1C=CCN1CCNc1cc(Cl)cc(Cl)c1,0
protein36,1,O=C(NCc1cc(Cl)ccc1S(=O)(=O)Nc1nc2cc(O)c(F)cc2s1)c1ccccc1,0
protein36,1,CCC(CC)NC(=O)c1cnc2c(-c3cccnc3)c(-c3ccc(OC)cc3)nn2c1O,1
protein36,1,O=C1CC(c2ccccc2F)N1C(=O)N1CCCCC1,0
protein36,1,O=C(Nc1ncc(Cc2ccc(Cl)cc2F)s1)C1CCCCC1,0
protein36,1,CCC1CNCC2Cc3ccc(OCC4CN(C(=O)C5CCCC5)CC4CO)cc3C(=O)N12,0
protein36,1,Cc1ccc(Oc2c(-c3nnc(NC(=O)COCCO)s3)[nH]c3ccccc23)cc1,0
protein36,1,Cc1ncc([N+](=O)[O-])n1Cc1ccccc1,1
protein36,1,O=C(CCc1nn2ccc(-c3ccccc3)cc2c1-c1ccccc1)N1CCNCC1,0
protein36,1,Cc1nn(-c2ccccc2)c(NC(=O)c2ccc(O)cc2)c1-c1cccc2ncsc12,1
protein36,1,Cc1ccnc(N2CCN(c3nc(C)n[nH]3)CC2)c1,0
protein36,1,CCOc1ccccc1N1CCCN(c2ncccn2)CC1,1
protein36,1,Cc1cc(C(F)(F)F)c2nc(-c3ccc(S(C)(=O)=O)cc3)c(NCC3CCC3)n2c1,0
protein36,1,Cc1ncc2nc(NCC3CCCN(C)C3)nc(O)c2c1C,1
protein36,1,CCNC(=S)NN=C(C)c1cc(Cl)c(OCC2CCCN(C)C2)cc1OC,0
protein36,1,NC1CCN(c2ccc(-c3ccc(F)cc3F)cc2)C1,0
protein36,1,CC1c2c(nc3cc(C(C)(C)C)on23)CCN1Cc1ccnc(C(=O)O)c1,0
protein36,1,CC(C)CN1C(CC2COC3(CCN(Cc4ccccc4F)CC3)CN2)CCC1C(=O)O,0
protein36,1,CC1OC(=O)C=C1Nc1ccccc1-c1ccc(F)c(F)c1,1
protein36,1,CCOCc1ccc2c(c1)CCN(CC(CO)CN(C)C(=O)c1ccncc1)C2,0
protein36,1,CCC(=NNS(=O)(=O)c1cccc([N+](=O)[O-])c1)C(C)=Cc1ccccc1,1
protein36,1,CC1CCCC2C3CN(C)CC3C(=O)N3CCCC3COC(=O)c3ccc(c([N+](=O)[O-])c3)N12,1
protein36,1,CC1(C)CCCCC1NC(=O)Nc1c(Cl)cc(S(=O)(=O)Nc2ncncc2Cl)c(F)c1F,0
protein36,1,CC1Oc2ccc(C(=O)Nc3cc(Nc4ncccn4)ccc3Cl)cc2NC1=O,0
protein36,1,Cc1ccccc1-n1c2ncnc(N)c2c2cnc3ccccc3c21,1
protein36,1,O=C1CCC(Cn2cc(-c3ccc4ccc(Nc5ccccc5)nc4c3)cn2)N1,1
protein36,1,CC(C)CCN(CC#Cc1ccccn1)Cc1nccs1,0
protein36,1,CCCC1(N(C)C2c3cc4c(cc3C#CC(=O)C2CC)OC(C)(C)C=C4)C(=O)N(C)c2ccccc21,0
protein36,1,CCc1ccc(CN(C(C)C(=O)NO)S(=O)(=O)c2ccc(NC(=O)Nc3ccc(OC)cc3)cc2)cc1,0
protein36,1,CC(=O)Cc1nnc(Oc2ccc(Cl)cc2Cl)cc1-c1ccc(N(C)C)cc1,0
protein36,1,NCCCCC(O)CC(=O)N(CC1CC1)C1CCN(C(=O)c2cc(F)cc(F)c2F)CC1,0
protein36,1,CCCc1nn(C)c(OC(=O)c2ccccc2)c1-c1ccncc1,0
protein36,1,CC(C)C1CCC(=O)N1C(=O)c1ccc(OC(F)(F)F)cc1C(=O)Nc1ncc(C(N)=O)cc1Cl,0
protein36,1,CCCCC(CCN=[N+]=[N-])P(=O)(O)O,1
protein36,1,CCCCNC(=O)C(C#N)=Cc1ccc(Nc2ccccn2)cc1,0
protein36,1,CCCC[N+](C)(C)C1CCCCC1,0
protein36,1,CCCCc1nc2ccc(C(=O)N3CCN(Cc4ccccc4)CC3)cc2[nH]1,0
protein36,1,CCC(C)=NNC(=O)c1sc(-c2ccccc2)nc1C(F)(F)F,1
protein36,1,O=C(NC(c1nc(-c2cccc(F)c2F)cs1)C(F)C(F)(F)F)C(F)(F)F,1
protein36,1,CCS(=O)(=O)CCCSC(C)CCCC(C)N,0
protein36,1,O=C(C=C(O)C(=O)N1CCN(Cc2ccccc2)CC1)c1ccccn1,0
protein36,1,CCN(CC)c1cnc(Nc2nc3cc(C(F)(F)F)ccc3n2Cc2c(F)cccc2Cl)[nH]c1=O,0
protein36,1,Cc1c(Cl)ccc2c1C(C)(CC(=O)NCCN1CCOC(c3cccc([N+](=O)[O-])c3)C1)CC(C)(C)O2,1
protein36,1,CCC1CN(c2ccc(C)cc2-c2ccc(C)c(-c3cccs3)c2)CCN1,1
protein36,1,Cc1nc2ccccn2c1-c1cccc(C(=O)Nc2ccnc(N(C)CC3CCNC3)n2)c1,0
protein36,1,Cc1cc(NC(=O)c2cn(C)c3ccccc23)c2nc(C)ccc2c1,1
protein36,1,CC(NS(=O)(=O)c1ccc2c(-c3ccnc(N(C)C)n3)c(CCl)oc2c1)c1ccccc1,1
protein36,1,CCc1csc(Nc2ccc(CN3CCCN(c4ncccn4)CC3)cc2[N+](=O)[O-])n1,1
protein36,1,O=Cc1cc(N2CCC(OC(Cn3cncn3)c3ccccc3F)C2)ccc1F,0
protein36,1,Cc1nc(NCCC(F)(F)F)c2cc(C(C)(C)C)sc2n1,0
protein36,1,CCC(C)C(=O)N1C=Cc2cccc(OC(C)C)c2C=C1CCC(C)CO,0
protein36,1,Cc1nn(C)c(C)c1Nc1ccc(C(=O)C=CCO)c(Nc2c(C(=O)N3CCCC3)cnc3ccncc23)c1,0
protein36,1,Cc1ccc(C)c(NC(=O)c2cc([N+](=O)[O-])cc([N+](=O)[O-])c2)c1,1
protein36,1,Cc1cc(C(=O)NN=Cc2cc(OC(F)(F)F)ccc2OC(C)C)nc(N(C)C)n1,1
protein36,1,CCCC1CCC(NC(=O)c2ccccc2[S+]([O-])c2cc(F)ccc2F)C1,0
protein36,1,Cc1nc2cccc(C)c2nc1NCCCOCC(=O)Nc1cccc(F)c1,0
protein36,1,Cc1ccc2c(c1)nc(C(=O)Nc1cccc(F)c1)n2CCCN=C(N)N(C)C,1
protein36,1,O=C(Nc1cc([N+](=O)[O-])ccc1N1CCNCC1)c1ccncc1,1
protein36,1,O=C1C(=C2CCN(S(=O)(=O)c3cccc(C(F)(F)F)c3)CC2)Nc2ccccc21,0
protein36,1,CCC(C(=O)Nc1nnc(-c2ccncc2)o1)c1ccccc1,0
protein36,1,Cc1nn(-c2ccnc3c(-n4cncn4)c(F)c(-c4ccccc4F)nc23)c(C)c1C(C)O,0
protein36,1,O=C(c1cc(-n2cnnc2-c2ccccc2)ccc1F)N1CCCC(N2CCOCC2)C1,0
protein36,1,CCn1cc(-c2ccc(OCCN3CCC(NC(=O)c4ccccn4)CC3)cc2)c2ccccc21,1
protein36,1,O=C(Nc1ccc(-c2ccnc3ccccc23)cc1NC(c1cccnc1)c1nc2ccccc2s1)c1ccco1,1
protein36,1,Clc1ccc(COc2cncc(-c3cc4c(cc(C5=NCCO5)n4C4CC4)nn3)c2)cc1Cl,0
protein36,1,NS(=O)(=O)OCC1=C(C(F)(F)F)N(c2ccc3c(c2)OCCCO3)C(c2ccccc2)C1CCC(O)CO,0
protein36,1,Cc1ccc(CNC(=O)C2CC(=O)N(C)c3ccccc32)c(C)c1,1
protein36,1,Cc1ccccc1CS(=O)(=O)CC(=O)NC1CCCCC1C,0
protein36,1,CCn1ncc2ccc(-c3cc(Nc4cc(NC(C)=O)ccc4C4CCC([S+](C)[O-])CN4)ncn3)nc21,1
protein36,1,Cc1ccc(Nc2c(C(=O)Nc3ccc(OCC4CC4)cc3)cnc3cc4n(c23)C(=O)CC(C)(C)C4)cc1,0
protein36,1,Cc1ccnc(-n2nc(Cn3nc(C)c4c(N)cccc43)nc2-c2cccc(OC(F)(F)F)c2)c1,1
protein36,1,CCN(C)C(=O)c1ccc(NC(=O)c2ccc(COc3ccc(C#N)cc3Cl)o2)cc1,0
protein36,1,CC(=NNC(=O)c1csc(C(C)C)n1)c1cc(O)ccc1O,0
protein36,1,CC(=O)N1CCC(c2noc3ncc(C(F)(F)F)c(Cl)c23)CC1,0
protein37,1,CCC(=O)NCc1cc(-c2ccccc2)cc(Nc2nccc3oc(-c4cnc(N)nc4)cc23)n1,1
protein37,1,CN1CC(=O)N(C(C)(C)c2cccc(-c3ccc(F)cc3F)c2)C1=S,0
protein37,1,CC(O)CC(F)C1c2ccccc2C(CCN(C)C)c2ccc(-c3cnc(N)nc3)cc21,1
protein37,1,CC1CCC(N)(N2CCc3c2nc2ccc(Cl)cc2c3Nc2cccc(O)c2)CC1,0
protein37,1,CCCN1CCCCC1,0
protein37,1,CCC(NC(=O)C(N)CCS(=O)(=O)c1ccc(O)c(OC)c1)c1ccc(F)cc1F,0
protein37,1,O=CCCN(c1cccc(Cl)c1)S(=O)(=O)c1cccs1,0
protein37,1,O=C(NCC(=O)N1CCc2ccccc21)c1ccccc1[N+](=O)[O-],1
protein37,1,Nc1nc(NCCN2CCCCC2)c2nc(-c3c(F)cccc3F)[nH]c2n1,1
protein37,1,CCN(CC)CC#Cc1cc(C)c(O)c2c1C=CC(C)(CC)O2,0
protein37,1,CCN(CC)c1ccc(NC(=O)c2cnn3c(OCc4cccc(C)c4)cccc23)cc1,1
protein37,1,O=C1CC(C(=O)O)N(c2ccc(F)cc2F)c2c(Cl)cccc2N1,0
protein37,1,CCN(CC)S(=O)(=O)c1ccc(NC(=O)c2ccc(Cl)cc2)cc1,0
protein37,1,CCn1cc(C(C)=O)c(C(F)(F)F)n1,0
protein37,1,O=Cn1c(-c2ccc(S(=O)(=O)O)cc2)nc2c(O)cc(C3CC3)nc21,0
protein37,1,CC1Cc2cn(C(C)C)nc2CN1C(=O)Oc1cccnc1,0
protein37,1,NCC(N)C(=O)Nc1cccc2c1c(S(=O)(=O)c1ccccc1)n[s+]2[O-],0
protein37,1,O=c1c2cccnc2c2c(-c3ccccc3)coc2n1C1CCC(F)(F)CC1,1
protein37,1,O=C(NN=Cc1scnc1Br)c1ccc(NC2=NCCO2)cc1,1
protein37,1,CC(=O)N(C(C)=O)c1nccc(NS(=O)(=O)c2ccc(Oc3ccc(Cl)cc3)cc2)n1,0
protein37,1,Cc1cccnc1-c1cc(Nc2ncnc(N)c2C#N)ccc1O,1
protein37,1,CCOc1ncc2c(-c3ccc4c(c3)NC3CCCCC(C3)O4)c(N(C)C)n(CC)c2n1,1
protein37,1,CCCCNC(=O)c1c(C)nn(-c2ccccc2)c1OC,0
protein37,1,Cc1cccc(Nc2nccc(-c3cn(C)nc3-c3ccncc3)n2)c1,0
protein37,1,Cc1cc2ccnc(Nc3ccccc3N)c2c(C)n1,1
protein37,1,CC(=O)OC1C(=O)c2ccccc2C(C)C1N1CCCCC1,1
protein37,1,O=C1C(=Cc2cccnc2)CC(c2ccccn2)CN1c1ccccc1,0
protein37,1,CC1(C)CC(NC(=O)C2CN(C(C)(C)C)C(=O)O2)C(=O)c2ccccc21,0
protein37,1,CCN1CCN(C(S)=Nc2ccccc2-c2ccc([N+](=O)[O-])cc2)CC1,1
protein37,1,CC(NC(=O)C1Cc2ccccc2CN1Cc1ccc(Cl)cc1F)C(=O)O,0
protein37,1,Cc1ccc(CC(C)n2ncc(C(O)C(F)(F)F)n2)c(Cl)c1-c1ccc(C(=O)C(C)C)cc1,0
protein37,1,Cn1c2cc(O)c(O)c(O)c2c2c(=O)occc21,1
protein37,1,NC1=NC(CCCCC2CC3=NC(c4cccc(Cl)c4)CN32)CO1,0
protein37,1,Cc1cccc(C)c1OC1(c2ccccc2)CC(C)(N)CCC1C[N+](=O)[O-],1
protein37,1,CCNCCc1nc2cc(Cl)ccc2c(=O)n1-c1cc2cc(C)ccc2[nH]1,1
protein37,1,Cc1cc(C(=O)N2CCC(N(C)Cc3csc(-c4ccccc4F)n3)CC2)n(-c2cccc(C(F)(F)F)c2)n1,0
protein37,1,O=C1CC(S(=O)(=O)N2CCN(c3ncccn3)CC2)CN1c1cccc(Cl)c1,0
protein37,1,CCN(C)C(C)C1(CC)CCC(=O)c2[nH]c3cccc(OC)c3c21,1
protein37,1,CCN1CCCN(c2c(C(=O)O)cnc3ccc(OC)cc23)CC1,1
protein37,1,CCc1cc(N(C)C)nc(-n2ncc(C(=O)Nc3ccc(F)c(F)c3)c2Cc2ccc(C(=O)OC)cc2)n1,0
protein37,1,Cc1cc(NC(=O)c2ccc(F)c(F)c2)ccc1-c1nc(CS(C)(=O)=O)c(N)o1,1
protein37,1,CN1CCN(c2nc(N3CCOCC3)cc(-c3cncc(Nc4ccc5c(C6CC6)noc5c4)c3)c2C#N)CC1,1
protein37,1,Cc1cnc2c(c1[N+](=O)[O-])c1ccc(F)cc1n2CC(NS(=O)(=O)c1cccs1)C(C)C,1
protein37,1,Cc1cccc(Nc2nc(Nc3ccccc3C)cn3c(C)c(C(=O)N(C)C)nc23)c1,0
protein37,1,Cc1ccc(C)c(NC(=O)c2cnn(-c3nc4ccccc4s3)c2O)c1,0
protein37,1,Cc1ccc(Nc2c(C#N)cnc3c(-c4cccc(N(C)C)c4)cnn23)cc1C,0
protein37,1,Cc1nc2ccc(Cl)cc2c(C(=O)O)c1O,0
protein37,1,CC(C)CCNC(=O)c1ccc(COc2ccccc2)o1,0
protein37,1,Cc1ccc(S(=O)(=O)N(C)c2ccc(-c3cn4ccccc4n3)cc2)c(=O)n1C,1
protein37,1,Cc1cc(Oc2ccc3c(c2)CC(N2CCCCC2)C3)c([N+](=O)[O-])cn1,1
protein37,1,OC(CN1CCCCC1)Cn1ncc2ccccc21,0
protein37,1,Cc1cc2c(cc1C(=O)N1CCNCC1)-c1[nH]c3ccccc3c1CC2,0
protein37,1,O=C(C=Cc1cccnc1)Nc1nnc(-c2cccc(F)c2)s1,0
protein37,1,O=C(c1cccc(O)c1F)N(CCNC1CCCCC1)c1c(C(F)(F)F)oc2ccc(Cl)cc12,1
protein37,1,CC1=C2OCOC3(CCCCC3)CC(=O)NCCC1N(C(=O)C1CCCCN1)CC2O,0
protein37,1,CCc1ccccc1Oc1ccc2c(c1)C(=C(C#N)c1c[nH]c3ncccc13)C(=O)N2,1
protein37,1,CCC1CCCN2c3cc(O)cc(O)c3CCC12,0
protein37,1,CCN(CCS)C(=O)c1c(C)oc2nc(C)nc(N)c12,1
protein37,1,Cc1cnn(CC2CC3CN(C2)C(=O)CC3N(C)CCCCO)c1,0
protein37,1,NC(=O)c1ccccc1CNc1ccc(-c2ccccc2F)nn1,0
protein37,1,Cc1c(S(=O)(=O)N(C)CCCC(C)(C)N2CCNCC2)ccc2nc(N)nc(N)c12,1
protein37,1,CC(C)C(=O)Nc1ccnc(Nc2c(C#N)sc3ccc(Cc4ccccc4)cc23)c1,0
protein37,1,Cc1cc(Oc2nc3sc(-c4ccoc4)nc3c(=O)n2C)c(S(=O)(=O)N(C)C)cc1C,1
protein37,1,CCn1cc(NC(=O)C2CCN(CC(=O)Nc3ccc(C(F)(F)F)cc3F)CC2)cn1,0
protein37,1,Cc1nocc1C(=O)Nc1ccc2c(c1)C(=O)N(C1CCCCC1)C2=O,0
protein37,1,Nc1cccc(-c2cncc(Nc3cccc(-c4ccncc4)c3)n2)c1,1
protein37,1,COc1ccc(NC(CN2CCOCC2)=NC(C)=O)cc1,0
protein37,1,CC(C)n1c2c(c3ccccc31)CCc1nc3ccc(O)cc3c(N)c1-2,1
protein37,1,Nc1ccccc1NC(=O)c1ccc2[nH]n(-c3ccccc3)c(=O)c2c1,0
protein37,1,CCC(Nc1nc2ccc(C(F)(F)F)cc2cc1C(N)=O)c1ccc([N+](=O)[O-])c(OC2CC2)c1,1
protein37,1,CCn1nc(Cc2ccccc2)c2cc(OCC(O)CN3CCCCC3C)ccc21,0
protein37,1,O=C(Nc1cc(I)cc2cccnc12)c1ccc(F)cc1F,1
protein37,1,NC(=S)Nc1ccc(Cl)c(S(=O)(=O)Nc2nccs2)c1,0
protein37,1,CC1(C)CC(C(=O)NCc2ccc(S(=O)(=O)N3CCOCC3)cc2)C1n1ccnc1,0
protein37,1,Cc1nc(-c2ccccn2)ccc1Oc1cc2c(c(C(C)(C)C)c1)CC(N)C(C)(N1CCCC1)C2,0
protein37,1,CC(C)n1nc(-c2ccc(OCc3ccccc3)cc2)c2c(NCc3ccco3)ncnc21,1
protein37,1,CCCn1c(SCC)c(C(=O)NN=C(C)c2ccc([N+](=O)[O-])cc2)c2ccccc21,1
protein37,1,CCn1cc(CNC(=O)c2nn(-c3cccc(OC)c3)c(-c3cccc(Cl)c3F)c2Cc2ccccn2)cn1,1
protein37,1,Cc1cccc(N2C(=O)CSC2c2ccccc2C(F)(F)F)c1C(=O)N1CCCC1,0
protein37,1,Cc1ccc(C(=O)Nc2nc(Nc3cccnc3)ccc2Cl)s1,1
protein37,1,CCOC(=O)c1c(C)[nH]c(C(=O)CN2CCOCC2)c1CC,0
protein37,1,Cc1cc(Nc2ccc([N+](=O)[O-])c(C#N)c2)c2ncc(-c3cc(N4CCCCCC4)ccn3)c-2n1C,1
protein37,1,CC(=O)c1nn(CC(OC(=O)Cc2ccc(Cl)cc2C(F)(F)F)N2CCOCC2)c2ccccc12,0
protein37,1,CC(=O)N(C)Cc1cn(C(C)c2cc(Cl)cc3ccc(C#N)cc23)c2ccccc12,0
protein37,1,CCN(CC)CCn1c(=O)c2c3c(sc2n(-c2cccc(OC)c2)c1=O)CC1(CCCCN1)CC3,1
protein37,1,Cc1ccccc1NC(=O)c1cnc(Nc2ccc(S(=O)(=O)NC(C)C)cc2)c2ccccc12,0
protein37,1,Cc1nc2cc(-c3cccc(NC(=O)CC4Sc5ccccc5NC4=O)c3)cnc2c(O)c1C,0
protein37,1,CCn1c2ccccc2c2nc(C(C)(C)CC)nc(N3CCNCC3)c21,1
protein37,1,CN(CC(=O)NC1CC(=O)N(C2CCCCC2)c2ccccc21)S(=O)(=O)c1cc(C(F)(F)F)ccc1Cl,1
protein37,1,CCn1c(O)nc2c3sc(-c4cccs4)nc3cc(C(F)(F)F)c21,1
protein37,1,CCC(O)CC12CCN(C)CC1Oc1cc2c(C)c(C)c1OC1CCNCC1,0
protein37,1,Cc1c(C(F)(F)F)oc2c(CN3CCNCC3)ccc(C(=O)NC3CN4CCC3CC4)c12,1
protein37,1,Cc1cc(-c2cccc(OC(=O)N3c4ccccc4CCC3C)c2)on1,0
protein37,1,Cc1ccc(N2C(=O)CC(=O)NC2=S)c(C)c1,0
protein37,1,CCOc1cc(-c2noc(C)c2C(=O)Nc2ccc(S(=O)(=O)C(F)(F)F)cc2)ccc1O,0
protein37,1,Cc1cc(Nc2cc(F)ccc2-c2cccnn2)n2ncc(-c3ccc(F)cc3)c2n1,1
protein37,1,CC1=CCCn2c(nc3ccc(C)cc32)N2CCN(CC2)CC(O)CN2CCN1CC2,1
protein37,1,Cc1ccc(NC(=O)N2Cc3ccc(C)nc3C2NC(=O)c2cc(C(F)(F)F)nn2-c2ccc(C)cc2)cc1,0
protein37,1,O=c1[nH]nc(-c2ccncc2)cc1N=Nc1ccc(F)cc1Cl,0
protein37,1,O=C(Nc1ccnn1CC(F)(F)F)N(c1ccc(-c2cccs2)cc1)C1CCCCC1,0
protein38,1,CC(Cc1ccccc1)NC(=O)CCn1c(SCC(=O)O)nc2ccccc21,0
protein38,1,Cc1[nH]ccc1C(=O)NC1CCN(Cc2ccoc2)CC1,0
protein38,1,Cc1ccc2c(Nc3cc(C)nc(NC(=O)c4cccc(OC(F)(F)F)c4O)c3)c(C)c3ncccc3c2c1,1
protein38,1,CCCCn1c(=O)c2nc(-c3ccc(Cl)cc3)[nH]c2n(Cc2ccc(-c3cccnc3)cc2)c1=O,0
protein38,1,CCN(CC)C(=O)c1ccc2sc3nnc(-c4ccccc4O)n3c2c1,1
protein38,1,Cc1cc(OCc2cc(S(=O)(=O)Nc3nccs3)c(Cl)cc2F)c2cccnc2c1C,0
protein38,1,CCn1cc(-c2nncn2-c2ccc(C(=O)N(C)C)cc2)c(=O)c2ccc(C)nc21,1
protein38,1,CCn1ncc2c(Nc3cccc(Cl)c3)c(-c3nnc(C)o3)cnc21,0
protein38,1,CCCCC1CCN(C(=O)C(C[S+]([O-])C(F)(F)F)NC(=O)C2CCCO2)CC1,0
protein38,1,Cc1cccc2c(=O)[nH]c(-c3cc(C#CC(C)(C)C)ccc3N(C)CCO)nc12,1
protein38,1,CCN(C(C)c1ccccc1NC(=O)c1cc([N+](=O)[O-])ccc1Cl)S(C)(=O)=O,1
protein38,1,CC(C)n1cnnc1Nc1ccccc1,0
protein38,1,Cn1cccc1C(=O)Nc1cccc(F)c1C(=O)C12CCCN(CCC1)C2,1
protein38,1,CCn1cc(-c2cc(C3CNC3)c3c(c2)C2CCCNC2C3)cn1,0
protein38,1,O=C(Nc1ncccc1NS(=O)(=O)c1ccc(-c2ccccn2)cc1)c1scnc1-c1ccccc1,0
protein38,1,CCOc1cc(O)ccc1C=C1Sc2ccccc2-n2c1nc1ccccc1c2=O,1
protein38,1,CC1(C(O)C(=O)O)CCC(NC(=O)CC(O)(C(F)(F)F)C(F)(Cl)Cl)C(N2CCCC2)C1,0
protein38,1,O=C1NC(=Nc2cc(Cl)ccc2O)SC(c2ccccc2)C1=O,1
protein38,1,CCn1cc(-c2cncnc2NN=C(C)c2ccc(C#N)cc2)c2cc(OC(F)(F)F)ccc21,1
protein38,1,CC(OCc1ccc(OP(C)(=O)O)cc1)C(=O)Nc1ccc(C(C)(C)C)cc1,0
protein38,1,CC(=O)n1cc(-c2cccc(Oc3ccc4nc(C(=O)N5CCOCC5)c(C(C)(C)C)n4c3)c2)c(-c2cccs2)n1,1
protein38,1,CC1CCCc2c1[nH]c(NC(=O)Cc1ccccc1F)c2C#N,0
protein38,1,CCn1c(C)cc2c(C(=O)NCCN(C)C(C)C)c(SCc3c(C)noc3C)ccc21,1
protein38,1,Cc1ccc(N2CCCC2)c(NC2=CC(=O)CC(C)(C)C2)c1,1
protein38,1,CC1CCCC(C)N1c1ccc(-c2ccc3c(c2CN(C)CC2CC2)OCCCO3)cc1S(=O)(=O)NC1CC1,0
protein38,1,O=C(CCn1c(=O)n(-c2ccc(F)cc2)c2ccccc21)Nc1cccc(C(F)(F)F)c1,0
protein38,1,CCOC(=O)C1SCC(=O)c2cn1c1ccccc21,1
protein38,1,CCn1cnc2c(c(N3CCCCC3)cn2CC(=O)Nc2ccccc2F)c1=O,1
protein38,1,CC(C)(CO)c1cc(C(=O)Nc2ccnc(OCc3c(OC(F)(F)F)cccc3C3CCN(CC(O)C(F)(F)F)CC3)c2)on1,0
protein38,1,Cc1ccccc1N1CCN(CC(O)C2CN(Cc3cccc(N(C)C)c3)C3CCCCC3O2)CC1,0
protein38,1,CC(C)CCN1CCN(c2nc3cc(C(=O)Nc4ccc(F)c(F)c4F)ccn3c2C#N)CC1,1
protein38,1,Cc1cccc(NC(=O)c2cccc(NS(=O)(=O)c3c[nH]cn3)c2)c1C,0
protein38,1,CCN(CC)CCN1C(=O)CCc2cc(-c3cn4c(C)ccc(Oc5ccccc5)c4n3)cnc21,1
protein38,1,CCCC1(CCC)CC(CC2CN(C)CCO2)N(CP(=O)(O)O)C1=O,0
protein38,1,O=C(NCCCC1Cc2ccccc2CN1C(=O)C1CC1)c1cc(Cl)ccc1Nc1nnccc1Cl,0
protein38,1,Fc1ccc(C2=NOC3CN(C4CCCCC4)CCC3C2c2ccncc2)cc1,0
protein38,1,Cc1cccnc1C1(NC(=O)OCc2ccccc2)CCN(C)CC1,0
protein38,1,O=C1Cc2cc(C(=O)Cc3cn(CCCS)c4ccccc34)ccc2N1,0
protein38,1,CCC(NC(=O)C1OC(=O)C(c2ccccc2)(c2ccc(Cl)cc2Cl)S1)C(=O)Nc1cccc(C(F)(F)F)n1,0
protein38,1,O=C(CCc1ccc([N+](=O)[O-])cc1)NN=Cc1ccc2c(c1Cl)CCCO2,1
protein38,1,CC(C)CC(CCC(O)C1CC1)NC(=O)N1CCC(NS(=O)(=O)c2cccc(NC(C)C)c2)C1=O,0
protein38,1,CCCCn1c2cc(N3CCCC(CO)C3)c([N+](=O)[O-])cc2c2c(O)nncc21,1
protein38,1,CCN(CC)c1cccc(-c2cnn(C)c2)c1,0
protein38,1,Cc1cc2c(cc1-c1nnc3ccc(C)c(C)n13)C(=O)CC2,1
protein38,1,CCOC(=O)c1cnc(SCc2ccccc2)nc1C(F)(F)F,0
protein38,1,O=C(c1cccnc1Cl)N1CCc2cc(S(=O)(=O)N3CCCCC3)ccc21,0
protein38,1,CCC1CC(=O)N(c2ncc(-c3ccc(S(=O)(=O)Nc4ccc(F)c(C)c4F)cc3)s2)C1=O,0
protein38,1,CCOCCNC(=O)c1cc2cc(C3=C(N4CCN(C)CC4)c4cc(OC)cc(F)c4C3=O)ccn2n1,1
protein38,1,Nc1nccc2c1ncn2-c1ccc(CNc2nccc(F)n2)c(O)c1,1
protein38,1,CCCc1nnc2n1C1CC(=O)N(C1=O)c1ccccc1-2,1
protein38,1,CCCC1(C)CCC(NC(=O)OC(C)(C)C)c2ccc(O)c(O)c2C1=O,0
protein38,1,CCOC(=O)c1cc(C)cc(-c2cc3cc(OCC)ccc3n2OC(C)=O)c1,0
protein38,1,N#Cc1ccc(Oc2cc(Cl)cc(C(=O)Nc3ccc4ncsc4c3)c2)c(F)c1,1
protein38,1,Cc1ccc(NC(=O)Cn2nc(Cc3c(Cl)cccc3Cl)c3c(C(F)(F)F)cc(-c4ccncc4)nc32)c(NCCO)c1,0
protein38,1,CCCNC(=O)Nc1cccc2c(O)cc(-c3ccc4[nH]ncc4c3)nc12,1
protein38,1,O=C1CC(N2CCCCC2)n2c(=O)c3cccnc3n21,0
protein38,1,CCN(CC)CCOc1cccc2c1oc(=O)n2CC,1
protein38,1,O=[N+]([O-])c1ccc(S(=O)(=O)Nc2cnn(-c3cccnc3F)c2)cc1,0
protein38,1,O=C1Nc2ccccc2C1OCCCN1CCN(c2ncccn2)CC1,1
protein38,1,NC1CC1CNC(=O)c1cc(N2CCC3(CCCc4cc(O)ccc43)CC2)ncn1,0
protein38,1,Nc1nc(Cl)c2sc(NCc3ccc(C(F)(F)F)c(NS(=O)(=O)c4ccc(C(F)(F)F)cc4)c3)nc2n1,0
protein38,1,CCN1CCN(c2nc(C)c3ccc(-c4ccccc4)cc3n2)CC1,1
protein38,1,CC(C)CNc1nc(-c2cnc(N)c(OC(F)(F)F)c2)cc(-n2nc(C(C)(C)C)cc2CCC(=O)O)n1,0
protein38,1,CC(C[S+]([O-])c1ccc(F)cc1)=NNC(N)=O,1
protein38,1,Cc1ccc[n+]2c(C)c(CO)sc12,0
protein38,1,CCn1c(Cn2nc(-c3ccncc3)nc2Nc2ccc3c(c2)OCCO3)nc2ccccc21,1
protein38,1,CC(=O)Nc1ccc([N+](=O)[O-])cc1NC(=O)c1cc(Cl)c(O)cc1O,1
protein38,1,CC(C)Cn1cc(C=NCc2nc(-c3ccncc3F)cs2)c2ccccc21,1
protein38,1,CCOc1cc2c(Nc3cccc(Cl)c3)nc(NC3CCCC(C)C3)nc2cc1OC,1
protein38,1,O=C(Nc1ccc2[nH]c(-c3ccccc3)cc2c1)c1ccccn1,0
protein38,1,CC(C)CC(=O)Nc1cc(-c2ccc(F)cc2F)nc(N(CCCN)CC2CC2)n1,0
protein38,1,CC(C)Cn1cc2c(cc1=O)N(C1CCN(S(C)(=O)=O)CC1)CCC2,0
protein38,1,Cc1cccc(S(=O)(=O)Nc2c3c(n(CCCCN(C)C)c2C)CCCC3)c1,0
protein38,1,Cc1onc(-c2ccc(O)c(OCC(C)C)c2)c1-c1ccccc1[N+](=O)[O-],1
protein38,1,Cc1ncc([N+](=O)[O-])c(Nc2ccccc2C(=O)N2CCN(C)CC2)n1,1
protein38,1,Cc1c(-c2nc3c(C)cccc3[nH]2)[nH]c(-c2cccnc2)c1C=C(C#N)C(=O)N1CCCCC1,1
protein38,1,Cc1nc(N(CC2CCNC2)C(C)C)c(C(F)(F)F)n2nc(C(F)(F)F)cc12,1
protein38,1,CCN(CC)CCCn1cc(Nc2cccc(C3=NN=C4C=C(C(=O)N5CCNCC5)C=S43)c2)c2c(F)c(C(N)=O)ccc21,1
protein38,1,CCC(Cc1cn(C)cn1)NC(=O)c1[nH]nc(Cc2ccccc2)c1-c1ccccn1,0
protein38,1,O=C(Nc1ccccc1N1CCOCC1)c1cccc(F)c1N1CCCC1,1
protein38,1,CCCC(=O)N1CC(C)(c2cc(=O)[nH]nc2C)c2ccc(-c3ccccc3)cc21,0
protein38,1,Cc1nc(-c2cnccn2)sc1C1C2CN(C)C(CC(C)(C)C)=C2CC(c2cccs2)N1C(=O)NCC1CC1,0
protein38,1,CCN=Cc1c(-c2cc3ccccc3o2)ccc(O)c1O,1
protein38,1,CCCC1C#CCN2CCCC2C[N+]([O-])=C(c2ccccc2)c2ccccc21,1
protein38,1,O=C(O)CC(C(=Cc1ccc(Cl)cc1)c1cc(C(F)(F)F)cs1)c1ccccc1,0
protein38,1,CCCC(Nc1nc2cccc(OCC(F)(F)F)c2nc1-c1ccnc(NC)n1)C(C)OC,1
protein38,1,CCn1c(-c2cn(C)c3ccccc23)nc2cc(N(C)C)ccc21,1
protein38,1,O=C(O)c1c(O)nc2ccccc2c1-c1ccc2cccnc2c1,1
protein38,1,CCNC(=S)NN=C(C)C,0
protein38,1,O=C(O)C1CCN(c2ccc(Oc3ccc(Cl)cc3)cc2)CC1c1ccccc1,0
protein38,1,CCN(CC)S(=O)(=O)c1ccc(C(=O)OC)cc1,0
protein38,1,CCCC1C(n2cnc(CNC(=O)c3c(C)cccc3Cl)c2)=C2CC21,0
protein38,1,Cc1cc(S(=O)(=O)n2c(-c3nc4cnccc4n3C)cc3cc(F)ccc32)ccc1Cl,0
protein38,1,CCN(CC)CCN1Cc2c(nc3ccc(-c4cncc(OC)c4)cn23)C(=O)NC1=S,0
protein38,1,NC1=CC(=O)c2[nH]c3c(c2C1=O)-c1ccccc1CC3,1
protein38,1,CC1(Cc2ccccc2)COc2c(ccc(N3CCC(CNC(=O)C(O)C4C=CCS4(=O)=O)CC3)c2F)C1(C)O,0
protein38,1,CC(C)(C(C(=O)O)c1csc(-c2ccc(CCl)c(Cl)c2)n1)C(N)P(=O)(O)O,0
protein38,1,CCN(CC(=O)Nc1ccccc1S(C)(=O)=O)Cc1ccccc1,0
protein38,1,CCN1c2cnccc2N(Cc2ccc(OC(F)(F)F)cc2)C(=O)c2cccnc21,1
protein38,1,CC(C)(CO)C1(c2ncc(C(F)(F)F)cc2-c2c(F)cncc2F)COC1=O,0
protein39,1,O=C1C=C(c2ccccc2-c2ccc(Cc3ccc([N+](=O)[O-])cc3)cc2)CCN1,1
protein39,1,CCOC(=O)c1ccc(-n2c(C(C)CNO)nc3ccccc32)cc1,0
protein39,1,Cc1noc(C)c1C(=O)N1CCN(C2CCCCC2)CC1,0
protein39,1,CCc1c(C)c2cc(NC(=S)C(=NO)c3ccccc3C)ccc2n1C,1
protein39,1,Cn1c2c(c3ccc(NC(=O)c4ccc(C#N)o4)cc31)CC(C)(C1CCCCC1)OC2=O,0
protein39,1,CNc1nnc(C(N)CCC2(NCC3C(C)CN(C)C(=O)C3(c3ccccc3)c3ccc(F)cc3)CCCC2)s1,0
protein39,1,CC(C)Nc1c(-c2ccc(F)c(F)c2)nn(C2CCCN(C(=O)c3cccc(CC(C)(C)N)c3)C2)c(=O)c1Cl,0
protein39,1,Cc1ccccc1NC=C(C(N)=O)C(=O)C1CCCC1,0
protein39,1,CCN(CC)CC(O)C#Cc1cccc(Cn2cccn2)c1,0
protein39,1,Nc1nc(NN=Cc2ccco2)c2c(C(F)(F)F)cccc2n1,1
protein39,1,CC1CC(Cc2ccc(-c3cccn3[N+](=O)[O-])cc2)CCC(N)=N1,1
protein39,1,CCOc1cc2c3c(c(O)nc2cc1OCC(=O)N(CC)CC)CN(C)CC3,1
protein39,1,Cc1cc2nc(-c3ccc(C(F)(F)F)c(C(F)(F)F)c3)c(CN3CCCC3)n2cc1C,1
protein39,1,Cc1ccc(C(=O)Nc2cnn(-c3ccccc3)c2)cc1S(=O)(=O)N1CCOCC1,0
protein39,1,O=C(NCCC1CC=CC1)c1cc(F)c(O)c(Cl)c1,0
protein39,1,O=C1CC(NCC=Cc2ccccc2F)C(=O)N1c1cccc(F)c1F,0
protein39,1,CCC1CN=C(c2cccs2)Nc2nc3c(sc4nc5ccccc5c(=O)n43)n2C1,0
protein39,1,CCOc1cc(OC)ccc1CNc1nc(C(F)(F)F)nc2c(-c3cccs3)cccc12,1
protein39,1,CC(C)CC(NC(=O)C1CCC(N(O)c2cccc(NC(=N)N)c2)CC1)C(=O)NCc1cccc(F)c1C(F)(F)F,0
protein39,1,CCN1CCN(C(=Nc2cc([N+](=O)[O-])ccc2Nc2c(C)cnc3ccc(F)cc23)N(C)C)CC1,1
protein39,1,CCn1cncc1CNC(=O)Cc1ccc(OC)cc1O,0
protein39,1,CC(=O)Nc1sccc1C(=O)N1CCC(Oc2c(CCc3cccnc3)cnc3c2CCCO3)CC1,0
protein39,1,OC1CCCN(C2CCc3c(Cl)c(Oc4ccc(F)c(F)c4)cc(-c4nccn4Cc4cccnc4)c3C2)C1,0
protein39,1,CN(c1ccccc1Cn1cc(NC(=O)Nc2ccc(Cl)cc2C(F)(F)F)cn1)S(=O)(=O)c1cccc(F)c1,0
protein39,1,Cc1nn2c(C(F)(F)F)cnc(Nc3ccccc3F)c2c1-c1ccc(N)cc1,1
protein39,1,CCN(CCF)S(=O)(=O)c1ccc(N2CCOCC2)c(C(=O)NCc2ccccc2)c1,0
protein39,1,CC(C)c1cc(C(=O)N2C3CNCCC3CC(NC(=S)N(c3ccc(F)cc3)c3ncccn3)C2CO)ccc1F,0
protein39,1,CC1CCN(c2ccc(C(=O)Nc3ccc(OCCN4CCCCC4)cc3)cc2-c2cncnc2)CC1,0
protein39,1,CCNC(=O)c1cccc(C(=NO)c2cc(OC)ccc2OCc2ccccc2)n1,1
protein39,1,Cc1c(-c2ccc(OC(F)(F)F)cc2)nc(O)c(CO)c1CC1CCNCC1C,1
protein39,1,Cc1cnc(OS(=O)(=O)c2ccc(NC(=O)c3c(Cl)c4ccccc4oc3=O)cc2)nc1,0
protein39,1,CCc1nc(O)c(O)c(C(c2c[nH]c3cccc(F)c23)C(C)C)n1,1
protein39,1,Cc1c(CC(=O)NC(C)c2ccccc2Cl)c(C(F)(F)F)nn1-c1ncccn1,0
protein39,1,CCCS(=O)(=O)Nc1nc(-c2ccc(C)nc2)nnc1C#N,0
protein39,1,O=C1Nc2c(NC(=O)C(F)(F)F)cccc2C1=O,0
protein39,1,CC1CC(c2nc(-c3ccccc3)n3cccc(NC(=O)C4CCCC4)c23)CC(C)(C)N1O,0
protein39,1,CCCCC(=O)Nc1cc([N+](=O)[O-])ccc1N1CCN(C)CC1,1
protein39,1,CCSc1nc2c(-c3ccc(C#N)cc3F)cccc2c(=O)n1-c1cc(C)no1,1
protein39,1,Nc1nc2ccccc2cc1CN1CCCC(Nc2nc3ncc(F)cc3c(O)c2OC(F)(F)F)C1,1
protein39,1,Cn1c(N2CCNCC2)nc(-c2cncc(-c3ccccc3-c3ccnc4ccc(Cl)cc34)c2)cc1=O,0
protein39,1,CC(=O)Nc1ccc(N)c(C(=O)N(C)Cc2nccnc2C)c1,0
protein39,1,COc1ccc(C#N)cc1OCC1CCC(NC(=O)C2CCCCC2C)CC1,0
protein39,1,CCn1cc(CC(NC(=O)C(=O)Nc2ccc(F)cc2F)C(=O)O)c2ccccc21,0
protein39,1,CC(C)CN1C(=O)NS(=O)(=O)c2ccccc21,0
protein39,1,CC(C)(CO)n1c(N2CC2)nc2c(Cc3ccc(Cl)cc3Cl)cccc2c1=O,0
protein39,1,Cc1ccc(-c2noc(NC(CNC(=O)CCc3ccccc3)C34CCN(CC3)CC4)n2)cc1,0
protein39,1,Cc1nc(CC(C)C)c2c(C(N)=O)c1CC(C1COC(=O)N1c1nc(N(C)C(=O)c3nccn3C)c(Cl)cc1Cl)N2C,0
protein39,1,O=CC=C(c1ccccc1)c1ccc(O)c(O)c1,0
protein39,1,CC(=O)NC(C)c1cc(-c2ccc(Oc3ccccc3N(C)S(=O)(=O)c3ccccc3F)cc2Cl)ccn1,0
protein39,1,CC(C)(CN1C(=O)c2ccc(Cl)cc2C1=O)N1CCCn2c1cc1ccccc12,0
protein39,1,CCOc1c(C(C)(C)C)cc(-c2cnc(N)cn2)cc1C(C)(C)C,0
protein39,1,Cc1cnc(NS(=O)(=O)c2ccc(OCC(=O)NC(C)c3ccc(F)cc3)cc2)nc1,0
protein39,1,CC(C)CC(Nc1nc(-c2cc(Cl)cc(Cl)c2)cc(N2CCN(C)CC2)n1)C(F)(F)F,0
protein39,1,Cc1cc(OCC2CC(F)(F)CC(C)C2C)nc(-c2cccs2)c1C(=O)N1CCC(C(=O)Nc2cccc(C(=O)O)c2)CC1,0
protein39,1,CCOc1ccc(S(=O)(=O)N(C(C)=O)c2cccc(OCC)c2)cc1,1
protein39,1,Cc1ccc(S(C)(=O)=O)c(NC(=O)Cn2nc(-c3ccncc3)c3ccccc3c2=O)c1,0
protein39,1,O=C(Nc1ccccc1[N+](=O)[O-])C1CC(=O)N(c2ccc(Oc3ccccc3)cc2)C1,1
protein39,1,O=C(CCS(=O)(=O)c1ccccc1)Nc1ccc(F)c(C(F)(F)F)c1,0
protein39,1,Cc1cc(NC(=O)CCOc2ncc(F)c3c2CCC3)c(F)cc1Cl,0
protein39,1,CC(C)=CCNc1ccc(C(=O)N2CCN3CCCCC3C2)cc1[N+](=O)[O-],1
protein39,1,Cc1nc(CC(=O)N(CC2Cc3nn(-c4ccc(Cl)nc4)cc3CO2)C2CCCCC2)cs1,1
protein39,1,CC(C)C(NC(=O)C(CC=CF)OP(=O)([O-])ON)C(=O)Nc1cccc(C(F)(F)F)c1,0
protein39,1,NCCCNc1ccccc1NC(=NO)c1cccc(C(=O)O)c1,0
protein39,1,O=C(NC1CCN(c2nnc(-c3ccncc3)o2)CC1)c1cc2ccccc2[nH]1,0
protein39,1,Cc1ccc(NC(=O)c2cn3c4c5c(c(F)cc4c2=O)N(C2CC2)CCN5CC3C)cc1Cl,0
protein39,1,Cc1n[nH]c(Oc2cccnc2-c2ccc3c(c2)CCO3)c1S(=O)(=O)c1ccccc1,1
protein39,1,Cc1cccnc1-c1noc2c1CCN(Cc1ccccc1)CC2,1
protein39,1,CCN(CC)CC#CCN1CCC2(CC1)OC(=O)c1ccccc12,0
protein39,1,CCOc1cccc(C(=O)c2cc(C)sc2NC(=O)c2ccc(N)c([N+](=O)[O-])c2)c1,1
protein39,1,O=C(O)c1ccc2c(c1)cc(C(=O)Nc1cc([N+](=O)[O-])ccc1Cl)n2-c1ncccn1,1
protein39,1,Cc1ccccc1-c1c(C)ncnc1NC1CCCC1,1
protein39,1,CCCC(=O)N1CCN(CC2CN(c3ccc(N4CCCCCC4)c(F)c3)C(=O)O2)CC1,0
protein39,1,Cc1c(C(=O)Cc2ccccc2-n2cccc2)nc(SC(C)C)n1-c1cccc(O)c1,0
protein39,1,CC1(C)CCc2cc3c(O)cc2C1Nc1cccc(O)c1CO3,0
protein39,1,O=C(Nc1ccccc1)Nc1cc2c(cn1)C(=O)N(c1ccccc1)c1cc3cccnc3cc1C2,0
protein39,1,CC(=O)NCC1C2CCCCN2CC(C)N1C(=O)C1CCN1Cc1cccc(C(F)(F)F)n1,0
protein39,1,Cc1cc(C)n(CC(=O)NC2CCCCC2)n1,0
protein39,1,CCC1Cc2ccccc2C1=NN1CCN(CCO)CC1,0
protein39,1,CC1CN(C(=O)c2ccc(-n3ccnc3)cc2)CC2(CCOCC2)C1,0
protein39,1,O=C(NN=Cc1ccccc1Cl)C1CCCCC1,0
protein39,1,CC1C(=O)C(C)c2c(OCC(O)C(F)(F)F)cccc21,0
protein39,1,CC(=O)c1cccc(NC(=O)CS(=O)(=O)c2ccccc2)c1,0
protein39,1,CCN(CC)CCn1cnc2c(C3CCCCC3)cccc21,1
protein39,1,Cc1ccc(CC(C)NC(=O)CN(c2ccccc2C(=O)O)S(=O)(=O)c2ccc(F)cc2)cc1,0
protein39,1,CCc1cc(NC(=O)C2CCC(=O)N2c2ccccc2OC(F)(F)F)sn1,0
protein39,1,CCN(CC)C1CCn2c(c(C=O)c3ccccc32)C1,1
protein39,1,O=C(Nc1ccccc1F)c1cc(-c2nnc(N3CCCCC3)s2)ccc1F,1
protein39,1,CCCCN1CCN(C)C(=O)c2c1nc1ccc(F)cc1c2Nc1ccccc1C,0
protein39,1,CCN1CC(=O)N(CCc2ccccc2)C(c2cc(OC)ccc2OC)C1,0
protein39,1,Cc1nn(-c2ccccc2)c(=O)c2cc(C(=O)Nc3ccccc3C(F)(F)F)ccc12,0
protein39,1,Cc1csc(NC(=O)c2sc3nc4c(cc3c2C)n(C)c(=O)n4C)n1,1
protein39,1,Cc1noc(-c2ccc(OS(=O)(=O)C(C)(C)C)c(C#N)c2)c1-c1cccc(C(F)(F)F)c1,0
protein39,1,COc1cccc(Nc2nc(N3CCN(CCc4ccc(C)cc4)CC3)c3sccc3n2)c1,0
protein39,1,CC1=CCC(=O)NC2CCC(CCN(C)C)C1C2N(C)C(=O)c1ccc(C#N)cc1,1
protein39,1,CCCn1cnc(-c2ccc([N+](=O)[O-])cc2S(=O)(=O)N2CCCCC2)c1,1
protein39,1,Cc1ncsc1C(=O)Nc1cccc2nc(NC(=O)Nc3ccc(-c4cnn(C5CCOCC5)c4)cc3)ccc12,0
protein39,1,CC1=C(c2nc(N3CCOC3=O)sc2C)C(=O)N(c2ccc([N+](=O)[O-])cc2)C1,1
protein39,1,Cc1cc(CC(=O)Nc2cc(F)ccc2Oc2cc(-c3cn(C4(C)CCC4)c4c(N)ncnc34)ccn2)ccc1Cl,0
protein39,1,Cc1nc2c(OC(=O)CC(C)(C)C)cccn2c1-c1cccc(C(=O)N2CCCN3CCCC3C2)c1,0
protein39,1,Cc1[nH]c(C(C)CC(=O)N2c3ccccc3CCC2C)c2c(F)nccc12,0
protein4,1,Cc1c[nH]c2cc(-c3ccc4cnc(NCN5C(=O)c6ccc(O)cc6C5=O)nc4c3)ccc12,1
protein4,1,Cc1cccc(Nc2[nH]cnc3ncnc2-3)c1C,1
protein4,1,Nc1nc2ccc(-n3c(C=Cc4ccccc4)nc4ccccc4c3=O)cc2cc1Cn1ccnc1S,1
protein4,1,CC(C)CC(C)OC1C[NH+](C)CC(CC(C)C)OC1=O,0
protein4,1,CCN1C(=O)C(F)C(COc2cc3c(C)cc4c(c3oc2=O)CCC4)=CC1C,1
protein4,1,Cc1c(NC(=O)C2CCN(C(C)c3cccnc3)CC2)cccc1-c1ccc(C#N)cc1,0
protein4,1,CCC(C)Nc1nc(NC(C)C)cc(C2C(=O)N(C)C(=O)CC2(C)C)n1,0
protein4,1,Cc1cc(NC(=O)CSc2ccccc2N2CCNCC2)no1,0
protein4,1,CC(C)Cn1c(-c2nc3cc(C(F)(F)F)ccc3s2)c2n(c1=O)CCc1ccccc1-2,1
protein4,1,CCNC(=S)Nc1ccc(Cl)c(Cl)c1,0
protein4,1,Cc1c(C(=O)OC(C)(C)C)sc2ccc(NS(=O)(=O)c3c(C(C)C)nn(C)c3C(=O)N3Cc4ccccc4C3)cc12,0
protein4,1,CCOc1cccc2c1CCC(N(C)CC(=O)N1CCCC1C(=O)Nc1cc(C)c(C(=O)OC)c(C)c1)C2,0
protein4,1,O=C(CCN(CC(CS)NCCOCC(F)(F)F)C(=O)c1cccc(C(F)(F)F)c1Cl)NCc1cccnc1,0
protein4,1,CCn1nc(C(=O)NCCN2CCCC2)c2ccccc2c1=O,1
protein4,1,CCC(O)c1cc(Cc2nc(C(C)N(CC3CCS(=O)(=O)N(C)C3)C(=O)C3CC3)ccc2F)cc(-c2ccccc2)c1,0
protein4,1,CC1(O)CCC(c2nc(-n3cccn3)c3ccc(-c4cccc(Nc5ncc(C(N)=O)s5)c4)cc3n2)CC1,0
protein4,1,Cc1c(O)nc(Nc2cccc(OCC(C)C)c2)nc1Oc1ccccc1,0
protein4,1,CCC1(c2ccc(O)c(O)c2)c2cccc(O)c2N(C)C1C,1
protein4,1,Cc1[nH]c2cc(OCC(F)(F)F)ccc2c1C(=O)N1CCN(c2nc(N)c3cc4c(cc3n2)OCCO4)CC1,1
protein4,1,Cc1ccc(S(=O)(=O)Nc2cccc3c2c(CCC(=O)N(C)CCCl)cn3C)c(C)c1,1
protein4,1,Nc1n[nH]c2c1c(-c1cc(F)ccc1Cl)cc(=O)n2C1CCC1,1
protein4,1,CCn1c2c(c3ccccc31)-c1ccccc1CCC2=NNC(=O)c1ccncc1,1
protein4,1,O=C(Nc1ccccc1C(=O)N1CCOCC1)c1nc(CCc2ccccc2)ccc1F,0
protein4,1,Fc1ccc(Oc2ncnc3cc(Nc4cccc(OC(F)(F)F)c4)cc(C(F)(F)F)c23)cc1,1
protein4,1,CCC(=C(C)C)n1c(-c2ccccc2)nc2c([N+](=O)[O-])c(OC)ccc21,1
protein4,1,Cc1nc2c(C)c3c(cc2[nH]1)CCC3(C)C(=O)N1CCN(C2CCCC2)CC1,0
protein4,1,O=C(Nc1ccc2c(c1)OCCO2)c1cc(NS(=O)(=O)CCO)ccc1O,0
protein4,1,O=C(Nc1cc(O)c(OC(F)(F)F)cc1-c1nnc(N2CCCCC2)s1)c1ccc(F)cc1,0
protein4,1,Cc1ccc(C)c(C(=O)N2CCC3(CC2)N=C(c2ccccc2)c2cc(F)ccc2N(CCF)C3=O)c1,0
protein4,1,CCC1CCCOC1C(=O)C(C)NC(=O)c1ccccc1,0
protein4,1,CC(C)C#Cc1cc2n(n1)C(CCN1CCOCC1)c1c(cn3ccccc13)C2,1
protein4,1,Nc1ncc2c(O)c(S)n(C3CCCC3)c2n1,0
protein4,1,CCCC(CC)C(=O)c1c(C)[nH]c(C(=O)Nc2c(F)cc(F)cc2F)c1N,0
protein4,1,O=C1Cc2cc(-c3cccc4c3-n3c(nc5ccc(NCCOCCO)cc53)CC4)ccc2N1,1
protein4,1,Cc1cc(F)c(S(=O)(=O)NCCC2=CCCCC2)cc1C(=O)NC1CCCC(C)C1,0
protein4,1,Clc1ccc(Cn2c3c(c4ccccc42)CCNC3)c(Cl)c1,0
protein4,1,CC(CSCC(N)CO)CC1=NCCN1,0
protein4,1,CCC1CNCCN1c1ccc(C2CN(c3cncc(-c4cc(F)c(F)cc4F)n3)CCO2)cc1F,1
protein4,1,CC(C)(C)C#Cc1ccc2c(c1)CCC2CN1CCN(C2CC2)CC1,0
protein4,1,COc1cc(F)ccc1Nc1cc(-c2ccc3c(Cl)c(C4CC4)[nH]c3c2)nc(N)n1,1
protein4,1,CCN(CC)C(C#CCN(C)C1CCCc2cc(C(F)(F)F)cnc21)c1nc(-c2cncc(OC)c2)no1,0
protein4,1,Cc1nocc1Cn1ccnc1-c1nn(C)c2nccc(NCc3ccc(F)cc3Cl)c12,0
protein4,1,CC(C)S(=O)(=O)Nc1ccc2c3c1-c1ccccc1C2CN(CC1CC1)CC3,0
protein4,1,CCC1=[N+]([O-])C2(Cc3ccccc3Oc3cccc(N(CC)CC)c3)C(=O)NC(=O)C2C1,0
protein4,1,CCCCC(C)CNc1ccc(CN2CCCC2C(C)(C)CCCCn2ccnc2)cn1,0
protein4,1,Cc1cc(N2CCNCC2)c2cccc(OCC3CCN(Cc4ccccc4)CC3)c2n1,1
protein4,1,CCCCn1c(SCc2cc(OC)nn2C)nc2cc(F)ccc21,0
protein4,1,CCCc1cc(-c2ccnc(NCCCC3(n4ncc(=O)c5cc(C#N)ccc54)CCN(C)CC3)c2)[nH]n1,0
protein4,1,CCC(C)Nc1ncc2c3ccccc3n(C)c2n1,0
protein4,1,CCCCC1CNc2c(c(O)nn2-c2ncnc3c(-c4cncc(F)c4)cccc23)C1,1
protein4,1,CC1CCC(C(C)n2ccc(=S)[nH]c2=O)CC1,0
protein4,1,CCN(CC)CC(=O)N1CCC(c2noc3cc(F)ccc23)CC1,0
protein4,1,O=C(CN1CCOCC1)Nc1ccccc1-c1ccccc1,0
protein4,1,NCC(=Cc1ccccc1Cl)C(=O)Nc1nc2ccccc2[nH]1,0
protein4,1,CN1CCCC1CC(=O)c1c(O)ccc2c1C(c1ccc3c(c1)OC(C)(C)CO3)C(NC1CCCC1)CC2,1
protein4,1,CCCC(=O)N1CCCC1C(=O)Nc1nc(N)nc2cc(C)n(C(C)C)c12,0
protein4,1,CC(C)CC1CC2C(CNc3c(N)c(=O)c3=O)CCN2C1=O,0
protein4,1,CCn1cc(C2=C(Oc3c(Cl)cc(Cl)c(C)c3NS(C)(=O)=O)C(=O)N(C)C2=O)c2ccccc21,1
protein4,1,CCN(CC)C(=O)c1c(C)ccc2c1C(c1ccccc1)C(=S)NC2(C)C,0
protein4,1,O=C(NO)C(CSc1ccc(Oc2ccccc2Cl)cc1)CS(=O)(=O)c1ccccc1,0
protein4,1,O=C1CCC(=O)N1c1ccc2c(c1)C(=S)N(Cc1ccccc1)CC2,0
protein4,1,CC1(C)CN(c2ccccc2-c2ccccc2)c2ccccc21,0
protein4,1,O=C(CC1CCN(C(=O)c2cc(F)cc(Cl)c2)C1=O)NO,0
protein4,1,Cc1ccc(C(=O)N2CCN(C)CC2)cc1Nc1cc2nc3cc(O)ccc3cc2cc1[N+](=O)[O-],1
protein4,1,Nc1nc(O)c2c(-c3cccc([N+](=O)[O-])c3)c(C3CCCC3)ccc2n1,1
protein4,1,O=CC1C(=O)N(Cc2ccccc2)c2ccccc21,1
protein4,1,CC(C)CCn1nc(C(=O)Nc2cc3nc(OC4CCOC4)n(CC(F)(F)F)c(=O)c3cc2N)c2ccccc21,1
protein4,1,O=C(CCCC[S+]([O-])c1cccc(Cl)c1Cl)Nc1cccc(-c2ccc(OC(F)(F)F)cc2)c1,0
protein4,1,CCCC1CN(C(c2cc(C(F)(F)F)ccc2OC)c2nc3ccccc3n2C)C(=O)C1N(C)S(C)(=O)=O,1
protein4,1,CC=C(C)C(=O)Nc1ccc(Nc2nccc(-c3cncc(Oc4ccccc4)c3)n2)cc1,0
protein4,1,Nc1nc2c(N3CCCC3)c3c(nc2n1Cc1ccccc1Cl)CCN(C1CCC1)CC3,0
protein4,1,CS(=O)(=O)NCC1Cc2cc3sc(NC(=O)C4CCCC4)nc3cc2S1,0
protein4,1,CCC1CN(CCCC2CS(=O)(=O)c3ccccc3C2=O)CC(c2ccccc2)O1,0
protein4,1,CCCCOc1ccc2ccccc2c1NC(=O)CN1CCCCC1,0
protein4,1,CCOC1CCC2(CC3CCCCN3CCC(NC)C(=O)O1)OCCc1cccc(OC)c12,0
protein4,1,CCCc1cccc2c1N(c1csc3ncnc(-c4c(C)nsc4NC(=O)C(C)(C)c4ccccc4)c13)CC2,1
protein4,1,CCCCn1c(-c2ccc(OC)cc2)nc2c(O)nc3ccc(C)cc3c21,1
protein4,1,CCNC(C)CN1CC(=O)N(c2cccc(C(=O)N3CCN(C)CC3)c2)C1=S,0
protein4,1,CCc1ccccc1NC(=O)CCC(=O)OCc1ncnc2c1c(C)nn2-c1ccccc1Cl,0
protein4,1,CCc1ccc(S(=O)(=O)N2CCCC(COc3ccc(F)cc3F)C2)cc1-c1ccnn1CC,0
protein4,1,CC1=C(C)C(=O)N(c2ccccc2NC(=O)c2cn(C)c(=O)c3c(Cl)cccc23)C1=O,1
protein4,1,O=C(COc1ccc(F)cc1Cl)Nc1cc(S(=O)(=O)O)ccc1Nc1ccccc1Cl,0
protein4,1,O=C(Nc1cccc(Nc2ccnc3cc(Cl)ccc23)c1)c1ccc(F)cc1,0
protein4,1,Cc1cccc(-c2nc3cc(C)c(C)cn3c2N2CCCCCCC2)c1,1
protein4,1,CC(C)Oc1ccc(C(=O)C2=C(CC3CC3)C(=Nc3nc4ccc(C(F)(F)F)cc4n3C)NCCC2)cc1,1
protein4,1,Cc1cc([N+](=O)[O-])ccc1CON=CCC1CCCC1,1
protein4,1,CC1CCCCN1CC(CN(C)C(=O)c1cccc(C(F)(F)F)c1)C1CN(C)C(=O)C1O,1
protein4,1,CN1CCN(C2(C)Cc3cccc(NC(=O)c4ccccc4Nc4ccc(C(F)(F)F)cn4)c3C2)CC1,0
protein4,1,CCCC(=O)N1CCC(C)(NC2CCS(=O)(=O)C2)C(Oc2cccc(C(F)(F)F)c2)C1,0
protein4,1,COc1ccc(CC2=NN(CC(C)C)Cc3ccccc32)cc1,0
protein4,1,CC1C(c2cncc(-c3c(F)cccc3F)c2)OCCN1C(=O)CN1CCCCC1,0
protein4,1,CCCCCn1ncc2ccc(C(=O)c3n[nH]c(=O)c(-c4ccccc4)c3O)cc21,0
protein4,1,CCn1cc2c3c(cccc3c1=O)N(C)c1ccccc1NC2=O,1
protein4,1,Cc1cc(-c2ccc3nc(Nc4ccc(C)c(C(F)(F)F)c4)nc(C(O)CN4CCN(C)CC4)c3c2)cs1,1
protein4,1,CC(C)C1=C(c2ccccc2[N+](=O)[O-])CC(O)CC1,1
protein4,1,Cc1cc(-c2ccc(F)c(F)c2)ccc1C1(C(O)C(=O)N(C)CC(=O)NCc2ccc(Cl)cc2)CCCC1,0
protein4,1,CCCCCC(N)=S,0
protein4,1,CC1CCN(C(=S)SS(=O)(=O)O)CC1,0
protein4,1,Cc1ncnc2cc(-c3ccccc3)c(N3CCOCC3)nc12,1
protein4,1,CCCCC(COC(=O)N1CCNCC1)C(C)C,0
protein40,1,O=C1N(c2cc(-c3cnccn3)cc(F)c2-n2ccnc2)CC(O)CN1C1CCC1CO,0
protein40,1,CC(C)CCCC(=O)Nc1ccc(N2CCOCC2)cc1,0
protein40,1,CCN1CC(N2CCCCC2)=C(OC(C)C)C1=O,1
protein40,1,OCCN1CCN(c2c(-c3nc4cc(F)ccc4s3)cnn2CC2CCC2)CC1,0
protein40,1,CCCCc1nc(Nc2cccc(S(N)(=O)=O)c2)c(C(=O)N(Cc2ccccc2)CC(C)C)s1,0
protein40,1,CCN(CC)Cc1cccc(OCCCCN2CCN(c3c(Cl)cc(C(=O)O)cc3[N+](=O)[O-])CC2)c1,1
protein40,1,CC(C)CC(N)C(O)C(=O)N1CCCC1COc1cccc(F)c1-c1ccccc1,0
protein40,1,CC(C)CCCC(C)(C(=O)NO)N(Cl)C(=O)c1cccnc1,0
protein40,1,CCCCN1CCSc2c([nH]c3ccc(OC)cc23)C1,0
protein40,1,CCC1CCCN1C(C)c1ccc(F)c(Cl)c1,0
protein40,1,O=C1CCC(c2ccccc2)=CCC(N2CCCCC2)CC(CCc2ccc(OC(F)(F)F)cc2)=NN1,0
protein40,1,CCC1CNc2ncc3c(C)c(-c4ccccc4)c(=O)oc3c2-n2cccc2-c2c(Cl)nc3c(cccc3[n+]2[O-])C1,1
protein40,1,CCC(NC(=O)c1cnccc1Nc1ccc(F)cc1C1CCCCC1NS(C)(=O)=O)c1cc(-c2cnc(C3COC3)n2C)cc(F)c1F,1
protein40,1,Cc1noc2c(C(=O)N(C)C3CCCN(C)C3)c(NC(=O)CCSCc3ccccc3)ccc12,0
protein40,1,Cc1cccc(C(O)c2cccc3ccc(N4CCN(C)CC4)nc23)n1,1
protein40,1,CC(C)CCCC(C)Nc1nccc(-n2cc(C(F)(F)F)nc2Cc2ccccc2)n1,0
protein40,1,CC(=O)Nc1cccc(Nc2ccnc3cnc(NC(=O)c4ccco4)cc23)c1,0
protein40,1,NC(=O)c1c(C(F)(F)F)nn(-c2ccccc2)c1Cl,0
protein40,1,CC(C)(CC(O)Cc1ccccc1Cc1ccccc1)N=C1C2CCCN2C(=O)N1CCO,0
protein40,1,CC(=O)c1ccccc1N(CC(C)C)S(=O)(=O)c1cc([N+](=O)[O-])ccc1I,1
protein40,1,O=C1CC(NCC(F)(F)F)CCC2CN3CCC2(CC3)OCCC2Cc3ccccc3N12,0
protein40,1,CC1CCCN(Cc2cc(Cn3c(Nc4ncccn4)nc4c(C=O)cccc43)ccc2OC(F)(F)F)C1,0
protein40,1,Cc1ccc2ccc(Cc3cc(=O)n(-c4ccc(C(C)C)cc4)[nH]3)cc2n1,0
protein40,1,CCN1CCc2c(O)c(O)c(O)c3cccc(c23)S1(=O)=O,1
protein40,1,CCC1Cc2c(-c3ccc(O)cc3)c(-c3ccc(N)nc3)c(=O)n(-c3cccc(C#N)c3)c2O1,1
protein40,1,Cc1ccc(NC(=O)Nc2cccnc2N2CCOCC2)cc1Cl,0
protein40,1,Cc1ccc(-n2nc(C)c(C(=O)NC3(C(=O)NC4CCC(C)C4)CCCCC3)c2Cl)cc1,0
protein40,1,CCCn1cc(-c2noc(N)c2-c2ccc(C#N)cc2)c2cc(I)ccc21,1
protein40,1,Cc1cnn(-c2ccccc2)c(=O)c1C(c1ccccc1)N(C)C(=O)c1ccc2nccc(Cl)c2c1,0
protein40,1,Cc1cccc2c1nc(CCCCc1c3c(nc4c1ccc(=O)n4C)OCC3)n2CCCCO,1
protein40,1,CCC(C)(C)NC(=NO)c1cccnc1Oc1c(Cl)cccc1Cl,0
protein40,1,NC(=O)c1nc2cc(-c3ccc(NC(=O)Cc4ccccc4F)cc3)sc2c(O)c1Cl,0
protein40,1,Nc1ncc2c(-c3cccs3)cc(C(F)(F)F)nc2n1,1
protein40,1,CCOC1CC(CCCN(C)CCCNC(=O)c2cc(C)n(-c3ccc(C)cc3)c2C)CN2CCCC12,0
protein40,1,COc1cc2c(cc1O)CCN(C)C2CCC(C)O,0
protein40,1,O=C(O)c1cccc2c1cc1ccsc1[n+]2C(CO)Cc1ccccc1,0
protein40,1,CC1CCC(NC(=NO)c2cccnc2O)CC1,1
protein40,1,CCc1c2c(=O)nc(Nc3ccccc3Cl)n1c1ccccc21,1
protein40,1,NCCCS(=O)(=O)c1ccc(Oc2ccc(F)cc2)cc1,0
protein40,1,O=C1C2=C(NCCCN2C(=O)OCc2ccccc2)C(NC2CCCC2)c2c(F)ccc(Nc3ccccc3F)c21,1
protein40,1,CCN(CC)CCNC(=O)c1cncc2c1CCN(c1nc(-c3cnccn3)cs1)C2,0
protein40,1,CC(C)NCC(N)C(c1ccc(Cl)cc1)c1ccc(-c2ccc3nc(-c4ccccc4Cl)oc3c2)cc1,0
protein40,1,CCOCc1cccc(-c2cc(OC)c3oc(=O)ccc3c2)c1,0
protein40,1,CC(C)(C)c1cccc(C(=O)N2CCC(C(=O)Nc3cccnc3Cl)CC2)c1,0
protein40,1,O=C1Nc2ccccc2C1(CC1CCNCC1)Sc1ccccc1[N+](=O)[O-],1
protein40,1,Cc1cc(Nc2ccccc2O)n(-c2ccccc2C#N)n1,0
protein40,1,CC1(C)COc2ccc(C#CCCC(N)C3CCN(c4cc(N5CCC(F)(F)C5)ncc4F)C3)cc2O1,0
protein40,1,Cc1ccc(Nc2nnc(Cc3cccnc3)s2)nc1,0
protein40,1,CCCN(CCC)c1nc(O)cc(-n2cnc3c(O)c(C)ccc32)n1,1
protein40,1,Cc1ccc2nc(Nc3cccc(Cl)c3)c(Cc3ccccc3)c(=O)n2c1,0
protein40,1,Nc1ncc(-c2ccc(CC3CCN(C(=O)C(F)(F)F)CC3)c(Oc3cccc(Cl)c3Cl)c2F)cn1,0
protein40,1,CC(C)(CC(F)(F)F)c1ccc(C(=O)Nc2cc3cccnc3cc2N2CCCC(N)C2)cc1,0
protein40,1,Cc1cc2ccccc2n1-c1nc(-c2ccccc2C(=O)Nc2ccccn2)n[nH]1,1
protein40,1,CC1CCCN(c2nc(C#N)c3c(-c4ccnc(Nc5cccc(C#N)c5)n4)cccc3c2C(C)C)C1,1
protein40,1,CCN(CC)C(=O)c1cc(S(=O)(=O)Nc2ccc(OC)c(OC)c2)ccc1NC(=O)c1ccccc1,0
protein40,1,CCn1c(=O)c(Oc2ccc(-c3ccc(N4CCCCC4)nn3)cc2C)nc2ccccc21,1
protein40,1,Cc1cc(NC2CCCC2)ncc1-c1cc(C(F)(F)F)c(C#N)c(Nc2cncc(C(=O)O)c2)n1,0
protein40,1,O=C1CCc2ccc(Oc3nc4ccccc4c4c3C(O)C3CCCCN3C4)cc2N1,1
protein40,1,CCOc1cc(N2CCN(CC[n+]3c4c(c(C)c5ccccc53)CCC4)CC2)ccc1C,1
protein40,1,Cc1nc2cc(CN)c3cccc(C)c3n2c1-c1cc(OCCn2ccnc2)c(C#N)s1,1
protein40,1,Cc1cncc(-c2nc3ccccn3c2Nc2cccc(CC(=O)NC3CCS(=O)(=O)C3)c2)c1,0
protein40,1,CC(C)Cc1nnc(NC(=O)c2cccnc2NC(=O)CCc2ccccn2)s1,0
protein40,1,S=C(Nc1ccccc1)N1CCN(c2ccccc2Cl)CC1,0
protein40,1,COc1cc(C(C)N2CCC(Oc3ccc4c(c3CCC3CCC(C)CN3CC(C)C)OCCC4(C)C)CC2)cc(NC(=O)C(C)(C)C)c1OC,0
protein40,1,Cc1cc(C)c(C)c(Oc2c(CN(C)C(C)C)sc3ncnc(N)c23)c1,1
protein40,1,CC(C)CNC(=O)C1CCN(CCC(c2ccccc2)(c2ccccc2)c2ccccc2)CC1,0
protein40,1,CN(C(=O)C(NC(=O)c1cc2ccccc2o1)C1CCC(O)C1)C(Cc1ccccc1)C(=O)O,0
protein40,1,CC(=O)N(CP(=O)(Oc1ccccc1[N+](=O)[O-])c1ccccc1)c1ccccc1C,1
protein40,1,CCOc1cc(-c2ccc3c(c2)CC(c2ccc(Cl)cc2)C2C(=O)NN=C32)ncn1,0
protein40,1,Cc1ccc(Nc2nccc(-c3c(C)nc(N)c4cnn(C5CCCCC5)c34)n2)cc1,0
protein40,1,NC(=O)C1c2ccccc2C(=O)N(C2(O)CCC(F)C2)C1c1c(-c2ccc(F)cc2Cl)[nH]c2ccccc12,0
protein40,1,COc1cccc(NC23CCN(C4CC(C)(C)Cc5ccccc54)CC2COC3)c1,0
protein40,1,O=C1CC(c2ccc(Oc3ccccc3)cc2)SC(NNc2ccc(OC(F)F)cc2)=N1,1
protein40,1,Cc1ccc2c3c(ccc2c1)-c1ccccc1C(n1ncc(C(=O)O)c1N)C3,1
protein40,1,O=C1Nc2cc(F)ccc2C1(NCCN(CCO)C1CC1)c1ccc(F)cc1,0
protein40,1,CCC(C(C)=O)C1OCCC2C1N1C(CCCCCCC(=O)C(F)(F)F)CCCC1N2CCc1ccccc1,0
protein40,1,CCN(CC)CC1C(N(C)C)CCC(O)CCC2(CC1N1CCC(O)C1)C(=O)N(C)c1ccc(C(=N)N)cc12,0
protein40,1,O=C(CC1Nc2ccccc2N2CCN(Cc3ccccc3)CC12)NCCCCCO,0
protein40,1,CC#CCc1ccc(-c2c(C)nc(N)n2C)cc1,1
protein40,1,CCC1CN(C(=O)c2ccccc2N(C)C)C2C=C(C)CC2O1,1
protein40,1,CC(=O)c1cccc(N(CC(=O)NCc2ccc(F)cc2)C(=O)c2ccc(S(=O)(=O)Cl)c(Cl)c2)c1,1
protein40,1,O=C1c2[nH]cnc2C(O)(C(F)(F)F)N1c1cccc(Cl)c1,0
protein40,1,O=CN1CCN(c2nc(-c3cccc(OCC(F)(F)F)c3)cs2)CC1,1
protein40,1,CC(C)(CN)CN1CCN(c2cc(C(F)(F)F)nc3cc(Cl)ccc23)CC1,1
protein40,1,CCCCCN1N=C(Cc2ccc(Cl)cc2Cl)C(C)C1(C)O,0
protein40,1,CCC(C)OP1(=O)CCC(C)(C(CCC(CO)CO)OC(=O)c2cccnc2)S1,0
protein40,1,CC(C)C1CCCC1=NNC(N)=S,0
protein40,1,Cc1ncc([N+](=O)[O-])n1CC1CCCN1Cc1nnc(O)c2ccccc12,1
protein40,1,CC(=O)Nc1ccc(C=NNC(=O)C(C#N)c2c(Cl)cccc2Cl)cc1[N+](=O)[O-],1
protein40,1,CCCCCC(NC(=O)c1cc(C)c(C)cc1S(=O)(=O)N(C)c1ccccc1)C(=O)NC(C)C(=O)O,0
protein40,1,CCn1cc(-c2ccc(C(C)(C)C)cc2)c2c(Sc3ccccc3C(=O)NC)nc(N)nc21,1
protein40,1,Cc1cc2cc(-c3cc(C(=O)NC(=N)N(C)C)cnc3N)cnc2cc1C,0
protein40,1,CC(O)c1cc(-c2cc(C(N)=O)cc(S(=O)(=O)N3CCOCC3)c2N)c(F)cc1F,0
protein40,1,CC1CN(c2ccc(C(F)(F)F)cc2-c2cc(C(=O)O)cn2-c2ccc(F)cc2)CCCN1,1
protein40,1,CCCCOc1ccc(-c2nc3cc(Cl)ccc3n2CCOCC)cc1,0
protein40,1,CCn1cc(C(=O)O)c(=O)c2cc(F)c(-c3ccccc3)c(F)c21,0
protein40,1,O=C(Nc1ccc2c(c1)CCCC2)c1ccc(-c2ccncc2)o1,0
protein40,1,NCC1CN(c2ccc(Oc3ccnc4c(CN5CCCCCCC5)cccc34)cc2)Cc2ccccc21,1
protein40,1,O=C(CC1=C(c2ccccc2)C(NO)=NCC1)NO,0
protein40,1,CC[N+](CC)(CC)COCC1Cc2c(cccc2NC(=O)CCl)CC1(C)C,0
protein41,1,Cc1c(-c2cc(F)cc(C#N)c2)nc2c(-c3ccoc3)cnn2c1O,1
protein41,1,CCC1(c2ccccc2)CCN(c2cccc(C#N)c2)C1,0
protein41,1,CCCCn1nc(C(F)(F)F)c(C=Nc2cn(C)nc2-c2ccc(C)cc2)c1N,1
protein41,1,Cc1ccc(Nc2nc(-c3cc(C(=O)N4CC(c5ncnc(O)c5C)C4)cc(C(F)(F)F)c3)cs2)cc1,1
protein41,1,CCOc1ccc(Oc2nc3ccccc3c(=O)n2C)cc1S(=O)(=O)N1CCOCC1,1
protein41,1,O=C(CCNC(=O)c1cccc(Cl)c1)Nc1nnc(-c2ccncc2)s1,0
protein41,1,NCC1CCN(c2c(-c3ccccc3)cnc3cc(F)ccc23)CC1,1
protein41,1,Cc1ccc(C(=O)N2CCCC23CCN(CCOc2ccc(F)cc2)CC3)nc1,0
protein41,1,CCn1cc(C(=O)N2CCCCC2CC(=O)N2CCCCC2)c2ccccc21,1
protein41,1,CC(C)=CC(=O)Nc1ccc2c(c1)C1(CCN(Cc3cnc(N4CCOCC4)s3)CC1)CC(=O)N2,0
protein41,1,CC1=NNC(=O)C1c1ccc2ccccc2n1,0
protein41,1,CC(=O)NCCNc1nnc(O)c2ccccc12,0
protein41,1,Cc1[nH]c2cc(C(C)(Cc3ccccc3)N=C3NCCC3(C)C#N)ccc2c1C,1
protein41,1,CC(C)CC(C(=O)NCC(=O)O)N1CC(Oc2cccc(C(F)(F)F)c2)C1=O,0
protein41,1,CCCCc1nc2c(NC)cc3cc2n1Cc1ccc(cc1)CN(CCN(C)C)C(C)O3,1
protein41,1,CC(=O)c1cn(-c2ccc(Oc3ccccc3)cc2)c(-c2ccccc2)n1,0
protein41,1,CCOc1ccccc1C=Nc1ncc(Cl)c(Cl)c1N1CCN(C)CC1,0
protein41,1,CCCCC(=O)Nc1ccc2c(c1)CCC2=NNC(=O)c1ccccc1C,0
protein41,1,COc1ccc(C2(C)CC(c3ccc(I)cc3)=NN2c2cccc(C)c2)cc1O,0
protein41,1,CCc1cnc(NC2CCN(S(=O)(=O)c3cccc4cncnc34)CC2)nc1,0
protein41,1,Cc1ccc(OCC(=O)Nc2cc(S(=O)(=O)Nc3nccs3)ccc2N2CCCC2)cc1C,0
protein41,1,Cc1ccc(S(=O)(=O)N(C)C(C)C(=O)N2C(=O)C(C)c3c(C)cc(C(F)(F)F)cc32)cc1,1
protein41,1,CCCCC(C)c1nc(O)c2nc3cc(S(=O)(=O)Nc4ccc(Cl)cc4F)ccc3cc2n1,1
protein41,1,CCC1CCCCN1S(=O)(=O)c1cccc(C(=O)Nc2nnc(C)s2)c1,0
protein41,1,CC1CC(C)CN(c2nc3c(cc2F)c(=O)c(C(=O)O)cn3C2CC2)C1,0
protein41,1,O=C(C1CCCCC1)N1CC#CCN(c2cccc(F)c2)C1=O,0
protein41,1,Cc1nccc2nc(-c3cccn3C)nc(N3CCC(C)CC3)c12,1
protein41,1,NC(=O)c1cn(-c2c(F)cc(C(F)(F)F)cc2C(F)(F)F)c2cc(-n3cccn3)c(F)cc2c1=O,0
protein41,1,O=C(Nc1cc(F)ccc1N1CCOCC1)c1ccc2c(c1)c(=O)c(=O)[nH]n2Cc1ccccc1Cl,0
protein41,1,NC1CCCC1NC(=O)OC(CO)c1occc1COc1c(CN2CCCCC2)cccc1-c1cncc(=O)s1,0
protein41,1,Cc1ccc(Sc2nc3ccccc3c(=O)n2CC(=O)Nc2cccnc2N2CCCCC2)cc1C,1
protein41,1,Cc1ccc2c(c1)n(CCNCC(C)C)c(=O)c1cc(-c3ccc(C(=O)N4CCC(O)C4)nc3)cn12,0
protein41,1,CCOCc1ccccc1NC(=O)CSCc1cc(-c2ccccc2Cl)ccc1O,0
protein41,1,CC(=O)COc1ccc2nc(C)c(-c3ccc(OCC(=O)NCc4ccco4)c(C#N)c3)n2c1,1
protein41,1,CS(=O)(=O)N1CCc2nc(SCc3ccc(F)cc3)nc(N)c2CC1,0
protein41,1,CCCOc1cc(NS(=O)(=O)C2(C)CCCCC2(C)N)cc(-c2cccc3nc(C#N)nc(N4CCCC4C)c23)c1,1
protein41,1,Clc1ccc(-c2ccncc2Oc2nc(Cl)cc(N3CCCOCC3)n2)cc1,1
protein41,1,Cc1nc(-c2ccc(Cl)cc2)c2cnn(Cc3ccccc3C)c2n1,1
protein41,1,CCn1cc(-c2cc(NC(=O)Cc3ccccn3)cc(C(C)=O)c2)c(-c2ccc(F)cc2)n1,0
protein41,1,O=C(O)c1ccccc1-n1cc(CC2CCN(C(=O)OCc3ccccc3)CC2)c2ccccc21,0
protein41,1,O=C(N=c1scc2n1CC1CCCCN1C(=O)C2)c1cccc(C(F)(F)F)c1Cl,0
protein41,1,c1ccc2c(c1)ncn2CCN1CCN(c2noc3ccccc23)CC1,1
protein41,1,O=C(Cn1c(=O)n(Cc2ccccc2)c2ccccc21)NN=C1CCCCC1,0
protein41,1,CCCC=CC(=O)N1CCC2C1CCN2C(=O)C(C)(C)C,0
protein41,1,CC(=O)N1CCc2cc3ccccc3n2C1c1ccccn1,1
protein41,1,CC(=O)OC(C)C1(C)CCOc2ccccc2C2CC(=NN2S(C)(=O)=O)c2ccc(cc2)-c2ccccc21,0
protein41,1,CC1=CC2c3ccccc3C2C(C)(C)N1,1
protein41,1,CCC1CN2CCOC(Cc3cccc(c3C)OCCS(=O)(=O)N1C)C2C,1
protein41,1,Cc1cc(N2CCOCC2)ccc1Nc1nc(OCC2CC2)cc(-c2ccc(N)cc2)n1,1
protein41,1,CC1CN(CC#Cc2ccc(Oc3ccc(C#N)c(C(F)(F)F)c3)nc2)CCO1,1
protein41,1,Nc1ncnc2cccc(-c3ccccc3Cn3c(N)c(F)cc(C(F)(F)F)c3=O)c12,1
protein41,1,CC(C)CCCNC(=O)c1cn(Cc2ccnc(C#N)c2)c2ccccc12,0
protein41,1,CC(=O)Nc1ccccc1NC(=O)c1cccc(F)c1F,0
protein41,1,NC(=O)c1sccc1NC(=O)c1cc2cccc(Cl)c2n1Cc1ccc(C(=O)O)cc1,1
protein41,1,CCC(NC(N)C(Cl)(Cl)Cl)C(C)C,0
protein41,1,CCCCCCNC1C=C(CC(CN(C)Cc2ccsc2)Cn2cc(C(F)(F)F)ccc2=O)C(C(C)CO)O1,0
protein41,1,CC(C)CC1OC(c2ccc(Cl)cc2F)NC1=O,0
protein41,1,Cc1cc(C2CC(O)(CCC(C)C)C(C)O2)c(C)c2c1C(=O)OC2,0
protein41,1,CCC(=O)N(C)C1C(NC(=O)Nc2ccc(Cl)c(Cl)c2)c2ccccc2C1(C)C,0
protein41,1,Cc1nn(-c2ncccn2)c(C)c1COC(=O)c1cn(-c2ccccc2Cl)nc1C(F)(F)F,0
protein41,1,CC(C)C1(N=CN2CCN(c3nncc4ccccc34)CC2)CCCCC1,1
protein41,1,CC1(C)CCN1C(=O)C1CC2CC(CC(OC(=O)c3ccncc3)c3ccoc3)(CCO2)N1Cc1ccccc1,1
protein41,1,Cn1cc(-c2ccc3nc(S(=O)(=O)N4CCC(N5CCOCC5=O)C4)sc3c2)cn1,1
protein41,1,CC1(C)CC#CC2=C1CCC2N,0
protein41,1,CC1CCC(C(CN2CCC3(CC2)C(=O)c2ccc(N(C)C)cc2C3=O)Cn2ccnc2)CC1,1
protein41,1,O=C(O)c1cc2c(SC(F)(F)F)c3ccccc3n2c(=O)s1,0
protein41,1,CCCn1cc(CN2CCCC(c3nc(C)nc(N)c3-c3cccc(C)c3)C2)cn1,1
protein41,1,Cc1nc2c(=O)[nH]c(-c3cn(Cc4ccccc4)nc3-c3ccccc3)cc2o1,1
protein41,1,CC(C)c1ccc(NC(=O)c2ccccc2)cc1N1CCN(S(C)(=O)=O)CC1,0
protein41,1,Cc1cccc(C)c1NC(=O)C1CCCN(S(=O)(=O)c2ccccc2)C1,0
protein41,1,O=C(Nc1ccc2sc3c(c2c1)COC3)c1cc(S(=O)(=O)N2CCOCC2)c(F)cc1F,0
protein41,1,O=C(NN=Cc1cccc(Oc2ccccc2)c1)c1ccc([N+](=O)[O-])cc1,1
protein41,1,Cc1cc(-c2nc(N)n(S(=O)(=O)c3ccccc3)n2)ccc1F,1
protein41,1,Cc1ccc(-c2ccc(C3(CNC(=N)N)CCCCC3)cc2)nn1,0
protein41,1,Cc1cnc(N(C)C2CC3(CCN(CCO)CC3)C2)nc1,0
protein41,1,CCC(C)NC(=O)c1cnc2c(cnn2Cc2ccccc2F)c1Nc1ccccc1OC,0
protein41,1,Cc1cc(-c2ccc(C#N)cc2)cc2c1C(=O)CC(N(C)C(=O)OC(C)(C)C)C2=O,1
protein41,1,CCS(=O)(=O)Nc1cccc(-c2nc3c(C)c(C)ccn3c2NCc2cccc(CN3CCOCC3)c2)c1,1
protein41,1,CC1C(=O)NC(C(=O)O)CC1(C)C,0
protein41,1,O=C1Nc2c(Cc3cccc4cccnc34)cc(O)cc2C1=O,1
protein41,1,CCC1(c2ccccc2)CC(NC(=O)c2sccc2C)c2ccccc2O1,1
protein41,1,CCCN(CC1COc2ccsc2C1)C(=O)c1cc(-c2c(F)cccc2Cl)on1,0
protein41,1,CCOC1CCN(Cc2ccc(C(N)c3ccccc3F)c(S(=O)(=O)N(C)C)c2)CC1,0
protein41,1,CC(C)=CCC(=O)Nc1nnc(NC(=O)c2ccc(-c3cnc4ccccc4c3)cc2F)s1,1
protein41,1,Cc1ccc(S(=O)(=O)NC2CCCC2)cc1N1CCN(C)CCC1=O,0
protein41,1,CCn1c(Sc2ccccc2C(=O)n2ccnc2)nc2cc(NC(=O)C3C=C(Cl)c4ccccc43)ccc21,1
protein41,1,O=CCCN1CCCC(COc2ccccc2C(c2cc(F)ccc2F)S(=O)(=O)c2ccccc2)C1,0
protein41,1,CCN(CC)C(=S)N1C(=O)c2ccccc2C1O,1
protein41,1,O=C(Nc1[nH]c2cncnc2c1-c1ccc(OC(F)(F)F)cc1)c1ccsc1,1
protein41,1,N=C(N)c1cccc(CC(O)c2cc3ccccc3nc2CC(=O)O)c1,0
protein41,1,CCCn1cc(NC(=O)c2oc3ccccc3c2O)cn1,0
protein41,1,CC1CCN(c2cccc(-c3cc(NCC(C)(C)CN)nc4cc(F)ccc34)n2)CC1,1
protein41,1,CCOc1ccc(Nc2ccc(S(N)(=O)=O)cc2[N+](=O)[O-])cc1,1
protein41,1,CC(C)Oc1ncc2ccccc2c1Nc1nn(CC2CCCCC2)c(C(F)(F)F)c1C(N)=O,1
protein41,1,O=C(CC(C(O)c1ccc(F)cc1)N1CCOC(OCc2cccnc2)C1)N1CCOCC1,0
protein41,1,O=C(CSc1nnc2ccccn12)N(Cc1ccccc1)C1CCCC1,0
protein41,1,CCCS(=O)(=O)Nc1ccc(OC)c(C2Cc3ccccc3CN2C(=O)c2ccc(OC)c(S(=O)(=O)N3CCOCC3)c2)c1,1
protein41,1,Cc1cc(S(C)(=O)=O)c(OCc2ccccc2Cl)cc1Nc1nc(=O)ccn1C,0
protein41,1,CCCCC(=O)N=c1scc2n1CSc1cc(OC)ccc1-2,1
protein41,1,Cc1ccc2c(c1)C(CN1CCN(c3c(Cl)ccc4cc(-c5ccncc5)nn34)CC1)CC(=O)N2,0
protein42,1,CC=C(C)c1nnc(NC(=O)C2CCCC(C(=O)O)C2)s1,0
protein42,1,CCc1n[nH]c(C)c1-c1nn(C2CCN(C)CC2)c(=O)c2c(C)[nH]c(C)c12,0
protein42,1,Cc1ccccc1-n1c(SCC(=O)NCCN2CCOCC2)nc2ccccc2c1=O,1
protein42,1,Nc1csc(Cn2nc3ccccc3c2SCC(O)Cn2nc(-c3ccc(Cl)cc3)cc(F)c2=O)n1,1
protein42,1,CCCN(CC#Cc1ccccc1)CC(=O)Nc1c(C)cccc1C,0
protein42,1,O=Cc1ccccc1CNc1nc(Nc2ccccc2)c2ccc([N+](=O)[O-])cc2n1,1
protein42,1,CCSCCNC(=O)c1sc2cc(C)ccc2c1O,1
protein42,1,Cc1ccc(C)c(Nc2nn3c(=O)cc(C)nc3s2)c1,0
protein42,1,CCN(CC)c1ccc2c(c1)C(=O)N(C1CCCCC1)CC2c1cccnc1,0
protein42,1,CCN1CC(=O)C(=Cc2ccco2)C1=O,0
protein42,1,CCC(=O)Nc1nc(Cl)c(-c2cc(F)ccc2NC(=O)c2ccc(C#N)cc2OC)c(Cl)n1,1
protein42,1,CC(C)c1cccc2c1NC(CO)c1cc(S(=O)(=O)NC(C(=O)NO)C(C)C)ccc1CC2,0
protein42,1,CCC1CC(CN2CCOC3CN(Cc4ccccc4C)CCC32)OC1=N,1
protein42,1,CCN1C(C)Oc2ccc(C(=O)O)cc2S1(=O)=O,0
protein42,1,CCn1c(-c2n[nH]cc2C(=O)c2ccc(C#N)cc2F)nc2c(Cl)ccc(NC(=O)C3CC3)c21,0
protein42,1,CCOc1cccc(CN2CC3(CCn4nccc4NC3=O)CC2=O)c1OC,0
protein42,1,CCc1ccccc1NC(=O)N1CCC(CN(C)c2ccccc2C(=O)O)CC1,0
protein42,1,CC(=O)n1c2ncccc2c2ccc3c(c21)CCC(NC(=O)C(C)C)CC3,1
protein42,1,CC(C)(C)C(C(=O)N(CC#Cc1cccnc1)CC(F)(F)F)N1C(=O)c2ccccc2C1=O,0
protein42,1,CC(C)CN1CCc2cnc(Nc3ccc4c(c3)C(O)(c3ccc(F)cc3Cl)CC3(CCN(C)CC3)O4)nc2C1,0
protein42,1,CC(C)CC(CC(=O)O)C(=O)N(Cc1cccc(Cn2cccc2)c1)C1C(O)CCCC1CC#N,0
protein42,1,Cc1ccc2c(c1)CC(Oc1ccc(NC(=O)NC3(c4ccccn4)C(C#N)=C(N)OCC3(Cl)Cl)cc1)CC2,0
protein42,1,Nc1ncc(-c2cc(N3CC(F)(Cl)C(F)C3=O)ccc2F)cc1C(=O)Nc1ccc(Cl)c(Cl)c1,0
protein42,1,CCCCCC1(C)C(=O)c2ccccc2S1(=O)=O,0
protein42,1,CC(C)(O)C#Cc1nc[nH]c1C(=O)NC1=NCCS1,0
protein42,1,CCN(CC)CCn1ccc(-c2ccc(F)c3c(N4CCC5CC(C)CC(N)C54)ccnc23)n1,1
protein42,1,NCCN1CC=C(c2cccc3c(Nc4nc(Cl)nc5nn(Cc6ccccc6)cc45)c[nH]c23)CC1,1
protein42,1,CCCCCN(CC#Cc1cccc(OC)c1)CC(F)(F)F,0
protein42,1,CC(C)(C)OC(=O)NC1CCC(CCN2CCCCC2Cc2ccc3c(c2Cl)OCCO3)C1,0
protein42,1,Cc1ccc(Nc2ncc(-c3ccc4c(c3)CCN4C(=O)C3CC3)cn2)cc1,0
protein42,1,CCCC1=NCC(c2c[nH]cn2)O1,0
protein42,1,CCS(=O)(=O)OCC1Sc2ccccc2N1C(=O)CCN1CCCC1C(C)C,0
protein42,1,CCS(=O)(=O)C=Cc1c(N)c(C(=O)OC)cc(I)c1OC(C)C,1
protein42,1,Nc1nccc2cnc(Nc3ncc(Oc4ccccc4)cc3F)c(F)c12,1
protein42,1,CCCC(=O)Nc1cc(-c2cnc3ccc(-c4cccc(NC(C)=O)c4)nn23)ccc1C,0
protein42,1,CCn1cc(CN(C)C)c(CNC(=O)c2ccncc2Cl)n1,0
protein42,1,CCCOc1cc2sc(N)nc2cc1Cl,0
protein42,1,O=C(Nc1cccc(OC(F)(F)F)c1)c1cc(=O)c2ccccc2[nH]1,0
protein42,1,Cc1nc2c(C)cccc2c(NCc2ccc(N3CCNCC3)cc2)c1C,1
protein42,1,O=C1NC(c2ccc(Cl)cc2Cl)Oc2cccc3c2CCC(O3)C(=O)C12CCC2,0
protein42,1,CC(C)CCN1CC2CC3c4ccc(Cl)c(-c5ccccc5C(F)(F)F)c4CCN(CCCO)CCC3N2C1=O,0
protein42,1,NC1=NCCc2ccc(N)cc21,1
protein42,1,CCCn1c(C)c(CCCCCNC(C)=O)c2[nH]c(-c3ccc(OCC4CCCCC4)cc3F)nc2c1=O,1
protein42,1,CCN1CCN(c2nc3nc(N)ccc3c(Cl)c2-c2cccc(Cl)c2Cl)CC1,1
protein42,1,CCOc1ccc(OC2CCOC2)cc1N=CNC(=S)Nc1cccc(F)c1,1
protein42,1,CC(C)(C)C(NC(=O)C(=O)Nc1nc2ccc(Cl)cc2s1)C(=O)O,0
protein42,1,CCCCCC(C)(C)Nc1ncn(-c2ccc(SC)cc2)c1-c1ccccn1,0
protein42,1,Cc1ccc(NC(=O)CS(=O)(=O)c2ccc([N+](=O)[O-])cc2)cc1,1
protein42,1,Cc1nc2c(s1)CC1CCC2N1,0
protein42,1,Brc1onc(-c2ccccc2)c1-c1ccccc1I,0
protein42,1,CC(C)CC(NC(c1ccc(N2CCCCC2)cc1)c1ncccn1)C(=O)N1CCN(C)CC1,0
protein42,1,CC(O)CC#CC1(NC(=O)c2nn(C)c3ccccc23)CCCC1,0
protein42,1,CCN(CC)CCNC(=O)c1cc(-c2cc3ccccc3s2)on1,1
protein42,1,CCN1Cc2cccc3c2CCN(CCCCNc2cccc4c2OCC4c2ccc(cn2)C1=O)C3,1
protein42,1,CC(C)c1ccc(Nc2cc(Oc3ccc(Cl)cc3N)ncn2)cc1,0
protein42,1,O=C1c2ccccc2C(O)(c2ccc(F)cc2)N1CCN1CCCC1,0
protein42,1,Cc1c(C)c(=O)n2cccc(Cl)c2c1Oc1cc(C(=O)NCCNc2ccc(C#N)cc2)cc2c1CCCC2,1
protein42,1,O=c1c2ccc(O)cc2nc(-c2ccccc2Cl)n1-c1ccccc1F,0
protein42,1,CCC1CCN(C(=O)c2c(NC3CCCC3)c3cc(OC)cc(O)c3n3cccc23)CC1,0
protein42,1,O=C(NCCN1CCCCC1)C1CC(Oc2cncnc2)CN1C(=O)c1cc2ccccc2[nH]1,0
protein42,1,COC(=O)c1ccc(NC(C)C=C(C)C)c(CC=C(C)C)c1,0
protein42,1,CCn1c(=O)c(C(=O)NC2(c3ccccc3F)CCCCCC2)c(O)c2ccccc21,1
protein42,1,[H]C([H])([H])Oc1ccc(C=C2CC(CC(C)C)N(C(=O)Nc3ccccn3)C2=O)cc1,0
protein42,1,Cc1ncc(NCCCCOc2ccccc2OC2CCC2)cn1,0
protein42,1,O=C1C2C(O)CN1c1ccc(Cl)cc1C(=O)N2c1ccc(-c2ccccc2)cc1,0
protein42,1,Nc1ccc2c(=O)n(C3CCCC3)cc(-c3ccc(N4CCOCC4)cc3)c2n1,1
protein42,1,CC(C)CCn1cccc1-c1cc(C(=O)O)c(O)c2ccc(O)cc12,0
protein42,1,Cc1nc(Nc2cc(-c3cc(C)c(C(=O)O)o3)ccc2Cl)c2ccccc2n1,0
protein42,1,CCCCN(C)CCCN(c1ccc(C(N)C(=O)O)cc1)c1cc(Cl)c2ccccc2n1,0
protein42,1,CCC(COc1ccccc1F)NS(=O)(=O)c1cccc2ncccc12,1
protein42,1,CCCCCCCC(C#CC#CC(C)(C)C)N(C)N,0
protein42,1,CC(C)=CCN1CCN(c2nc3c4c(c(C)cc3s2)CCOC4)CC1,1
protein42,1,O=C(Nc1ccncc1)c1cc(C(F)(F)F)nc(-c2cccs2)c1Cl,0
protein42,1,CCc1ccccc1C(=O)OC1CCN(S(=O)(=O)c2cc(C)c(C)cc2C)CC1,0
protein42,1,CC(C)CC1C=Cn2cc(c3cccc(N)c32)CC(=O)NC(C(C)C)C(=O)N1,0
protein42,1,Cc1ccc(S(N)(=O)=O)cc1Nc1[nH]c2ncnc(-c3ccc(F)c(F)c3)c2c1O,1
protein42,1,COc1c(N2CC3C(C2)C2(CCCCCO2)CC(=O)N3C)c(Cl)c2c(c1F)c(=O)ncn2C1CC1,0
protein42,1,CCN(CC)C1=C(C)C(=O)c2c(OC)cccc2C1=O,1
protein42,1,CC12CCC(C1)N(c1cc(-c3cc4c(cn3)-c3c5c(cc(=O)n3CC4)CCCC5)ncn1)C2,0
protein42,1,O=C(c1cc2cc(Cl)ccc2[nH]1)N1CCS(=O)(=O)CC1,0
protein42,1,Cc1nc2c(s1)-c1ccc(NC(=O)N3CC(c4nccn4C)C3)cc1CC2,1
protein42,1,O=C(Nc1cc([N+](=O)[O-])ccc1N1CCNCC1)c1ccccc1F,1
protein42,1,CCn1cnc2cc(C(=O)N(C(=O)c3cnn(C)c3)C3CCS(=O)(=O)C3)ccc2c1=O,1
protein42,1,NC(=O)CN1CCc2c(cccc2[S+]([O-])c2cc(C(F)(F)F)ccc2OC2CCCCC2)C1=O,0
protein42,1,Nc1nc(Cl)cc(-c2cc(NC(=O)c3ccccc3Cl)ccc2OCC(F)(F)F)n1,0
protein42,1,CN1CCN(CC2(C)CC(c3ccc(C(C)(C)C)cc3)=[N+]([O-])S2)CC1,0
protein42,1,CC(C)n1ccc2cc(-c3nc4nc(-c5ccco5)c(Cl)nc4c(=O)[nH]3)ccc21,1
protein42,1,Cc1noc(C)c1Cn1c(C)csc1=NC(=O)c1cc(Cl)ccc1F,0
protein42,1,O=C(NC1SC(=S)NC1=O)c1ccccc1Cl,0
protein42,1,CCC1(c2ccccc2)C(=O)OC1c1c(C)nn(-c2ccc(C(N)=O)cc2)c1N1CCN(C)CC1,1
protein42,1,CC1CCN(C(=O)c2ccc(CSc3ccccc3NC(=O)CCl)o2)CC1,0
protein42,1,CCN(CC)C(=O)Oc1cc2cc(OC)ccc2c(CN2CCCCC2)c1O,0
protein42,1,CCN(CC)CCCOc1ccccc1-c1csc([N+](=O)[O-])c1,1
protein42,1,CC1CCCCN1CC(=O)Nc1ccccc1N1C(=O)c2ccccc2C1=O,1
protein42,1,CC#CC(O)CC(CC1CC(O)CCN1CC(O)CO)c1cccc(OC(F)(F)F)c1,0
protein42,1,CCN(CC)c1ccc(S(=O)(=O)N2CCCCC2C)cc1,0
protein42,1,Cc1nc(-c2cncc(Nc3nccc(-c4ccc(O)c(CCO)c4)n3)c2)cs1,0
protein42,1,Cc1nc(NC(=O)c2ccccc2F)sc1-c1ccn(-c2ccccc2Cl)n1,0
protein42,1,Cc1ccc(-c2ccc(Cl)cc2)cc1-c1nc2c(nc1N)C(C(O)CO)Oc1cc-2cnc1N,0
protein42,1,CC1CCN(CC2CCC(C)(C)CN2c2n[nH]c3ncnc(-c4ccc(C(F)(F)F)cc4)c23)CC1,0
protein43,1,CC(=O)c1cnc(N2CCN(Cc3ccc[nH]3)CC2)cn1,1
protein43,1,CCC(C)Nc1nc(-c2ccc(C(F)(F)F)cn2)cc(-n2nc(C(F)(F)F)cc2CC(F)(F)F)n1,0
protein43,1,CCc1c[nH]c(=O)c(Cc2c(O)cc(O)cc2OC)c1C,0
protein43,1,O=c1[nH]c(=O)n(C2CCN(CCF)CC2)cc1F,0
protein43,1,Cc1nn(-c2cc(Cl)cc(Cl)c2)c(C)c1CN1CCN(C(=O)c2cccs2)CC1,0
protein43,1,FC(F)(F)COCC1=C(CC2CC2)CN(c2ccc3c(c2)OCCCO3)C1,0
protein43,1,CC(=O)NC(CC(=O)N(C)c1ccccc1S(N)(=O)=O)c1ccccc1,0
protein43,1,CN(CCN1CCCCC1CC(=O)O)Cc1ccccc1,0
protein43,1,CCCNC1=NS(=O)(=O)c2cc(Cl)ccc2N1,0
protein43,1,CCc1ccccc1NC(=O)C1CN(c2nc(O)nc3ccccc23)Cc2cnccc21,1
protein43,1,O=Cc1c(OCC(F)(F)F)csc1CNC(=O)NCc1ccccc1Cl,0
protein43,1,CCCCCC#Cc1cccc(C(C)(C)C(Cl)(Cl)Cl)c1,0
protein43,1,Cc1cccc(C(=O)NC(=S)Nc2ccccc2F)c1,0
protein43,1,O=C(CCS(=O)(=O)c1ccccc1)NC(=S)Nc1ccccc1F,0
protein43,1,O=C(NN=C(c1ccc(Cl)cc1)c1oc2ccccc2c1O)c1c[nH]c2ccccc12,0
protein43,1,NC(=O)C1CCN(c2nc3cc(C(F)(F)F)cc(Cl)c3n2CC2CCCCC2)CC1,0
protein43,1,CCCCNC(=S)N1CCN(Cc2ccccc2)CC1,0
protein43,1,Cc1cc(C)n(-c2ncc([N+](=O)[O-])c(N3CCC(CC(F)(F)c4c(F)ccc(F)c4F)CC3)n2)n1,1
protein43,1,CC(C)(C)NC(=O)C1(Nc2nc(-c3ccc(Cl)cc3)c[nH]2)CCCCC1,0
protein43,1,O=C(c1ccc([N+](=O)[O-])o1)c1cn(-c2ccccc2)nc1-c1cccnc1,1
protein43,1,NC(=O)C1(c2nc3cc(C(=O)O)ccc3n2-c2ccccc2)CC1,0
protein43,1,CCC1COCCN1c1cc(-c2ccccc2[N+](=O)[O-])c2ccc(C(F)(F)F)cc2n1,1
protein43,1,CCC(=O)N1CCC(Cc2cc(OC)cc3c4c([nH]c23)C(C)(C)N(C(=O)c2ccco2)CC4)CC1,0
protein43,1,CCCCCC1(C)C(=O)N(CC2CCN(c3nc(N(C)C)ncc3F)C2)C(=O)C1CC,0
protein43,1,CCc1nc2ccc(C(=O)NCCOC)cc2n1-c1ccc(F)cc1,1
protein43,1,CC(C)CC(NC(=O)C1CN(C)C(=O)c2ccccc21)C(=O)O,0
protein43,1,CCCCn1c(=O)c(C(=O)NCc2ccc(Cl)cc2)c(O)c2ccccc21,0
protein43,1,Nc1nccc2[nH]c(=O)n(C(c3ccccc3F)c3cc([N+](=O)[O-])ccc3Cl)c12,1
protein43,1,NC1=Nc2c3cc4c5n(c-3nc2CSC1)CCC4c1ccccc1C5,1
protein43,1,O=C1c2ccccc2C(=O)N1C1CCN(CC2CCOCC2)CC1,0
protein43,1,Nc1cccc(Cl)c1N1CCNCC1,0
protein43,1,CCN1CCCC2(CC(=O)c3ccccc3C2=O)C1,1
protein43,1,Cc1ccccc1[S+]([O-])CC(=O)Nc1ccccc1,0
protein43,1,Cc1cc(OC(C)C(=O)Nc2c(Cl)cccc2Cl)c(C)nc1-c1cc(NC(=O)CC(C)C)ncc1F,0
protein43,1,CCCN(CCC)c1ccc2nc(-c3ccc(OCC(=O)O)cc3)c(=O)n(Cc3ccco3)c2n1,1
protein43,1,CCNc1ncc(-c2ccc3c(S(=O)(=O)c4cccc(F)c4)c(N4CCCC4)ncc3c2)cn1,0
protein43,1,CCC(CC(=O)O)NC(=O)C(CO)NC(=O)Cc1ccccc1-c1ccccc1,0
protein43,1,CC1CCCC23NC(N)=NC2c2[nH]c4ccc(F)c[n+]4c2CC13,0
protein43,1,Nc1cc2c(cn1)-c1c(c(Cl)c(O)c3ccccc13)CC2,1
protein43,1,CCN(CC)CCn1cnc2c1c(=O)n(C)c(=O)n2C,0
protein43,1,CCC(C)C(=O)N1CCc2c(nn(-c3cccc(C(F)(F)F)c3C)c2NC2CCCCC2)C1,0
protein43,1,Cc1cc(NC(C)c2ccc3c(c2)OCCO3)nc(NCc2ccccc2C)n1,0
protein43,1,Cc1ccccc1-c1ccc([S+]([O-])CC(=O)NC2CCCCC2)nn1,1
protein43,1,CCCCN1CCC(n2c(=O)[nH]c3c(-c4ccc(F)cc4)cc(-c4ccc(F)c(OC(F)(F)F)c4)nc32)CC1,0
protein43,1,CC1CCCN(c2nccc3c(NS(=O)(=O)N(C)C4CCCC4)cccc23)CC1,1
protein43,1,Cc1c(NS(=O)(=O)c2ccccc2)sc2cc(NS(=O)(=O)c3ccccc3Cl)cc(N(C)C)c12,0
protein43,1,Cc1cccnc1CSc1nc(N)c2ccccc2n1,1
protein43,1,CC1(C)Cc2oc3cc(O)c(O)cc3c2C(O)C1,0
protein43,1,NC(=O)Cc1c2n(c3ccccc13)CCc1ccc(cc1)Oc1c-2csc1C(N)=O,1
protein43,1,Cc1cc(C(=O)N2c3ccccc3-n3ccnc3C2c2ccc(F)cc2)c2ccccn12,0
protein43,1,CCn1ncc(-c2nc(Oc3cccc(OC)c3)c(C(F)(F)F)cc2F)c1C(F)(F)F,1
protein43,1,Cc1ccc2c(O)c(C(=O)NN=C(Cc3coc4cc(N(C=O)CC5CN(C)CCC5F)ccc34)C(C)(C)C)ccc2n1,1
protein43,1,Cc1ccc(CNc2cc(-c3ccnc4[nH]cc(C#N)c34)nc(NCc3csc(C)n3)n2)cc1,1
protein43,1,COc1ccc(CC(C(=O)NC(CO)C(=O)O)C(C)C)cc1C#CC=C(C#N)c1nc2ccccc2[nH]1,0
protein43,1,CC(O)CCOP(C)(=O)O,0
protein43,1,CCN1C(=O)CC(c2ccccc2)(c2cccc(OC(F)(F)F)c2)C1=O,0
protein43,1,CC(C)(C)OC(=O)N1CC(O)C2C(CCCN2S(=O)(=O)c2ccc(C(=O)NCC3CN(CC(F)(F)F)CCO3)cc2Cl)C1,0
protein43,1,COc1ccc(F)cc1Nc1nc(C(F)(F)F)ccc1N1CCC(C)CC1,0
protein43,1,CCN(CCC1CCCN(C(=O)c2cc(C)on2)C1)c1oc2c(C)c3cnccc3cc2c1C#N,1
protein43,1,O=C1CCCC2(CC2c2ccccc2)N1,0
protein43,1,CC(C)Nc1ccc2c(c1)C(n1nc(N3CCCOCC3)sc1=O)c1ccccc1-2,1
protein43,1,CC1Cc2ccccc2N1C(=O)Cn1c(-c2ccccc2Cl)nc2ccccc21,1
protein43,1,CCCn1nc(Nc2ccc(C)cc2C(F)(F)F)c(C(=O)Nc2cccc(OC)c2)c1C,0
protein43,1,CCCC1(CC)COc2ccc(-c3nc(NCCC(=O)O)n4c(N)cnc4c3C#N)cc21,0
protein43,1,CNC1=NC(CC(C)(C)C)C(c2ccccc2C)N1C(=O)c1cc(COc2ccc(F)cc2F)on1,1
protein43,1,Cc1cnc(OC2(C)CCC(C)C2O)c(-c2ccccc2Cl)n1,0
protein43,1,O=C(NCC(O)CNc1nc2nc(CCc3cccc(F)c3)[nH]c2cc1F)C(F)(F)F,0
protein43,1,CCCOC1CC2c3ccc(-c4cccc(O)c4C(=O)O)cc3CC1N2C(=O)C1CCCC1,1
protein43,1,CCC(C)C(NC(=O)c1cc(-c2ccccc2)nn1S(=O)(=O)c1ccccc1)C(=O)N1CCCCC1,0
protein43,1,CCN1C(=O)c2cccc3c(S(=O)(=O)OC)ccc1c23,1
protein43,1,CC(C)CC1NC(=O)NC23Cc4[nH]nc(c4C(C(C)C)C2)C13,1
protein43,1,Cc1nc(CC(=O)Nc2cc([N+](=O)[O-])ccc2N2CCC(C)C2)no1,1
protein43,1,Cc1cccc(Nc2cccc3ccc4[nH]c(=O)[nH]c4c23)c1,1
protein43,1,CCCS(=O)(=O)N1CCN(c2ccc(C)cc2)CC12CCCCC2=O,0
protein43,1,CCn1c(=NNc2nccc(C)n2)c2cccn2c2ccccc21,1
protein43,1,Cc1[nH]c2ccccc2c1Cc1cccc(OCC2(N3CCN(C)CC3)COC2)c1,1
protein43,1,Cc1cc2cc(C(=O)NCCc3ccc(C#N)cc3)ccc2n1C1CCNCC1,0
protein43,1,CCOc1ccc(-c2nc3ccccc3c(C(OCC)c3ccc(N(C)C)cc3)c2C#N)c(C)c1,1
protein43,1,CCCN(CCC)Cc1nc(-c2c(F)cc3[nH]ccc3c2F)n(C)n1,1
protein43,1,CC(C)CNC(=O)C1CC(OCC2CC2)CCC1CN1CCC1c1nc2cc(F)ccc2[nH]1,0
protein43,1,O=c1c2ccc(-c3ccc(OCC(F)(F)F)cc3)nc2ccn1O,1
protein43,1,CCn1c(CN(C(=O)CCC(=O)Nc2nnc(-c3ccccc3OC)s2)C2CCCC2)nc2ccccc21,1
protein43,1,c1ccc2c(c1)c(Nc1cnccc1N1CCCCCC1)cc1nccn12,1
protein43,1,CC(=O)c1ccccc1S(=O)(=O)N1CCN(C(=S)Nc2ccc(F)cc2C(F)(F)F)CC1,0
protein43,1,CCN(CC)CCCN1C(=O)c2ccccc2S1(=O)=O,0
protein43,1,Cc1nc(N(C)Cc2ccc3c(c2)NCC(C)S3)nc2ccccc12,1
protein43,1,O=C(Nc1ccc(C(F)(F)F)cc1)c1nc2cc(F)c3c(c2nc1O)CCCCC3,1
protein43,1,CCN(CC)CC(=O)N1Cc2ccccc2CC(OC)C1c1nnc(-c2ccc(C#N)cc2)o1,1
protein43,1,CCN1CCCCC1Cn1c(CCc2ccccc2)cc2cccnc21,1
protein43,1,CCn1c(=O)c2c(-c3cccs3)c(C=O)cn2c2cccnc21,1
protein43,1,CN1CC(N(C(=O)C2(NC(=O)C3CCCCC3(C)C)CC2c2ccccc2)c2ccc(Cl)c(F)c2)CS1(=O)=O,0
protein43,1,O=C(Nc1nc2ccccc2s1)C1CC2CC(CO)COC2N1c1nc(N2CCOCC2)c2cccc(C(F)(F)F)c2n1,1
protein43,1,O=C(c1ccccc1O)N1CCNCC1CCC1Cc2ccccc2CN1Cc1ccc(-c2nccc(Cl)c2F)[nH]1,0
protein43,1,Cc1cccc(NC(=O)C2CCN(Cc3cnc4c(c3)-c3c(c5ncccc5n5cccc35)CC4)CC2)c1C,0
protein43,1,Cc1ccc(C(F)(F)F)c(NC(=O)CS(=O)(=O)c2ccc3c(c2)OC2(CCN(CC(C)C)CC2)C3)c1,0
protein43,1,Cc1ccc2c3c(c(NS(=O)(=O)c4cc(F)cc(C(F)(F)F)c4)nc2c1)CCCC3,1
protein43,1,CCC1CN(c2ccc(Cl)cc2)CCN1CCCCOP(O)(O)=S,0
protein43,1,Cc1ccc(NC(=O)c2cn(C)nc2C(F)(F)F)cc1S(=O)(=O)N1CCC(C(C)(C#CC(C)C)C(C)C)CC1,0
protein43,1,Cc1c(O)c2cc(C(F)(F)F)ccc2n(C2CCN(Cc3ccc4[nH]cc(-c5c(F)cccc5F)c4n3)CC2)c1=O,0
protein43,1,Cc1[nH]n(-c2ccccc2)c(=O)c1S(=O)(=O)N1CCCCC1,0
protein44,1,Cc1cnccc1CN(C)C1CCN(c2nc(N)nc3c2c(C)nn3C)C1,1
protein44,1,CCn1cc(-c2cnc(N3CCOCC3)c(-c3ccccc3OC)c2)c2c(Cl)ncnc21,1
protein44,1,CCCCc1nc2ccc(OC3CCNC(C)C3)cc2c(-c2cc(OC)c(F)cc2F)c1C,1
protein44,1,O=C(CC1C=C(c2ccccc2)c2ccccc21)NO,1
protein44,1,CCOc1cc2cccnc2cc1OC1CCN(CC#CCN2CCCC2)CC1,0
protein44,1,CCc1csc(-c2ccc(C)cc2)n1,0
protein44,1,Nc1c(-c2ccccc2)cnc2cc(C3CCCN3Cc3cccnc3)nn12,1
protein44,1,CC(=O)N1C(c2ccc(C)cc2)=C2CC1Oc1ccc(cc1)S(=O)(=O)Nc1ccc(O)cc12,1
protein44,1,O=C(Nc1cccnc1CN1CCCC1)c1ccc2c(=O)n(Cc3ccccc3Cl)ncc2c1,0
protein44,1,O=Cc1c(Cl)ccc2c(NCc3ccc(F)c(F)c3F)ccnc12,1
protein44,1,O=Cc1ccc(O)cc1-c1ccccc1,0
protein44,1,CCc1cc2c3cc4c(cc3c1C#N)c(c(C)n4C)CC(N)CN1C(=O)CCc3cc(ccc31)C(=O)NCC2,1
protein44,1,CCCCNC(=O)c1nn(Cc2ccc(OC)cc2)c(=Nc2ccc3sc(S(N)(=O)=O)cc3c2)s1,1
protein44,1,CC(C)c1ccc(Nc2nccc(-c3cnc4cnc(N)c(-c5cn(C)c6ccccc56)c4n3)n2)cc1,1
protein44,1,Cc1ccc2c(S(=O)(=O)CCC(=O)N3CCN(C)CC3)cn(CCN3CCCCC3)c2c1,0
protein44,1,Cc1cccc(C(=O)Nc2cc3c(c4c2Cc2cnc(N)cc2-4)OCCO3)c1,1
protein44,1,Cc1ncc([N+](=O)[O-])n1Cc1ccc2ccc(OC(F)(F)F)cc2n1,1
protein44,1,O=C(Nc1cccc(-c2csc(CSc3ccc(Oc4ncc(Cl)cc4F)cc3)n2)c1)N1CCCC1,0
protein44,1,CC(C)CC1CCC(=O)N1CCC(=O)Nc1c(F)cccc1C(F)(F)F,0
protein44,1,O=C1Cn2c(=O)n(c3ccccc32)-c2cc(F)ccc2Oc2ccccc2N1,0
protein44,1,O=C1c2ccccc2C(=O)N1CCCCSc1nnc2ccccn12,0
protein44,1,CCC(CO)CCN(c1nc(N)c(-c2ccccc2)c(=O)[nH]1)C1CCN(c2ncccn2)C1,0
protein44,1,Cc1cc(C)nc(Nc2cc3c(cc2Cl)C(=O)N(Cc2ccccc2C(F)(F)F)CCC3)n1,0
protein44,1,Cc1cc(C(=O)Nc2nnc(CCc3ccccc3)s2)on1,0
protein44,1,CC(C)P(=O)(CN(C)CC(=O)N(C)C1CCCCC1)c1ccccc1,0
protein44,1,Cc1cc(NC(=O)CS(=O)(=O)c2ccc(Cl)cc2[N+](=O)[O-])sc1C,0
protein44,1,CC(C)c1ccc(-n2c(S)nnc2-c2ccc(F)c(F)c2)cc1,0
protein44,1,Cc1nc(NC(=O)c2ccncc2)cc(-n2cccc2)n1,0
protein44,1,Cc1cccc(CCCN)c1OCCO,0
protein44,1,CC(C)CNC(=O)c1ccc(-c2ccc(COc3ccc(OCC4CC4)cc3CN3CCNCC3)o2)cc1C#N,0
protein44,1,CCn1nc2sc(C(=O)N(Cc3ccccc3)C(C)(CN3CCCC3)OC)cc2c1Cc1ccccc1,0
protein44,1,CCOc1cc(-c2nn(-c3cc(C#N)ccn3)cc2CN2CCCC(C(=O)c3ccc(F)cc3)C2)ccc1F,0
protein44,1,CCCCNc1cc2c(cc1NCC(Cn1ccnc1)OC(N)=O)Cc1ccccc1-2,0
protein44,1,CC(C)(C)C1Cc2c(CN3CCC(N)CC3)cc3occc3c2CCC1O,0
protein44,1,O=C1c2ccc(OCc3nn(-c4ccccn4)c4c3C(O)CCC4)cc2C(=O)c2ncccc21,1
protein44,1,CCc1cc(-c2ccccc2OCC(O)CN(C(C)C)S(C)(=O)=O)cc2ccnn12,1
protein44,1,CCCCCN(C)Cc1ccccc1Nc1ncc(C(=O)NCc2cccnc2)c(C)n1,0
protein44,1,CCCc1nc(-c2ccccc2C2(CC)C=C(C(=O)O)N(C)C(=S)N2)cs1,0
protein44,1,O=Cc1cc([N+](=O)[O-])cc(C(F)(F)F)c1N1CCN(CC2CCCO2)CC1,1
protein44,1,Cc1ccc(-c2cc3c(nc(C=CC(=O)N4CCC(C#N)CC4)n3C)s2)nc1,1
protein44,1,Cc1cccc(N2C(=O)Cc3cc(S(=O)(=O)Nc4nccs4)ccc32)c1C,0
protein44,1,CCC1CCCCC(=[N+]([O-])c2ccccc2)C1=O,0
protein44,1,CCNC(=O)c1ccc(COc2ccccc2C(=O)N(c2ncc(Cl)cn2)C2CCCCC2C)o1,1
protein44,1,CCC(CC1CCCOC1=O)NC(=O)c1c(F)cccc1Cl,0
protein44,1,CCN1CCC(n2cnc(-c3ccc(OC)c(S(=O)(=O)N4CCCNCC4)c3)n2)CC1,0
protein44,1,CC(C)(Cc1cc2c(c(Cl)c1O)CC(C)(C)[N+]2=O)n1cc(C=O)c2ccccc21,0
protein44,1,O=C(NC(c1cccc(F)c1)C(F)(F)F)c1cc(O)cc(O)c1,0
protein44,1,O=C(NCCN1CCOCC1)c1cc(-c2cncc(OC(F)F)c2)ccn1,0
protein44,1,Nc1ccc(C(F)(F)F)c2nc(-c3ccccc3)cnc12,1
protein44,1,Fc1ccc2[nH]c(CCCN3CCN(c4ncccc4C(F)(F)F)CC3)nc2c1,0
protein44,1,CCN(CC)C(=O)c1cc(C(=O)NN=Cc2ccccc2)c2cnccc2c1,1
protein44,1,Clc1ccc(-n2cnnc2-c2ccncc2)cc1,0
protein44,1,CC(C)=CCCC(C)C,0
protein44,1,Nc1nc(NCCO)nc2ccc(S(=O)(=O)Cc3ccccc3Cl)c(Cl)c12,0
protein44,1,[N-]=[N+]=NC(COc1ccc2c(c1)NC1CCC(C2)C1)COc1ccc(F)cc1F,1
protein44,1,CCN(CC)C(=O)Oc1nsc(-c2cc(C)cc(-c3cncn3C)c2)c1N,1
protein44,1,CCn1c(C)c(CNCC(Cn2c(=O)ccc3cc(-c4cnn(C)c4)ccc32)C(=O)O)c2cc(C)ccc21,1
protein44,1,Cc1nc(N(C)C)c2cc(NC(=O)c3ccc(CNC(=O)OC(C)(C)C)cc3)ccc2n1,0
protein44,1,CCCC1CCC2CC1N(O)C(=O)N2CCCONC(C)(Cc1ccccc1)C(=O)O,0
protein44,1,NC(=NOC(=O)c1ccc(Cl)c(S(=O)(=O)N2CCOCC2)c1)c1ccncc1,0
protein44,1,CCn1c(SCC(=O)Nc2cccc(C(C)=O)c2)nc2ccccc21,0
protein44,1,NC(=O)c1nc(C(F)(F)F)ccc1NCCCCCn1cc(Cc2ccccc2)c2ccccc21,1
protein44,1,S=C(Nc1ccc(Br)cc1)N1CCN(Cc2ccccc2Cl)CC1,0
protein44,1,Cc1[nH]c2c(c1Cc1ccccc1)CC(O)C(C)(C)C2,0
protein44,1,O=C(C=Cc1ccccc1[N+](=O)[O-])Nc1cccc(CO)c1C(=O)Nc1ccc(C(F)(F)F)cc1,0
protein44,1,CC1Cc2ccccc2N1C(=O)Oc1ccc(Cc2ccc(C(=O)Nc3ccc(C#N)cc3)cc2)cc1,0
protein44,1,O=C1Nc2ccccc2C1=NOCC=CC1CCCCC1,1
protein44,1,Cc1cc(-c2ccc(C#N)c(F)c2)c(N2CC(Oc3c(F)cc(F)c(F)c3F)C2)cn1,0
protein44,1,Cc1ccccc1-c1c[nH]cc1C(=O)C(=O)Nc1cccc([N+](=O)[O-])c1,1
protein44,1,O=C(O)c1cnc2c(N3CCOCC3)cc(-c3cc(C4CCC(CC(F)(F)F)NC4)ccc3F)cn12,0
protein44,1,CCC1NC(=O)CNC(=O)SC(c2ccc(-c3cncc(O)c3)cc2)CC(C)C(=O)N2CCC1C2,0
protein44,1,CCC(=CCl)C(=O)NC(C)C(=O)NCCCC1C(CCCC(=O)O)C(O)CN1C,0
protein44,1,CCCCCCSCC(O)CNc1ncc(C(F)(F)F)cc1Cl,0
protein44,1,CCCn1cc2c(n1)CC(C)Oc1cc(Cl)c(NC(=O)C(C)Cl)cc1-2,0
protein44,1,Cc1ccc(CCS(=O)(=O)c2cc(C)c(Oc3ccc(C(=O)NCCC4CNCCO4)cc3C)cc2Cl)o1,0
protein44,1,O=C(NN=C1CCc2cc(O)ccc21)c1nc2ccccc2s1,0
protein44,1,Nc1c(Cl)ccc2c(C(=O)Nc3nccs3)cccc12,0
protein44,1,CC(=O)c1ccc(-c2ccc(CNC3CCN(C)CC3OC(F)(F)F)cc2)cc1,0
protein44,1,CN1c2cc(OC(C)(C)C)ccc2C=C2CC(O)CCC21C,0
protein44,1,CCCC1OC(CCO)C(C)(c2ccc(Cl)cc2)N(C(CC(=O)O)c2ccccc2)C1=O,0
protein44,1,CCc1ccccc1NCCc1ccc([N+](=O)[O-])cc1,1
protein44,1,CCCCN1c2ccc(C(F)(F)F)cc2N=Nc2cccnc21,0
protein44,1,COc1cc(OC)cc(-c2cn(C3CC(CCC4COC(N)=N4)C(C)(C)c4cc(OC)ccc43)nn2)c1,1
protein44,1,Cc1cn(CCSc2c(Cl)cc(Cl)cc2C(=O)N2CCCC2)cn1,0
protein44,1,COC(=O)N1C(=C(C)C)c2ccc(OCC(N)=O)cc2CC1C(=O)N1CCN(c2ncc(F)c(C(F)(F)C(F)(F)F)n2)CC1,1
protein44,1,CCN(Cc1ccccc1)c1nc(N)c(-c2ccc(OC)cc2OC)s1,1
protein44,1,CC(C)C(CO)Oc1ccccc1C1c2c(O)ccc(C(=O)O)c2CCC12CCN(C)CC2O,0
protein44,1,Cc1c(NC(=O)c2cccc(F)c2)c(=O)n(-c2ccccc2)n1-c1ccc(F)cc1,0
protein44,1,CC(C)CCCCN1CC(C(N)=O)CC(C(=O)OCCCCC2CC2)C1,0
protein44,1,O=c1[nH]c2nc3c(cc2c2c([N+](=O)[O-])cccc12)SCC3,1
protein44,1,CCc1ccccc1Nc1nc(S)nc2ccccc12,1
protein44,1,CC(C)CNCC1CCN(c2c3c(nc4[nH]cc(C5CCC5)c24)-c2ccccc2S3(=O)=O)CC1,1
protein44,1,CC1(C)CCn2cnc(-c3cccc(OCc4cc(C(=O)Nc5ccc(F)cc5F)ccn4)c3)c2C1=O,0
protein44,1,CCCCN(C)CCCC1=C(OCc2c(F)cccc2F)C(CN2CCN(C)CC2)CC(CN2CCOCC2)C1,0
protein44,1,CCn1nc2c3c(c(C)nc(CN(C)C4CCCC4)c31)Sc1ccccc1-2,1
protein44,1,Cc1cc(C(C)(C)N)c(C)cc1-c1nnc(Sc2ccc(F)cc2)[nH]1,0
protein44,1,NC1(COc2ccc3c(c2)C2CCN(CC(F)(F)F)CC2C3)CCOCC1,0
protein44,1,Cn1cc(C2c3cc(OC(F)(F)F)ccc3N3CCCCC23)c(=O)[nH]1,0
protein44,1,CCN(CC(C)C)C(C)Cc1cc(F)ccc1-n1cc2c(n1)CCN(c1nncc(Oc3cc(C)cc(C)c3)n1)C2,0
protein44,1,N=C(N)c1ccc(Cn2c(=O)[nH]c3c(OCc4cccc(F)n4)ccc(F)c32)cc1,0
protein45,1,CCn1c(S)nnc1-c1cccc(C#N)c1,0
protein45,1,Cc1ccc(-c2cnnc(NCc3ccc(-c4ccccc4C#N)cc3F)n2)o1,0
protein45,1,O=C(NCc1ccccc1F)c1cc(NC(=O)C2CCCN2c2ccccc2)c2ccccc2n1,1
protein45,1,CCN1CCN(c2nnc(-c3nnc(C(C)(C)C)s3)c3ccccc23)CC1,1
protein45,1,CCCCn1c(NC2CCCCC2)nc2ccccc2c1=O,0
protein45,1,Cc1cc2c(cc1OCc1ccccc1Cl)CCCNCC2,0
protein45,1,Cc1c(-c2ccccc2Cl)n[nH]c1C(=O)N1CCC(c2ccc(C#N)cc2)CC1,0
protein45,1,Nc1cc(CSc2ncccc2C(=O)O)nc2ccc(Cl)cc12,0
protein45,1,CCn1ccnc1CN1CC2(CC1=O)c1ccccc1Cc1ccsc12,0
protein45,1,CC1C=CCC(C)C2c3cn(nn3)-c3ccc(C(C)(C)C)cc3C2(C#N)C1,0
protein45,1,CC(Cn1ccnc1)NC(=O)C(=O)Nc1cccc(-c2ccc(S(=O)(=O)N3CCOCC3)cc2)c1,0
protein45,1,O=C(Nc1ccccc1F)C1CCS(=O)(=O)c2ccc(-c3ccc([N+](=O)[O-])cc3)cc21,1
protein45,1,COc1ccc(C(C)(C)C)c(NC(=O)N2c3ncccc3CC2C(=O)NCc2ccc(C)cc2)c1,0
protein45,1,Cc1nnc(N)c2cc(-c3cc(S(=O)(=O)N4CCOCC4)ccc3OCC(F)(F)F)n(C)c12,0
protein45,1,Cc1cc2c(s1)-c1ccc(S(=O)CO)cc1OC2,0
protein45,1,CCCN(C)C12CCS(=O)(=O)c3sc(c(-c4ccccc4)c31)-c1cnccc12,1
protein45,1,CC(C)(C)c1ccc(Nc2c(N)c(=O)c2=O)cc1,0
protein45,1,O=C(Cc1ccc([N+](=O)[O-])cc1[N+](=O)[O-])Nc1cccc([N+](=O)[O-])c1,1
protein45,1,Cc1ncc(C(=O)Nc2c(C(N)=O)n(C3CCCC3)c3ccccc23)o1,1
protein45,1,CCN(CC)c1ccc(Cn2c(C(C)(C)C)nc3cc(OC)ccc32)cc1,0
protein45,1,CCn1c(SC)nc2cc(-c3ccc(OC)c(S(=O)(=O)N4CCC=C(F)C4)c3)sc2c1=O,0
protein45,1,CC(C)c1ccc(NC(=O)CS(=O)(=O)c2ccc3c(c2)CN(C2CCOC2)C(=O)CO3)cc1,0
protein45,1,Cc1ccc(C)c(-n2c(SCC(=O)Nc3ccc(Cl)cc3)nnc2-c2ccccc2)c1,0
protein45,1,CCCC1CNCCN1Cc1cccc2ccc(Nc3nc4ccc(C)c(C)c4s3)nc12,1
protein45,1,CCn1c(SCC(=O)NCCCC(=O)O)nc2cc3c(cc21)CC(C)(C)C(O)C3,0
protein45,1,CCCN(CC)CC(O)CS(=O)(=O)c1cccc([N+](=O)[O-])c1,1
protein45,1,CC1=CCC2(CC1)CCN(C(=O)CCn1c(C(N)c3ccc(C(F)(F)F)cc3)nc3ccccc31)CC2,0
protein45,1,Cc1ccc(-c2ccncn2)cc1NC(=O)c1cccnc1Nc1cn(CCN2CCCC2)c2ccccc12,1
protein45,1,CC1(C)C(=O)Nc2c1n[nH]c2-c1nc(N2CCOCC2)c2ccccc2n1,1
protein45,1,Nc1ccc([N+](=O)[O-])cc1S(=O)(=O)NC1CCCCC1,1
protein45,1,Cc1nc(-c2ccccc2)c(=O)n2cccnc12,1
protein45,1,CCCN1CCCCC1Cc1ccc(OC2CCCCC2C(=O)N(C)CC)c(Cl)c1,0
protein45,1,CCC1CNC(C(C)(O)c2ncc(CN(C)C)cc2Cl)C1,0
protein45,1,CCN(CC)CCNC(=O)c1ccc(-c2nc3c(F)c(F)ccc3n2Cc2ccccc2Cl)cc1,1
protein45,1,O=C(Nc1cccc(Nc2nccnc2N2CCCC3C(C2=O)C3(Cl)Cl)c1)c1ccccc1,0
protein45,1,CC(C)=C(c1ccccc1)C1CC2CC1CN2c1ccc(C(=O)O)cc1NC(=O)c1csccc1=O,0
protein45,1,CCCCNC(=O)COc1nc2n(c3nccc(=O)c1-3)CCC2,0
protein45,1,CCC1C(=O)NCN(CC2CCCCC2N2CC(CC)c3c(C(N)=O)csc32)C1=O,1
protein45,1,CC(C)NC(=O)CN(Cc1ccccc1)c1cc2ccc(-c3cnc(N)nc3C(F)(F)F)cc2cn1,0
protein45,1,CC(C)=CC(=O)Nc1sc([N+](=O)[O-])cc1S(=O)(=O)c1ccccc1,1
protein45,1,CCCS(=O)(=O)N1CCN(c2nc(C(F)(F)F)nc3sc4c(c23)CCCC4)CC1,1
protein45,1,Cc1nccnc1NCc1cccc2ccc(N3CCCCC3C)nc12,0
protein45,1,CC(C)C(=O)NCc1cccc(-c2ccc(NC(=O)c3ccc(Cl)c(Cl)c3)c(C(C)n3ccnc3)c2)c1,0
protein45,1,CC(C)Cc1ccc(CCCn2ccnc2)cc1,0
protein45,1,CCc1c(-c2ccc(C#N)cc2)nc2ccccc2c1N,1
protein45,1,Cc1nc2cc(-c3ccccc3)ccc2[n+](C)c1-c1ccccc1,1
protein45,1,CC(C)CC(CCl)OC(=O)c1ccccc1C(=O)O,0
protein45,1,COc1cc(-c2cccnc2)ccc1NC(=O)N(C)C1CCC(N(C(C)=O)C(C)C)C1(O)COC(C)=O,1
protein45,1,CC(C)(C)Oc1ccc(C(=O)N2CCNCC2CCO)cc1Cc1nc2c(s1)CCCC2,0
protein45,1,CCn1c(-c2ccccc2OC(F)(F)F)cc2c(NC(=O)c3csc(N4CCOCC4)n3)ccnc21,1
protein45,1,CC(C)CCNc1nc2cccc(C(F)(F)F)c2cc1C(N)=O,0
protein45,1,CCS(=O)(=O)Nc1ccc(CC(=O)N2c3cc(NC)c(OC)cc3C3CCCC32)cc1,0
protein45,1,COc1ccc2ncnc(Nc3cccc(NC(=O)C4CCCCC4)c3)c2c1,0
protein45,1,CCN(CC)S(=O)(=O)c1ccc2nc(N3CCCC(C)C3)n(C(F)(F)F)c2c1,0
protein45,1,COc1cc2c(cc1OS(C)(=O)=O)CNC1=Nc3ccc(-c4cc5ccccn5c4)cc3CC12C,1
protein45,1,CC(C)S(=O)(=O)Nc1ccc(C(=O)NN=CC2CCCC2)cc1Cl,0
protein45,1,O=c1[nH]c2cc(O)ccc2cc1-c1ccc(OC(F)(F)F)cc1,0
protein45,1,CCCCCCSc1c(C)nc2[nH]c(=O)ccn12,0
protein45,1,CCCCNC(=O)c1c(C)n2cnc1n2,0
protein45,1,Cc1cc(C)n2nc(-c3ccc(NC(=O)N(C)C)cc3)c(-c3ncccc3O)c2c1,0
protein45,1,Cc1ccc(Oc2ccc(F)c(C3=NN(c4ccc(S(N)(=O)=O)cc4)C(=O)C3)c2)cc1C,1
protein45,1,CCOP(=O)(OCC)C1c2ccccc2C(c2ccccc2)=CC1[N+](=O)[O-],0
protein45,1,CCN(CC)C(Cn1cc(C)cn1)OCCCCCCC1NC(=O)c2cc(F)ccc2N1C,0
protein45,1,O=C(Cc1nc2c(F)cccc2[nH]1)NCc1ccc(-c2cc(F)c(C(=O)O)cc2S(=O)(=O)N2CCCC2)cc1,0
protein45,1,CCC1CCCN(C(C)C)c2nc(C)cnc21,0
protein45,1,Nc1nc(N)c(C=O)c(O)n1,0
protein45,1,Cc1cc(Nc2ccncn2)nc2ccc(NC(=O)C3CCC3)cc12,1
protein45,1,CC1(N)CCc2nc(Nc3n[nH]c4ccccc34)nc(N3CCC(O)C3)c2C1,0
protein45,1,Cc1ccc(N2C(=O)CSC2c2ccccc2N(C)C(=O)c2ccccc2)cc1,1
protein45,1,Cc1ccc2n1-c1c3cccc1C(C)(C)N(C)C3CC2,0
protein45,1,Nc1cc(NC(=O)c2ccc3c(c2)C=C(COc2ccc(C(F)(F)F)cc2)CO3)ccn1,1
protein45,1,CC(C)CCNC(=O)c1c(Cl)c(Cl)c2n(c1=O)CCCCC2,0
protein45,1,CCNC(=O)Nc1cccc(Oc2nc3ccccc3nc2-c2ccccc2F)c1,1
protein45,1,Cc1nc(CN(C)C(=O)C2CCOc3ccc(-c4ccccc4)cc32)cs1,0
protein45,1,Cc1nc(-c2c(F)cccc2F)sc1COc1ccc(C(=O)Nc2cncc(CN(C)c3ncccn3)c2)cc1,0
protein45,1,O=C(CCCCN1CCN(c2ccccn2)CC1)N1CCc2ccccc21,0
protein45,1,Cc1cc(C#N)cnc1C(C)Nc1nc(Cl)nc(NC2CCC(C)CC2)c1[N+](=O)[O-],1
protein45,1,CCN(CC)c1ccc(C=NN(Cc2ccc(F)cc2)S(C)(=O)=O)cc1,1
protein45,1,O=C(CCCC(=O)N1CCCC1)Nc1cccc(Cl)c1,0
protein45,1,CC1=CC2CC(Cc3cccc4c3c(CC(CC(F)(F)F)NC(=O)CC#N)cn4-c3ccc(C(=O)NCc4cccc(F)c4)cc3)ON2C1=O,1
protein45,1,Cc1cc(Nc2ccc(C(=O)Nc3cc4c(cc3N3CCCC3)ncn4C(C)(C)C)cc2)nc(C)n1,0
protein45,1,Cc1nc2ccc(Cl)cc2n1CCCC1C(=O)NCC1c1ccccc1,0
protein45,1,CC(C)Nc1ccc(-c2cccnc2)cc1-c1nc2ccc3c(c2[nH]1)CCNC3=NO,0
protein45,1,CCCc1nc2ccccc2c(Sc2ccc(NC(C)=O)cc2C#N)c1CN1CCOCC1,0
protein45,1,Cc1cc(-c2c(-c3ccc(C(F)(F)F)cc3)cc3nncn3c2NCc2cccnc2)on1,0
protein45,1,CC1(C(=O)O)CCC(O)c2cc(C#CC#CCCl)ccc21,0
protein45,1,O=C(NCC(c1ccco1)N1CCCCC1)c1ccc(N2C(=O)CCC2=O)cc1,0
protein45,1,Nc1ccc(Cc2cccc(C3=C(n4ccc5ccccc54)C(=O)OC3)c2)cc1,1
protein45,1,Cc1ccc2c(c1)C(=O)CN2C(=O)c1ccccc1,0
protein45,1,CC(=O)Nc1cc(Nc2c3ccccc3nc3cc(C)c(N4CCCCC4)cc23)ccn1,1
protein45,1,CCC12CC[N+](C)(C)CC1c1cc(C)cc(CCCC(=O)O)c1OC2,0
protein45,1,CCCCc1nn(CC(=O)NC2CC=CC2)c2cc(F)ccc12,0
protein45,1,Cc1cc([N+](=O)[O-])cc(C)c1CC#CC(C)(C)CC(N)C(=O)O,1
protein45,1,CCCC1(CC)CC(=O)N(c2ccc(Cl)cc2)C1=O,0
protein45,1,CC(=O)Nc1ccc(N2C(=O)c3ccccc3C2=O)cc1,0
protein45,1,O=C1CCc2cnc(C(F)(F)F)cc2N1Oc1cc(C(F)(F)F)c(Cl)cc1Cl,0
protein45,1,CC(C)(N)C1(c2ccccc2)c2ccccc2C(=O)N=[N+]1[O-],0
protein45,1,Cc1nn(C)c(C)c1NC(=O)c1ccnn1C,0
protein45,1,CC1Oc2cc3c(cc2O1)CC(N)CC3,0
protein45,1,O=C(C(=Cc1ccc(Cl)cc1)N1CCCCC1)N1CCCC1,0
protein46,1,CCCCCCN1C=CC(O)(c2ccccc2)C2c3cc(Cl)c(Cl)cc3CCC21,0
protein46,1,CCN(CC)CCN1OS(=O)(=O)Nc2ccc3[nH]c(cc3c2)C1=O,0
protein46,1,CC(C)c1ccc(Nc2nccc(-c3n[nH]c(=S)n3-c3ccccc3F)n2)cc1,0
protein46,1,CCCC1(CCC)CN=C(N)S1,0
protein46,1,CC(C)CCNC(=N)c1ccccn1,0
protein46,1,CCCN1C(=O)c2ccc(NC(=O)c3cccc4ccc(C)nc34)cc2C1=O,1
protein46,1,CC(C)C(CO)Nc1nc(Nc2ccccc2[N+](=O)[O-])cc(C2CCCC2)n1,1
protein46,1,CC(=O)Nc1ccc(S(=O)(=O)N2CCCCC2)cc1C(=O)Nc1ccccc1F,0
protein46,1,Cc1cc(Nc2ccc(Cl)cc2)c2cc(NC(=O)c3cc4c(C#N)ccnc4o3)ccc2n1,0
protein46,1,Cc1cc2nc(NCCCn3ccnc3)c(-c3ccccc3)c(-c3cccc(F)c3)n2n1,0
protein46,1,CC(C)c1ccc(SC2CC(=O)N(Cc3ccco3)C2=O)cc1,0
protein46,1,CC#Cc1ccc2c(n1)C(=O)c1cncnc1C2=NNC,1
protein46,1,NC(=O)c1c(-c2cnc(N)c(OC(F)(F)F)c2)ccnc1N,0
protein46,1,O=C(NCc1cccc(O)c1)c1cc(-n2ncc3ncc(-c4ccccc4Cl)cc3c2=O)ccc1O,0
protein46,1,CC(C)c1nc(Oc2ccc(Cl)cc2C#CC(C)(C)C)cc(N2CCN(S(=O)(=O)c3ccc(F)cc3)CC2)n1,0
protein46,1,Nc1oc2ccc(C(=O)OCc3ccccc3F)cc2c1NC(=O)c1ccccc1,1
protein46,1,CC(C)(C)N1CCN(C=Nc2c(Cl)cc(Cl)cc2[N+](=O)[O-])CC1,1
protein46,1,CCCCCc1ccc(S(=O)(=O)Nc2cc3c4c(c2)C(CC(=O)OCC)C(=O)N4CCC3)cc1,0
protein46,1,CC(C)C=C(c1ccccc1)c1nn(-c2cccnc2)c(=N)n(-c2ccc(F)cc2)c1=O,0
protein46,1,CC1=CC(C)(C)NC(CCC(=O)Nc2cc(C)on2)C1c1cccc(Cl)c1,0
protein46,1,CC(NC(=O)CN1C(=O)c2ccccc2S1(=O)=O)S(=O)(=O)O,0
protein46,1,Nc1ncc(-c2ccc(Cl)c(Cl)c2)nc1-c1ccccc1F,1
protein46,1,CN(C)C(=O)c1cc(C(C)(C)C2c3ccc(C(F)(F)F)cc3OCC2OCCN2CCCCC2)[nH]n1,0
protein46,1,CCN(CC)S(=O)(=O)c1ccc(-c2coc3cc(OCc4ccccc4)ccc3c2=O)cc1,0
protein46,1,COc1ccc(-c2nc(C(=O)N3CCc4ccccc43)c(-c3ccccc3)o2)cc1,0
protein46,1,O=C(Nc1ccc(Cl)c(S(=O)(=O)N2CCCCCC2)c1)c1ccc(N2CCCCC2)c([N+](=O)[O-])c1,1
protein46,1,Cc1ccc(Nc2ncc(-c3cc(C(=O)NC(C)C)[nH]n3)c(N)c2C#N)cc1C,1
protein46,1,CC(=O)N1CCc2cc(-c3cc(C)ncc3OC3CCN(C(C)C)CC3)ccc21,0
protein46,1,CCOc1ccc(C(C)C)c(NC(=O)CNC(=O)Cc2cccs2)c1,0
protein46,1,CC(C)(C)OC(=O)N1CCN(c2nc3c(C(F)(F)F)cc([N+](=O)[O-])cc3cc2C#N)CC1,1
protein46,1,CN1C(CCc2ccc(Cl)c(-c3cn(C4COCCC4COCC(F)(F)F)cn3)n2)CCC1c1ccccn1,1
protein46,1,CCOc1ncc2c(O)cn(Cc3ccccc3F)c2n1,1
protein46,1,CC1=NC(C)(C)CCC1C(c1cc(O)ccc1O)N1CCC2(c3ccccc3)CC1C2,0
protein46,1,CC1(C)CCCC2OC(=O)Nc3ccccc3C21O,0
protein46,1,CCCN1CCN(c2nc(-c3cncc(N4CCCCC4)n3)cc(C(C)(C)C)n2)CC1C,0
protein46,1,CC(C)(C#CCCN1CCCCC1CO)c1ncccn1,0
protein46,1,Cc1cc(-n2nc(C)cc2C(F)(F)F)nc(Nc2cc3n(c2)CCNCC3O)n1,0
protein46,1,CC(C)CCCC(NC(=O)OCC1CN(c2ncnc(N(C)CCCC3CCN(C)CC3)c2F)CC1CO)C(N)=O,0
protein46,1,CCCCC(=N)Nc1nnc(-c2cc(C#N)cc(Cl)c2OC)s1,0
protein46,1,CCOc1ccccc1CN(C(=O)c1cc2cc([N+](=O)[O-])ccc2o1)c1c(C)ccc(S(=O)(=O)N2CCOCC2)c1C,1
protein46,1,O=C1C=C(Nc2ccc(C#CCO)cc2)CCC1,0
protein46,1,O=C1CC(c2cccc(C(F)(F)F)c2)C(NC(=O)c2ccccc2)=N1,0
protein46,1,CCCCN(CC)C(=O)C1C(=O)N(c2ccccc2)N=C1C(C)(C)C,0
protein46,1,CCOc1ccc(C2Oc3ccccc3-c3c2c(=O)ncn3-c2ccc(N3CCOCC3)c([N+](=O)[O-])c2)cc1,1
protein46,1,CCCCCCNc1nc(NCc2cc3ccccc3nc2N)c2ccccc2[n+]1[O-],1
protein46,1,O=C1CC(CCC2CN(c3ncc(Cl)cc3Cl)C3CCN(CCNc4nc5c2cncc5cc4F)CC3)CO1,0
protein46,1,CC(=O)c1c[nH]c2cccc(C3Oc4ccc(CCN(C)C)cc4OC3C)c12,1
protein46,1,Cc1cccc(C)c1Nc1ccc(O)cc1-c1nccnc1NCC1CNC(=O)C1,0
protein46,1,CC(=O)N1CCCN(c2ccc(C(=O)O)cc2[N+](=O)[O-])CC1,1
protein46,1,O=CNc1cc(-c2ccccc2C(F)(F)F)nc2cc(F)c(F)cc12,1
protein46,1,Cc1noc(C)c1C(=O)NCC(c1cccc(C(F)(F)F)c1)N1CCCC1,0
protein46,1,CCOc1ccccc1-c1cc2c(cc1C13CCCC(N1)C(NC(=O)C1CNCC1C(=O)O)CC3)CCN(C)C2=O,0
protein46,1,Cc1ccc2c(c1)NC(=O)CC1CN(CP(=O)(O)O)CCN1Cc1ccc(C)nc1-2,1
protein46,1,CC(=O)N(c1cccc(Cl)c1Cl)C1CCS(=O)(=O)C1,0
protein46,1,CC(C)N1C2CCC3Cc4ccc(cc4)CC(=O)N(CC2)C31,0
protein46,1,Cc1cc2c(C)nn(C(=O)c3ccc(F)c([N+](=O)[O-])c3)c2s1,1
protein46,1,CCn1nccc1C1CN(S(C)(=O)=O)Cc2cc(OCC(F)(F)F)ccc21,1
protein46,1,Nc1nc(-c2cccn2CCOCCl)nc2ccc(Cl)c(-c3ccc(F)cc3)c12,1
protein46,1,CCNC(=S)Nc1ccc(N2CCC3(CC2)OC(=O)c2cc(Cl)c(F)cc23)cc1,0
protein46,1,Cc1ncnc(NCC(O)c2cccc(-c3cccc(C(F)(F)F)c3)c2)c1C1CCOCC1,0
protein46,1,Cc1nc(-c2ccc(C(=O)NC(C(=O)Nc3onc(C)c3C)C(C)(C)C)s2)cs1,0
protein46,1,CCN(Cc1c(-c2ccccc2)nc2c(-c3ccccn3)c(C)nn2c1O)CC1CCc2ccccc21,1
protein46,1,CCn1cc(C2c3cc(CNc4ncccn4)ccc3Oc3c2cnc2ccc(F)c(Cl)c32)c2cc(OC)ccc21,1
protein46,1,Cc1ccc(NC(=S)NC(=O)c2ccc(C(=O)N(C)C3Cc4ccccc4C3)cc2)cc1,1
protein46,1,CC(=O)Nc1ccc(Cn2c(C(=O)NC(C)c3ccccc3)nc3c(OC(F)(F)F)cccc32)cc1N1C(=O)CCC1=O,0
protein46,1,CCCC(C(=O)Nc1scnc1C#N)N(C(=O)N(C)C)C(C)(C)C,0
protein46,1,CC(C)CC(CO)Nc1nc(Nc2cccc(C(=O)NC(C)(C)C)c2)ncc1C(F)(F)F,0
protein46,1,CC(=CCC1CCCN(C)CCCOC1=O)CC(N)Cc1ccc(-c2ccccc2C(=O)O)cc1,0
protein46,1,O=C(OCC(CO)OC(=O)c1ccc2c(C(=O)N3CCN(CC=Cc4ccccc4OC(F)(F)F)CC3)cncc2c1)c1cccnc1,0
protein46,1,Cc1ccc(C(=O)N2CCCCC2)cc1Nc1ncnc2c1cnn2C,0
protein46,1,CC(C)COc1ccc2c(c1)CCN(C(=O)c1ccc3c(c1)nc1n3Cc3ccccc3N1CCO)Cc1ccccc1-2,0
protein46,1,O=C(Nc1cc(-c2nc3ccccc3o2)ccn1)c1ccccc1F,0
protein46,1,Cc1ccc(-c2cc(N(C)c3ccncc3N)c3cc4c(cc3n2)CC(=O)CO4)nc1,1
protein46,1,O=C(NC1CCCCC1)c1cc2c(s1)CCC2,0
protein46,1,Cc1ccc(S(=O)(=O)N2CCCCCCC2)cc1C(=O)Nc1cc(-c2cccnc2)n[nH]1,0
protein46,1,Cc1nc(C)n2nc(O)c(-c3ccc(F)cc3)c2n1,1
protein46,1,CCCC12CCN(C)CC1CN(C(=O)Nc1ccc(C)cc1[N+](=O)[O-])C2,1
protein46,1,Cc1c2c(c(-c3ccc(Cl)cc3)c3cncn13)C=CC2,0
protein46,1,CSc1ncccc1Nc1ccccc1CN1CCC(CCC(N)c2sc(-c3ncccn3)nc2C)C(C)C1,0
protein46,1,O=C1Cc2cccc(CCC3CCC(NCc4ccccc4F)C(=O)N3CC(O)CNc3cccc(CN4CCCC4)n3)c2N1,0
protein46,1,CCn1cc2c(c1-c1cc(F)cc3nccc(C)c13)CCN(c1cnccn1)c1ccncc1-2,1
protein46,1,CCN(CC)CC(=O)Nc1ccc2cc1C(c1cccc3c1OCCO3)N(C)C(=O)c1ccc(cc1)O2,1
protein46,1,CCCS(=O)(=O)Nc1cc(Cl)ccc1-c1ccc2c(N3CCN(C)CC3)ncnc2c1,0
protein46,1,CCC(COc1ncnn2c(-c3ccccc3)cc(-c3ccccc3)c12)N(C)C,0
protein46,1,O=C(Nc1cc([N+](=O)[O-])c(Cl)cc1Cl)c1c[nH][nH]c1=O,1
protein46,1,Cc1nnc(O)c2c(C(=O)O)c(-c3ccc4c(c3)CCN4CC=C3C(=O)OC(c4cc(F)c(F)c(F)c4F)CC3C)[nH]c12,0
protein46,1,Cc1cc(Nc2cc(-c3cccc(N)n3)nc(N)n2)ccc1C#N,1
protein46,1,Cc1c(C(=O)NC2CCCCC2)n(CCN2CCCC2)c2ccccc12,1
protein46,1,O=C(O)c1cc([N+](=O)[O-])ccc1Cc1c(-c2ccccn2)[nH]c2c(Cl)c(F)ccc12,1
protein46,1,CS(=O)(=O)c1nc(C(F)(F)F)c(-c2cc(NC(=O)c3cccnc3)c(N)cc2F)[nH]1,1
protein46,1,O=C1NC(=O)C2(CCCc3ccccc32)N1,0
protein46,1,Fc1ncnc(N2CCN(Cc3cc(-c4cccnc4)n4ccccc34)CC2)c1C(F)(F)F,1
protein46,1,CC(C)(C)c1ccc(Cn2c(C(C)(C)C)nc3ccc(NC(=O)CC#N)cc3c2=O)cc1,0
protein46,1,O=C1c2cc(ccc2-c2ccncc2)-n2ccnc2C1c1ccc([N+](=O)[O-])cc1,1
protein46,1,Cc1ccc(-c2c(O)ncc3c2CCN(Cc2cc(F)cc(F)c2N)C3)nc1,1
protein46,1,Oc1cc(-c2nc3ccccc3s2)c(Nc2ccc(F)cn2)cc1Br,0
protein46,1,Cc1cc(C2CCCCCN2)nc(N(C#N)c2ccc(Cl)cc2)n1,0
protein46,1,Fc1cccc(NC(=S)N2CCN(Cc3ccc4c(c3)OCCO4)CC2)c1,0
protein46,1,CCOC1CCCN(C(=O)Cn2c(-c3cc(Oc4cncnc4)ccc3C(F)(F)F)nc3ccccc32)C1,0
protein46,1,Cc1ccc(Nc2ncc3c(-c4ccc(C=NO)nc4)cn(C4CCCC4)c3n2)cc1,1
protein47,1,Nc1cc2cc(CN3CCOCC3)c(-c3cccc(Cl)c3)n2c(N)n1,1
protein47,1,NC(=O)Cc1ccc(Sc2c(-c3ccccc3)cnc3nc(N)cn23)cc1,0
protein47,1,O=CC1(NC(=O)c2ccc(OC3CCC3)cc2O)CCCCC1,0
protein47,1,COc1ccc(OC2(C(C)Nc3cc(-c4ccc(F)cc4)nnc3-c3ccncc3)CCC(O)CC2C(N)=O)cc1,0
protein47,1,Cc1ccc(C(=O)Nc2nc(C(=O)O)cs2)c(C)c1,0
protein47,1,CC(C)c1ccc(CC(=O)NCc2cccc3c2N(CCCC(=O)O)c2ccccc2S3(=O)=O)cc1,0
protein47,1,NC(=O)CCn1c(=O)sc2c(NCc3cc(F)cc(F)c3)cccc21,1
protein47,1,O=C(Nc1n[nH]c2ccccc12)c1cc([N+](=O)[O-])ccc1CCCN1C=Nc2[nH]ncc2C1c1cccnc1,1
protein47,1,CCCN1CCN(C(=Nc2ccc(C#N)cc2Nc2ccc(OCC)c(OC)c2)c2ccncc2)CC1,0
protein47,1,O=C(CSc1nc2ccccc2o1)Nc1nccs1,0
protein47,1,CC(C)(C)S(=O)(=O)c1c(N)n(-c2ccc(Cl)cc2)c(=O)[nH]c1=O,0
protein47,1,Cc1ccc(CN2CCCC(Nc3ccc(N4CCCC(C(F)(F)F)C4)cc3F)C2)cn1,0
protein47,1,CCCN(CC)c1nc(Cl)c(C#N)c(-c2ccc(OC)cc2)n1,1
protein47,1,CC(C)CC(Nc1nc(-c2ccc(OCCN3CCCC3)cc2)nc2ccccc12)C(N)=O,0
protein47,1,O=C1CSc2ccc(C(=O)c3ccccc3O)c(F)c2N1,0
protein47,1,Cc1noc(C)c1Cn1cc(N2CCc3cc(F)ccc3C2=O)c(S(=O)(=O)C(C)(C#N)c2ccccc2)n1,0
protein47,1,Cc1ccc(C(=O)N2CCN(c3ccccc3C)CC2)nc1,1
protein47,1,Cc1ccc(N)c(-c2nc3c(C)c(N)ccc3n2Cc2ccccc2F)c1,1
protein47,1,CCC(=O)n1nc(C2n3c(nc4ccccc43)NC2(C)C)c2ccccc21,0
protein47,1,COc1ccc2c(c1)Oc1ccc(-c3ccc4oc(=O)n(CC(=O)N5CCOCC5)c4c3)cc1CC2,0
protein47,1,CCN(CC)c1ccc(C(=O)Oc2ccccc2N(C)S(=O)(=O)c2ccc(C)cc2)cc1,0
protein47,1,CCn1c(-c2ccccc2C#N)nc2c(C3CCC(N(C)S(C)(=O)=O)CC3)cccc21,1
protein47,1,O=Cc1ccc2nccc(Nc3ccc4[nH]c5c(c4c3)CCNC5=O)c2c1Cl,1
protein47,1,CC1=C2C(=O)N(c3ccc(C(=O)OC(C)(C)C)cc3)CC2c2ccc(C)nc2N1,0
protein47,1,CCOc1cc(Cl)ccc1-n1c(=O)c(Cl)c(Cl)c2c(Cc3ccccc3O)cnnc21,0
protein47,1,Cc1ccc(C2=NN(C3CCCCC3)C(=O)C(NC3=Nc4ccccc4S(=O)(=O)N3)C2)cc1,0
protein47,1,Cc1csc(Cc2c3c4ccccc4n2CCCCN(CCN(C)C)C3=O)c1,1
protein47,1,CCc1ccccc1NC(=O)CSc1nn(-c2ccccc2)c2c1c(=O)[nH]c(=O)n2C,1
protein47,1,CCCCCCC(C)CCl,0
protein47,1,CC(=O)Oc1cc(C)c([N+](=O)[O-])cc1-c1nnc(S)n1C,1
protein47,1,Cc1ccc2c(c1)c(C)cc1oc(=O)n(-c3cccc(NC(=O)c4ccco4)c3)c12,1
protein47,1,O=C(NC1CCCC1)c1sc(Cl)cc1OCCn1ncc2cnccc21,0
protein47,1,CCCC1(CCC)CNc2ccccc2C1c1ccccn1,1
protein47,1,CCn1ncc2c(N3CCC(C)CC3)ccnc21,1
protein47,1,CC(C)c1cc(Cl)ccc1C(=O)OCc1nnc(-c2ccc(OCCCC#N)cc2)o1,0
protein47,1,CC(C)S(=O)(=O)Nc1no[n+]([O-])c1Cl,0
protein47,1,O=C(Nc1cc(Cl)ccc1F)c1ccc2c(c1C1CC(c3ccc(O)cc3O)=NO1)CCCC2,1
protein47,1,Cc1ccc(S(=O)(=O)N2CCCNCC2)cc1Cl,0
protein47,1,CCOc1cc(C2=NN(C(=O)c3sc4cc(C)ccc4c3Cl)C(C)(C)C2)ccc1O,0
protein47,1,Cc1ccnc2ccc(Oc3ccccc3-c3nnc(Nc4nc[nH]c4C=NO)s3)nc12,1
protein47,1,CC1(O)CC(c2csc(NC(=O)c3nc(-c4ccccc4F)c4[nH]ncc4c3OCC(F)CN3CCOCC3)n2)C1,0
protein47,1,O=C1C(=NO)c2ccccc2N1Cc1c(Cl)cccc1Cl,1
protein47,1,CC(C)c1ccccc1NC(=O)c1cnn(-c2c3ccccc3nc3c(CN(C)CCO)cccc23)c1,0
protein47,1,Cc1oc(-c2cc(F)cc(C(F)(F)F)c2Cl)nc1CC(=O)Nc1c(F)cccc1C(F)(F)F,0
protein47,1,CCC(C)CC1c2c(n(CCCN3CCN(C)CC3)c3ccccc23)C(=O)N1C,1
protein47,1,Cc1cnc(-c2ccc(C(F)(F)F)cc2F)cn1,1
protein47,1,CC1(C)CCC=CCn2cc3c(c21)CCCC3N1CCC(N)CC1,0
protein47,1,CCOc1cc(-c2noc(C)c2C(=O)Nc2cccc(-n3c(C)cnc3F)c2)ccc1O,0
protein47,1,O=C(Nc1ccncc1)C1Cc2ccccc2N1C(=O)c1ccc(Cl)cc1C(F)(F)F,0
protein47,1,CCCN(CC(F)(F)F)S(=O)(=O)c1ccccc1C=Cc1ccccc1,0
protein47,1,Cc1nc2c(N3CCCC3)nc(NCc3ccc(F)cc3F)nc2[nH]1,1
protein47,1,CCCS(=O)(=O)Nc1cccc2c1N(C)CCc1c-2c(-c2ccc(C#N)cc2OC)nc2ccccc12,1
protein47,1,CCc1nc(NC=NCCS(=O)(=O)Oc2cc(C)cc(C)c2)cn1C,1
protein47,1,CCC1C(=O)NC2(N=C(c3ccc(Cl)cc3)c3ccccc3N(C)C2=O)C(C)CN1C1CCCCC1,0
protein47,1,CCCc1ccc2c(n1)Oc1cc(C)c(cc1[N+](=O)[O-])C(=O)C1CCCCC1COC2=O,1
protein47,1,Cc1csc2c(=O)n(CC#N)c(=O)n(O)c12,1
protein47,1,Cc1ccc(-c2ccc3c(c2F)CCC3=NO)cc1C(=O)OCC12COCC1CN(C)C2,1
protein47,1,O=C(Nc1ccc(F)cc1F)c1cccc2cccc(Oc3ncccc3N3CCNCC3)c12,1
protein47,1,CCc1cccc(Cl)c1N=C(N)Nc1nc(C(N)C(C)(C)CN)cs1,1
protein47,1,Cc1ccc(-c2ccncc2NC(=O)c2nn(-c3ccccc3)cc2I)c(F)c1,1
protein47,1,Cc1ncsc1C(=O)N(C)C(C(=O)NC1CCCCC1)c1ccccc1,0
protein47,1,CC(C)(C)n1nc2c(c3c(=O)ccnc1-3)CCN(c1cccnc1)C2=O,0
protein47,1,CC(=O)Nc1cccc(Oc2cnc(N3CCCN(CCF)CC3)c(-c3cnccn3)c2C)c1,0
protein47,1,N#Cc1cnc(Cl)c(Cl)c1C1=NCCn2c(-c3ccc(-c4ccc(N)nn4)c(F)c3)cc(=O)nc21,1
protein47,1,CCOC(=O)C1CCN(C(=O)c2ccc3c(C)sc(C(=O)N4CCOCC4)c3c2)CC1,0
protein47,1,CC(C)C1C#CC2(CCC3CCN4CC(O)CCC4C3C2)N1C#N,0
protein47,1,CC(C)CCn1cc(-c2cnc(Nc3ccc(F)cc3)c(C#N)c2)c2c(N)ncnc21,1
protein47,1,O=C(O)CN1C(=O)c2ccccc2Sc2ccccc21,0
protein47,1,CC(=NNC(=O)C(C)CS(=O)(=O)c1ccccc1)c1c(O)c2ccccc2n(Cc2ccccc2)c1=O,0
protein47,1,Cc1cc(N)cc(C(=O)Nc2ccc3c(-c4cnnc(NCc5ccccc5)n4)nc(-c4ccccc4F)c(NCCF)c3c2)n1,1
protein47,1,CCC(C)Nc1nc2ccc(-c3ccc(Nc4cnnc(Cl)c4)nc3)cc2cc1C(N)=O,0
protein47,1,O=C(Nc1ccc(Cl)c([N+](=O)[O-])c1)c1ccccc1C(F)(F)F,1
protein47,1,CCNc1on(C)c(=O)c1-c1ccccc1Cl,0
protein47,1,CC(C)CCn1cc(C=O)c2cc(S(=O)(=O)Nc3nccs3)ccc21,0
protein47,1,Cc1cc(Cn2ccnc2)ccc1-n1nc2ccccc2c1C(=O)N1CCCC2(CCNC2=O)C1,1
protein47,1,COC(=O)c1cc(-c2ccccc2CN)c2c(c1)nc(NC(C)=O)n2CCNC(=O)N(C)C,1
protein47,1,O=C(Nc1nncs1)c1nc(S(=O)(=O)N2CCCCC2)c2c(c1O)CC(c1ccccc1)CC2,0
protein47,1,CC(C)Nc1nc(N2CCN(CCO)CC2)c2ccc(-c3ccc(S(=O)(=O)F)cc3)cc2n1,0
protein47,1,O=C(NCC(F)(F)F)C1CCN(S(=O)(=O)Cc2ccccc2)CC1,0
protein47,1,O=C(Nc1cc(-c2c(Cl)cccc2Cl)[nH]n1)OCc1ccc(C2CCCC2)cc1,0
protein47,1,Cc1cc(C(N)=O)c(NS(=O)(=O)c2cc(NC(=O)C(C)(C)C)ccc2Cl)s1,0
protein47,1,O=C(Nc1ccccc1C(=O)Nc1ccccc1)c1ccc(O)cc1O,0
protein47,1,CC1CN(Cc2ccccc2[N+](=O)[O-])C2CC3CCC(C2)(O3)N2CC(C2)c2cccc1c2,1
protein47,1,CC(C)C(O)(C(=O)Nc1cccc(Cl)c1)c1ccccc1,0
protein47,1,CCC(C)c1ccccc1NC(=N)Nc1ccc(C(N)=O)cc1Cl,0
protein47,1,O=C(Nc1ccc(Cl)cc1Cl)c1scnc1-c1cccc([N+](=O)[O-])c1,1
protein47,1,O=C(Nc1ccc(F)cc1F)Nc1ccc(-c2cncnc2)cc1C(F)(C(F)(F)F)C(F)(F)F,1
protein47,1,CC(=O)N(c1ccc(C)c(S(=O)(=O)c2cccc(C(=O)NCCN(C)C)c2)c1)C(C)C,1
protein47,1,COc1ccc2c(c1)OC(CN1CCN(Cc3ccc(F)cc3F)CC1)C(C)OC2=O,1
protein47,1,Cc1c(Cc2cc(N(C)c3ccccc3)nc(N)c2C#N)nc2c(O)cccn12,1
protein47,1,Cc1c2ncnc(NC(C)C)c2nn1-c1cccc(Cl)c1,0
protein47,1,Cc1c(Cl)c(CC(=O)O)nn1-c1ccc(Cl)cc1,0
protein47,1,COc1ccc2c(c1)cc(C(=O)c1cc(F)cc(C(=O)Nc3cc(Cl)ccc3N)c1)n2CCC(C)C,1
protein47,1,O=C(Nc1ccn2c(C(F)(F)F)c(-c3ccncc3)nc2c1)c1cccc([N+](=O)[O-])c1,1
protein47,1,CCC1=CCC(c2ccccc2)N(S(=O)(=O)c2ccc(NC(C)=O)cc2)C1,0
protein47,1,N#Cc1c(-c2ccccc2)nn(-c2ccccc2)c1Nc1nccc(N)n1,0
protein47,1,CC(C)N(Cc1ccccc1)C(=O)COC(=O)c1ccc(F)c(S(N)(=O)=O)c1,0
protein47,1,CCN1C(=O)c2ccc(NC(=O)c3ccc(Cl)cc3Cl)cc2S1(=O)=O,0
protein47,1,Nc1nccnc1C(=O)Nc1cnc2ccccc2c1-c1ccccc1,0
protein47,1,CCOCC1CN(c2nccc3cc(F)cnc23)CC1N1CCCCC1,1
protein48,1,O=C(O)CC(=Cc1cccc(Cl)c1)C(=O)N1CCCCCC1,0
protein48,1,NC(=S)Nc1cccc(-c2ccc3[nH]c(-c4ccc(Cl)cc4)nc3c2)c1,0
protein48,1,CC(=O)N(O)c1ccccc1NC(=O)c1cccc(C(=O)NC(C#N)C(C)C)c1,0
protein48,1,CCC(C)Nc1nccc(-n2ncc(C(=NO)c3ccc(C)s3)c2-c2ccccc2)n1,1
protein48,1,Cc1ccc(N(C)C(=O)C2CSCC(C(=O)NC(C)C)N2C(=O)OC(C)(C)C)c(-c2ccccc2)c1,0
protein48,1,O=C(O)CC1NCC=C(c2ccc(O)c(O)c2)C1Cc1c(O)cccc1Cc1ccccc1,0
protein48,1,NC(=S)NC(=O)OCC(Cl)(Cl)Cl,1
protein48,1,Cc1ccc(C)c(NC(=O)Cc2nc(-c3ccccc3F)no2)c1,1
protein48,1,CCCOc1cccc(-c2c(C(=O)NCC3CCCO3)oc3ccccc23)c1,0
protein48,1,CCN(CC)CCNC(=O)c1cccc(C#N)c1,0
protein48,1,CC1(C)CCCC(C)(NC(=O)c2n[nH]c3ccnc(Oc4c(Cl)cccc4Cl)c23)C1O,0
protein48,1,CC1CN(C(=O)c2cc(C#N)cc(F)c2N2CCOCC2)C2COC3CS(=O)(=O)CC3N2C1,1
protein48,1,C=C1CCC2(CC)C(N)Cc3cc(CNc4nccc(N(C)C)n4)ccc3OC2C1,0
protein48,1,CCC(CC)Nc1nccc(-n2nc(-c3ccc(Cl)c([N+](=O)[O-])c3)cc2C)n1,1
protein48,1,Cc1ccc(NC(=S)NC(=O)C2COc3ccccc3O2)cc1C,1
protein48,1,Cc1ccc2c(C(=O)NCCN3CCSCC3)nn(-c3ccccc3C)c2c1,1
protein48,1,CCCCC(O)C(O)Cn1cnc2c(F)cccc21,0
protein48,1,CC1(C)CCn2c(nc3cc(-c4cnn(C5CC5)c4C(=O)N4CCNCC4)sc3c2=O)N1,1
protein48,1,CCOC(c1ccccn1)N1CCN(C(=O)OC(C)C)CC1,0
protein48,1,CCN1CCn2c(-c3ccc(F)cc3)ccc2C(OC)C1C,1
protein48,1,CCn1nc(C)c2c(-c3cc(NC(=O)N4CCOCC4)cc(C(F)(F)F)c3)ccnc21,1
protein48,1,CCCn1c(SC2CC(=O)N(c3ccccc3Cl)C2=O)nccc1=O,0
protein48,1,Cc1ccc(C(=O)NCC(O)C(O)CN2CCC(c3ccccc3C(F)(F)F)CC2)s1,0
protein48,1,CC1CCCCC1C(=O)N1C(O)C=C(Cl)C1C(=O)c1c(C(F)(F)F)[nH]c2c(N(C)C)cccc12,0
protein48,1,Cc1cccc(C)c1NC(=O)c1cc(Cl)ccc1S(=O)(=O)Nc1nccs1,0
protein48,1,CC=C(CO)N1CCN(C2CCc3ccccc3C2)CC1,0
protein48,1,O=C1CC(CCc2cccc(-c3ccc[nH]c3=O)c2)(C(F)(F)F)C(=O)N1C=S,0
protein48,1,Cc1cc(C(=O)N2CCCCC2c2ccccc2)c(N)n1-c1nnc(-c2ccncc2N2CCCCC2)s1,1
protein48,1,CCOCC1CC1C(=O)N1OC(C)(C)OCC1c1ccco1,1
protein48,1,CC1=CCN(CCc2cccc(OC(C)C)c2)C1,0
protein48,1,Cc1ccccc1-c1ccncc1C1CCN(C)C1,1
protein48,1,CCCCCOc1cc2c(cc1CNc1nc3ccccc3n1CCN1CCCC1)C(=O)OCC2,1
protein48,1,CCn1cc(-c2cncc(-c3ccccc3)c2)nc1-n1ccnc1,0
protein48,1,O=C(NC1CCCc2ccccc21)C1CC=CN1C(=O)O,0
protein48,1,CCCCNC(=O)C1CC2CC1Cc1ccc(cc1-c1ccc(F)cc1)NC2=O,0
protein48,1,Cc1sc(NC(=O)c2cccnc2Oc2ccccc2)nc1-c1cc(F)ccc1F,1
protein48,1,CC(C)CNCC1CCN(c2ncnc3sc(CC4CCCC4)c(CC4CSCN4)c23)CC1,0
protein48,1,Cc1cccc2c1ncc1nn(-c3ccc(C(=O)O)cc3)nc12,0
protein48,1,COc1cccc2c1C(N1CCN(c3nsc4ccccc34)CC1)CC2,1
protein48,1,O=C1C(Cl)=C(c2cccc(S(=O)(=O)O)c2)CN1c1ccc(F)c(Cl)c1F,0
protein48,1,CCCCn1c(=S)[nH]c2c([nH]c3ccc(C)cc32)c1=O,0
protein48,1,CCCCC1(CC)CN(c2cccc(OC(F)(F)F)c2)C(=O)N1,0
protein48,1,CCn1cnc2cc(Nc3c(F)cccc3F)c(C)cc2c1=O,1
protein48,1,O=C1C2CCCCN2C(=O)N1c1ccccc1,0
protein48,1,Nc1nnc(C(OCCCC2CCN(c3ncccn3)CC2)c2cccc(Cl)c2)s1,0
protein48,1,CC(C)CSC(=N)NCCn1c2nc(c1-c1ccccn1)-c1ccccc1OCC2,1
protein48,1,CCC(N)C(=O)N1CCCC1C(=O)O,0
protein48,1,CCN1C(=O)c2ccc(-c3ccnc4ccc(Nc5ccncc5)nc34)cc2C1(C)C,1
protein48,1,CCN1CCC2CCCN3C(C)CC(c4c(cccc4OC)CC21)C(OC)S3(=O)=O,1
protein48,1,Cc1c(CCC(C)N2CCN(CCCN(C)C)CC2)[nH]c2ccccc12,0
protein48,1,CCCCN(CC)CCn1c(-c2cc(C(C)(C)C)on2)nc2cc(Cc3ccccc3C(=O)O)ccc21,0
protein48,1,Nc1nc(-c2cccc(Cl)c2)cc(N2CCNC(c3ccccn3)C2)n1,0
protein48,1,Cc1ccc(CNc2cc(N3CCCCC3)c(C#N)cc2[N+](=O)[O-])cc1,1
protein48,1,Nc1nc(Cl)c(-c2ccccc2)nc1Nc1ccc2c(c1)CCCC2,1
protein48,1,Cc1nc(-c2cccc3c4c([nH]c23)C(O)(C(F)(F)F)C(F)C4)cc(N2CCN3CCCCC3C2)n1,0
protein48,1,O=C(O)C1(n2ccnc2)C=Cc2c(nc3ccccn23)-c2ccc([N+](=O)[O-])cc21,1
protein48,1,CC1Cc2cc(-c3nc4cc(F)c(F)cc4[nH]3)ccc2N(CCN2CCC(CN)CC2)C1=O,0
protein48,1,Fc1c(-c2ccc(COCC3CC3(F)F)nc2)ccnc1-c1ccc(OC(F)(F)F)c(Cl)n1,0
protein48,1,Nc1nc(-c2ccc(Cl)cc2)c2ncccc2c1O,1
protein48,1,CC1(C)CC1(N=NC(N)=S)c1cccnc1,0
protein48,1,Nc1nc([N+](=O)[O-])ccc1O,1
protein48,1,O=C1c2ccccc2CN1c1ccc2c(-c3cc4c(C(F)(F)F)cccc4s3)n[nH]c2n1,1
protein48,1,CC1CCN(c2ccc(C(=O)Nc3cccc(-c4c(C(F)(F)F)nn5ccc(C(F)(F)F)nc45)c3)cc2)CC1,0
protein48,1,Cc1cc(C)c(COCCn2c(=N)c3cc(C(=O)N4CCCC4)cn3c3ccccc32)c(O)c1C,0
protein48,1,Cc1ccc(NC(=O)c2c(NC(=O)CS(=O)(=O)c3ccccc3)sc(C)c2C)c(C)c1,0
protein48,1,Cc1cc(-n2nc(C(=O)Nc3cccc(-c4ccccc4)n3)c3ccncc32)ccc1F,0
protein48,1,O=C1CC2(CCN(C=C3CCCCC3=O)CC2)c2cccc(O)c2C1=O,1
protein48,1,CCC(C)n1cc(C=CC(=O)N2CCN(CCO)CC2)c2cccnc21,0
protein48,1,O=C(Cc1csc2ccccc12)N1CCCN(c2scnc2-c2nc3ccccc3[nH]2)CC1,1
protein48,1,CCC(C)(Cc1c[nH]c2ccccc12)[N+](C)(C)C,0
protein48,1,CCN(CC)C(=O)c1ccc(OCC(=O)c2c(C)oc3ccccc23)cc1,1
protein48,1,CN(C)C1(C)CNC(=O)CC2(CC(C)(C)c3ccccc32)C1,0
protein48,1,CC(=O)NC(=Cc1ccccc1)C(=O)NCc1cccs1,0
protein48,1,CCC(F)(F)c1ncc(-c2cc3cc(C=Cc4ccnn4-c4ncccn4)ccn3c2)cn1,0
protein48,1,CCC1CC(CN)(S(=O)(=O)C(C)C)C(CCOc2ccc(C(C)NC(=O)c3ccccc3C(F)(F)F)cc2)CN1C,0
protein48,1,COc1cccc2c1c(-c1cccc3cccnc13)cn2C(=O)CCCN=C=O,1
protein48,1,Cc1nc2ccccc2c(N)c1-c1ccccc1,1
protein48,1,CCCN(CCC)C1CCc2ccc(OC)cc2C1Cc1ccccc1C(=O)O,0
protein48,1,Cc1nccc(-n2c(C)nc3ccccc32)c1NC(=O)c1ccc(N)nc1,0
protein48,1,CC1(C)CC(O)C(O)CC1C(=O)N1CCC(c2csc(Nc3cc(F)cc(F)c3F)n2)CC1,0
protein48,1,Nc1ncc(Cc2csc(NC(=O)c3ccc(F)cc3)n2)c(N)n1,0
protein48,1,CCCC(=O)Nc1nn(-c2ccc(OC)cc2)c(=Nc2ccc(F)cc2)s1,0
protein48,1,CC(=NO)c1ccc2[nH]c3c(c2c1)CCCCC3,1
protein48,1,CCn1nc([N+](=O)[O-])cc1C(=O)N1CCc2ccccc2C1,1
protein48,1,CN(C)C1(C)Cc2cc(C(=O)N3CCC3)ccc2C1NC(=O)C(C#N)=Cc1cccc(C(F)(F)F)c1,0
protein48,1,CCCCn1cncc1CNC(=O)c1ccc(OC(F)(F)F)cc1,0
protein48,1,Cc1ccc(S(=O)(=O)CCNC(=O)C2=CCCCC2)cc1,0
protein48,1,CCCS(=O)(=O)Nc1c2ccccc2nc2c(-c3cccc(N4C(=O)CC(N)C4=O)c3)coc12,0
protein48,1,CC(C)Nc1ncc(-c2ccnc(Nc3cccc(C(F)(F)F)c3)n2)c2cc(Cl)ccc12,0
protein48,1,CC1C(=O)NCCN1c1cccc(-c2ccc(NC(=O)c3cc(O)nc4ccccc34)cc2)n1,0
protein48,1,Cc1cc2c(-c3cccc(CNS(C)(=O)=O)c3)c(C)sc2c(C2CCNCC2)n1,1
protein48,1,CC(C)CN1CC=C(c2c(N)n(-c3ccncc3)c3cc(F)c(F)cc23)CC1,0
protein48,1,O=c1[nH]c2ccccc2n(-c2ccc([N+](=O)[O-])cc2)c1=S,1
protein48,1,CCN(C(=O)CSc1nc(C)c(Cc2ccccc2F)nc1N)c1cccc([N+](=O)[O-])c1,1
protein48,1,Cc1[nH]c2ccccc2c1C(=CC(=O)N1CCCCC1)c1c(Cl)cncc1Cl,0
protein48,1,CCc1nc(C(=O)Nc2cc(CN3CCCC(C(F)(F)F)C3)cc(C(C)(C)C)c2)cs1,0
protein48,1,Cc1ccc(S(=O)(=O)CC(=O)Nc2cc(C)no2)cc1,0
protein48,1,CN1C(=O)C(C)(C)N=C1c1ccc(Cl)c([N+](=O)[O-])c1,1
protein48,1,Cc1cccc(Nc2nnc(-c3ccc(NC(N)=O)cc3F)s2)c1,0
protein48,1,CC(=O)Nc1cn2cc(-c3cncc(F)c3)cc(NCc3c(F)c(F)cc(F)c3F)c2n1,0
protein49,1,CCCN1CCC(O)(CNS(=O)(=O)c2cccc3cccnc23)CC1c1ccccc1,0
protein49,1,Cc1ccncc1CNc1cc(Sc2c(N)n(C)cc(O)c2=O)sc1C(=O)O,0
protein49,1,Cc1ccc(-n2cccc(C(=O)Nc3cc(CN)ccc3C)c2=O)cc1,0
protein49,1,O=C1CCc2cc(S(=O)(=O)NC(c3ccc(C(F)(F)F)cc3)c3cccs3)ccc2N1,0
protein49,1,CCN(CC)C(=O)c1cn(-c2cc(F)c(C)cc2S(=O)(=O)N(C)C)cn1,0
protein49,1,CCCCc1cc(C2c3ccccc3OC2CNCCN(C)C)cc(OC)c1O,0
protein49,1,CCCCC1CN(Cc2c(O)ccc(-c3cnn4c3N(C)CC4=O)c2F)CC1C,0
protein49,1,Cc1cccc2c1CCC(Nc1ncncc1[N+](=O)[O-])C2,1
protein49,1,NC1CN(S(=O)(=O)c2ccc3ccc(Cl)cc3n2)C(C(=O)O)CC1OCc1ccc(F)cc1F,0
protein49,1,CNC(=O)c1sc2c(C)c(C)ccc2c1-c1ccnc(N2CCN(C)CC2)c1C#N,0
protein49,1,CCN1Cc2c(c(=O)c3ccccc3n2C)C1c1ccccc1,1
protein49,1,Cc1c(F)cc2c(c1Cl)OC(C)(C)C(N)=C(c1cnc(N)nc1)S2(=O)=O,0
protein49,1,CC(C)CNS(=O)(=O)c1ccc(NC(=O)C2CCc3ccccc3C2)cc1,0
protein49,1,Cc1cccc(C=NO)c1O,0
protein49,1,CCC(C)Sc1nc2cc(C)cnc2n1Cc1c(Cl)cccc1Cl,0
protein49,1,COc1ccc(Nc2ccnc(C)n2)cc1,0
protein49,1,Nc1nc(Nc2ccc(Cl)c(Cl)c2)c2ccccc2n1,1
protein49,1,c1ccc2c(N3CCNCC3)ccc(Nc3ccnc4ccc(C5CNCCN5)cc34)c2c1,1
protein49,1,CC(C)CCC1OC(C2OC(=O)c3cncc(O)c3C2=O)C1C,0
protein49,1,Cc1[nH]ncc1-c1c(Cl)cc(Cl)c(C(=O)NNC(=O)CN(C)C)c1Cl,0
protein49,1,CCCN1CCN(c2nccnc2C#N)CC1,0
protein49,1,O=C(COC(=O)c1cc2c(s1)CCCC2)Nc1cc([N+](=O)[O-])ccc1OC(F)(F)F,1
protein49,1,CCCCCN1CCc2ccccc2C1CNc1sc2c(c1C#N)C(N)=Nc1ccccc1C2,1
protein49,1,Cc1cn(C(C)C)c2ccc(-c3cncc(Nc4nc(N5CCN(C)CC5)cc(C(F)(F)F)n4)c3)cc12,1
protein49,1,CCN(CC)C(=S)Nc1ccc(-c2sc(N3CCC(Oc4ccc(F)cc4C)CC3)nc2S(C)(=O)=O)cc1,0
protein49,1,Cc1ccc(NC(=O)C(CCS(=O)(=O)C2CC(=O)N3Cc4c(ccc5c4CCCO5)C3C2)N2CCCC2)cc1C,0
protein49,1,CC(C)(C)CS(=O)(=O)Oc1ccc(C(F)(F)F)c([N+](=O)[O-])c1,0
protein49,1,CC(C)CCN1CCCC(Cn2cc(C(F)(F)F)ccc2=O)C1,0
protein49,1,Cc1ccn(C)c(=NC(=O)c2cc(-c3ccccc3OC(F)(F)F)no2)c1,1
protein49,1,CC(C)S(=O)(=O)c1nc(-c2cc(NC(=O)CCn3ccnc3)ccn2)cnc1N1CCCC1,0
protein49,1,CCN(CC)CCn1cc(-c2[nH]ncc2CNCCCS(C)(=O)=O)c2ccccc21,1
protein49,1,CCN1CCCc2cc(F)cc(F)c2-n2nc3c(c2Nc2cccc1n2)CCC3,0
protein49,1,Cc1cc(=O)c2ccc3c(c2o1)CC(C)(C)C3,1
protein49,1,CCOC(C)c1cc(C(=O)NCc2ccc([N+](=O)[O-])cc2)[nH]n1,1
protein49,1,O=C(CCS(=O)(=O)c1ccc(Cl)c(OC(F)(F)F)c1)Nc1cccnc1C(F)(F)F,0
protein49,1,CCCCS(=O)(=O)c1nnc(N2CC(C)c3ccccc32)s1,0
protein49,1,Cc1cc2nccc(S(N)(=O)=O)c2cc1-c1cccc(F)c1C#CCN(O)C=O,1
protein49,1,CCN(CC)C1CCc2c(sc3nc(-c4ccc5[nH]ccc5c4)nn23)C1,0
protein49,1,CC1=NCCn2c3cc(-c4ccccc4F)cc(-c4ccccc4)c3c(=O)n21,1
protein49,1,O=C(CCC(O)c1ccccc1OCOCCOCCN1CCC(c2ccc(F)cc2F)CC1)N1CCCCC1,0
protein49,1,O=C(Nc1nnc(-c2ccccc2)o1)c1ccc(Cl)c(Cl)c1,0
protein49,1,CC(C)Cc1ccc(C(NC(=O)c2ccc(-c3cnn(C4CCOCC4)c3)nc2O)C(N)=O)cc1,0
protein49,1,COc1cc2nc(C=Cc3ccccc3)n(-c3ccc4ncc(C)cc4c3)c(=O)c2cc1OC,1
protein49,1,CCC1Cc2nn(c(=O)c3c4c(sc23)S(=O)(=O)c2cnccc2N4C)C1,0
protein49,1,NC(=O)C(N)CSC(c1ccc(O)cc1)c1cc(Cl)ccc1F,0
protein49,1,CCn1c2ccc3c(c2c2cccnc21)CC(C)(c1ccccc1)NC3=O,1
protein49,1,CC1(C)CC(C(O)C(=O)O)c2ccccc2N1C(=O)c1ccc2cnc3c(F)c(F)ccc3c2n1,1
protein49,1,Cc1ccc(C(=O)N2CCC(c3nccn3CC3=CCCCC3)CC2)cc1,0
protein49,1,CCS(=O)(=O)N1CCC(N(C(=O)c2cn(C(C)C)c3cnccc23)c2cncc(-c3ncco3)c2)C1,0
protein49,1,CCOC1c2cc(OCCN)ccc2-c2ccccc2C(=O)N1c1nc2ccc(C)cc2s1,1
protein49,1,Cc1ccc(Oc2c(-c3ccc(S(=O)(=O)N(C)C)cc3)nc(N)c(-c3ccncc3)c2F)cc1,1
protein49,1,CCN(CC)CC(=O)Nc1ccc(OC(F)(F)F)cc1,0
protein49,1,CCN(CC)CC(C)C(=O)c1cccc(O)c1C(=O)Nc1ccccc1,0
protein49,1,CC(C)c1ccccc1-n1nc(C(=O)Nc2cccs2)ccc1=O,0
protein49,1,Cc1cccnc1N1CCCN(C(=O)c2cccs2)CC1,1
protein49,1,Cc1ccc(Oc2cncnc2)cc1Nc1cnccc1Nc1cccc(C(=O)O)c1,0
protein49,1,COc1cccc(F)c1-c1nnc(NC(C)=O)cc1Oc1ccc(C(=O)N2CCN(C)CC2)cc1Cl,0
protein49,1,Cc1ccc2c(c1)C(=O)C(Nc1ccc(F)c(C(=O)NC3CCCCCC3)c1)NC2=O,0
protein49,1,O=CC=C(c1ccc(O)c(O)c1)c1cccs1,0
protein49,1,CCN(CC)CCOC1c2ccccc2C(=O)N(CCCC(=O)N(C)C2CCCCC2)c2ccccc21,0
protein49,1,CC=CCn1c(N)nc2ccccc21,1
protein49,1,CCN(CC)C(=O)c1c(OC)cccc1-c1nnc(Sc2ccc(OCc3ccccc3)cc2)o1,1
protein49,1,COc1cc(-c2c(F)ccc3nc(Nc4ccccc4S(C)(=O)=O)n(O)c(=O)c23)ccc1NC(C)=O,1
protein49,1,CC1(C)CCN(C(=O)c2snnc2-c2ccncc2)CC1O,0
protein49,1,CCN1C(=O)CSc2ccc(C(F)(F)F)cc21,0
protein49,1,CCC1CCC(C)CN1C(=O)Cc1cnccc1Nc1cc(-c2nc(N(C)CC(F)(F)F)ns2)ncn1,0
protein49,1,Cc1cccn2c(=O)nc(Cl)cc12,1
protein49,1,Cc1cccc(N2CCN(CC3CCN(C4CCc5ccccc5C4)CC3)CC2)c1,0
protein49,1,CCOC(=O)C1=CC2CN(CCC2C(=O)OC)C1Cc1ccc(F)c(F)c1,0
protein49,1,CCc1cnc(CC2(NC(=O)C3Cc4cc(S(=O)(=O)O)ccc4NC3(C)C)CCCCC2)s1,0
protein49,1,O=C(Nc1ccncc1Cl)C1OCCC1CN1CCN(c2ccccc2OC(F)F)CC1,1
protein49,1,CC(=O)NC(CNc1cc(-c2ccco2)nc2ccccc12)c1ccc(Cl)cc1,0
protein49,1,O=C(Nc1ccc2c(c1)OCCO2)Nc1ccc(F)cc1C(F)(F)F,0
protein49,1,CCN(CC)c1cccc(-c2cc3ncnc(NCc4ccc(F)c(F)c4)c3c(F)c2OC)c1,1
protein49,1,Cc1ccc(C)c(NC(=O)c2cc(=NCc3ccc4c(ncc[n+]4[O-])c3O)oc3ccccc23)c1,1
protein49,1,Cc1ccc(N(C(=O)c2csc3ccc(OC(F)(F)F)cc23)C2CCOCC2)cc1,0
protein49,1,Cc1ncc(Nc2cc(Cl)ccc2C(=O)NC2CCC(Oc3ccc(C(F)(F)F)cc3)CC2)nc1C,0
protein49,1,Cc1nn(-c2ccccc2)cc1C(=O)N1CCCC(n2nccc2Cl)C1,0
protein49,1,CC1(C)CC(c2ccccc2)N(C(=O)C2CCCN(CCc3ccncc3)C2CO)C1,0
protein49,1,O=C(NN=C(c1ccc(F)cc1)c1cc2ccccc2[nH]1)c1cnco1,1
protein49,1,CCN(CC)CC#Cc1cnc2c(-c3cccc(OC)c3)cnn2c1,1
protein49,1,CCN(CC)Cc1nc(-c2cccnc2)n(CC(=O)N2CCCCCCC2)n1,0
protein49,1,CCCN1CCc2ccc(o2)-c2ccc(cc2OC)CC(C)C(CC(=O)OC2CCC(C)CO2)C1=O,1
protein49,1,CCC1C(=O)C2N(C(=O)Nc3cc(C)cc(C)n3)C1CC2(O)Sc1ccccc1,0
protein49,1,NC(=O)C1C(c2cc(F)c(Oc3ccncc3)c(F)c2)C1(O)c1cccc(Cl)c1,0
protein49,1,COc1ccc2nc3c(cc2c1)Cc1c-3c(C)cc(O)c1C1CCOC1=O,1
protein49,1,CC(C)N(Cc1cccc(Oc2ccc(Oc3ncc(Cl)cn3)cc2)c1)C(C)C,0
protein49,1,CCCCN1N=C(c2ccccc2)CCCOc2ccc(cc2)CCC1=O,0
protein49,1,CCC(CON=C1CC(=CCCF)c2ccccc21)N1CCCCC1,1
protein49,1,Cc1ccc(NC(=O)c2cccc(N(C)c3cc(O)nc4cc(F)ccc34)c2)cc1S(=O)(=O)N1CCCCC1,0
protein49,1,CCc1ccc(Nc2cncc(-c3cccc(C)c3C)n2)cc1,1
protein49,1,O=C(O)c1cn(CC2CCCCC2)c(C(F)(F)F)c(O)c1=O,0
protein49,1,CCOc1cc(C2CC(c3cc(C)sc3-c3ccccc3F)=NN2)ccc1O,0
protein49,1,CCc1ncnc(-n2cc(C)cn2)c1C#CC1COCCN1C(C)C,0
protein49,1,CC(=C(SCCO)C(=O)O)n1cnc(-c2cccc(OC(F)(F)F)c2)n1,0
protein49,1,Nc1ncc(-c2ccc(CC3CN(CC(F)(F)C(F)(F)F)CCN3Cc3ccccc3)cc2)cn1,1
protein49,1,CCCC(C(=O)O)[N+](S)=C1CCCC1,0
protein49,1,Cc1cc(C(F)F)nn1-c1cc(C(=O)NC2CCCC(C(F)(F)F)C2)cc2c1C1CCC(C2)N1,1
protein49,1,Cc1ccc(NC(=S)NC(=O)C(=Cc2ccccc2C(F)(F)F)C(C)C)cc1,0
protein49,1,CCc1nnc(NC(=O)CSc2nc(C)c3ccccc3n2)s1,1
protein5,1,Cc1cccc2c1CN(C(=O)c1cccc(S(=O)(=O)N3CCNCC3)c1)C2c1ccncc1,0
protein5,1,O=C(OC(Cn1ccnc1)c1ccc(Cl)c(Oc2ccccc2)c1)c1cccnc1,0
protein5,1,CC(C)C1C(=O)NC(CO)CC(C)(C)C(c2cccc(C#N)c2)N1C(=O)OCc1ccccc1,0
protein5,1,CCOc1ccccc1C=Cc1nc(N)c2c(n1)c(C)nn2C1CCCC1,1
protein5,1,CCOC(=O)c1c(O)c(-c2ccccc2Cl)nn1Cc1ccccc1,0
protein5,1,CC(Oc1ccccc1-c1cccnc1)c1ccccc1,0
protein5,1,Cc1nc2c(Cl)nccc2n1Cc1ccc(CC(O)CO)c(-c2cccc(C(=O)NCc3cccnc3F)c2)c1,0
protein5,1,FC(F)(F)Oc1cccc(-c2cc(N3CCOCC3)nc(Nc3ccccc3C(F)(F)F)n2)c1,0
protein5,1,CCOc1ccccc1CNC(=O)C(C)c1ccc2c(c1)ncn2Cc1cc(OC)c(C(N)=O)cc1Cl,0
protein5,1,CCCn1c(Nc2ccccc2C)c(-c2nc3ccc(F)cc3s2)c(=O)n(C)c1=O,1
protein5,1,CC(C)CNC(=O)C1CSCN1C(=O)CC1COc2ccc(C(C)(C)C)cc2CN1C(=O)c1ccc(O)cc1,0
protein5,1,CCS(=O)(=O)Nc1ccc(-c2cn3ccccc3c2C(NCC(C)N(C)C)c2ccccc2F)cc1F,0
protein5,1,Cc1ccnc(N2CCC3(CCN(c4ncnc5ccc(F)cc45)CC3)C2)n1,1
protein5,1,CCN(CC)S(=O)(=O)c1cccc(-c2c(Nc3c(F)cccc3F)ncc3c2n(C)c(=O)n3C)c1,0
protein5,1,CC(C)CC(O)Cn1cnc2cc(-c3ccnc4c3c(-c3ccc(F)cc3)nn4C)ccc21,1
protein5,1,O=C(NCCCC1C=CCCC1)c1cccc(O)c1,0
protein5,1,Nc1c(-c2c(NC(=O)C(F)(F)F)nc3c(-c4ccc(F)cc4)cccn23)ccc2c1COC2,1
protein5,1,CC(C)C(CN1CCCC1)NC(=O)C(O)=C(Cl)C(=O)c1cccc(C(C)(C)C)c1,0
protein5,1,CCn1c(C2CN(CCO)CCO2)nc2c(Nc3cccnc3)cc(OC)cc21,1
protein5,1,CCC(O)(c1nc2c(N)nc(-c3ccccc3OCc3ccc(F)cc3)nc2s1)C(F)(F)F,1
protein5,1,Cc1ccc(-c2cnc(N3C(=O)CSC3=S)c3ccccc23)cc1Cl,0
protein5,1,CCOc1ccc(C#CCOC2COCC2CC)cn1,0
protein5,1,CC(C)c1ccccc1NC(=O)C1CCCCC1C(=O)NCC(=O)Nc1ccccc1Cl,0
protein5,1,O=C(c1ccc2cc3ccncc3nc2c1Cl)c1cnn2cccnc12,1
protein5,1,Cc1cc(NC(=O)CS(=O)(=O)c2ccc(-c3cc(NC(=O)N(C)C)cc(-c4c(C(F)(F)F)nc5ccccc5c4CN(C)C)c3)cc2)no1,0
protein5,1,Cc1c(C(=O)NN2C=CC(=O)CC2)c(N)n2cnc3ccccc3c12,1
protein5,1,CCCC(CCC)S(=O)(=O)Nc1cccc(Cl)n1,0
protein5,1,CCc1nccc(-c2c(-c3cc(C)ccc3Cl)n(CCCN3CCOCC3)c3cccnc23)n1,1
protein5,1,CC1(C)CCCC(Nc2nc(N)nc3c2CCN(C(=O)C=Cc2cccnc2)CC3)C1,0
protein5,1,NCCCCNCc1cc2cc(F)ccc2[nH]1,0
protein5,1,Cc1cccc(OC(C)(C2CC(=O)N(Cc3ccccn3)C2)C2CCC(=O)O2)c1C,0
protein5,1,CN(c1cc(NC(=O)C2CC2)cn2c3c(nc12)CN(CCC1CCCCC1(C)O)CC3)C1CCc2ccc(N)cc21,0
protein5,1,Cc1ccc(Nc2nnc(-c3ccc(C(N)=O)cc3)c3ccccc23)cc1,1
protein5,1,CC=C1CCCOCOc2c(c(C)nc3ccc(Cl)cc23)CCN(C)C1,1
protein5,1,CN(C)CCCOc1cc(C(=O)N(C(=O)c2ccccc2)c2cccc(C(N)=O)c2)ccc1OC(C)(C)C,1
protein5,1,CC(C)(C)NC(=NC#N)N1c2c(sc3ccccc23)C(C)(C)C(C)(C)C1c1ccccc1,0
protein5,1,Cc1ccc(-n2nc3c(c2N)-c2cc(nc4c2sc2ccccc24)C3=O)c(C)c1,1
protein5,1,O=C1COc2ccc(CCCC3(c4ccc5c(c4)OCO5)CCN(c4ncccn4)CC3)cc2N1,0
protein5,1,CSc1ccccc1NC(=O)C1=C(C)NC(=O)CC1c1ccccc1F,0
protein5,1,CC(=O)N1CC2(CCC1c1cccnc1)CCN(C)CC2,0
protein5,1,CCN(CC)C(=O)C1=CC(O)CC(N2CCN(c3nncc4cc(Cl)ccc34)CC2)C1,0
protein5,1,CCCc1ccccc1C(C)Nc1nc2nccc(O)c2c(=O)n1-c1ccccc1,1
protein5,1,CCCCNc1cc(C(F)(F)F)c(N)c2ncccc12,0
protein5,1,Cc1cc(NC(=O)COc2cccc(F)c2)cc2nc(-c3ccccc3Cl)oc12,0
protein5,1,CCN(CC)S(=O)(=O)c1cc2cc(Nc3ccc(F)cc3F)nc(N)c2cc1OC,1
protein5,1,Cc1cc(NC2=CC(=O)CCC2)cc(S(=O)(=O)N(C)C)c1N,0
protein5,1,CC1(C)CC(N2CCC2CO)c2cccc(Cc3cn[nH]c3)c2O1,0
protein5,1,O=C(OC1CCCCC1)c1cc([N+](=O)[O-])ccn1,1
protein5,1,NC(=S)N1CC(C2=CCCCC2)(c2ccccc2)c2ccccc21,0
protein5,1,Cc1[nH]nc(N)c1-c1cc(F)c(C(F)(F)F)cc1-c1nc2ccc(N3CCNCC3)cc2s1,1
protein5,1,CCCc1c2c(c(Cn3ccnc3)c3cc[nH]c13)CCC(C)(C)C2=O,0
protein5,1,CCCCNCC1CCN(c2ncnc(Nc3ccc(CO)c(Cl)c3)c2F)CC1,0
protein5,1,CC(=NN(C)CCNC(=O)c1ccco1)c1ccc(O)cc1,1
protein5,1,CCOCc1cccc(Nc2nc(N)nc3sc(C4(C)CCCC4)cc23)c1,1
protein5,1,O=C1C(CS)c2ccccc2N1Cc1cccs1,1
protein5,1,CCCCC(C)(CC)C1CCCCN1C(=S)N(C)C,0
protein5,1,Cc1ccc2c(C)nc3sc(C(=O)Nc4ccc(C5CNCCO5)cc4)c(N)c3c2n1,1
protein5,1,CC(CCc1ccccc1C)=NNC(N)=S,1
protein5,1,Cc1ccc(NC(=O)C2(c3ccc(-c4cnccn4)cn3)CCCC2)cc1C,0
protein5,1,CCc1cccc(Nc2nc3c(n2-c2ccncc2F)CCN(C2CCS(=O)(=O)C2)C3)c1,0
protein5,1,O=C(O)C=CN(O)CC1(n2cc(-c3ccccc3Cl)c3ccccc32)CCCCC1,1
protein5,1,Cc1ccc2c(C(F)(F)F)cc3nc(-c4ccc(F)cc4F)nn3c2c1,1
protein5,1,CCOc1ccc(C2CC3CC4(CC(C)n5nccc5N24)NC(=O)O3)cc1,0
protein5,1,Cc1ccc(N)cc1C(=O)ON=C(N)c1c(F)cccc1F,1
protein5,1,CC1(Cc2cncc(-c3cc(Cl)cc(CN4CCOCC4)c3)c2)CCOC1=O,0
protein5,1,Cc1ccc(Nc2nc(C)c(CN)c(-c3ccc(OC(F)(F)F)c(F)c3)n2)cc1,0
protein5,1,CCn1cnc2cc(Cl)c(Cl)cc2c1=O,0
protein5,1,CCN(CC)c1cnc(N)c(-c2cc3c(cc2Cl)-c2c(-c4ccncn4)cnc(N)c2C3=NO)n1,1
protein5,1,CC(C)CCCCc1nnc(N)s1,0
protein5,1,CC(=O)Nc1ccc(C(=O)OCC(=O)N(C)c2cc(Cl)ccc2F)cc1[N+](=O)[O-],1
protein5,1,O=C(C=CN1CCCc2ccccc21)c1cc2ccccc2s1,0
protein5,1,Cc1nc(-c2cccnc2)sc1C(=O)n1cccn1,0
protein5,1,N#CC(CC1CCC1CNS(=O)(=O)c1ccc(Cl)cc1)NC(=O)C1COCCN1,0
protein5,1,Cc1cc(-c2ccc(-c3ncccc3F)nc2)nc2[nH]cc(CC(=O)O)c12,1
protein5,1,CCN(CC)S(=O)(=O)c1ccc(NC(=O)Cc2c(F)cccc2F)cc1,0
protein5,1,O=C(Nc1ccncc1)c1nc2ccccc2n(-c2ccc(Cl)cc2Cl)c1=O,0
protein5,1,CCC(C)CNc1nc2cc(C(F)(F)F)ccc2c(-c2ccc(S(C)(=O)=O)cc2C)c1C#N,0
protein5,1,CC(=O)Nc1nc(-c2cccc(C)c2C#N)sc1N1CCC(N2CCC3(c4ccccn4)C=CC(O)CC3C2)CC1,0
protein5,1,CCc1ccc(-c2c(C(=O)Nc3cccc(F)c3)c(O)nc3ccccc23)cc1,1
protein5,1,CCS(=O)(=O)Nc1ccc(NN=C2CCCC(C)(C)C2C(N)=O)cc1,0
protein5,1,CCC#CC(=O)Nc1ccc(-n2ccc3nc(C)n(Cc4ccc(F)cc4)c3c2=O)cc1OC,1
protein5,1,Cc1nc2cc(N(C)c3nccc(Oc4cncc(C#N)c4)n3)ccc2s1,1
protein5,1,Cc1cccc(C)c1NC(=S)N1C(=O)CCC1c1ccc(N(C)C(=O)C=CC(C)(C)NO)cc1,0
protein5,1,CCCc1nc2ccccc2n1C1CCN(C(=O)c2ccc(Oc3nccnc3C)cc2)CC1,0
protein5,1,Cc1cc(N(C)C2CCN(C)CC2)nc(N)c1-c1ccc(C#N)c(C(F)(F)F)c1,1
protein5,1,CC(C)C(=O)Nc1ccccc1CSc1nc(-c2ccccc2)c(-c2ccc(C(=O)O)cc2)n1-c1ccccc1,0
protein5,1,Cc1ccc(C2CN(CCCCC(C)C)N=[N+]2[O-])s1,0
protein5,1,O=C(NCC(=O)N1CCc2ccccc21)c1cccc(C(F)(F)F)c1,0
protein5,1,Cc1ccc(Nc2nsc(-c3ccccc3O)n2)cc1CN1CCC(C)CC1,1
protein5,1,O=C(NC1CC(=O)N(c2cccc(C(F)(F)F)c2)C1)c1cc2cc(F)ccc2[nH]1,1
protein5,1,O=C(Nc1ccc2c(c1)OCCCO2)c1c(-c2ccc(F)cc2)n[nH]c1C(F)(F)F,1
protein5,1,CC1=NC(c2ccc(S(=O)(=O)NCCC3=CCCCC3)s2)Cc2ccccc21,1
protein5,1,Cc1ccc(Nc2nccc(-c3no[n+]([O-])c3Cc3ccccc3F)n2)cc1F,1
protein5,1,CC(C)CC1C(=O)NC(C(OCCN(C)C)c2cc(Cl)c3cccnc3c2O)CN1CC(C)C,0
protein5,1,O=C(Nc1ccccc1Nc1nncc2ccccc12)c1cccc(C(F)(F)F)c1,1
protein5,1,CCCCSCc1ccccn1,0
protein5,1,CC(C)CCCc1n[nH]c(=O)c2cc(nc3ccccc32)c2cccc1c2,1
protein5,1,CC(=O)NC1C(=O)N(CCCCS(=O)(=O)N(C)C)C(=O)C1=Cc1cn(CC2CN(C(C)C)CCO2)c2ccc(OC(F)(F)F)cc12,0
protein5,1,Cc1ccc(S(=O)(=O)NC2CCC(C(=O)Nc3cccc4c3cc(C)n4CC3CCC3)=N2)cc1,0
protein5,1,CCC#CCNC1CCC(N)C(c2ccc(O)c(O)c2)C1,0
protein50,1,CC(NC(=O)c1cc2c(COC(=O)C3CCCCC3)cnnc2[nH]1)c1cc2c(cc1S)OC(C)(C)CC2,0
protein50,1,CCS(=O)(=O)Nc1cccc(-c2ccc(NCC(C)(C)c3cc(C(=O)N(C)C)n(C)c3)nn2)c1,0
protein50,1,Cc1cccc(C(=O)N2CCCC3(CCN(c4ncnc5c4oc4cccc(C)c45)CC3)C2)c1C,1
protein50,1,Cc1nn(-c2ccccc2)cc1-c1c(F)c(Cl)nc(N)c1C#N,1
protein50,1,Cc1ccc(C)c(C(=O)Nc2cc3cnccc3nc2N)c1,1
protein50,1,Cc1cc(-c2ccn(C(=O)Nc3ccccc3)c2)c2n1CCC2,0
protein50,1,CCNc1ccc2c(c1)NC(=O)C(NC(=O)C1CC1c1ccccc1)C2,1
protein50,1,CC1CCCC(C)(CO)C1(O)Cn1cc(CS(=O)(=O)c2ccccc2Cl)nn1,0
protein50,1,CCc1ncc(S(=O)(=O)N(C)CCN2CCC(c3ccc4c([nH]c(=O)n4C(C)(C)C)c3-c3cccc(OC)c3)CC2)s1,0
protein50,1,Cc1cc(Oc2ccc(N3CCCC3=O)cc2)c2cccc(N3CCNCC3)c2n1,1
protein50,1,Cc1ccc(S(=O)(=O)N(C)CC(=O)Nc2ccc(Cl)cc2Cl)cc1,0
protein50,1,Cc1nnc(-c2ccc(C(F)(F)F)cn2)cc1Nc1ncc(C#N)c(NC2CC2)n1,0
protein50,1,CCCCCc1ccc2oc3ccccc3c(=O)c2c1O,0
protein50,1,O=CC1(O)CCCCC1C(=O)Nc1cc(C(F)(F)F)ccc1Cl,0
protein50,1,CCn1ncc2c1CN(C(=O)c1ccc3c(c1)C(C)(C)CCO3)CC2,0
protein50,1,CC1C2Cc3ccc(-c4cccc(O)c4)cc3C1(C)CCN2C,0
protein50,1,CC1(C)CCC2(N1)C(=O)Nc1ccccc12,1
protein50,1,CCC(Nc1cc(C#CC(C)(C)O)nc2c1nc(C#N)n2Cc1ccccc1)c1ccccc1,0
protein50,1,O=C(Nc1cccc(Cl)c1)c1cc2ccccc2nc1Nc1ccccc1N1C(=O)CCNC1=S,0
protein50,1,Cc1ccc(-c2nc(N3CCOCC3)cc(S(=O)(=O)N(C)c3ccccc3)c2C#N)cc1,1
protein50,1,CC(C)C1CCC(C)N1C(=O)c1ccc2c(c1)ncn2-c1nccc(Oc2cc(F)c(F)c(F)c2)n1,0
protein50,1,O=C(CCS(=O)(=O)c1cn(S(=O)(=O)c2cccc3cccnc23)c2ccccc12)NC1CCCCC1,1
protein50,1,CCn1c(N(C#N)c2cc(F)c(C(=O)N3CCN(C)CC3)cc2Cl)nc2ccccc21,1
protein50,1,O=C1c2ccccc2OCC1COCCCN1CCN(c2ncc(F)cn2)CC1,1
protein50,1,Cc1cccnc1NC=CC(=O)c1cc([N+](=O)[O-])ccc1Cl,1
protein50,1,CCCCn1c(=O)[nH]c2cc(C(=O)Nc3ccc4c(c3)CN3C(=NC5CCC3C5)N4C)ccc21,0
protein50,1,O=C1c2[nH]c3ccc(OCc4ccco4)cc3c2C(=O)N1CCN1CCCC1,0
protein50,1,O=C(c1cc(Cl)cc(F)c1O)N1CCC(Cc2ccc(F)cc2)CC1,0
protein50,1,CCCn1nc(-c2ccc3c(ccn3CC)c2)c2c(-c3cccc(S(=O)(=O)N4CCCC4)c3)ccnc21,1
protein50,1,N=C(NC(=O)C1CC1)Nc1ccccc1S(=O)(=O)N1CCCCC1,0
protein50,1,O=C(Nc1cc(-c2ccco2)nc(-c2ccccc2)n1)c1cccs1,0
protein50,1,Cc1nocc1CC(=O)N1CCN(Cc2ccccc2)CC1,0
protein50,1,CCC1CC(C)(O)C12NCNc1ccccc12,0
protein50,1,CCCC1OC(=O)C[n+]2cn(c3ccccc32)Cc2cccc3cc1c(OC)cc23,1
protein50,1,Cc1nc(CNC(C)(C)CCCN(C)c2ncccn2)cs1,0
protein50,1,CCCCNc1nc(N2CCN(C)CC2)c2ccccc2n1,0
protein50,1,CCNC(=O)C1CCC(C=C(C)C(=O)N2CC3CCCC2C(c2ccc(OC)cc2)O3)N1S(=O)(=O)c1ccccc1,0
protein50,1,CC1(C)CC2C(=O)NC3Cc4c(cccc43)-c3cccc4c3C(=O)c3cc(ncc3Oc3cccc(c32)O1)O4,1
protein50,1,CC1N(c2ccnc(I)c2Cl)c2cncc3c2C12CCN(CC2)C3,0
protein50,1,CC(C)Oc1ccc(Nc2cc3c(c(-n4ccnc4)c2C#N)C(=O)CC(C)(C)C3)cc1,0
protein50,1,CCC1CCCCC1N1CCN(c2ccc3c(C(=O)NCC4CCCCC4)cccc3n2)CC1,1
protein50,1,CC1=NC(=O)C(Cc2ccc(C(C)(C)C)cc2)S1,0
protein50,1,Cc1cc(C(=O)N2CCN(c3nncs3)CC2)on1,1
protein50,1,Cc1cc(NC(=S)NC2CCC(C)CC2)c(C#N)c(Oc2cc(C)c(C)cc2C(C)(C)C)n1,0
protein50,1,Cc1cnn(CC2CCCN2Cc2nc(C(C)C)cs2)c1,0
protein50,1,O=C1c2cn(nn2)CCN1Cc1ccc(C2CCCCC2)cc1Cl,0
protein50,1,CCn1c(-c2c(F)cc(F)cc2F)nc2ccc(C(=O)Nc3c(F)cccc3F)cc21,1
protein50,1,Cc1ccc2cc(CS(=O)(=O)Cc3ccccc3)c(O)nc2c1,1
protein50,1,CCCCNc1ccc(-n2cc(C(F)(F)F)nn2)cc1,0
protein50,1,O=C(COc1ccccc1OCC1CC1)Nc1ccccc1F,0
protein50,1,Cc1oc2ccccc2c1C(=O)Nc1nnc(-c2ccccc2F)s1,1
protein50,1,FC(F)(F)c1ccc(-c2cn3c(n2)CCC(CBr)Nc2nccc-3n2)cc1,0
protein50,1,CCOc1ccc2c(ccn2-c2nc(NC3CCN(C)CC3)cc(-c3ccccn3)n2)c1OC,1
protein50,1,Fc1ccc(OCC2(c3ccccc3)COC(CN3CCCC(c4ccccn4)C3)CO2)c(F)c1,1
protein50,1,COc1ccc(NC(=O)CCCN2C(=O)c3ccccc3C2=O)c(N2CCCC2)c1,1
protein50,1,O=C1c2ccccc2S(=O)(=O)N1C1CCCCCCC1,0
protein50,1,CCn1nc(CNC(=O)C(C)N(C)c2nc(OC)cc(Oc3ccc(C)c(C)c3)n2)c2ccccc21,1
protein50,1,Cc1nc(NCc2ccc(F)c(F)c2)nc2nc3ccccc3cc12,1
protein50,1,CCCOc1cc2c3c(c1)C(Nc1nc4c([N+](=O)[O-])cccn4n1)CC(C)(CC2)O3,1
protein50,1,CCCC1CN(C)CC2c3cc4c(cc3CCC12)n(C(C)=O)c(=O)n4C1CCNCC1,0
protein50,1,O=C(COC(=O)C1CC1)Nc1ccc(Nc2c3ccccc3nc3ccc(F)cc23)cc1,1
protein50,1,O=C1C(P(=O)(O)O)c2ccccc2N1CCCCN1CCN(c2ccc(Cl)cn2)CC1,0
protein50,1,CCNC(=O)Cc1cnn(-c2ccc(S(=O)(=O)c3ccc(NC(C)=N)cc3)cc2)c1,0
protein50,1,CCOCc1cnc(NN=C(C(C)=O)c2cccs2)c(S(N)(=O)=O)c1,0
protein50,1,CCC(C)CNc1nc2c(-c3ccccc3)c(-c3ccc([N+](=O)[O-])cc3)nn2cc1[N+](=O)[O-],1
protein50,1,CCC(CC(=O)O)C(=O)SCc1ccc(Cl)cc1Cl,0
protein50,1,CCCN1CCC(c2ccnc3c2c(-c2ccc(C(=O)O)cc2)nn3C)CC1,1
protein50,1,CCCCSc1cc(C(=O)N2CCN(C)CC2)cc(-c2ccccc2F)n1,0
protein50,1,Cc1n[nH]c(C)c1S(=O)(=O)NCCCC1CCN(c2ncnc3sc(C)c(C)c23)CC1,0
protein50,1,Cc1ccc(C(=O)Nc2nnc(CC(C)C)s2)s1,0
protein50,1,CC(=O)Nc1ccc(-c2ccc(S(=O)(=O)Nc3nccs3)cc2)cn1,0
protein50,1,N#Cc1n[nH]c2nc3ccccc3c(-c3ccc(F)c(C(N)=O)c3)c12,0
protein50,1,Cc1cnccc1C=NNc1ccc([N+](=O)[O-])cn1,1
protein50,1,O=C(Nc1ccccc1-c1cncc(F)c1)c1cc(CCC(F)(F)F)ccc1Cl,0
protein50,1,CCN1CCC(C(=O)c2ccccc2)(C(C(=O)Nc2ccc(F)cc2)N(C(C)=O)C(=O)OC)CC1,0
protein50,1,O=Cc1cccc(-c2ccnc(Nc3nccc(-c4n[nH]c5cc(F)ccc45)n3)c2)c1F,1
protein50,1,Cc1ncccc1-c1nc(C2CCCN2CCn2cccn2)no1,0
protein50,1,CC1CCN(c2cc(-c3c(-c4ccc(Cl)cc4)nc4ccccn34)c3cccnn23)CC1,0
protein50,1,CCCc1nn2ccc(C)nc2c1-c1c(C)ccc(C)c1C(N)=O,1
protein50,1,Nc1nc2c(OC3CNCC34CC3CCN(C3)C4=O)nccc2n1Cc1ccc(Cl)cc1,0
protein50,1,NC(S)=Nc1cc(C(=O)Nc2cccc(F)c2)ccc1C(F)(F)F,0
protein50,1,CC(C)CNS(=O)(=O)c1ccc(Oc2ccc(O)c(C(C)(C)C)c2)cc1,0
protein50,1,CC(C)(C)c1ccc(OC2CCC(N)CC23CC(=O)N(Cc2ccccc2C(N)=O)C3=O)cc1,0
protein50,1,CC(C)C(CN1CCN2CCCC2C1=O)NC(=O)C1CCC(NC(=O)OC(C)(C)C)CC1,0
protein50,1,CC(=O)Nc1ccc(C(CNC(=O)C(F)(F)F)OCC2NCCc3cccc(Cl)c32)c(Cl)c1,0
protein50,1,Cc1cc2[nH]c3c(c2c2ccccc12)CCNC3,1
protein50,1,CCCCNc1nc(N2CCNCC2)c2cc(OC)c(OC)cc2n1,0
protein50,1,CCN(CC)CCn1ncc2cc(-c3ccc(S(=O)(=O)N4CCN(C)CC4)cc3)ccc21,0
protein50,1,Cc1cc(-c2cnn(-c3ccc(N(C)C)cc3)c2)c2cccc(N3CCNCC3)c2n1,1
protein50,1,CCN(CC)C(=O)c1cccc(Oc2ccc(OC)cc2C(C)(C)[N+](=O)[O-])c1,1
protein50,1,O=C(Cc1ccc(O)cc1)Nc1ccncc1,0
protein50,1,CC(C)CC1CC(C)C(c2nc(Nc3nc4ccccc4s3)n[nH]2)NC1=O,0
protein50,1,CC=CCN(Cc1ccccc1)C(=O)c1nc(C#N)cs1,0
protein50,1,O=C(CCn1cccn1)Nc1nc2c([N+](=O)[O-])ccc(C3(c4ccccc4)CCC(O)(CO)CC3)c2s1,1
protein50,1,CCOc1cc(C)c(S(=O)(=O)N2CCOCC2)cc1Nc1ncnc2cc(CN(CC)CC)ccc12,0
protein50,1,Cc1oncc1Cn1c(=O)c(Oc2cccc(CN3CCOC(C)C3)c2)nc2ccccc21,1
protein50,1,CCCCC(=O)Nc1cccc(-c2cnn3cc(Cl)c(Nc4ccc(NC(C)=O)cc4)nc23)c1,0
protein50,1,CCC1CNCC1COc1nc(C)cc(Nc2ccn(C)n2)n1,1
protein50,1,CCC(NC(C)CC(N)=O)c1cc(F)ccc1-c1cc(-c2ccccc2S(=O)(=O)N2CCCCC2)nn1C,1
protein50,1,Cc1cc(C)nc(N2CC(N)CCC2C)n1,0
protein51,1,O=C(Nc1nc2c(Cl)ccc(NCCCN3CCOCC3)c2s1)c1ccc(F)cc1,1
protein51,1,CC1(c2nc3c(C(F)(F)F)cc(C(N)=O)cc3cc2O)CCN(c2ccccc2)CC1,0
protein51,1,CCNC(=O)c1ccccc1NC(=O)c1c(I)c(O)nc2ccccc12,1
protein51,1,O=C(CCl)N1CCCC(Cn2c(CN3CCN(C4=NCCc5ncccc54)CC3)cc3c(-n4cccc4)ccnc32)C1,0
protein51,1,CCCCCC1(C)OC1CS(=O)(=O)Nc1cc(-c2cc(N3CCCC3)nc(C)n2)ccc1C(N)=O,0
protein51,1,CCC(Cc1cc(O)cc(C(C)(C)C)c1)C(C(=O)O)C(C)C,0
protein51,1,CC1CCC(C)N(C(=O)Nc2ccccc2I)C1,0
protein51,1,CCn1nc(C)c2c(c1=O)c1cccc(NC(=O)OCc3ccccc3)c1n2Cc1ccccc1,1
protein51,1,O=CCC1C=CC(NC(=O)Nc2cccc(-c3ccccc3)c2)C1,0
protein51,1,Cc1ccc(C(=O)OC(c2ccc(Cl)cc2)c2cccc(O)c2)c(O)c1,0
protein51,1,NC(=O)n1cc(NC(=O)C2(N3CCOCC3)CCCCC2)c2cccc(=O)n21,0
protein51,1,Cc1nc2c(Oc3ccccc3Cl)c3c(cn2c1C(=O)NC(C)CO)CCC3,0
protein51,1,CC(=O)c1cn(-c2cccc(Sc3cnn4ccccc34)c2)c2c(CCN)cccc12,1
protein51,1,CCCS(=O)(=O)Nc1ccnc2ccccc12,1
protein51,1,CCc1cc(C(=O)Nc2cc(NCc3ccc(Cl)cc3Cl)ncn2)cn1C,0
protein51,1,CC(=O)N(CC(Cn1ccnn1)OC(=O)N(C)C)c1cccc(CN2CCC(OCc3ccccc3)CC2)c1,0
protein51,1,CCc1c(C(=O)N(C)C)[nH]c2ccc(C)c(C)c12,0
protein51,1,CCS(=O)(=O)Nc1ccc(OCCC2CCN(Cc3ccc(O)c(F)c3)CC2)cc1,0
protein51,1,CCOC(=O)c1cc(NC(N)=S)cc(-c2ccccn2)c1,0
protein51,1,CCCC1NC(=O)C(c2cccc(C(=O)O)c2)=C1c1ccccc1,0
protein51,1,CC(C)CC(C)(C)CNC(=N)n1c(-c2cccs2)nc2cc(Cc3ccccc3)ccc21,0
protein51,1,O=C1NC2=NC1CC([N+](=O)[O-])=C1OCCN1Cc1ccccc12,1
protein51,1,CC1=CCCc2cc(O)cc3c(cc(C)nc23)Nc2ccc(cc2)NC1=O,1
protein51,1,CCC(CC)C(=O)Nc1nc2ccccc2s1,0
protein51,1,O=C(c1[nH]cnc1Cn1nc(-c2ccc(F)cc2F)ccc1=O)N(CCF)CC1CCC(c2nnc(C(F)(F)F)[nH]2)CC1,1
protein51,1,O=C(c1cc(-c2ccccc2)[nH]n1)N(Cc1ccncc1)c1ccc(Cl)cc1,0
protein51,1,Cc1ccc(OCC(=O)Nc2ccc(-c3ccccc3C#N)cn2)cc1,0
protein51,1,CCN(CC)C(=O)c1cc(C2CCCN2C(=O)c2cccnc2)n[nH]1,0
protein51,1,CC=NOCC(=O)NC(N)=O,1
protein51,1,Oc1c(OCc2ccccc2)ccc(Cl)c1CN1CCNCC1,0
protein51,1,CCC1CN(c2ccc(C#CC3(N(C)C(=O)C4CC4)CCNCC3)cc2)C(=O)O1,0
protein51,1,CCc1cc2c(nc1C)sc1nc(N3CCNCC3)ccc12,1
protein51,1,CC(CCl)(c1ccccc1)c1ccccc1C1=C2C(=O)N(Cc3ccccc32)C(CC(N)C(=O)O)C1,0
protein51,1,CC(C)C1C(O)CC2CCC3C=CC(CS(=O)(=O)N21)C(N1CCN(c2ncccn2)CC1)C3,1
protein51,1,O=C(Cc1ccccc1C(F)(F)F)N1CCN(c2ccc3c(c2)CCC3)CC1,0
protein51,1,NCC(=O)Nc1cccc(-c2nc3ccc(Cl)cc3c(N)c2C(N)=O)c1,1
protein51,1,CCCCNC(=O)c1c(O)c2ccccc2n(-c2ccccc2C(=O)N2CCN(C)CC2)c1=S,0
protein51,1,Cc1cc2cc3n(c2cc1C(=O)O)CCc1ccc(O)cc1-3,0
protein51,1,CCC1CN(S(=O)(=O)c2cc(F)ccc2Cl)C(C)C(=O)N1c1ccc(-c2c(C)noc2C)cn1,0
protein51,1,CCc1ccc(Nc2cccc3c(Nc4ncncc4S(C)(=O)=O)ccnc23)cc1Cl,0
protein51,1,CC(CC1CCc2c(sc3ncnc(Nc4ccc(C#N)cc4)c23)C1)NC(=O)C1CC2CCCCC2OC(=O)N1,0
protein51,1,CCCC12CC(CN1C)OC(=O)c1ccc3c(=O)[nH]c(nc3c1)C1=C(CCO1)C2CCl,1
protein51,1,CCC(C(=O)NC(C)c1ccc(OC2CCN(Cc3ccc(F)cc3)C2)cc1)N(C(=O)OC(C)(C)C)C(C)(C)C,0
protein51,1,Cc1ccc(C(N)=O)c(-c2csc(-c3ccc(N4CCC(C)CC4)nn3)c2)c1,0
protein51,1,Fc1ccc2c(c1)c1c(n2CC2CCOCC2)CCN(c2ccccc2F)C1,0
protein51,1,O=S(=O)(NCC1CCCC1)c1ccc2nc(Nc3nncs3)sc2c1,0
protein51,1,CC(C)c1ncc(-c2cc(CN3CCN(CC(O)COC4CCCC4)CC3)cc3nccnc23)cn1,1
protein51,1,CCCCCn1c(=O)[nH]c2nc(C(C)C)n(Cc3ccc(Cl)cc3)c2c1=N,0
protein51,1,CC(=Nn1c(S)nnc1-c1ccncc1)c1cccnc1,1
protein51,1,Cc1ccccc1-c1nc2cc(CNCCN(C(C)C)C(C)C)cnc2n1-c1ccccc1,1
protein51,1,CN1CCc2c(NC(=O)C(C#N)=Cc3ccc(C#N)cc3)ccc(N3C(=O)CCC3(C)C)c2CC1,1
protein51,1,Cc1cnccc1-c1noc2c3cc(C(=O)NCc4ccc(-n5ccnc5)cc4Cl)c(c12)n(C)c3=O,1
protein51,1,CCn1cnc2c(NC3CCCC3)nc(O)nc21,0
protein51,1,CCN(CC)c1ccc2ncc(C#N)c(N3CCNCC3)c2c1,1
protein51,1,CCCOc1ncc(C#N)c(N2CCCC2)c1-c1ccccc1C(=O)O,0
protein51,1,CC(C)(C)NC(=O)C(O)CC(=O)NCc1cccc(F)c1Cl,0
protein51,1,O=Cc1cccc(S(=O)(=O)Nc2cc3ccccc3oc2=O)c1,0
protein51,1,Cc1ncc(N)c2cnc(-c3c(Cl)ccc4c3Cc3ccccc3-4)n12,1
protein51,1,Cc1nc(-c2cccnc2)sc1C(=O)Nc1ccnc(N(C)C)n1,0
protein51,1,Cc1cccc(NC(=O)N2CCCCCC2)c1,0
protein51,1,CCc1cccc(Nc2ncnc3nc4c(C#N)c(Nc5ccc(OC)cc5OC)sc4c(COC)c23)c1,1
protein51,1,CCCCCC=NNC(=O)c1cccnc1N,0
protein51,1,Cc1cccc(-c2csc(N)c2C(=O)C2CCCN(C(C)(C)C)C2)c1,0
protein51,1,Cc1ccc(NC(=O)c2ccc(C)c(S(=O)(=O)N3CCCCC3)c2)cc1Cl,0
protein51,1,Cc1nn(-c2ccccc2)c(C)c1Cn1nc2nc3ccccc3cc2c1N,1
protein51,1,COc1cccc(C2C(=O)N(C(C)C)c3ccccc32)c1,0
protein51,1,CCC1CCCCN1c1nnc(C(N)=O)c2cc(-c3cccnc3)n(C3CCCC3)c12,0
protein51,1,CC1NC(=O)C(N)CCCCCCCCOCCNC1=O,0
protein51,1,CCN(CC)CC(=O)Nc1ccc(OC(F)(F)F)cc1Oc1ccc(S(=O)(=O)N2CCCCC2)cc1C#N,0
protein51,1,CC(=NOC(=O)c1ccccc1C)c1ncc(S(C)(=O)=O)s1,0
protein51,1,CCN1CCN(C2CCC3(CC3c3cccc(C(F)(F)F)c3)CN(c3cccnc3)C2=O)C(=O)C1,0
protein51,1,CC(=O)Oc1ccccc1-c1ccc(C(Cl)(Cl)Cl)cc1,0
protein51,1,O=C(Nc1ccc(C(F)(F)F)cc1C(F)(F)F)Nc1cccc2c1CC(CO)NS2(=O)=O,0
protein51,1,CCn1c(CCl)cnc1C1CN(C)CCN1C,1
protein51,1,O=C1c2ccccc2-c2c1nc1cccc(F)c1c2NCCCN1CCOC1=O,1
protein51,1,CCC1CC(N2Cc3cccc(C(N)=O)c3C2=O)c2cc(O)ccc21,0
protein51,1,CCOCc1nc[nH]c1N1CC2CCC(COc3c(C(C)(C)C)cc(Cl)cc3C(C)(C)C)N2C1=O,0
protein51,1,CSc1ccccc1C(=O)N(C)C(C)C(=O)Nc1cccc(C)c1C,0
protein51,1,CCNC(=O)CCCc1cc(-c2cccc(CN3CCOCC3)c2CC)on1,0
protein51,1,CC(C)CC(CCN)CC(CN1Cc2ccccc2NC1=O)C(=O)N1CCN(C)CC1,0
protein51,1,Cc1noc(C)c1CN1CCOCC1CCNC(=O)C1CCC(C(=O)O)N1,1
protein51,1,Cc1cnc(-c2ccc(Oc3ccc(C(=O)N4CCC(C)(C)C4)cc3)c(C(=O)N3CCN(C)CC3)c2)s1,0
protein51,1,CC(c1ccccc1)n1c(=O)c2c(c3ccccc31)OCC(C(O)c1cnccn1)CC2,0
protein51,1,CCC(C)(C)c1cc(-c2cccs2)cc2c1C=CS2(=O)=O,0
protein51,1,Cc1cccc(NC(=O)Nc2nc3c(Cl)cc(Cl)cc3s2)c1C,0
protein51,1,O=C(Nc1cnn(-c2ccc(F)cc2F)c1)c1csc(-c2cccc(F)c2)n1,1
protein51,1,CCCC(Nc1c([N+](=O)[O-])cnc2cccc(Cl)c12)C(=O)NCC(=O)O,1
protein51,1,CC1(C)CCC(C(=O)O)C(COP2(=O)Nc3ccccc3O2)C1,0
protein51,1,CCCC1c2[nH]c3ccccc3c2CCN1C1CCNCC1,0
protein51,1,CC1=Nc2cc(S(=O)(=O)N3CCCC3)ccc2CCC1CN1CCN(C(=O)OC(C)(C)C)CC1,0
protein51,1,Cc1ccc(CNC(=O)c2cccc(C#N)c2C(F)(F)F)cc1,0
protein51,1,CCOc1ccc(O)c(C2Nc3ccc(C)cc3SC2c2ccccc2)c1,0
protein51,1,O=C1c2cccc(F)c2-c2cc(Cn3nccn3)sc21,1
protein51,1,Cc1cc(CC(=O)CC(Cc2ccc(C(=O)O)cc2)C(=O)O)ccc1O,0
protein51,1,Cc1nc(C)c(-c2ccc3c(c2)CCC2(CCCNC2=O)C3)s1,0
protein51,1,Cc1nc2cnccc2c(S(=O)(=O)N2CCNCC2)c1C,0
protein51,1,CC(C)C1CCCCC1N(C)C(=O)c1ccn(CCCS(C)(=O)=O)n1,0
protein51,1,CCc1cc(C=Nc2ccccc2C(=O)O)n(-c2ccccc2Cl)n1,0
protein51,1,Cc1sc(Nc2cncnc2NC(C)c2ccc(F)cc2)nc1-c1ccncc1F,0
protein51,1,Cc1coc(=S)n1C(CC(=O)OC(C)(C)C)C(=O)Nc1ccc(OC(F)(F)F)cc1,0
protein52,1,CCC(C)CN1CCCC(c2cccc3ncccc23)C1C,1
protein52,1,N#Cc1ccc(Oc2ccnc(Nc3cc([N+](=O)[O-])c(C(F)(F)F)cc3N)n2)cc1,0
protein52,1,CCCCCCNc1nc(N)c2c(C(OCCO)C(C)C)cn(C)c2n1,0
protein52,1,Cc1ccc(C(C#N)c2ccccc2Nc2ncc3c(-c4nc5cc(F)ccc5[nH]4)c[nH]c3n2)nc1,1
protein52,1,Cc1cccc2c(S)c3c(nc12)CCNCC3,1
protein52,1,CC(c1nnc(-c2ccncc2)[nH]1)S(=O)(=O)c1ccccc1,0
protein52,1,CCS(=O)(=O)Nc1cc(Nc2ncnc3c(CCc4ccccc4)csc23)ccc1C,1
protein52,1,CN(C)C(C)(CCl)C(=O)NCc1cc2c(N=Nc3ccccc3)cccc2s1,1
protein52,1,Cc1c2c(cc3sc(N(C)C)nc13)CC1CCC(=NNC(=O)O)C21,1
protein52,1,CCOC1(C(=O)NCCN2CCCCC2)CCCCC1,0
protein52,1,CCN(CC)c1ncccc1NC(=O)c1ccc([N+](=O)[O-])o1,1
protein52,1,O=C(O)CCC(=O)C(=Cc1ccccc1O)SC(=S)NC1CCCc2ccccc21,0
protein52,1,Cc1ccc(NC(=O)Nc2cccc(C(=O)O)c2)c(O)n1,0
protein52,1,O=C(CN1C(=O)C(=Nc2ccccc2C(F)(F)F)c2ccccc21)NO,0
protein52,1,Cc1nc(N)nc(N)c1NCc1ccc(-c2cc(C#N)no2)cc1C(F)(F)F,0
protein52,1,Cc1cc(-n2nc(C3CC3)cc2C(F)(F)F)ccc1NC(=O)c1cc(-c2ccncc2)nc2ccccc12,0
protein52,1,O=Cc1cccc(-c2nc3n(c2-c2cc4ccccc4o2)CCS3(=O)=O)c1,0
protein52,1,CCn1cc(-c2cc(S(=O)(=O)O)ccc2N2C(=O)CSC2c2cccc(Cl)c2Cl)cn1,0
protein52,1,CCCCC(CCO)NC(N)=NS(=O)(=O)c1ccccc1C(F)(F)F,0
protein52,1,CC1C(=O)N(CCN2CCc3ccccc3C2)C2Cc3ccccc3C1(C)C2=O,0
protein52,1,O=C(Nc1ccc(Cl)cn1)N1CCN(c2ncccn2)CC1,0
protein52,1,NC1=NC(=O)NCc2c1c(-c1cccnc1)nn2-c1ccccc1Cl,0
protein52,1,CCOc1cc(C(=O)NCC(CO)NC(C)CC)ccc1Nc1ncc(F)c(N)n1,0
protein52,1,O=C(O)CCNc1nc2ccccc2c2sc(-c3cccnc3)cc12,1
protein52,1,O=C(CCCN(Cc1ccc([N+](=O)[O-])cc1)c1ncccn1)NCNC(=O)C1CC1c1ccccc1,1
protein52,1,CCn1c2c(c3ccccc31)CCN1CCC(CC1)C2c1cccc(C(=O)N2CCOc3ccccc32)c1,1
protein52,1,Cc1noc(C)c1CN1c2ccc3nc(-c4c(F)cccc4Cl)[nH]c3c2C2CCC(NC(=O)CO)CC21C,1
protein52,1,CC(=O)OC(CC=CCCCC#N)C(=O)NCCC(C)C,0
protein52,1,CC(C)CC1CN(C(=O)c2ccc(C(=N)N)cc2)C(C2(c3ccccn3)CC2)C=CC1NS(=O)(=O)N(C)C,0
protein52,1,CCn1ccc2c(-c3ccccc3C(=O)N3CCN(C)CC3)ccc(C(=O)Nc3c(C)nn(C)c3C)c21,1
protein52,1,CCNC(=O)c1cccc(Nc2nc(-c3ccccc3)nc3cc(Cl)ccc23)c1,0
protein52,1,CCC(Nc1nccc(-n2nc3ccccc3[n+]2[O-])n1)c1ccc(F)cc1F,1
protein52,1,O=C(Nc1ccc(OC(F)(F)F)c(S(=O)(=O)N2CCOCC2)c1)c1cccnc1Cl,0
protein52,1,CC(C)C1CN(c2ccc(Cl)cc2C(=O)N2CC(F)CC2CO)CCN1c1ccc(C#N)cn1,0
protein52,1,CCn1cc(Nc2nc(N)c3cc(OC)c(C(=O)OC(C)C4(C)CCCCC4)cc3n2)cn1,1
protein52,1,Cc1cc(CN2c3c(C)cccc3C(=O)NC3CC2C(O)CN2CCCCC32)ccc1Cl,0
protein52,1,Cc1ccc(-n2ccc(=O)n(N=Cc3c(C)nn(-c4ccccc4)c3Cl)c2=O)c(C)c1,1
protein52,1,CCCS(=O)(=O)N1c2ccc(Cl)cc2OCC1CCC(=O)OCC1CCN(C(C)C)CC1,0
protein52,1,Cc1cc(F)c([N+](=O)[O-])c(F)c1,1
protein52,1,COc1nc(-c2nc(-c3ccc(C(N)=O)c(O)c3OC)cc3cc(C(=O)O)ccc23)nc(N2CCN(C)CC2)c1C#N,1
protein52,1,O=C(NC1CCN(c2cc(=O)[nH]nc2-c2ccccc2)C1=O)C1c2ccccc2-c2ccccc21,0
protein52,1,Nc1nc(Nc2cc3c(s2)CCCC3)ncc1[N+](=O)[O-],1
protein52,1,CCN(CC)Cc1cn(-c2ccc(C(=O)O)cc2)c2cc(F)c(C)cc12,0
protein52,1,CCn1c(=O)c2c(ncn2Cc2ccccc2Cl)n(C)c1=O,0
protein52,1,O=CN(Cc1ccccc1F)Cc1nc2ccccc2n1Cc1ccccc1,1
protein52,1,O=C1NC2CC=CCC2CC1c1csc(-c2cccnc2C(F)(F)F)n1,0
protein52,1,CC1=C(C(=O)O)CCC(C)N1c1nc2c(c(-c3ccc(Cl)c(Cl)c3)n1)COCC2,0
protein52,1,O=C(CCCCCCNCC(Cl)c1ccccc1F)NO,0
protein52,1,CCc1ccc(NC(C)(C)C(=O)Oc2ccc(N)c(O)c2)cc1,0
protein52,1,O=C(C1CCN2CCCC(O)C12)N1CCCC1c1nccc(-c2ccc(Cl)cc2)n1,0
protein52,1,CCCN1CCN(c2nc(C)nc3ccc(S(C)(=O)=O)cc23)CC1,1
protein52,1,CCN1CCn2c(c(C(=O)NCc3cccnc3N3CCCC3CO)c3ccccc32)C1,1
protein52,1,CCOS(=O)(=O)c1ccc(-c2cc(N)nc(-c3cc(F)cc(N4CCN(C)CC4)c3)c2)cc1,1
protein52,1,FC(F)(F)c1cccc(CC(Cn2ccnc2)c2nc3ccccc3[nH]2)c1,0
protein52,1,O=CC1CCC(=O)N1S(=O)(=O)c1cccc(Cl)c1,0
protein52,1,CCN(CC)C(=N)S(N)(=O)=O,0
protein52,1,O=C(c1ccccc1)n1nc2c(O)nc3ccccc3c2c1N1CCCCC1,1
protein52,1,Cc1cccc(NC(=O)C2CCCCC=C2NC(=S)N2CCCc3ccccc32)c1,0
protein52,1,O=C1C(P(=O)(O)O)C=[SH]N1c1ccc(C(F)(F)F)c(C(F)(F)F)c1,0
protein52,1,CC1(C)CCCn2ccc3c(C#N)cc4nc(nc(N)c4c32)NCC1,1
protein52,1,CCC1C2c3[nH]c4ccc(C#N)cc4c3CCN2C(=O)c2cc(-c3cc4cc(C)ccc4[nH]3)nn21,0
protein52,1,Cc1nc(C(C)(C)C)sc1-c1cc(N)c2c(n1)CCCC2,0
protein52,1,CC(C)(C)c1ccc(NC(=O)c2c(N)nn3c(-c4ccc5c(c4)COCC5)cccc23)c(C#N)c1,1
protein52,1,CCN(CC)CCn1c(C#Cc2ccccn2)nc2ccccc21,1
protein52,1,Oc1nnc(-c2c(N3CCNCC3)cc(C(F)(F)F)c(F)c2F)s1,0
protein52,1,Cc1nn(C(C)(C)C)c2[nH]c3ccc(F)cc3nc(CCCC(C)C)oc(=O)c12,0
protein52,1,CCCCC(C)NS(=O)(=O)c1ccc2c(c1)OCC(c1cccs1)O2,0
protein52,1,CCN1C(=O)CN(S(=O)(=O)c2ccc(-c3ccc(C(=N)S)cc3)cc2)c2c1ncc(Cl)c2Cl,0
protein52,1,CC1CCCC(C)N1Cc1ccc(C(F)(F)F)cc1C(=O)Nc1nn(-c2ccccc2)c(=Nc2ccccc2)s1,0
protein52,1,Cc1onc(-c2c(F)ccc(Cl)c2Cl)c1C(=O)N(C)C1CCS(=O)(=O)C1,0
protein52,1,CCS(=O)(=O)N1Cc2sc(-c3cc(C#N)ccn3)nc2-c2cccc(OC)c21,1
protein52,1,CC1=C(C(Cl)(Cl)Cl)CC(NC(=O)c2ccccn2)CC1,0
protein52,1,CCn1cnnc1N1CCN(Cc2c(C)ccc3cc(OC)ccc23)CC1,1
protein52,1,Cc1cc(C(=O)Nc2cc(-n3cnc4cccnc43)ccc2Cl)c2ccccc2n1,0
protein52,1,CC(Nc1cc(-c2ccccc2Cl)oc(=O)c1N)c1cccs1,1
protein52,1,CC(C)CCC1CC2C(C#N)c3ccc(-c4ccc(OCCCC(=N)N)cc4)cc3CN2C1,0
protein52,1,CCn1c2c(c3cc4c(cc31)C(=O)NC4=O)CCCC2,1
protein52,1,Cc1cc(CN2CCCCCC2)cn1C,0
protein52,1,O=C(C1CCCCC1)N1CCN(Cc2cc(F)ccc2F)CC1,0
protein52,1,CC(C)Cn1c2ccccc2c2c(Nc3ncccn3)c(Cl)c(C#N)cc21,1
protein52,1,Cc1cc(-c2nnc(NC(=O)C3CC(=O)N(C4CCCCC4)C3)s2)cc(C)c1O,0
protein52,1,Cc1ccc(-c2c(-c3ccc(Cl)cc3)nc3c(N(C)C)cccn23)c(NC(=O)c2cccc3ncccc23)c1,1
protein52,1,Fc1cccc2c1Cc1c(nn3c(-c4cc[n+](CCCN5CCOCC5)cc4)ccnc13)C2,0
protein52,1,CCN(CC)C(=O)c1[nH]c2ccc(OC)cc2c1CCN1CCN(C)CC1,0
protein52,1,Cc1ccc(C)c(C(=O)N2CCN(c3ncccc3CNc3ncncc3C(F)(F)F)CC2)n1,1
protein52,1,CC(C)CCNS(=O)(=O)c1sc(Cl)c(CC(=O)N(Cc2ccccc2)c2ccccc2)c1Cl,0
protein52,1,CC(C)C1CN(C)CCN1Cc1nc2c(o1)C(=O)c1ccccc1C2=O,1
protein52,1,Cc1nc(N)cc(-c2cc3ccc(O)cc3cc2O)n1,1
protein52,1,Fc1ccc(-c2nccnc2NC2CCNC2)cc1F,0
protein52,1,CC(=O)c1c(OCC2CCCCC2=O)ccc(NC(C)c2ccc(F)cc2)c1C,0
protein52,1,O=C(NC(=O)c1cccnc1Sc1cccnc1N1CCCCCC1)c1ccc([N+](=O)[O-])cc1,1
protein52,1,Cc1cc(-c2ccc3[nH]c(C=NN(C)c4ccc([N+](=O)[O-])cc4[N+](=O)[O-])cc3c2)ccc1N,1
protein52,1,Cc1ccncc1-c1ccc(C#N)c(Nc2c3c(nc4ncccc24)CC(C)(C)NC3=N)n1,1
protein52,1,CC(=CC(=O)Nc1cc(C(F)(F)F)ccc1NCCO)c1ccco1,0
protein52,1,Cc1cccnc1NC(=O)c1cc2c(c(Cl)c1F)C(C)(C)Nc1[nH]nc(-c3ccccc3C#N)c1-2,1
protein52,1,CC(=O)N(CC(=O)N1CCCCC1)c1cc(F)ccc1-c1ccc2ccncc2c1,1
protein52,1,CCc1c(-c2ccccn2)cnn1CCOC(C)Cn1c(C)c(-c2cccs2)c2c(C)ncnc21,1
protein52,1,Cc1ccc(C(=O)NCCC2CCN(c3nc4ccccc4s3)CC2)o1,0
protein52,1,CCN1C(=O)C(c2ccccc2)=C(c2ccc(Nc3c(C#N)cnc4c3cnn4C(C)C)c(S(N)(=O)=O)c2)C1=O,0
protein52,1,Cc1cccc(C2CCN(C)CC2OCCCCN2CCn3ccnc3C2)c1C,0
protein53,1,CCN(CC)CCn1nc(C)c(CO)c1Cl,0
protein53,1,NC(=O)c1ccc(I)c(-n2c(CCc3ccccc3C(=O)NC3CC3)nc3ccccc32)c1,0
protein53,1,NC1CNCCC1c1ccccc1Nc1ccnc2ccccc12,1
protein53,1,CC(C)(C)OC(=O)N1CCCC(NC(=O)C(N)CCC(C(O)c2ccc(Cl)cc2)N2CCCCC2)C1,0
protein53,1,Cc1cc(NS(=O)(=O)c2cccc3cccnc23)ccc1N1CCOC(C)C1,0
protein53,1,CCOCCS(=O)c1nc(O)c2c(-c3ccc(OC)cc3)[nH]c(=O)n2n1,1
protein53,1,CCCCCC1(C)OC1C,0
protein53,1,O=C(NN=Cc1ccc(OC(F)(F)F)c(F)c1)c1cccnc1,0
protein53,1,CC1(C)CC(=O)c2nc(-n3ccnc3)nc(-c3cccc(Cl)c3F)c2C1=O,1
protein53,1,CCCn1nccc1-c1nc(C(=O)NCc2ccccc2)c2ccc(N(C)C)cn12,1
protein53,1,CCNC(=O)C1(CCC2c3[nH]c4ccc(CO)cc4c3CCN2C(=O)C(C)C)CCCC(C)(C)C1,0
protein53,1,O=C(C=Cc1ccccn1)Nc1cc(Cl)ccc1N1CCNCC1,0
protein53,1,CC(=O)NC(Nc1ccnc2ccccc12)C(=O)N(CC1(C)CC(C)C1)c1ccccc1F,0
protein53,1,CCN1N=C(c2ccc3[nH]c(-c4ccncc4)nc3c2)CCC1=O,0
protein53,1,CCc1c(O)cc(O)c2c(=O)c(Cl)coc12,0
protein53,1,Nc1sccc1C(=O)Nc1nccs1,1
protein53,1,O=CN(O)C1CCCN(Cc2ccc3sc(CS(=O)(=O)c4ccc(F)cc4)nc3c2)C1,0
protein53,1,Cc1ccccc1Nc1nc2c(C)nn(-c3ccccc3)c2cc1C#N,1
protein53,1,Cc1nc2sccc2cc1CS(=O)(=O)Cc1ccc(F)cc1,1
protein53,1,CCOc1cc(N)c(Cl)cc1-c1cccc(C(=O)Nc2nc3ccc(C(F)(F)F)cc3o2)c1,1
protein53,1,Cc1cc(CC(=O)Nc2ccccc2N2C(=O)CCCC2=O)cs1,0
protein53,1,Cc1cccc(CN2CCN(CC(C(=O)NS(=O)(=O)c3ccccc3F)C(C)C)CC2)n1,0
protein53,1,CCc1c(C(F)(F)F)nc2c(C(N)=O)n(-c3ccccn3)cc2c1O,1
protein53,1,Fc1ccc(CCSc2cccc3cccnc23)cc1,1
protein53,1,CCCS(=O)(=O)Nc1c(C(C)(C)C)c(C(C)C)c(=O)n2c(Nc3ccc(Cl)cc3)cc(N)nc12,0
protein53,1,Cc1ccc2c(c1)c(C1=NCCN1)cn2C,0
protein53,1,CCCCC(CC)C(=O)N1CCN(Cc2ccc([N+](=O)[O-])cc2)CC1C,0
protein53,1,Cc1cccc(C)c1NC(=O)C(C)N1CCn2c(c(C)c3c(C)n(-c4ccccc4)nc3c2=O)CC1C,1
protein53,1,CCCCCN1C(=O)CC(c2ccc(OC)cc2O)CC1(C)C,0
protein53,1,CCNc1ncc2c(C(=O)c3ccccc3F)c(-c3ccccc3)nn2c1NCC(C)C,0
protein53,1,Cc1ccc2c([nH]c(=O)n2Cc2ccc(C(C)(C)C#CCN)cc2)c1C,0
protein53,1,CCN(CC)CCn1c2c(c3ccccc31)CC(=O)NC2C#N,1
protein53,1,CC(C)(C)C(NC(=O)c1ccc(CNc2cccc3ccn(Cc4ccccc4)c23)cc1)C(=O)O,0
protein53,1,CCC1CC2Cc3ccc(C)c(N)c3C(O)(C1)C2,1
protein53,1,CC(C)c1nccn1C1CCCN(c2nccc(C(F)(F)F)n2)C1,0
protein53,1,Cc1ncc(CN(CC2CCOCC2)CC2CCOC2)c(N(C)C)n1,1
protein53,1,CCC(C)c1c2cc(cc1OC(C)(C)C)C(C(=O)NO)C2,0
protein53,1,COC(C(C)C)N1CCN(C(=O)c2cc(-c3ccc(C(=O)Nc4cccc(F)c4)cc3Cl)c(C)nc2O)CC1,1
protein53,1,CC1(C)CNC(=O)C=C1Nc1ccc([N+](=O)[O-])cc1[N+](=O)[O-],1
protein53,1,CC(C)N(CCNC(=O)c1cn(C2CC2)c2cc(N3CCNCC3)c(F)cc2c1=O)S(C)(=O)=O,1
protein53,1,Cc1nccn1-c1ncc(C(=O)Nc2c(Cl)cccc2Cl)cc1Cl,0
protein53,1,CCC1CNC(Nc2nc(C(C)(C)C)sc2C)=N1,0
protein53,1,CC(C)CCN1Cc2ccc(NC(=O)C3CCOc4ccccc4C3)cc2C1=O,0
protein53,1,CC(C)(C(=O)Nc1cncc(-c2nc3n(c(=O)c2C#N)CCN3c2cccc(F)c2)c1)C(F)(F)F,1
protein53,1,Cc1ccc(-c2nnc(Nc3ccc4c(c3)CC(C#N)C(=O)N4)c3ccccc23)cc1C,1
protein53,1,Nc1cc(SC(F)(F)F)ccc1N1C(=O)CCC1=O,1
protein53,1,Cc1ccc(Cl)cc1S(=O)(=O)CCC(=O)Nc1ccccc1C(=O)N1CCCCC1,0
protein53,1,CCN(C(=O)C1CC(NC(=O)c2sccc2C)C(=O)N1)C(C)C,0
protein53,1,CCCC1CC2NCCN2c2scnc21,0
protein53,1,O=C(c1cc(F)c(F)c(F)c1)c1ncc(-c2cc3c(N4CCNCC4)nccc3o2)cc1Cl,0
protein53,1,O=C(NO)C1CCN(Cc2cccc(Cl)c2Cl)S(=O)(=O)c2ccc3c(c2)CCN1C3=O,0
protein53,1,CCn1nc(NC(N)=NCCC(N)C2(c3ccccc3)CC2)cc1-c1nc2cc(C)cc(C)c2n1C,1
protein53,1,CCCn1c2c(c3ccccc31)S(=O)(=O)CC2NC(=O)C1CCN(c2nnc(-c3ccccc3F)s2)CC1,0
protein53,1,CCCCn1c(C)c(-c2ccc3ccc4c(c3c2)NC(=O)CO4)oc1=S,0
protein53,1,O=C(NCc1ccncc1)C1CCCN1CC(S)c1cccc2c(NCc3cccnc3)cccc12,0
protein53,1,O=CN1CCN(c2nccc(Nc3ccc(Cl)cc3)n2)CC1,0
protein53,1,Cc1cnccc1-c1ccc(Cl)c(C2(N3C(=O)N(c4ccc(=O)n(C)n4)CC3C)CCCC2)c1,0
protein53,1,O=C(Nc1nc2ccccc2s1)C1CCCN1C(=O)C(O)(c1ccccc1)c1ccccc1,0
protein53,1,NC(=S)n1nc(-c2ccc(O)cc2)oc1=S,0
protein53,1,Cc1cc(C#N)c(Cl)nc1Nc1cccc2c1Cc1cc(N)ncc1-2,1
protein53,1,NC1CC(F)CCN(C(=O)OCc2cccc(-c3ccnnc3-c3cc4cc(F)ccc4[nH]3)c2)C1=O,0
protein53,1,Cc1cc(C#N)cc(-c2cn(C(C(C)C3CCC(C(N)=O)N3C(=O)CCC#N)C(C)(F)F)nn2)c1,1
protein53,1,CC(C)c1ccc2c(N3CCCNCC3)cc(Nc3cccnc3)nc2c1,0
protein53,1,Cc1cncc(COc2cncc(CCCN3CCC(OC(C)(C)C)CC3)c2)n1,0
protein53,1,CCN1C(=O)N(CC)S(=O)(=O)c2cc(C(C)c3ccc(-n4ccnc4)cc3)ccc21,0
protein53,1,Oc1ccc2cccnc2c1OC1CCNCC1,0
protein53,1,Cc1ccccc1Oc1nsc(-c2ccnc(NCC(F)(F)F)[n+]2[O-])c1C#N,1
protein53,1,Cc1nc(Nc2nc3cccc(C)c3n2C)c(C(=O)Nc2ccccc2N2CCN(C)CC2)[nH]1,1
protein53,1,CCON=C1C(=O)N(c2cccc(C)c2C)CC1CN(C(=O)c1ccc(F)cc1)c1ccccc1,1
protein53,1,CCN(CC)S(=O)(=O)c1ccc(OC)c([N+](=O)[O-])c1,1
protein53,1,CCCCN1CCCC(c2nc3ncnc(Nc4cccc(C)c4F)c3s2)C1,0
protein53,1,CC(=CCNC(=O)c1ccc(-n2nc(C)c3ccc(C(F)(F)F)cc32)cc1)CN,1
protein53,1,CC(C)C(=O)Nc1nc(Oc2cccc(S(=O)(=O)NCC(F)(F)F)c2Cl)cc(-c2cc(C(=O)O)ccn2)n1,0
protein53,1,CC(C)(OC(=O)c1cccc(C(=O)N2CCOCC2)c1)c1ccccn1,0
protein53,1,Cc1cccnc1C[S+]([O-])c1nc2c(N3CCCC3c3c(C)c(C)cn3C)ncnc2s1,0
protein53,1,O=C(Nc1ccccc1N1CCOCC1)c1cccnc1O,0
protein53,1,CC(C)CC(Cn1c(=S)[nH]c2ccc(-c3cccc(N)c3)cc21)(C(F)(F)F)C(F)(F)Cl,0
protein53,1,NCCC#Cc1cc2c(c(C3CC3)c1)OC1CCN(CCc3ccccc3)CC1C2=O,0
protein53,1,CCn1cc(SC(=Cc2ccc(F)cc2)C(=O)NC2CCCC2)c2ccccc21,1
protein53,1,CCCS(=O)(=O)Nc1ccc2c(c1)CCN2C(=O)CC1c2ccccc2CCN1C(C)=O,1
protein53,1,CCS(=O)(=O)c1nc(N)nc(C)c1N1CCCC(CNC(=O)c2ccccc2Cl)CC1,0
protein53,1,CC(C)Cc1ccc(C(=O)C(O)(c2ccccn2)c2ccccn2)cc1,0
protein53,1,CCn1nc(S(=O)(=O)Nc2nc(-c3ccncc3)cs2)c2ccccc21,1
protein53,1,CCOC1CCCC(NC(=O)c2cnc3c(C(F)F)cccn23)C1,0
protein53,1,CC(=O)N(c1ccc([N+](=O)[O-])c(C(F)(F)F)c1)c1nnc(-c2ccc([N+](=O)[O-])cc2)s1,1
protein53,1,O=c1[nH]cccc1C(F)(F)F,0
protein53,1,CC(C)CC(N)C(=O)Nc1c(F)cc2c(=O)c(C(=O)O)cn(C3CC3)c2c1Cl,0
protein53,1,CCc1nc(-n2nc(C)c3c2CN(C(=O)c2cc(C)on2)CC3)[nH]c(=O)c1CC,0
protein53,1,O=C(C1CCCCC1Nc1ccncn1)N1CCCCC1Cc1ccccc1,0
protein53,1,CC(C)C1CCC2(N3CCCCC3)CN3CCC(NC2C1)c1cc(O)ccc1C3=O,0
protein53,1,CCc1cc(NC(=O)c2cccc(C(C)Nc3ncc4c(n3)N3C(=O)OCC3C(C)CC4)c2)ccc1N1CCNCC1,0
protein53,1,CCC(=O)N1c2cc(Nc3cncc(C(F)(F)F)n3)ccc2CCC1C,0
protein53,1,CCCCC1(NC2CCCc3c2cccc3-n2cccc2)CC1CNC,0
protein53,1,CC1CN(c2ccc(Oc3ccc(S(=O)(=O)N4CCOCC4)cc3C(F)(F)F)cc2)C(=O)C2CC12,0
protein53,1,Cc1ccc(N2CCn3nc4nc(Nc5ccc(N(C)C)cc5)nc(CC(C)C)c4c3C2=O)cc1,1
protein53,1,CCCCC(NCC(=O)NO)c1cc(Cl)c(Cl)cc1Nc1ncnc2cccc(C(F)(F)F)c12,0
protein53,1,Cc1cc(Cl)ccc1NC(=O)C(C)N1CCN(C(=N)c2ccccc2)CC1,0
protein53,1,CCCc1cc(N=Cc2c(OC)cccc2OC)nc(C(C)C)n1,1
protein53,1,Cc1ccc2c(n1)CN1CCCCN(C)CCC1C2c1ccc(P(=O)(O)O)cc1,0
protein53,1,CS(=O)(=O)c1cc(-c2ccc3nc(O)c(N)cc3c2)c2c(C(F)(F)F)cccc2n1,1
protein54,1,CCN1CCN(c2nc(=O)c3ccc(Cl)nc3c3ccccc23)CC1,1
protein54,1,CC(C)CCN1CCC(Oc2nc(O)c3c(N4C(=O)c5ccccc5C4=O)cccc3n2)CC1,0
protein54,1,CC1CC2(COC(=O)N2c2nc(NC3CCC(C)(c4cc(F)ccc4-n4ccnc4)CC3)ncc2F)C(C)N1CC1CC1,0
protein54,1,N#CCc1c2c(cc3c(C(N)=O)cnn13)-c1ccc(-c3ccc(NC(=O)OCC(F)(F)F)cc3)nc1CN2,0
protein54,1,NC1=NC(c2ccccc2OCCCC2CCN(c3cccc(C(F)(F)F)n3)CC2)(C2CCCCC2)CO1,0
protein54,1,Cc1cc(C)n(C(=O)c2nc(Cc3cccc(Oc4cccnc4)c3)c(C)cc2Cl)n1,0
protein54,1,CCCCCCNCc1nc2nc(-c3ccc(OC)cc3OC)sc2c(=O)[nH]1,0
protein54,1,CCc1ccc2ccc(N(C)c3ccc(S(=O)(=O)N(CC)CC)cc3NC(=O)C3CC(C(F)(F)F)CN3)cn2c1=O,0
protein54,1,CC(C)CC(=O)Nc1ccc(-c2nc3ccccc3s2)cc1,0
protein54,1,Cc1cccc(Nc2ncc(F)c3nc(-c4cnc(N)nc4)ccc23)n1,1
protein54,1,CC(C)N1CCn2nc(-c3ccc4cn[nH]c4c3)c(CN3CCCC3=O)c2C1,1
protein54,1,O=C1C=C(c2ccccc2)CC(c2ccccc2Cl)N1,0
protein54,1,CCCCCC(=O)NC1CC(CCCOC(=O)Nc2c(C)n(-c3cc4ccc(OC)cc4cc3C(=O)N(C)C)c3cnccc23)C1CO,0
protein54,1,CC1(C)CCC2=C(c3ccccc3OC2)c2ccccc21,0
protein54,1,O=C1NCc2cc(Cl)ccc2N=C1c1cn(CC2CCCO2)c2ccccc12,0
protein54,1,CCCCC(C)=CCC(O)C1Cc2ccccc2CN1C(=O)C(N1C(=O)c2ccccc2C1=O)C(C)(C)O,0
protein54,1,O=C(O)C(Cc1ccccc1)CN(c1nnc(Cl)cc1Cl)C1CCNCC1,0
protein54,1,NC(=O)c1cccc2[nH]c(-c3ccc(-c4cc(N)nc(O)n4)cc3)nc12,1
protein54,1,CCC1CCCCN1C(=O)c1cccc(NC2=NCCN2C2CCCCC2)c1,0
protein54,1,CCC1Cc2c(C)cc(OCCCN3CCN(C)CC3)c(Oc3ccc(C)c(Cl)c3C)c2N1C(=O)c1ccc(Cl)cc1,0
protein54,1,CCC(CS)C(=O)N1CCCCC1c1nc(O)c(C#CC2(N3CCCCC3=O)CCCC2)cc1F,0
protein54,1,CC(C)CCNc1nc(NCCNCCO)c2ccc(Oc3ccccc3)cc2n1,1
protein54,1,Cc1nc(NCC(C)C)nc(-c2c(Cl)cccc2Cl)c1CN(C)CCS(C)(=O)=O,0
protein54,1,Cc1nn(Cc2nc3cc(OCC4CCN(C)CC4)ccc3[nH]2)c(=O)c2ccccc12,1
protein54,1,CC(=O)Oc1ccc(C(C)C2[S+]([O-])CC(OC(C)=O)C2(C)N2CCOCC2)cc1OC(F)(F)F,0
protein54,1,CC1=C(c2ccc([N+](=O)[O-])c(C)c2)C(=O)NC1=O,1
protein54,1,CCN1C(=O)CC(C)(CC(=O)N(C(C)=O)c2cccc(OC(F)(F)F)c2)CC1=O,0
protein54,1,CCCCOc1ccc(-c2nn3c(N)c4c(nc3c2C#N)N(C)CC4)cc1,1
protein54,1,Cc1cn(C)c2c1N1N=C(c3ccc(S(=O)(=O)N4CCOCC4)cc3)CC1c1ccccc1-2,1
protein54,1,CC(CO)C1COC(=O)N1c1ccnc(N2CCCC2c2c(Cl)cc(Cl)cc2Cl)n1,1
protein54,1,O=C(OC12CCCn3cnc(c3)CN(CC1)CC2)c1c(F)cccc1F,0
protein54,1,Cc1cc2c(CN3CCOCC3)cc(-c3ccccc3C(=O)n3ccc(C(=O)O)c3)cc2n1C,0
protein54,1,Cc1nc(CN2CCOC3(CCCC(C(=O)Nc4nnc(C(F)(F)F)s4)C3)C2)c(C)s1,0
protein54,1,CC(=O)N(c1nc2cc(C(F)(F)F)c([N+](=O)[O-])cc2[nH]1)c1cccc(Cl)c1C,1
protein54,1,CC(C)c1cccc(C(C)(C)C)c1OCCN(Cc1ccccc1Cl)C1CCS(=O)(=O)C1,0
protein54,1,Cc1nc(-c2cc(Cl)ccc2F)sc1C(=O)NC1CCCC2c3cc4c(cc3C(=O)NC12)OCCO4,0
protein54,1,CCC(CC)c1cc(CC(=O)O)ccc1NC(=O)OC(C)(C)C,0
protein54,1,CC1CC1c1ccccc1-c1cccc2c1nc(NCCO)n2CC1CCCO1,1
protein54,1,CC(C)CN1CCOc2ccc(C(=O)Nc3nnc(-c4cccc([N+](=O)[O-])c4)o3)cc21,1
protein54,1,CCNC(=O)C(NC(=O)CC(C)(C)C)C1CCN(Cc2c[nH]nc2-c2cccs2)CC1,0
protein54,1,Cc1c(-c2cnn(C)c2)nc2c(Nc3cc(C#N)c(F)cc3F)cccn12,1
protein54,1,CCN(CC)CCNC(=O)c1ccc(-n2nc(C(F)(F)F)cc2C(F)(F)F)cc1,0
protein54,1,Cc1ccc2c(ccn2C(=O)c2ccccc2N(C)S(=O)(=O)c2ccccc2)c1,0
protein54,1,Cc1ccc2nc(NN=Cc3ncc(C(=O)Nc4cccc(Cl)c4)c4ccccc34)sc2c1,1
protein54,1,CC(C)CCn1c(SCC(=O)Nc2cccc(S(=O)(=O)N3CCOCC3)c2)nc2ccccc21,0
protein54,1,CCn1cc(NC(=O)c2nc(-c3ccccc3)n(C)n2)cn1,0
protein54,1,CC#Cc1cn(Cc2c(C)noc2C)cn1,1
protein54,1,CC(=NNC(=O)C1C(c2cc3c(-c4ccccc4)cc(C#N)cc3n2C)C(=O)N(C)C1(C)C)c1cccs1,0
protein54,1,CC(C)C1CC=CCC1S(=O)(=O)NC1CCCC1,0
protein54,1,CCN(CC)N=Cc1cn(Cc2cc3ccccc3n2-c2ccccc2)c2cc(Cl)c(Cl)cc12,1
protein54,1,CCN(CC)C(=O)c1ccc(-c2cccc3cc(Nc4ccc(C#N)cc4)nnc23)cn1,1
protein54,1,CC(C)(C)Cc1ccc(-n2cc(C(=O)Nc3ccccc3F)c3ccccc3c2=O)cc1,0
protein54,1,Cc1ccc(C(c2cnc(Cl)c(C)n2)c2ccccc2N)cc1,1
protein54,1,COc1ccn(-c2ccc(C(=O)n3nc(C)cc3C)cc2)c(=O)n1,0
protein54,1,NC(=O)COC(=O)C1NCCCC12CCCCC2,0
protein54,1,Cc1ccc(N2CCC(CN3CCN(c4ncccn4)CC3)CC2)nn1,0
protein54,1,CCC1(O)C(=O)OCc2c1cc1n(c2=O)Cc2c-1nc1cccc(C(=O)O)c1c2-c1ccc(C)cc1,0
protein54,1,CCn1cc(C(=O)Nc2cc(C)cc(C)n2)c2cccc(OCc3ccc(Cl)cc3)c21,0
protein54,1,NC1CCN(C(=O)C(CCCN2CCN(c3nc(-c4ccccc4)cc(C(F)(F)F)n3)CC2)c2ccccc2)C1,0
protein54,1,Cc1cc(C2CC2)n(-c2nc(OCc3ccccc3)nc(C)c2[N+](=O)[O-])n1,1
protein54,1,Nc1ncc2cc(Cl)cnc2c1N=Nc1cc(Cl)ccc1N1CCOCC1,1
protein54,1,CC1(O)CC2CCC1NC(=O)C(N(C(=O)C1CCCO1)c1ccccc1)c1cc[nH]c1C1CCCN1CC2,0
protein54,1,O=c1c2cc(OCc3ccccc3C(F)(F)F)c(Cl)cc2ncn1CCO,0
protein54,1,CC(CN=C(N)c1ccc(-c2cnc(-c3cccnc3N)cn2)cc1)C(=O)O,1
protein54,1,O=c1c(O)cn(CCc2ccccc2)c2ccc([N+](=O)[O-])cc12,1
protein54,1,CCCCc1cc(CN2CCCCC2c2nccn2C(C)C)n[nH]1,0
protein54,1,CCCCS(=O)(=O)Nc1ccc(-c2ccc(-c3oncc3C(=O)O)nn2)c(C)c1,0
protein54,1,Cc1nc2c3c(noc3n1)C(=O)c1c(O)ccc(Oc3cc(F)c(S(=O)(=O)Nc4nccs4)cc3F)c1-2,1
protein54,1,Cc1cncc(N2CCCN(C(=O)c3ccc(F)cc3)CC2)c1,0
protein54,1,CC1CCc2oc3c(cnn3-c3ccccc3)c(=O)c2C1(C)C,0
protein54,1,Cc1cc2nc(N)sc2c(CN2CCCC(N3CCOCC3)C2)n1,1
protein54,1,CC(C)(C)C1Cc2c(ccc3nc(O)c(O)nc23)N(Cc2ccccc2)C1,1
protein54,1,CC(=NO)N1CCN(C(=O)Nc2cc(-c3ccccc3)cc(-c3ccccc3C)n2)CC1,1
protein54,1,CN(C)C(=O)c1c[nH]c2ncnc(Nc3ccc4c(c3)CCC(C)(C)N4N=O)c12,1
protein54,1,Cc1c[n+]([O-])c(-c2c(CS(=O)(=O)O)ccc(Cc3cccs3)c2C)cc1-c1ccco1,1
protein54,1,Cc1cc(Nc2cnccc2Cl)nc(-c2cncnc2)n1,0
protein54,1,CCN(C)Cc1cc(C=CC(=O)Nc2nc(-c3cccc(OC)c3F)cs2)cc(C)c1O,1
protein54,1,Cc1ccc(S(=O)(=O)Oc2cccc3cccnc23)cc1,0
protein54,1,CC1Cn2c(C(=O)Nc3cc(Cl)ccc3Cl)cc(S(=O)(=O)N3CCCCC3)c2CO1,0
protein54,1,Nc1nccnc1C(=O)Nc1ccc(N2CC(C(=O)NCc3cn(Cc4ccccc4)c4ccccc34)CC2=O)cc1,0
protein54,1,Cc1cc(C(=O)O)c2cc(Nc3nc(C(=O)N4CCCC4)c(C)s3)c(O)cc2n1,0
protein54,1,CCCSc1nc(N)cc(-c2ccc(OC)c(C(N)=O)c2)c1C#N,0
protein54,1,O=C1NCCCc2cc(N3CCCC3C(F)(F)F)c(Oc3ccccc3F)cc21,0
protein54,1,CCN(CC)CCn1cc(CCN2CCCCCCC2=O)c2ccccc21,1
protein54,1,CCCC(C)CCN(C)Cc1ccc(-c2ccc3c(c2O)OCCO3)o1,0
protein54,1,Cc1noc(C)c1-c1nc(C2CCN(C(=O)c3ccccc3)CC2)no1,0
protein54,1,CCC(=O)N(c1cc(C)c2ccc(Cl)cc2n1)C1CCCCC1O,0
protein54,1,CCn1c(NC2CCCCC2)nc2ccccc2c1=O,1
protein54,1,CC(C)(C)NC(=O)C1c2[nH]ncc2C(=O)CC1(C)C,0
protein54,1,O=C(Nc1cc([N+](=O)[O-])ccc1N1CCOCC1)c1ccccn1,1
protein54,1,CC(=O)Oc1c(C)cc(C(=O)Nc2ccc(C)c(S(=O)(=O)N(C)CC(=O)N3CCCCC3)c2)c2ccccc12,0
protein54,1,CCCCC(C)C(=O)N1CCN(c2nc(N)nc3c(-c4ccnc5ccc([N+](=O)[O-])cc45)coc23)CC1,1
protein54,1,CC1CCC(N(C)C(=O)CNS(=O)(=O)c2ccc(C(F)(F)F)o2)CC1,0
protein54,1,CCC1C=C(CO)c2ccc(O)cc2C1CC(=O)Nc1ccc(-c2ccc(S(=O)(=O)F)cc2)cc1,0
protein54,1,CC(C)CN1CCCCC1COc1ccccc1-c1ccccc1C(=O)N(Cc1cccnc1)C(C)(C)C(=O)NS(=O)(=O)C(F)(F)F,0
protein54,1,CC(=O)Nc1cccc(S(=O)(=O)N2CCC(=O)Nc3ccccc32)c1,0
protein54,1,CCCCOc1cc(OC)cc2c1CCN(C(=O)CN1CCOCC1)CC2c1ccccc1Cl,0
protein54,1,CCn1c(=N)c2cc(C(=O)Nc3ccc(F)cc3F)cn2c2cc(OC)ccc21,1
protein54,1,Cc1cccc2c1N(C(=O)C1CCN(CC(=O)Nc3ccc(Cl)cc3)CC1)C(=O)C2(C)C,0
protein54,1,ClCc1cccc2c(Nc3ccc(Cl)c(Cl)c3)ncnc12,0
protein55,1,Cc1c([N+](=O)[O-])c(Nc2cccc(C#N)c2)nn1-c1ccccc1,1
protein55,1,CCCS(=O)(=O)N1CCCC(c2ncc(C(F)(F)F)cc2N2C(=O)c3ccccc3C2=O)C1,0
protein55,1,Cc1ccc(NC(=O)CC#N)cc1S(=O)(=O)N=[N+]=[N-],1
protein55,1,O=c1[nH]c(-c2cccnc2)nc2cc(Cl)ccc12,1
protein55,1,O=C(Nc1cc(C(F)(F)F)cc(C(F)(F)F)c1)Nc1ccc2c(c1)c(-c1cncc(F)c1)cn2CCCO,0
protein55,1,NCCCSc1cccc([N+](=O)[O-])c1C(=O)O,1
protein55,1,O=C(Nc1cccnc1)C1CCN(C2CCc3ccc(Cl)c(Cl)c32)CC1,1
protein55,1,Cc1ccc2nc3n(c2c1)C1C(=O)N(Cc2cccc(F)c2)CCC1C3,0
protein55,1,CC1CC=CCN1c1cc(C(=O)NS(=O)(=O)c2ccc(F)cc2Cl)ncn1,0
protein55,1,NC(=Cc1ccncc1)C(=O)O,0
protein55,1,CC(C)CCCC=Nn1c(N)nnc1-c1cccc([N+](=O)[O-])c1,1
protein55,1,CC(=Cc1cc(F)ccc1F)S(=O)(=O)N1CCCC1,0
protein55,1,O=C1CSc2cc(Cl)ccc2N1Cc1cccs1,0
protein55,1,CCCC1Nc2cc(-c3cnc(N)c(-c4ccc(S(C)(=O)=O)cc4OC)n3)ccc2NC1=O,1
protein55,1,CCCCC(C)Nc1nc(O)nc2c(C#N)cc(-c3cc(OC)cc(-n4nccc4C)c3)cc12,0
protein55,1,CCC1CCCC[N+]1([O-])c1ccc(Cl)cc1Cl,0
protein55,1,Cc1cccc(N2C(=O)c3[nH]c4ccccc4c3NC2c2ccc(O)cc2)c1,0
protein55,1,CC1(C)C=C2C(=O)N(c3ccccc32)c2ccccc21,0
protein55,1,CC(C)Nc1scnc1-c1nnc(N2CC3CCC(C3)C2)n(Cc2ccccc2)c1=O,0
protein55,1,Cc1ccccc1Nc1nc2cc(N3CCCC3)c(Cl)cc2c2c1CN1CCN=C21,1
protein55,1,FC(F)(F)c1ccc2c(c1)CCC(Nc1nc3ccccc3[nH]1)C2,0
protein55,1,O=C(Nc1cc(C(F)(F)F)ccc1N1CCCCC1)c1sc(-c2ccccn2)nc1C(F)(F)F,1
protein55,1,CC(C)(C(=O)NN=Cc1c(O)cnc2ccccc12)c1ccccc1,1
protein55,1,CC1=C(c2ccccc2)CCC2COc3cc(C(=O)O)c(cc3O2)NS1(=O)=O,1
protein55,1,Cc1cnc(N)c(-c2c(F)cc(C3=NOC4(CCNCC4)C3)cc2F)c1,1
protein55,1,CN1CC(C)(C)CC2=C1Cc1cccc([N+](=O)[O-])c1C2=O,1
protein55,1,Cc1cccc(N2C(=O)CSC2c2ncccc2[N+](=O)[O-])c1,1
protein55,1,CC(C)(Cc1nc(N)cc(Nc2ccc(-c3cnccn3)cc2F)n1)NCCO,0
protein55,1,CCN1C(C)=C(C2CCCCC2)Cc2c1c1cc(O)c(-n3ccncc3=O)cc1n2C,0
protein55,1,CCOC(=O)c1c(C)cc(C)nc1O,0
protein55,1,Cc1ccc(Nc2nc(O)c3cccc(N4Cc5ccccc5C(=NO)C4=O)c3n2)cc1,1
protein55,1,CCc1c(C=O)c2ccccc2n1Cc1ccccc1CCN1CCOCC1,1
protein55,1,O=C(CCCN1C(=O)c2ccccc2C1=O)NCc1ccccc1F,1
protein55,1,CCNCC(O)Cn1c(-c2ccccc2NC(=O)c2ccc(Nc3ccccc3)c([N+](=O)[O-])c2)nc2ccccc21,1
protein55,1,Cc1nc2ccc(-c3cccc(O)c3)cn2c1-c1ccccc1,0
protein55,1,CC1(C)CCC(N(CCCO)CCC2c3ccccc3-c3[nH]c4cnccc4c32)=NC1,1
protein55,1,CCCCCC(C)CS(=O)(=O)N1CCN(C(=S)c2ccccc2C(=O)O)CC1,0
protein55,1,NCCCN1c2ccccc2CCc2cc3ccc(Cl)cc3nc21,0
protein55,1,Cc1nc(Nc2cccc(NC(=N)NC3(C)CC(C)(C)S(=O)(=O)C3)c2)c2ccccc2n1,1
protein55,1,Cc1cc(N)nc(SCc2ccc3nc(C(C)C)cc(N4CCC(N)C4)c3c2)n1,0
protein55,1,O=C(NC1CN2CCC1CC2)c1nc2cc(OC(F)(F)F)c(OC(F)(F)F)cc2o1,0
protein55,1,CC1CCN(CC#Cc2ccccc2)CC1,0
protein55,1,O=[N+]([O-])c1cc(F)c(-c2cnn3cc(-c4ccccc4C(F)(F)F)[nH]c23)nc1N1CCCC1,1
protein55,1,Cc1cc(Nc2ccc(C(=O)N3CCCCC3)cc2)c2ccccc2n1,1
protein55,1,CCCn1c(SCC(=O)Nc2ccc(OC(F)(F)F)cc2)nc2ccccc21,0
protein55,1,CC(C)(CCC1Cc2ccccc2C1=CF)CC(=O)O,0
protein55,1,Cc1cccc(Nc2ncnc3c2cnn3Cc2ccccc2F)c1C,1
protein55,1,CC(C)c1cc(C(=NO)NS(=O)(=O)c2ccc(Cl)cc2)c(O)c2cnccc12,0
protein55,1,CC(=O)OC(C)C1(c2ccccc2)C(=O)N(C)c2ccccc21,0
protein55,1,Cc1cnc2c(NCC(=O)NCc3ccc(F)cc3)cc(-c3ccccc3F)cn12,1
protein55,1,Cc1ccc2c(ccc[n+]2CC(=O)N2CCCC2(C)c2nccs2)c1-n1nccn1,1
protein55,1,Cc1cccc(NC(=O)c2ccc(-c3ccc(CO)cc3)[nH]2)c1C,0
protein55,1,CCC(C)CN(Cc1cccc2cc(N(C)c3ccc(F)cc3)oc(=O)c12)C(C)CN1CCC(O)(C(C)C)CC1,1
protein55,1,CC1CCC(C(N)Cc2ccoc2)CC1,0
protein55,1,Cc1nnc(NC(=O)c2cc(S(=O)(=O)Nc3cccc(Cl)c3C)c(C(F)(F)F)c3cccnc23)s1,0
protein55,1,CCn1nc(C)c2sc(C(=O)Nc3ccc(Cl)cc3)cc2c1=O,0
protein55,1,Cc1cccnc1NC(=NO)c1cc([N+](=O)[O-])cnc1Oc1ccccc1Cl,1
protein55,1,O=[N+]([O-])c1cc2c(cc1-c1ccc(Cl)cc1)OCC2,1
protein55,1,Cc1ccc2nc(Nc3nnc(-c4ccc(C)nc4Nc4ccccc4C)s3)[nH]c2c1,1
protein55,1,CCc1nnc(S(N)(=O)=O)s1,0
protein55,1,CCc1ccc(OC(C)c2nc(C)c(C(=O)N3CCOCC3)s2)cc1,0
protein55,1,Cc1ccc(O)c(S(=O)(=O)Cc2ccccc2)c1,0
protein55,1,COc1cc2c(c(C(=O)Nc3cc(C(N)=O)ccc3N3CCOCC3)c1)CCCCCCC2,0
protein55,1,CC(=O)Nc1ccc(-c2csc3ncnc(Nc4cc(C)ccc4C)c23)cc1,1
protein55,1,Cc1ccc(NC(=O)C(=O)Nc2csc(-c3cccnc3)n2)c(-c2cncc(Cc3cccnc3)c2)c1,1
protein55,1,CCC(CC)CN(C(C)C)S(=O)(=O)c1ccc(C)cc1,0
protein55,1,CCn1cnc2c(CNc3cccc(Cl)c3)c(F)c(F)cc21,0
protein55,1,CCOC(=O)C1CN(C)CCC1(C(=O)N1CCC(c2nc3ccc(F)cc3[nH]2)CC1)c1ccccc1F,0
protein55,1,COC(C)(C)N1CC(n2c(=O)n(C)c3cc(-c4cccs4)ccc32)=Cc2ccc(C)cc21,1
protein55,1,CSc1cc(C)ccc1Sc1ccc2c(c1N1CCN(CC(O)CO)CC1)CCC2,0
protein55,1,CCn1cnc2cc(NC(=O)c3ccc(F)cc3F)ccc21,0
protein55,1,O=C(Nc1cc([N+](=O)[O-])ccc1N1CCCC1)c1cc2ccccc2[nH]1,1
protein55,1,CC(C)C(NC(=O)CN1CC(C)(OCc2ccccc2)CCC1C)C(=O)NO,0
protein55,1,CCc1ccc(C2(C(Cl)(Cl)Cl)CCCCC2N=C(S)N2CCN(C)CC2)c(N)c1,0
protein55,1,Cc1nn(-c2ccc(Cl)cc2)c(O)c1C(=O)N1C(C)CCCC1C,0
protein55,1,CCCCCCOc1ccc(-c2cccc(N)c2)cc1,0
protein55,1,Cc1cc(C(=O)NC(C)C(=O)N2CCCC(N)C2)ccc1[N+](=O)[O-],1
protein55,1,Nc1cnc(-c2ccc(C(F)(F)F)c(Cl)c2F)cn1,1
protein55,1,O=C1Nc2cc(Cc3ccc(Nc4nccc(-c5cccnc5)n4)cc3F)ccc2C12CCCC(O)C2,0
protein55,1,O=C1Nc2cccc(-c3ccccc3)c2C1OCc1ncc(C(F)(F)F)cc1F,0
protein55,1,CC(C)C(Nc1ncc(C#N)cc1N1CCCC1)C(=O)NN=Cc1cccc(C(F)(F)F)c1F,1
protein55,1,CCc1ccccc1NC(=O)Cn1nc(C(F)(F)F)cc(-c2ccc(OC)cc2)c1=O,0
protein55,1,CCCc1cc(C(F)(F)F)n(C(=O)c2nn(C)cc2I)n1,0
protein55,1,CC(C)(CC1CC1)NC(=O)Nc1ncc2c(n1)CCC2,0
protein55,1,Cc1cccc(-c2ccc(Cl)c(OC(CO)CCN3CCc4ncccc4C3)c2)c1,0
protein55,1,O=C1c2cnc3ncccc3c2C2=Nc3cc(F)ccc3NC1C2,1
protein55,1,NC(=O)c1ccc(CNc2ccc([N+](=O)[O-])cc2[N+](=O)[O-])c2cccc(C3CC3)c12,1
protein55,1,CC(C(=O)c1c[nH]c2c(c1=O)COC(C)(C)C2)c1cccc(-c2cn3ccccc3n2)c1,0
protein55,1,N#Cc1ccccc1-n1c(=O)n(Cc2ccc(S(=O)(=O)O)cc2)c2cnccc21,0
protein55,1,CCn1c(CCc2cccc(C(F)F)n2)nc2ccc(C(C)(C)C)cc21,0
protein55,1,CCOc1ccccc1Nc1nccc(OCCCC2CCN(C)CC2)n1,0
protein55,1,CCOc1ccc([N+](=O)[O-])cc1C(=O)Nc1c(C)ccnc1C,1
protein55,1,O=C(Nc1ccccc1Oc1ccc(C(F)(F)F)cn1)c1ccc(Cl)cc1F,0
protein55,1,Cc1cn2c(n1)C(C#Cc1ccc(-c3cc(C(F)(F)F)nn3-c3ccccc3)c(C)c1)COCC2,1
protein55,1,Cc1nn(C)c(C)c1S(=O)(=O)N1CCCCCC1,0
protein55,1,CCN(CC)CC=CCCN(c1ccccc1C(=O)O)S(=O)(=O)c1ccc(OC)c(OC)c1,1
protein55,1,CCc1cc(-c2nn(C3CCCN(Cc4cnn(CC)c4)C3)c3ccc(C(=N)N)cc23)ccc1F,0
protein55,1,Cc1nc2ccccc2n1-c1nc(CN2CCN(CC3COC3)C(=O)C2)c(Cl)c(N2CCCC2)n1,1
protein55,1,CC1=C(C)C(=O)N2CCN(CC2)C(C)(C)COC2Cc3cc(Cl)ccc3CC2NC1=O,1
protein55,1,CC1=CC2=C3C(=CC=CN3C(C)(C)C)C(=O)n3c(c2nc(-c2cncc(-c4cccc(OC(F)(F)F)c4)c2)c3=O)N1C,0
protein56,1,CCC(C)C(NC(=O)c1ccc(-c2ccc(Cl)cc2Cl)cc1O)C(=O)NO,0
protein56,1,CC1(C)C2CCC(N)(CO)C1Cn1cc(-c3ccc(Cl)cc3)cc12,0
protein56,1,CCOc1ccc(C2(C)CCN(Cc3ncc[nH]3)C2=O)cc1,0
protein56,1,CCOc1cc(C(=O)NC(C(=O)Nc2ccc(C)cc2)=C(O)c2cn(Cc3ccc(F)cc3F)nn2)ccc1OC,0
protein56,1,O=C(O)CCC(=O)N(C1=NCCS1)c1ccccc1,0
protein56,1,O=C(COc1ccc(Cl)cc1)NC1CCC(c2ccc(F)cc2S(=O)(=O)NO)C1,0
protein56,1,NC1=NC(C(=O)O)CS1,0
protein56,1,CCCC(=O)NC1CCN2CCC2(C)COC(C#Cc2c(Cl)nc[nH]c2=O)(C(F)(F)F)C1,0
protein56,1,CC1(N)CCC1(O)c1ccc(Oc2ccc(NC(=O)CCc3ccccc3[N+](=O)[O-])cc2)cc1,1
protein56,1,Cc1nnc(Nc2cccc(C3(CNC(=O)C(F)(F)F)CCC3C)c2)s1,0
protein56,1,Nc1ncc2c(O)c(OCCCCCCN3CCCC3=O)c(C3CCCC3)nc2n1,0
protein56,1,CCC(OC(=O)c1cc([N+](=O)[O-])cc([N+](=O)[O-])c1Cl)C(=O)N1CCN(CC)c2ncccc21,1
protein56,1,CCC1(C)CCc2sc(C(=O)Nc3ccc4c(c3)OCCO4)nc2C1,0
protein56,1,CC1(C)C=Cc2c(Cl)[nH]c(C(C)(C)CCl)c2C1=O,0
protein56,1,O=C(O)C1CCCN1c1c([N+](=O)[O-])cnc(Cl)c1Cl,1
protein56,1,O=C(Nc1ccc(-c2csc(-c3ncccn3)n2)c(F)c1)c1ccc([N+](=O)[O-])c(C(F)(F)F)c1,1
protein56,1,CC(C)C(=O)N1CC(c2ccccc2)CCC1C(=O)NCc1ccon1,0
protein56,1,CCNC(=O)CCNc1c(C#N)cnc2cc(C)ccc12,1
protein56,1,COc1c(C(=O)Nc2cccc(-c3nn(C(C)C)c4cccc(N5CCCC5)c34)c2)cnc2cc(N3CCC(C)C3)ncc12,0
protein56,1,Cc1c(F)cc([N+](=O)[O-])cc1S(=O)(=O)N1CCC(C2CCNCC2)C(C)C1,0
protein56,1,CC(C1=C(N2C(C)CCCC2C)CC2CNC(=O)C(=O)N1C2C(=O)O)c1cccc(F)c1Cl,0
protein56,1,O=C(CCCc1ccc(F)cc1)Nc1ccc2c(c1)CN(c1ccccc1)C2=O,1
protein56,1,CCOc1cccc(C=NN(C(=O)c2cccs2)c2cccc([N+](=O)[O-])c2)c1O,1
protein56,1,Cc1nc2ccccc2c2c1CCCC2,1
protein56,1,Cc1cccc2c1C(C)CCC21CN(C(CO)c2ccc([N+](=O)[O-])cc2)C(=O)CN1,1
protein56,1,CC1CC2C(C#N)=C(N)c3ccccc3C2C(C)(C)C1,1
protein56,1,CCCNCc1cccc2c1oc1ncn(-c3ccc(F)cc3F)c(=O)c12,1
protein56,1,NC(=O)c1cn(-c2ccc(Cn3c(-c4cc(F)ccc4OC(F)(F)F)nc4c(F)cccc43)cc2)c2cnccc12,1
protein56,1,Cc1ccc2[nH]c3c(c2c1)CCC3=O,1
protein56,1,O=C1c2cc(c3ccc(Cl)c(C(F)(F)F)c3c2)N1Cc1cccs1,0
protein56,1,O=C1CCC(=O)N1c1nc(Cl)cc(Nc2ccccc2F)n1,0
protein56,1,CC(=O)N1N=C(c2ccc(O)cc2S(=O)(=O)Nc2nnc(C(C)C)s2)CC1c1ccc(Cl)cc1,0
protein56,1,CCOC(=O)C(NC(=S)Nc1ccc(C(=O)O)cc1)c1c(C)[nH]c2ccccc12,0
protein56,1,Cc1cccnc1N(C)c1cccc(C(=O)N2CCN(C)CC2)n1,1
protein56,1,O=C(CC1CCC(N(c2cc(F)cc(Cl)c2)S(=O)(=O)c2ccccc2)O1)N1CCN(c2ccccc2)CC1,0
protein56,1,Cc1scnc1CS(=O)(=O)c1nc(-c2ccncc2)n[nH]1,0
protein56,1,O=C1C=C(NC2CCCN(S(=O)(=O)c3[nH]nc4c(Cl)cc(Cl)cc34)C2)CC1F,0
protein56,1,CCN(C(=O)C1=Cc2cccc3c(OC)c(Cl)nc1c23)c1cc(C)oc(=O)c1,1
protein56,1,NC(=O)c1csc(Nc2ccc(Cl)cc2)n1,0
protein56,1,CCOc1ccc(-c2nnc3c(n2)CS(=O)(=O)C3)cc1CN1CCCC(N(C)C)C1,0
protein56,1,Cc1[nH]nc(-c2ccc(S(=O)(=O)NC(N)=O)cc2)c1-c1ccc(C(C)(C)C)cc1,0
protein56,1,c1cc(N2CCCC2)c(Nc2ncnc3[nH]c4c(c23)C2CN(CCO2)CC4)cn1,1
protein56,1,Cc1ccc(-n2cnc(N)c2-c2nc3ccccc3s2)c(Cl)c1C,1
protein56,1,CCC1CNCCC1CCC1CCN(C(=O)CC#N)C2C(O)CCCC12,0
protein56,1,O=C(Nc1ccccc1N1CCCCC1)c1nc[nH]c1C(=O)Nc1ccccc1F,1
protein56,1,CCN(CC)CCOc1ccc2c(c1C)C=C(c1cccc(O)c1)CC2,0
protein56,1,CCN(CC)C1C(=O)Nc2ccc3nc(C(N)O)n(Cc4ccc(F)cc4Cl)c3c21,1
protein56,1,Cc1ccc(C(=NO)NC2(C(=O)N3CCN(c4ccc(F)cn4)CC3C)CCCCC2)cc1C#N,0
protein56,1,CC(C)=C(C)C(=O)Nc1sc(-c2ccc(C(F)(F)F)cc2)nc1C#N,0
protein56,1,CCN(CC)CCN1C(=O)C(=CCC(=O)O)c2[nH]c3ccccc3c21,0
protein56,1,O=C1C=CC(N(C(=O)c2cccc(Cl)c2Cl)c2ccc(OC(F)(F)F)cc2)C(O)C1,0
protein56,1,CCCCC(C)CC(C=O)CC(=O)NCCN=C(S)N(Cc1ccccc1)CC(C)C,0
protein56,1,Nc1nc2c(c(-c3ccc(Cl)cc3)n1)CN(c1ncccn1)C2,0
protein56,1,CC(C)C1Nn2c(cc(-c3cc(Cl)ccc3-c3cnc(C#N)c(N4CCCC4)c3)nc2=O)NC1=O,0
protein56,1,CCS(=O)(=O)Nc1ccc(OCC(=O)N2CCCCC2)c([N+](=O)[O-])c1,1
protein56,1,COc1ccc(CN2C(=O)C(c3ccc(S(=O)(=O)N(C)N)cc3)=C(C)C2C)cc1,0
protein56,1,CC(C)c1ccc(C(C)(C)C(=O)NNC(=O)CCC(=Cc2cn(C)c3ccccc23)C(=O)O)cc1,0
protein56,1,Cc1cccc(Oc2c(Cl)nc3c4c(ncnc24)Nc2ccc(cc2)OCCNC3=O)n1,1
protein56,1,Cc1nc2c(c(=O)[nH]1)CS(=O)(=O)CC2,0
protein56,1,CCCCS(=O)(=O)Nc1cccc(Nc2nccc(-c3ccc4c(c3)OCCO4)n2)c1,0
protein56,1,O=C1c2ccccc2C(O)(c2ccccc2)C(=O)N1c1ccccc1,0
protein56,1,CCN1CCCc2cc(-c3ccc(S(=O)(=O)OC)cc3)ccc21,0
protein56,1,O=C(NC(=S)Nc1cccc([N+](=O)[O-])c1)c1c(F)cccc1F,1
protein56,1,CC(C)CC(CO)N(Cc1ccc(F)cc1)C(=O)C(C)N1C(=O)C(C(F)(F)F)Oc2ccccc21,0
protein56,1,CCCCC1C(C)C(=O)N2Cc3cc(OC(F)(F)F)ccc3CC2C1(C)OOC,0
protein56,1,CC1=C(C)C(=O)CCN1,0
protein56,1,NC1(OOC(F)(F)F)CCCC(F)(F)CC1(F)F,0
protein56,1,CCN1CCC(c2noc3ccc(C(C)(C)C)cc23)CC1,0
protein56,1,CC(NS(=O)(=O)c1cc(F)c(Oc2ccc(Cl)cc2F)c(C2CCN(C)C2C(=O)O)c1)c1cccnc1,0
protein56,1,CCNC(=S)SC=CC(=O)NO,0
protein56,1,CCCC(C)(C)CN1CCC1C(O)C(OC(C)=O)c1c(-c2ccc([N+](=O)[O-])cc2)[nH]c2ccccc12,1
protein56,1,O=C(O)c1csc(NC(=O)c2cc(Cl)cc(Cl)c2O)n1,0
protein56,1,CCC1CC=CC1NCCc1ccc(OC)cc1CNC1CC(O)c2cccc(OC)c21,1
protein56,1,O=C(Nc1ccccc1N1CCCC1)c1cncc2sccc12,1
protein56,1,CC(=O)c1ccc(C(=O)N(C)CC(=O)Nc2ccc3c(c2)S(=O)(=O)N(C)CC3=O)cc1,1
protein56,1,Cc1cc2c(n1C)-c1c3c(nc4ccc(Cl)cc14)C2ON=C3N(C)C,1
protein56,1,CCCN(CCC)C(=O)C(NC(=O)NC1CCCCC1)C(C)C,0
protein56,1,O=C(CNC(=O)c1ccco1)OCc1ccccc1,0
protein56,1,CCN(CC)C(C)C1=CSc2ccc(Cl)cc2N1C(=O)c1cn(C)nc1OC,0
protein56,1,Cc1noc(C(F)(F)F)c1-c1nc(N2CCC(=O)N(C(C)C)CC2)n(C)c1C#N,0
protein56,1,CCCOn1c2ccc(C(=O)C(Cl)Cl)cc2c2cccnc21,0
protein56,1,Cc1cc(C(=O)NCC2(N3CCOCC3)CCCCC2)cc(-c2nc3ccccc3n2CC2CCNCC2)c1,0
protein56,1,Cc1ccc(C)c(S(=O)(=O)Nc2ccc3c(c2)Cc2ccccc2-3)c1,0
protein56,1,CCN1CCC(Cc2cccc(C#N)c2)(S(=O)(=O)c2ccc(C)cc2Cl)CC1,0
protein56,1,O=C(NC(CN1CCN(c2nc3ccccc3s2)CC1)C(=O)NO)C1CC1,1
protein56,1,CC(C)N(CCc1cc2cc(Cl)ccc2[nH]1)C(C)(C)S,0
protein56,1,CCC(C(=O)Nc1cccc(C)c1Cl)n1nc2ccccc2c1O,0
protein56,1,CCc1nc(O)c(O)c(C(C)(C)C)n1,0
protein56,1,CC(=O)Nc1ccc2nc3cc(NC(=O)C(C)C(F)(F)F)sc3cc2c1,1
protein56,1,CC(=O)Nc1cc(-c2cnccn2)cc(-c2cnc3c(c(C(F)(F)F)cn3C)c2N2CCCC2)c1,1
protein56,1,CCOc1ccc(C(=NO)NC2CCC(C)CC2C)cn1,0
protein56,1,CC(C)CS(=O)(=O)N1CCN(C(=O)c2ccccc2-n2nccn2)CC1,0
protein56,1,O=C(NCc1cc2ccc(N3CCOCC3)nc2nc1NC1CCC1)Oc1ccccc1,0
protein56,1,O=C(CN1CCN(c2ncccn2)CC1)Nc1c(Cl)cccc1Cl,0
protein56,1,N#Cc1c(-c2ccc(Oc3ccc(Cl)cc3Cl)c(F)c2)cc(-c2cnc(N)nc2)nc1N,0
protein56,1,CC(CC(=O)C([N+](=O)[O-])C(C)(C)C)Cc1ccccc1,0
protein56,1,Nc1nc(Nc2ccc(F)cc2-c2nc3ccc(F)cc3[nH]2)c(C(F)(F)F)nc1F,1
protein56,1,CCCCC1(O)CC(=O)N(c2ccc(N(C)C)cc2N2CCOCC2)C(=O)C1,0
protein56,1,CC(=NNc1ccc(C#N)cc1)C(=O)NS(=O)(=O)c1c(C)cccc1C,0
protein56,1,Cc1nn2cc(COc3c(C)ccc4c3C(N(C)C)CCC4(C)C)nc2s1,0
protein57,1,CC(Cl)=CN1CCN(c2cccnn2)CC1,0
protein57,1,Cc1ccc(N2CCN(C(=O)C3CCOC(C)(C)C3)CC2)cc1,0
protein57,1,Cc1cccc2cc(C3(O)CCC4CCCN(CCC3c3ccccc3)C4)[nH]c12,1
protein57,1,O=C1Nc2ccccc2C2(c3ccccc3)SC(=NC2=O)c2ccc(cc2)-c2ccc1[nH]2,0
protein57,1,COC1CN2CCC3Oc4c(O)c3c3ccccc3c4C(C2)C1C,1
protein57,1,CCS(=O)(=O)N1CCC(NC(=O)c2ccc(Cl)c(Cl)c2Nc2csc(C(N)=O)c2)C(F)C1,0
protein57,1,NC(=O)c1ccc([N+](=O)[O-])c(Sc2ccccc2N)c1,1
protein57,1,CC1CCCC(C)N1CC(O)COc1ccc(OCc2cccnc2)cc1C#N,0
protein57,1,CC1=CC(=O)C2C(N(C)CC3=C(C)CCCC3C)COc3cc(-c4ccno4)ccc3N12,1
protein57,1,Cc1ccc(Nc2noc(-c3ccccc3)c2S(=O)(=O)c2ccc3c(c2)OCCO3)cc1C,0
protein57,1,Cc1cc(C(=O)c2sc(-n3nccc3C(C)C)nc2C)ccc1F,0
protein57,1,CC(C)S(=O)(=O)NCc1c(CCCCN(Cc2ccccc2F)CC(F)(F)F)nn(-c2cccc(C(=O)O)c2)c1Cl,0
protein57,1,CC(C)CC(NC(=O)C1CCN(S(C)(=O)=O)CC1)C(=O)NC1CS(=O)(=O)CC1O,0
protein57,1,O=C(c1ccccc1)N(CC1CCCO1)c1cc(OC(F)(F)F)ccc1SP(=O)(c1ccccc1)c1ccccc1,1
protein57,1,Cc1nc2cccnc2n1-c1cn(CCC(=O)[O-])nc1-c1cccc(Cl)c1,1
protein57,1,CC1=C(c2nc(-c3ccnc(N4CCNCC4)c3)n(C)n2)CNC(CC(C)C)C1,1
protein57,1,CCCCC(CO)C(=O)OCC1OC1c1ccccc1-n1cccn1,0
protein57,1,CCCCCN1CCOc2ccc(C(=O)Nc3nccc4c3cnn4-c3cccc(NCCCl)c3)cc21,0
protein57,1,CCN(CC)CCCN1C(=O)Cc2c(OC)ccc(OCC(=O)O)c2-c2ccccc21,0
protein57,1,Cn1c(C(=O)OCCN2CCCC2)c(Sc2ccc(Cl)cc2)c2ccccc21,0
protein57,1,CCCN1c2ncccc2CCC1CCn1c(-c2cccc(F)c2)nc2c(F)ccc(N(CC)C(C)CO)c21,0
protein57,1,Cc1nc2ccc(C(=O)Nc3cccc(F)c3)cc2c(=O)[nH]1,1
protein57,1,Nc1cc2c(cnc3cc4n(c(=O)c32)CCCCC4)cc1N1CCCC1,1
protein57,1,O=C(Nc1ccc(Cl)cc1N1CCSCC1)c1ccsc1,0
protein57,1,Cc1cc(O)c(C=NN2CCCCC2)cc1N,1
protein57,1,CCC(NC(=S)Nc1cccc(Oc2cc(NCc3ccco3)ncn2)c1)c1ccccn1,0
protein57,1,Cc1cccc(-c2nocc2NC(=O)C2CCN(c3ccc(-c4ccccc4S(N)(=O)=O)nn3)CC2)c1,0
protein57,1,CCc1cc(OCC(=O)NC(=S)N(C)C)ccc1-c1ccn(Cc2cccnc2C(F)(F)F)n1,0
protein57,1,CCS(=O)(=O)Nc1nc(Nc2ccc(C(C)C)cc2OC)nc2ccc(C(F)(F)F)cc12,1
protein57,1,CC(C)=C(C)C(=O)N1CCN(C(c2ccccc2)c2cc3ccccc3[nH]2)CC1,0
protein57,1,Nc1ccn(C(CC2OCCC2COCC(F)(F)F)C(F)(F)F)c(=O)n1,1
protein57,1,CCC(C)(C)C(=O)C=C1Nc2ccccc2C1(C)C,0
protein57,1,CCC1CC2(CCN(C)CC2)c2cc(OC)ccc21,0
protein57,1,CC(=Nc1cc(Cl)ccc1N1CCCC1)N(C)C,1
protein57,1,Cc1cnc(NC2CCN(S(=O)(=O)C3CCC3)C2)cn1,0
protein57,1,O=c1c(N2CCCCC2)cc2cn1c1ccc(-c3cccc(F)c3)cc21,1
protein57,1,CC(C)Cc1nc(-c2ccc3c(c2)c(CC(CO)NC(=O)C2CCCC(C=O)C2)cn3C)cc(-n2nccc2C(F)(F)F)n1,0
protein57,1,CC(C)NC(=O)C1CC(Oc2cc(Cl)c(Cl)cc2-c2cc(C(F)(F)F)[nH]n2)CN1,0
protein57,1,Nc1nc(-c2ccc(F)cc2)cs1,1
protein57,1,O=C(NCCN1CCC(F)(F)CC1)c1oc2ccc(Cl)cc2c1Cc1ccccc1F,0
protein57,1,O=C(NS(=O)(=O)c1cccs1)c1nc(C2CCCCC2)c(O)c2ccccc12,0
protein57,1,Cc1cc(CCC#N)n2nc(-c3ccc(F)cc3)c(NS(=O)(=O)c3ccc(F)cc3)c2n1,0
protein57,1,CCS(=O)(=O)Oc1ccc(-c2ccc(S(=O)(=O)Nc3onc(C)c3C)cc2)cc1,0
protein57,1,O=P(O)(O)C(F)(F)C(F)P(=O)(O)C(F)(F)F,0
protein57,1,OCC1CCCN(c2nc3ccc(Cl)cc3cc2-c2cccnn2)C1,0
protein57,1,CCc1nc2cc(-c3ccc(OC)cc3)nn2c(N2CCN(C)CC2)c1C,0
protein57,1,CCn1c2c(c3ccccc31)CC(NC(C)=O)CC2CN1CCC(C)CC1,1
protein57,1,Cc1cc(=O)[nH]c(Cc2cc(F)c(F)c(F)c2F)n1,0
protein57,1,Nc1nc(=O)n(C2OC(CO)C(O)C2Cl)cc1F,0
protein57,1,FC(F)(F)c1ccccc1Nc1ncnc2cc(Cl)c(Cl)cc12,0
protein57,1,CC(C)C(C)(C)Oc1cc(C(=O)Nc2cc(-c3ccc(F)cc3)n[nH]2)c([N+](=O)[O-])cc1C#N,0
protein57,1,CCNc1cc(C)nc2ccc(Oc3cccc(C#N)c3)cc12,1
protein57,1,CCOc1ccc2c(c1)C(CCCN1CCN=C1CC)CN2C(=O)c1ccc(-n2cccn2)cc1,0
protein57,1,Cc1cn(C2CCNCC2)c2c(-c3ccccc3)c(C#N)c(NCc3cccnc3)nc12,0
protein57,1,CCc1ccccc1N(C(=O)c1nccnc1NC(CCN1CCOCC1)c1ccccc1F)C(C)C,0
protein57,1,CC(=O)Nc1ccnc(Nc2cc(-c3cnc4ccccn34)ncn2)c1,0
protein57,1,CC1CCOc2ccc(Cc3cnc(NC(=S)NC(=O)c4ccccc4F)s3)cc21,0
protein57,1,CC(C)c1[nH]c2nc(-c3ccccc3)cc(=O)n2c1-c1ccc(N)cc1,1
protein57,1,CC(C)n1cc(C(=O)NCc2cccc(-c3nnco3)c2)c(-c2ccc(F)cc2C(F)(F)F)n1,1
protein57,1,Cc1c(-c2ccc(O)nc2)c(N)nc2c(-c3ccccc3)cccc12,1
protein57,1,CCC1CC2C(Cn3cc([N+](=O)[O-])nc3Cl)CN12,1
protein57,1,O=CCn1c(-c2cc(Cl)cc(Cl)c2)nc2ccccc21,0
protein57,1,Cc1ccc(C(=O)NCc2cccnc2Cl)cc1-n1ncc2c3ncccc3c([N+](=O)[O-])cc21,1
protein57,1,CCCC(CC(=O)N1C2CCN(C(=O)OC(C)(C)C)C1Cc1c2cc(F)c2c[nH]c(=O)c(C)c12)N(C)C,0
protein57,1,Cc1nc(Nc2ccc(C3C4CCN(CC4)C3CCC(F)CCC(=O)O)cc2)cc(-c2ccccn2)n1,0
protein57,1,COc1cc(CCC2=CC(C)(C)N(C(=O)C=C(C)C)c3ccccc32)cc(OC)c1,0
protein57,1,C#CCOC1CCN2CCc3cc(CNC(=O)c4noc5c4CN(c4ccc(N6CCOCC6)cc4F)CC5)ccc3C2C1,0
protein57,1,NC(=O)c1cccc2c1nc(Sc1cc(Cl)ccc1[N+](=O)[O-])n2-c1ccnc(N)n1,1
protein57,1,Cc1ccc(CN2CCN(N=Cc3cccs3)CC2)nc1,1
protein57,1,O=CC(O)CCc1nn(-c2ccccc2)c(=O)c2ccccc12,0
protein57,1,Cc1cc(C(=O)Nc2cc(Cl)c(-c3nnc(N)[nH]3)cc2S(=O)(=O)N(C)C)c2ccccc2n1,1
protein57,1,O=C(O)c1cccc(-n2ccc(C(=O)Nc3ccc(F)cc3F)n2)c1,0
protein57,1,Cc1ccc(C)c(N2CCN(C)CC2(C)C(=O)NCCCCCCn2cccn2)c1,0
protein57,1,CCn1c(N)c2cc(OCC(F)(F)F)ccc2nc1=O,1
protein57,1,CCc1cccc2c1N(CCCCC(=O)O)C(=O)C2=O,0
protein57,1,CCCCC1c2c(c([N+](=O)[O-])cn2CC(F)(F)F)CNC1Cc1cccnc1,1
protein57,1,O=C(CCC1NCCC1S(=O)(=O)Cc1ccccc1)Nc1cccc(Cl)c1Cl,0
protein57,1,CCCn1c(C)c(C(=O)Nc2ccc(OC)c(S(=O)(=O)N3CCOCC3)c2)c2ccccc21,1
protein57,1,CN(CCc1ccccc1C(F)(F)F)Cc1cccc2c(NC3CC3)ncnc12,0
protein57,1,CCCCC(C)C(NC(=O)OC(C)(C)C)P(=O)(O)O,0
protein57,1,CCc1c(C)cccc1NC(=O)c1ccc2c(c1)ncn2CCN1CCCCC1,0
protein57,1,Cc1c(C(F)(F)F)ccc(-c2nc(Nc3ccc(C(=O)O)cc3)c3cscc3n2)c1F,0
protein57,1,O=C(NC1C(=O)N(Cc2ccc(Cl)cc2)C1c1ccc(O)c(Cl)c1)c1cccnc1,0
protein57,1,Cc1cnn(Cc2cnc3sc(C(=O)N4CCCC4)c(-c4cccc(Cl)c4)c3c2N)c1,1
protein57,1,CC(CCNc1nc(-c2ccc(Cl)cc2)nc2[nH]ccc12)CC(=O)O,0
protein57,1,Nc1ncc(-c2c(F)c(O)nc3cc(-c4ccc(F)cc4)ccc23)cn1,1
protein57,1,CC1(C)CC(c2ccccc2Cl)CC(=O)N1CCN1CCc2ccccc2C1,0
protein57,1,CCC(S)CCCC1CNC(=O)C(CC(C)(C)C)n2nc(-c3cc(C)no3)cc21,0
protein57,1,O=C(CCCC1CCN(CC(=O)Nc2ccccc2OC(F)(F)F)CC1)NO,0
protein57,1,CC(C)SC(CNC(CO)C(C)C)CS(=O)(=O)c1cn(-c2ccc(OCc3ccccc3)cc2)c(=O)[nH]1,0
protein57,1,CC1OCc2c1ccc1c2CCC(C)(CCO)C1=O,0
protein57,1,CC1(C)CC2=NN(c3ccc(C#N)cc3-c3ccccc3Cl)C(C)(C2)C1,0
protein57,1,CC(C)(C)NC(=O)C1CCC(=O)N1CCN1CCCC(Oc2cccc3cccnc23)C1,0
protein57,1,CCC1=NC(C#N)C(C)(C)CC1,0
protein57,1,Cc1cccc(NC(=S)NC(=O)c2ccc(C(C)NP(C)(=O)O)cc2)c1C,0
protein57,1,Cc1nc(CN(C)C(=O)C2CCN(C(=O)c3cnc4c(-c5ccccc5)cnn4c3N)CC2)cs1,0
protein57,1,Cc1ccccc1Oc1cccc(C(=O)NCC2CCCC(=O)O2)c1,0
protein57,1,CCCCc1cccc(NC(=O)CNCc2cccs2)c1,0
protein57,1,Cc1ccc(C#N)c(N2CCN(C(CCO)Cn3c(=O)[nH]c4ccccc43)CC2)n1,1
protein57,1,CCC(=O)N1CCc2cc(S(=O)(=O)N(C)C(=O)c3cccc(S(=O)(=O)N(CC)CC)c3)ccc21,0
protein58,1,CCn1cccc(C(=O)N(C)c2cc(-c3cc4nc(Cl)ccc4s3)ccc2F)c1=O,0
protein58,1,FC(F)(F)c1cccc2c1COC1(CCC(CCN3CCCC3)NC1)C2,0
protein58,1,Cc1c(O)c(CN2CCCC(c3nccc(-c4cc(C5CC5)n[nH]4)n3)C2)nn1C,1
protein58,1,O=C1C(CN2CCC(Cn3ccnc3)CC2)=C(N2CC2)C(=O)c2ccccc21,1
protein58,1,CC(C)C1CCC(N)CC1=O,1
protein58,1,CCC1COC(=O)N(N)C1,1
protein58,1,CC(C)Oc1ccccc1O,0
protein58,1,Cc1cccc2c1Sc1nc3ccccc3nc1O2,1
protein58,1,CC(C)CC1OC2CCC1=CO2,0
protein58,1,Cc1cccc(C)c1OCCN1C(=O)c2ccc(S(=O)(=O)N3CCCC3)cc2C1=O,0
protein58,1,CCN1CC=C(CCC2C(=O)N(C)C(=O)C2(C)c2ccc(Cl)cc2)c2cc(O)ccc2CC1,0
protein58,1,CC(=O)Oc1ccccc1CNc1nccc(-n2cnnc2-c2ccccc2)n1,0
protein58,1,CC1=C(Cl)C(=O)OC(C(O)c2nnc3sc(-c4ccc(F)cc4)c(-c4ccc(F)cc4)c3c2N2CCOCC2)C1,0
protein58,1,NC(=O)Nc1ccc(-c2nccc(-n3nccc3NC(=O)c3ccc(Cl)s3)n2)cc1,1
protein58,1,O=C1C(OCc2ccccc2)CN2C(=O)CSC12,0
protein58,1,CCCCCC1CN2CCC=CC2c2ccccc21,0
protein58,1,Cc1cc(C)c2c(n1)C(=O)N(Cc1c(-c3cnc(N)nc3)nn3c1CN(CC(F)(F)F)CC3)C2,1
protein58,1,CC(C)CCS(=O)(=O)c1cnccc1C(=O)O,0
protein58,1,Cc1cc(CN2CCCN(C(=O)COc3ccc(-c4ccccc4)cc3)C2=S)nn1C(C)C,0
protein58,1,COc1ccc(S(=O)n2c(C)cc3nc(C)ccc32)cc1,1
protein58,1,CC(C)CN1CCc2c(c(O)c(CCc3ncc4ccnc(NCC5CN(C)CCO5)n34)c(O)c2-c2ccnn2-c2ccc([N+](=O)[O-])cc2)C1,1
protein58,1,O=C(NN=C1CCS(=O)(=O)c2sccc21)c1ncc(C(F)(F)F)cc1Cl,0
protein58,1,O=C(NO)C1CS(=O)(=O)CC1c1ccccc1Nc1ccc(F)cc1F,1
protein58,1,Cc1nc(N(C)C)c2cc(-c3ccc(Cn4cnc(S(=O)(=O)N5CCCCCC5)c4)cc3F)ccc2n1,1
protein58,1,Cc1noc(-c2c([S+]([O-])c3ccc(Cl)cc3)cc(C)[nH]c2=O)n1,1
protein58,1,O=Cc1cn(Cc2ccc([N+](=O)[O-])cc2Cl)c2ccc(Cl)cc2c1=O,1
protein58,1,CCS(=O)(=O)c1cc2c(cc1CCNC(=O)c1ccccc1C1CCCC1)OCCCO2,1
protein58,1,CC1=NN(c2ccc([N+](=O)[O-])cn2)C(=O)C1,1
protein58,1,CC(C=NOCc1ccccc1O)=Cc1ccccc1,0
protein58,1,CCN(CC)C(C)CNC(=O)c1ccc2c(Nc3ccccc3)nccc2c1,0
protein58,1,CCS(=O)(=O)Nc1cc(-c2ccc(N3CCC4(CC3)OCCc3cc(F)ccc34)nn2)cc(C(F)(F)F)c1,0
protein58,1,CC1=C(C)C(=O)c2c(nc3ccccn23)C(c2ccc(C#N)cc2)O1,0
protein58,1,CC(C)c1ccccc1Nc1ncc(C(=O)O)cc1N1CCCC1,0
protein58,1,O=C(Nc1ccc2c3c([nH]c2c1)C(n1cccn1)c1ccccc1C3)N1C2CCC1c1ccccc12,0
protein58,1,Cc1cc2ccc1-c1cc(n(C)n1)CC(=O)OC1C(C)C(C)C(COCc3cnc[nH]3)N1C2=O,1
protein58,1,CC1(C)CCCC(n2ccnc2[N+](=O)[O-])S1,1
protein58,1,O=CN1CCN(c2nnccc2S(=O)(=O)c2ccc(C(F)(F)F)cc2)CC1,0
protein58,1,CC(C)CC(=O)NC(C(=O)Nc1cc2c(cc1C#N)c(-c1ccccc1)nn2CC1CNCCO1)C(C)(C)C,0
protein58,1,CCC1CN(Cc2ccc(C(F)(F)F)cc2[N+](=O)[O-])CC(C(=O)N2CCCC2CO)C1(O)CCC(N)CO,0
protein58,1,CCC12CCCCCC1OC(=O)N2c1ccc(CCC(C)CC(=O)[O-])cc1,0
protein58,1,CC(C)c1ccc(-c2ccc(C(=CC#N)CCCCCC(=O)O)[nH]2)cc1,0
protein58,1,CC1CCC2(CC(=O)N(c3c(O)ccc4cccnc34)C2)O1,1
protein58,1,Cc1[nH]c(-c2ccccc2)cc1C(=O)N1CC(C)Cc2cc([N+](=O)[O-])ccc21,1
protein58,1,CC(NCCCCc1cn2c(=O)c(C#N)ccc2n1CC(C)C)=C(C#N)Cc1cc(C(C)(C)C)ccc1F,0
protein58,1,CC1(C)CN(C(=O)CCC2CCN(c3ccnc4cc(F)ccc34)C2)c2ccccc21,0
protein58,1,Cc1cc(-c2ccc3c(c2)ncn3CCCCNCC2(C)CC2c2cccc(C#N)c2)on1,0
protein58,1,CCn1c(C(c2ccccc2)N2CCN(C)CC2)nc2cc(Cl)c(Cl)cc21,0
protein58,1,CCc1c(CC(C)=NNc2ncc(C)cc2[N+](=O)[O-])noc1C,1
protein58,1,CC1CCN(Cc2cc(C(=O)NN=Cc3ccccc3F)no2)CC1,1
protein58,1,CC1CC(N(C)C)CC(C)(C)C1,0
protein58,1,CCOC(=O)Nc1ccc(S(=O)(=O)Nc2nccs2)cc1C(=O)Nc1ccccc1N1CCNCC1,0
protein58,1,O=C1Nc2ccccc2C1(C(=O)NC1CCNCC1)C(F)(F)F,0
protein58,1,O=C1CCc2ccc(-c3ccc(OCc4cn(-c5cccnc5)nc4C(F)(F)F)cc3)cc2N1,0
protein58,1,Nc1cc(CN2CCS(=O)(=O)CC2)c2cc(-c3ccc(CCCO)cc3)ccc2n1,1
protein58,1,CCC1NC1C(=O)Nc1cc(Oc2cccc(N(C)C)c2)cc(OC(F)(F)F)c1,0
protein58,1,CCN1CCC(c2ccc(F)cc2)C(C(=O)N2CCCCCCC2)C1,0
protein58,1,Cc1cnc(N2CCN(C(=O)c3ccccc3-n3nccn3)CC2)s1,0
protein58,1,CCc1ccccc1N(C(=O)c1csnn1)C(C#N)(C(=O)NC(C)(C)C)c1ccccc1,0
protein58,1,Cc1ccccc1CNC(=O)c1cc(Cc2nc3cc(C(F)(F)F)ccc3[nH]2)nn1C,0
protein58,1,Cc1cc(Cl)ccc1-c1c(C2(C)CCCC2=O)cnc2c1cnn2C,1
protein58,1,CCCCc1cncc(-c2cnc(C3CC3)c(OCC3CCN(CCCCN)C3)c2)c1,0
protein58,1,CCN1Cc2cccc3[nH]c(nc23)-c2ccc(cc2)S(=O)(=O)NC(C)CCCCC(CC(=O)N(CC)C2CCCC2)OC1=O,1
protein58,1,O=C(Nc1cccnc1)c1ccsc1NC(=O)N1CCCC1,0
protein58,1,CCOc1ccc(Nc2nc3ccccc3n2CCN(C)CC(O)c2ccccc2)cc1NCC(=O)N1CCCC1C#N,0
protein58,1,Cc1cc(Cn2nc3ccccc3n2)c2ccsc2n1,1
protein58,1,O=CC1CCCN1C(=O)Nc1cccc(F)c1,0
protein58,1,CC(C)c1cc(-c2ccccn2)n2ncc(Cc3ccc(OC(F)(F)F)cc3)c2n1,0
protein58,1,CC(C)(C)OC(=O)N1CCC2(CC1=O)CN(S(C)(=O)=O)c1ccc(OC(F)(F)F)cc1C2c1ccc(F)cc1,0
protein58,1,Nc1ncc(C2=CCNCC2)cc1-c1ccc(C2CC2)c(C(F)(F)F)c1,0
protein58,1,CCC1CCC(CNc2cc3c(cc2-c2nnc(-c4ccccc4)o2)OCCO3)CN1,0
protein58,1,Cc1ccc2c(c1)C1(CCC3(CC=CC(=O)N(C)C3)OC1)CC(C)O2,0
protein58,1,CCc1cc(OCC2CCCCC2)c(S(=O)(=O)c2ccccc2)c(=O)n1-c1cccc(F)c1,0
protein58,1,O=CN1c2ccccc2C(S(=O)(=O)Oc2ccccc2)c2cc(Cl)ccc21,0
protein58,1,Cc1nc(C(F)(F)F)cc(C(C)(C)c2ncc(C(F)(F)F)cc2Cl)n1,0
protein58,1,CCc1ccccc1NC(=O)N(C)Cc1nc2ccccc2s1,0
protein58,1,CC(C)Nc1nc(-c2cnc3sc4c(c3c2)CCC(NC(=O)OC(C)(C)C)C4)cc(N2C(=O)OCC2C(C)C(F)(F)F)n1,1
protein58,1,CC1Cn2c(CNc3c(F)cccc3F)nnc21,0
protein58,1,Cc1ccc(C(NC(=O)c2cnc(-c3ccccn3)cc2O)c2cc(F)c(F)cc2Cl)o1,0
protein58,1,CCCN1CCc2ccc3c(Cl)ccc(c3c2)-c2cccc1c2,1
protein58,1,CC(C)C1C(=O)NCCN1c1ccc(C#N)cc1Cl,0
protein58,1,CCC(NS(=O)(=O)c1ccc(Cl)cc1)C(=O)N1CCN(c2cccnn2)CC1,0
protein58,1,CCCN1CCCCC1Cc1ccccc1,0
protein58,1,CCCCN(CC)CC(=O)NC(C)c1ccc(-n2nccc2COc2ccc(F)cc2-c2cncnc2)cc1F,0
protein58,1,CCN(CC)C(C)Cn1c(-c2cccc(Cl)c2Cl)nc2cccnc21,1
protein58,1,O=C(OCC1CCNCC1)c1cc(NC(=O)c2cccc(C(F)(F)F)c2Cl)c(F)cc1F,0
protein58,1,Cc1ccc(-n2cc(NC(=O)c3ccnc(NC4CCN(CCOCC(C)C)CC4)c3)cn2)cc1,0
protein58,1,CC(C)CC=Cc1nc2n(c1-c1ccccc1)C(=O)c1ccccc1-2,0
protein58,1,CC1CN(c2c(N)c(=O)c2=O)CC(C)C1CN(C)C,0
protein58,1,COc1ccc(-n2cc(C(=O)Nc3cc4c(cc3N3CCOCC3)OCCC4)cn2)cc1,0
protein58,1,Cc1cc(NC(=O)c2csc(Sc3cccc(OC(F)(F)F)c3)n2)ccc1F,0
protein58,1,CCn1c(=S)sc2cn(-c3ccccc3)cc2c1=O,1
protein58,1,O=C(CCC1CCOC1)Nc1cc(-c2ccccc2Cl)ccn1,1
protein58,1,O=C(Nc1nccs1)c1cccc(S(=O)(=O)N2CCCC2)c1,0
protein58,1,CCCC(=O)Nc1ccccc1Nc1c2ccc(F)cc2nc2c1c(C(=O)O)nn2C,1
protein58,1,CCC(C)C1=CNC(=O)N(C2CCCCCC2)C1(C(=O)O)C(F)(F)F,0
protein58,1,CCN(Cc1ccc(-c2cc([N+](=O)[O-])ccc2O)o1)C1CCCCC1,1
protein58,1,CCC(c1ccc(C(F)(F)F)cc1)N(CC1CC1)C(C(=O)N1CCCC1C)C1CC1,0
protein58,1,Cc1nc(NC2CCN(CCn3c([N+](=O)[O-])cnc3C)CC2)nc2ccccc12,1
protein58,1,CCCCCC(=O)NC1CC(c2ccc(Cl)cc2)CCC1N,0
protein58,1,Cc1ccc(-c2c(C)nc3c(-c4cccc(C(=O)N(C)Cc5ccccc5NC(=O)C5CS(=O)(=O)CCO5)c4)c(C)nn3c2N)cc1,1
protein59,1,CCCCCn1c(N)cc(-n2nc(C(C)(C)C)cc2C#N)nc1=O,1
protein59,1,NC(=S)Nc1ccc2c(c1)C(=O)C(=C(NCCO)c1cccc(Cl)c1)CC2,0
protein59,1,CCCOc1nc(N)cc(N2C(=O)CCCC2CC(C)(N)CC)n1,0
protein59,1,COc1cc(-c2cnn(-c3cccc(S(=O)(=O)NC4CCCC4)c3)c2)ccc1C,1
protein59,1,Cc1cc2c(cc1O)CC1N(C(=O)C[n+]3ccccc3)C2CCCCC1(C)C,0
protein59,1,CCCN1C(=O)c2cc(n3ccccc23)C1(C)CN1CCN(Cc2ccccc2)CC1,0
protein59,1,O=C(Nc1cnn(-c2ccccc2)c1-c1ccccc1)c1cccnc1N1CCCCC1,0
protein59,1,CC(=O)c1cccc(NC(CN2CCOCC2)c2ccc(C)cc2)c1,0
protein59,1,NC(=O)c1cccc(Nc2nc(-c3cccnc3)c(C#CCN3CCNCC3)s2)c1,0
protein59,1,CC(C)C=CC(C)(C)NCC1Oc2c(ccc(O)c2O)C1=O,0
protein59,1,CC1(C(=O)O)CCC(Cn2c(C(=O)OC3CCCCC3)nc3ccccc32)C1,0
protein59,1,Nc1c(CCBr)cc(C(F)(F)F)cc1[N+](=O)[O-],0
protein59,1,CCn1cc(C(=O)NC2=C(C(=O)Nc3cccc(OC(F)(F)F)c3)CCCC2)c2cc(C(=O)N(C)C)ccc21,1
protein59,1,CC(C)Cc1c2sc3c1C1CC(O)CNC(=O)C4CCCCC4N(CC2)C(=O)CC3CC(=O)N1C(C)CO,0
protein59,1,CC(C)N(CC(=O)N(C1CCCCC1)C(c1ccccc1)c1ccccc1F)S(C)(=O)=O,0
protein59,1,CC(C)CCNc1nc(N)c2c3c(ccc2n1)C(N1CCN(C)CC1)Cc1ccccc1-3,1
protein59,1,CC1(C)NCCCC1c1ccccc1,0
protein59,1,CC(C)c1nc(C(=O)N2CCN(c3n[nH]c4cccc(F)c34)CC2)cs1,1
protein59,1,O=C(c1ccc2c(c1)Cc1ccccc1-2)N1CCCCCC1,1
protein59,1,Cc1[nH]c2ccccc2c1CCCC1=NNC(=O)C2CC2c2ccccc21,0
protein59,1,CC(C)C1CCC(NC(=O)Nc2cc(-c3cccs3)nn2-c2ccccn2)C1,0
protein59,1,O=C(Nc1ccc2c(C3CCCCC3)cc(=O)oc2c1)c1ccccc1,0
protein59,1,CCOC(C)(C)C1OC(=O)C(c2ccccc2)=C1N,0
protein59,1,CCC(C)NC(=O)C(C)(C)C,0
protein59,1,CCC1C(O)CCCN1CCc1ccccc1,0
protein59,1,NC(=O)c1c(-c2ccccc2)csc1NC(=O)C1CCc2c(C(F)(F)F)nc3ccccc3c2C1,1
protein59,1,CC1CCCCC1NC(=O)Cn1ccc2nc3ccccc3c(-c3nc4ccccc4[nH]3)c21,1
protein59,1,CCCCOc1cc(C2(C(C)O)CCS2(=O)=O)ccc1-c1cnco1,0
protein59,1,O=C(c1ccc(Cl)cc1[N+](=O)[O-])N1CCN(CC(F)(F)F)CC1,1
protein59,1,CCC(C(=O)Nc1cc(-c2cc[nH]n2)ccc1OCCC(F)(F)F)N1C(=O)c2cc([N+](=O)[O-])ccc2N(C)C1CC,1
protein59,1,CCn1cncc1Cn1nc(-c2ccccn2)c2cccnc21,1
protein59,1,Cc1cnc(N)c2c(Nc3ccc4c(c3)CC3CCC4N3)cccc12,1
protein59,1,O=C(Cn1ccnc1)NC1(CNc2cccc(C(F)(F)F)c2)CCCC1,0
protein59,1,CCc1cn(CCN(CC)CC)c2cccc(C(=O)NN=C3C=CC(C)(C)O3)c12,1
protein59,1,Cc1cccc(Oc2nc(N3CCN(C)CC3)nc3cc4c(cc23)CCC4)c1C,1
protein59,1,CC(=O)Nc1nnc(C2Cc3cccc(C)c3N2C(=O)CC(C)(C)C)s1,1
protein59,1,CCC(C)C1COc2ccc(-c3nc(CCC(=O)O)sc3-c3ccc(C(=N)N)cc3)cc2N1,0
protein59,1,CC(NC(=O)c1cc2n(n1)CCCSC2)c1ccc(F)cc1,0
protein59,1,Cc1c(-c2nc(NC3CCC(C(N)=O)C3)n[nH]2)ccc(N(C)C)c1[N+](=O)[O-],1
protein59,1,Cc1nc(N)cc(C=Nc2cc([N+](=O)[O-])ccc2Cl)n1,1
protein59,1,CCn1cc(-c2ccc(C)cc2)c2c(Nc3ccccc3C(=O)N(C)C)cccc21,1
protein59,1,CCN1CCC2(CC1)c1ccccc1NC(=O)c1c(Cl)cccc12,0
protein59,1,Cc1cc2c(cc1-c1nc(C(=O)Nc3ccc(C#N)cc3)cs1)OCC(=O)N2,1
protein59,1,CCN(CC)CCCNC(=O)C1(C2CCC2)COc2c1ccc(OC(F)(F)F)c2C,0
protein59,1,CC1CCC(C(C)C)C(Oc2ccccc2)N(C(C)CNC(=O)c2c(O)cc3cccnc3c2O)C1=O,0
protein59,1,CCc1ccc2c(c1)c(C(=O)Oc1c(Cl)cccc1Cl)c(C)n2CCC#N,0
protein59,1,Cc1ccccc1-c1cc(N(C)C)cc(C(C#N)(C#N)C2CCCNC2=O)c1,0
protein59,1,CCn1ccc(=NNC(=O)C=Cc2ccccc2)cc1C,0
protein59,1,CCCN(C)c1nc(-c2cc(OC)cc(OC)c2)ncc1OCc1ccccc1,0
protein59,1,O=C(O)c1[nH]cc2c1CCC(c1ccc(O)c(I)c1)C2=O,0
protein59,1,Cc1[nH]n(-c2ccccc2)c(=O)c1-c1nnc(-c2ccco2)o1,0
protein59,1,Cc1nc2c3ccc(cc3n1)-c1c(nc3ccccn13)CC(C)C2,1
protein59,1,O=C(NCc1ccc(Cl)c(Cl)c1)C1CCN(Cc2ccc(F)cc2)CC1,0
protein59,1,Cc1cc(C=NNc2ccc3cc(O)ccc3n2)c2ccccc2n1,1
protein59,1,Cc1cc(-c2cccc(C#CC(=O)N(C)C)c2)nn1S(=O)(=O)c1ccccc1[N+](=O)[O-],1
protein59,1,Nc1nc(-c2c(OC(F)(F)F)ccc3c2CNCC3)nc2cc(F)c(OC(F)(F)F)cc12,1
protein59,1,CC(=O)N(C(=S)N1CCN(C(C)C)C(C)C1)c1ccccc1,0
protein59,1,Cc1cc(F)ccc1-n1cccc1CN(CCO)c1ncnc2c1CCC(O)CN2C,0
protein59,1,Cc1ccc2[nH]c(-c3nn(C)cc3-c3ccc4c(c3)OCCCO4)nc2c1,0
protein59,1,Cc1cccc(N(C(=O)c2cc3cccc(OCC4CCOCC4)c3o2)C(C)C)c1C,1
protein59,1,Cc1c(C(=O)OC(C)c2cccnc2)n(C)c2ccc(N3CCC(C)CC3)cc12,0
protein59,1,CC(C)C(=O)Nc1cc(-c2cn3c(c2Cn2ccnn2)NC(Cc2ccccc2)C3)ccc1C(F)(F)F,0
protein59,1,CCS(=O)(=O)N1CCc2cc(C(=O)N(CCCl)CCCO)ccc21,1
protein59,1,CCCC1=C(C2CCN(C(C)=O)C(=N)N2)CNCC1,0
protein59,1,COc1ccc(Nc2ncc3c(nc(C)n3C)c2[N+](=O)[O-])c2c1OCCC2,1
protein59,1,O=C1Nc2ccc(N3CCOCC3)cc2C1(OCCN1CCCCC1)c1ccccc1,0
protein59,1,Cc1c(C2CCCN(c3nccc(-c4cc(C(N)=O)c(N)nc4-c4cncc(F)c4)n3)C2)cccc1[N+](=O)[O-],1
protein59,1,CCCCn1c2ccccc2[nH]c2c3cc([N+](=O)[O-])ccc3nc3c2cccc31,1
protein59,1,CC=NNC(=O)C1COc2ccccc2C1,1
protein59,1,Cc1ccc(S(=O)(=O)Nc2ccc(C)c(C)c2)cc1,0
protein59,1,COc1ccccc1C(=O)NC1(CNS(=O)(=O)c2cc([N+](=O)[O-])c(C)cc2C)CCCCC1,0
protein59,1,CCC(C)(C)NC(=O)COc1cc(-c2n[nH]c3nccc(NCc4ccccc4)c23)ccn1,1
protein59,1,CCC(CO)NC(=O)C(CC(=O)N(Cc1ccc(F)cc1)c1ccccc1C(=O)O)C(N)c1ccc(F)c(C(F)(F)F)c1,0
protein59,1,CC(C)(C)OC(=O)NC1CCC(CC(C#Cc2ccc3c(c2)OC2CCCCC2(C)O3)(CS)n2ccnn2)CC1,0
protein59,1,Fc1cc(CNc2cc3c(c4nccnc24)CCCC3)ccc1I,1
protein59,1,CC1(C)CCC2=C(C1)NCCC21CCN(C(=O)c2c(O)noc2C(F)(F)F)CC1,0
protein59,1,O=C1Nc2ccccc2N(Cc2ccc(Cl)cc2Cl)C12CCNCC2,0
protein59,1,CCN1CCN(CC2CCCO2)C(=O)c2ccn(c2)CC(O)c2ccc(cc2)NC1=S,0
protein59,1,[NH-]c1nc(N)sc1-c1nc(N)nc2ccc(-c3cccc(F)c3)cc12,1
protein59,1,Cc1ccc2c(CN3CCCC3)cn(S(=O)(=O)c3ccc(C)c(C)c3)c2c1,0
protein59,1,CN1c2ccccc2C(NC(=O)c2cnc[nH]2)C1CCCOC(=O)C1Cc2ccccc2C1,1
protein59,1,Cc1ccc(C2c3ccccc3CCC2NS(=O)(=O)c2ccc(NC(=N)N)cc2)cc1,0
protein59,1,O=C1NC(=O)c2cc(CN3CCC(NC(=O)C4CCSc5ccccc54)CC3)ccc21,1
protein59,1,Cc1nc(-c2ccc(N)c(Cl)c2)oc1-c1nc2cccc(O)c2o1,1
protein59,1,O=C(C1CC1)N1CCCC2(CCS(=O)(=O)NC2)C1,0
protein59,1,CC=C1C(=O)N(CCCCN2CCN(C)CC2)c2cc(-c3cc4nc(N)nc(N)c4cc3OC)ccc21,1
protein59,1,Cc1ncc(Cl)c(Cl)c1-c1cc(NC(=O)c2ccc(OCCC3CCNCC3)cc2C(N)=O)ccc1OC(F)(F)F,0
protein59,1,NCC1CCN(S(=O)(=O)c2ccc([N+](=O)[O-])cc2)C1,1
protein59,1,O=C(Nc1ccc(CN2CCCCC2Cn2cccn2)cc1C(F)(F)F)C1CC1,0
protein59,1,CCOC(=O)c1csc(=Nc2ccccc2C(=O)O)n1C,0
protein59,1,CCn1c(SCC(C)N2CCN(C(=O)c3cn(C)nc3C)CC2)nc2ccncc21,1
protein59,1,CCCCNS(=O)(=O)c1cc(N)c(NC=C(C#N)C(=O)O)cc1Cl,0
protein59,1,CC(C)NCC(=O)N1CCCC1C(N)=O,0
protein59,1,ON=C1CCc2nc(N3CCCCC3)c(-c3cccc(OC(F)(F)F)c3)cc21,1
protein59,1,OC(CN1CCCC1)C1CC2(c3cccc(C(F)(F)F)c3)CCN1CC2CBr,0
protein59,1,Cc1ccc(N2CCOCC2)c(NC(=O)Cc2cccc(Cl)c2)c1,0
protein59,1,Cc1ccc(C(=O)N(c2cccc(C)c2)c2ncc([N+](=O)[O-])n2C)cc1,1
protein59,1,Cc1[nH]c(CNC(=O)c2c(-c3ccccc3OCc3ccccc3)nc3ccccn23)nc1C(C)(C)C,1
protein59,1,CCc1ccc(OCC2CCN(Cc3cccnc3)CC2)cc1,0
protein59,1,FC(F)C(Cl)(Cl)Cl,0
protein6,1,Cc1ccc(CN2CC(c3nc4sc5c(c4c(=O)[nH]3)CCCC5)C2)c([N+](=O)[O-])c1,1
protein6,1,CC1(C)CC=C(C(O)C2CCCCC2n2ccnc(-c3ccc(N)cc3)c2=O)CO1,0
protein6,1,Cc1sccc1-c1nnc(CC(=O)N2c3ccccc3S(=O)(=O)CC2c2ccc(-c3ccccc3C#N)cc2)[nH]1,0
protein6,1,CCc1ccccc1N(C(C)=O)c1ccccc1,0
protein6,1,Cc1nc2c3c(ccc2s1)C(=O)C(=O)N(c1ccccc1C(=O)N1CCCCC1)C3,0
protein6,1,CCC(C)Cn1cc(NC(=S)N(C(=O)C(C)(c2ccccc2)N2CCOCC2)c2ccccc2)cn1,0
protein6,1,NC(=O)c1ccccc1-c1ccc2c(N)nc(-c3cccc(C(F)(F)F)c3)nc2c1,1
protein6,1,CC(c1cc(C(=O)N2CCN3CCCCC3C2)c2ccccn12)(C(F)(F)F)C(F)(F)F,0
protein6,1,Cc1noc2c(-c3cccc(-c4nc5ccc(C(N)=O)nc5[nH]4)c3)cccc12,1
protein6,1,Cc1c(F)ccc(-c2nc3ncc(OCC(C)C)cn3c2N2CCNCC2)c1F,1
protein6,1,CCC(CC)C(=O)Nc1nnc(-c2c(Cl)cc(Cl)c(O)c2Cl)o1,0
protein6,1,Cc1sc2ccnc(CN(C)C3(c4ccccc4)CCCCC3)c2c1C(=O)O,1
protein6,1,O=S(=O)(c1ccc(-n2ncc(Cl)c2C(F)(F)F)cc1)N1CCOCC1,0
protein6,1,CC1(C)CCCC(Nc2nc(=O)n(CCN3CCOCC3)c3c(C(O)C4CC4)cc(-c4cccnc4)cc23)C1,0
protein6,1,CCCCCc1c(C(N)=O)nn2c1CN(C)C(C)C2,0
protein6,1,Cc1cccc(-n2c(=O)n(CCCN3CCN(c4ccnc(C)n4)CC3)c3ncccc32)n1,0
protein6,1,Cc1c(C)n(CN(C)C)c2cc(SCc3ccc(F)cc3)ccc12,1
protein6,1,NC(=O)c1cccc2c(N3CCN(Cc4ccc(F)cc4Cl)CC3)ncnc12,0
protein6,1,CCC(CC)CCNc1nc(N)ncc1-c1ccc(C(=N)N)cc1Cl,0
protein6,1,CCN1CCN(c2c(OC)c3ccccc3oc2=O)c2cc(C(=O)O)ccc21,1
protein6,1,O=C1OC(c2ccccc2)(c2ccccc2)CCN1CCCn1ccnc1,0
protein6,1,Nc1c2c(n(Cc3ccc(OC(F)(F)F)cc3)c1[N+](=O)[O-])CC(O)C2,1
protein6,1,Cc1c(C(N)=O)c(Cl)nn1-c1nccc(Oc2c(Cl)c(=O)[nH]c3ccccc23)n1,1
protein6,1,Cc1cc(C)c(Oc2ncnc(N=CN(C)C)c2[N+](=O)[O-])c(C)c1,1
protein6,1,Cc1ccc2nc(C(=O)C3CCN(C(=O)C4CCCN(S(=O)(=O)c5cn(C)nc5C)C4)CC3)[nH]c2c1,0
protein6,1,CCCC(NC(=O)Cc1ccccc1Cl)C(=O)N1CCc2ccccc21,0
protein6,1,CC1(C)CCN(Cc2ccc(Cl)cc2)CC1(O)C(N)=O,0
protein6,1,CCCC(Nc1nc(N)c2c(Cl)c(S(=O)(=O)N3CCCCCC3)ccc2n1)c1cccnc1,0
protein6,1,Cc1c(-c2ccccc2)ccc2ccn(CCNC(=O)CN3CCC(C)CC3)c12,0
protein6,1,CC1(CC(=O)Nc2cc(Cl)ccc2-n2cnc(-c3cc(Oc4cncnc4)cc(C(F)(F)F)n3)c2)NCCC1CN,1
protein6,1,CC(C)CCC(C)(C#N)NCCc1ccc(S(N)(=O)=O)cc1Cl,0
protein6,1,Cc1ccc2c(c1Nc1ccc(Cl)nc1)C1=NC2CCC(C)C1,0
protein6,1,CC#CCn1nc(Oc2ccc3c(c2)CCCCC3(OC)C(=O)NC(C)CC)c2ccccc21,0
protein6,1,Cc1ccc(C(=O)CN2C(=O)NC(CS)C2=O)cc1C,0
protein6,1,CC1CCC(NC(=O)OCC(=O)N(c2ccc(F)cc2F)S(C)(=O)=O)CC1,1
protein6,1,CC(C)=CCn1cc(C(=O)C(=O)N(C)c2cc(Cl)c3c(c2)nc2n3CCOC2)c2ccccc21,1
protein6,1,NC(=O)C1CCc2cc(-c3nc(N)ncc3-c3ccccc3)cc(Cl)c2N1,0
protein6,1,O=C(O)c1c2n(c3c(F)c(-c4ccccc4)c(F)cc3c1=O)CCN2,0
protein6,1,CCCCCNc1nc(-c2cccc(C(C)(Cc3ccccc3)C(=O)O)n2)cs1,0
protein6,1,O=C(Nc1nc2c(C(F)(F)F)cccc2[nH]1)c1cc(O)ccc1Oc1ccccc1,1
protein6,1,CCCCc1noc(-c2ccccc2Cl)n1,0
protein6,1,CC(C)(C)CC(C)(CCS(=O)(=O)Nc1ccc(N2CCOCC2)cc1)N1C(=O)COC1=O,1
protein6,1,CC(C)N1c2nc3ccccc3cc2CC1CC(=O)NN=C1C(=O)N(C)c2ccccc21,1
protein6,1,CCn1cc(C(=O)O)c(=O)c2ccc(-c3cc(OC)cc(OC)c3)nc21,0
protein6,1,CCn1cc(C(=O)NN=C(C)c2cc(OC)ccc2O)nn1,1
protein6,1,CS(=O)(=O)N1CCc2cccc(C(=O)NC3CCC(c4cc(F)c5ccccc5n4)CC3)c21,1
protein6,1,CCc1cc2[nH]c3c(c2cn1)CN(C(=O)c1ccccc1)CC3,0
protein6,1,N#Cc1ncc(-c2ccc(C3(CNCCCN4CCOCC4)CCN(S(=O)(=O)c4cccc(C(F)(F)F)c4)c4ccccc43)cc2)cc1F,0
protein6,1,CC1CC(C)CN(S(=O)(=O)c2ccc(NC(=O)Cc3nc4ccccc4s3)cc2)C1,0
protein6,1,CCN(C)C(=NO)C(C#CC1CC1c1ccccc1)N1CCCC1,1
protein6,1,CC(C)C(CO)Nc1ccc(NC(=O)c2cnccn2)c(OCc2ccccn2)c1,0
protein6,1,Cc1ccc(-c2nn(C)c(C)c2Cl)c(-c2c(N)ncc3c2CCCC(O)C3)n1,1
protein6,1,CCn1cc(C(=O)N2CCC(C)N(c3nccc(-n4cc(C(F)(F)F)nc4-c4ccccn4)n3)CC2)cn1,0
protein6,1,O=C(NC1=NCCN1)c1ccccc1S(=O)(=O)Nc1ccc(F)cc1,0
protein6,1,CC1(C)CCc2cc(C(C)(C)C)cc([N+](=O)[O-])c2O1,0
protein6,1,Cc1c2nc(N3CCN(C(=O)c4ccc(F)cc4F)CC3)ncc2nn1-c1ccccc1,1
protein6,1,CCCCCC(=O)N1CC(CN(C)C)C(=O)NC2CCCCC21,0
protein6,1,CCNC(=O)C=C1C(=O)N(C2CCCCCC2)c2ccc(F)cc21,0
protein6,1,CCn1cc(N)c(-c2cnc(Cl)c(Oc3ccc4c(c3)C(N(C)CC3(F)CCOCC3)OC4(C)C)c2)n1,1
protein6,1,CC(C)Cc1cc(C(=O)N(C#N)Cc2cc(F)ccc2Cl)n(-c2ccccc2)n1,0
protein6,1,Cc1cccc(NC(=O)c2cc(Cl)cc(S(=O)(=O)NC3CCCCCC3)c2Cl)c1,0
protein6,1,Cc1[nH]ncc1-c1ccc(C(=O)Nc2ccc(NC(=O)COC(=O)c3cn(C)c4cc(F)ccc34)cc2)cn1,0
protein6,1,Cc1ccccc1NC(=O)c1sc(C)c(S(=O)(=O)N2CCc3ccccc32)c1C,0
protein6,1,CCC1COc2c(OC)cccc2-c2nc(c(C)[nH]2)C(=O)N1CC,1
protein6,1,Cn1ccc2c(-n3cc(O)c(C(=O)O)n3)ccnc21,0
protein6,1,Cc1cc(Cl)cc(-c2c(CO)nc3nc(N4CCN(C)CC4)ccn23)c1,0
protein6,1,Cc1ccc2[nH]c(Nc3nnc(-c4ccc(C)c(S(=O)(=O)N(C)C)c4)s3)nc2c1,0
protein6,1,CCN1C(=O)C(=Cc2ccc(C)c(C)c2)[S+]([O-])C1=S,0
protein6,1,Cc1ccc(-c2cn[nH]c2C(N)=O)cc1,0
protein6,1,O=C(O)c1ccccc1-c1cc(N2C(=O)Cc3ccccc32)nc2ccccc12,0
protein6,1,CC(C)CC1OS(=O)(=O)c2c1nc1c(c2N)CCc2ccccc2-1,1
protein6,1,COc1ccc(Cn2c3c(c4ccccc42)CCC(C)C3CNC(C)C(=O)O)cc1,1
protein6,1,Cc1ccccc1CS(=O)(=O)c1ccc(-c2ccc(C(=O)N=C(N)N)s2)cc1,0
protein6,1,Cc1ccccc1-c1nnc(O)c2c1CCCC2,1
protein6,1,Cc1nn(-c2ccc(C(=O)Nc3ccccn3)cc2)c(C)c1C(F)(F)F,0
protein6,1,Cc1oc(-c2ccc(N)cc2)cc1C(C)C,1
protein6,1,CCC(CCC1CCCNC1C1OC(=O)c2cnc3c(F)c(F)ccc3c21)C(C)N(C)C(=O)CCS(C)(=O)=O,1
protein6,1,NC(=O)c1cnc(Nc2cccc(F)c2)c(-c2ccc(Cl)cc2)n1,0
protein6,1,Nc1nc(I)c2cc(S(=O)(=O)N3CCc4cc(Cl)ccc4C3)ccc2n1,0
protein6,1,CC(C)CC(NC(=O)c1cc(-c2cccc(OC(F)(F)F)c2)nn1C)C(=O)N1CCCC(C(F)(F)F)C1,0
protein6,1,CCCS(=O)(=O)N1CCN(c2nc(NC3CCCCC3)c3ccccc3n2)CC1,1
protein6,1,CC1CC(Oc2ccccc2C(=O)Nc2ccc(Nc3ncnc4c3C3(CCCC3)CCO4)c([N+](=O)[O-])c2)C1,1
protein6,1,Cc1cnc(C(=O)N2CCN(CC(F)(F)F)CC2)cn1,0
protein6,1,CCN(CC)Cc1cnc2c(C(O)(C(F)(F)F)C(F)(F)F)c3n(c2c1)CCCCC3,0
protein6,1,Cc1cccc2c1nc1n2C(c2ccc(Cl)cc2Cl)Cn2cc-1cn2,0
protein6,1,CCOC1OCCCC1Cc1cc(Cl)c(OCC(=O)O)c(Cl)c1,0
protein6,1,Nc1c2c(ccc3cccc(F)c32)nn1-c1ccccc1Cl,1
protein6,1,CC1CN2CC3(Cc4ccccc42)C(=O)N(C(=O)C3C(C)C(C)C)c2cccc(c2)O1,0
protein6,1,CCN1C(=O)n2c(cc3ccccc32)C2(CCCC2)C1=O,1
protein6,1,Cc1sc(NC(=O)c2cccc(S(=O)(=O)N(C)CC(C)C)c2)c(C#N)c1-c1ccc(F)cc1,0
protein6,1,CN1CCC(c2ccc(-c3cccc(C#N)c3)cc2)CC(C)(C)C1=O,0
protein6,1,O=C(c1cnc2ccccc2c1)c1ccc2c(c1)[nH]c(=S)n2C(=O)C(O)c1ccccc1,0
protein6,1,CCc1ccccc1Nc1c(CN2CCCCC2)cnc2cc(C(=O)O)ccc12,0
protein6,1,COP(=O)(O)OP(=O)(O)O,0
protein6,1,Cc1cccc(C)c1Nc1nccc(Nc2cccc(N3CCCC3)c2)n1,1
protein6,1,NCCCSC(CS)c1c(Cl)cccc1Cl,0
protein6,1,CCCCN1CC(=O)NCC2c3nc4ccc(OC)cc4c(c31)-c1ccccc1C1(CCCC(O)C1)CCN2C(C)=O,0
protein6,1,Sc1ncc2nc3n(CCBr)c2c1S3,1
protein6,1,CCN(CC)CCNC(=O)c1nc2ccccc2cc1-c1cccc(Cc2ccccc2)c1,1
protein6,1,Cc1cnc(C2CN(Cc3nc4cc(Cl)ccc4[nH]c3=O)CCO2)c(C)n1,0
protein60,1,Cc1cc(C(C)(C)NC(=O)NCC2CCN(S(C)(=O)=O)CC2)on1,0
protein60,1,CC(=O)c1cn(C2CC3(CCN(Cc4cnc(N)nc4)CC3)Oc3ccccc32)c2ccc(F)cc12,1
protein60,1,CCS(=O)(=O)NC(=O)c1ccc(Cc2cc(C)cc(C)c2NC(=O)C(C)NC(=O)C2CCCC2)cc1Cl,0
protein60,1,Cc1ccccc1[S+](C)[O-],0
protein60,1,CCc1cnc2n(c1=O)CCN(CCCN1CC(C)(C)Oc3c1[nH]c1ccccc31)C2,0
protein60,1,CCn1nc(C(=O)Nc2ccc(Nc3ccc(F)cc3)cc2)c2ccccc2c1=O,1
protein60,1,CCc1ccc(C(=O)NN=Cc2ccc([N+](=O)[O-])o2)cc1,1
protein60,1,Cc1ccc(C)n2c(=O)c3sc(N4CCCC4c4cc(NC(=O)C5CC5)nn4C)nc3cc12,1
protein60,1,Fc1c[nH]nc1N1CCN(CCc2c[nH]c3ccc(Cl)c(Cl)c23)CC1,0
protein60,1,CCN(CC)CCn1c(=O)c(-c2cnn(C3CCOCC3)c2Nc2ccc(OC(F)(F)F)cc2)nc2ccccc21,1
protein60,1,Cc1ccccc1CCNc1ncc(N)c(CC(C)C)n1,1
protein60,1,CCc1ccc2c(c1)OC1C=CCC1C(=O)Nc1ccc(cc1)CN(C1CCCCC1)C(=O)CCCO2,0
protein60,1,CC(=O)OC1CN(C(=O)c2cccc3ccn(C(=O)Oc4cccc(Cl)c4)c23)CC1(C)C,0
protein60,1,N=C1CN(CCc2ccccc2-c2ccccc2)CCS1,0
protein60,1,CCCCC1CCN(c2c3c(nc4ccccc24)CCN(CC(N)=O)C3)CC1,0
protein60,1,CC(C)CCNC(=O)c1cc2ccnc(N3CCNCC3)n2n1,0
protein60,1,COc1cc(-c2cnc3c(C(=O)NC4CCCC4)c(C)n(Cc4ccccc4C#N)c3c2)ccc1C,1
protein60,1,NC1=NC(=O)C2(CCc3cccc(OCc4ccccc4)c3C2O)N1,1
protein60,1,Cc1[nH]c2ccccc2c1CNc1c(C(F)(F)F)cc2sc(CC(=O)Nc3nc(C(C)C)cs3)nn2c1=O,0
protein60,1,Nc1nc(C2CCCO2)n2ncc(-c3cc(C(=O)Nc4cccc(F)c4)ccc3Cl)c2n1,0
protein60,1,CCN(C)S(=O)(=O)c1ccc(OC(=O)c2ccc(Cl)c([N+](=O)[O-])c2)cc1Cl,1
protein60,1,O=C1c2cccnc2C(CCCN2CCC(Oc3ccccc3)CC2)CN1CC1CCCO1,0
protein60,1,CCN(C)C(=O)CCC(=O)c1cc2ccccc2nc1O,1
protein60,1,CCC(C)NC1(c2cc(C3CCNC3)n[nH]2)c2ccccc2Cc2ccccc21,0
protein60,1,O=C(O)C1CC(O)CN1Cc1ccc2c(O)c1C(Cc1ccccc1)C(Cn1ccnc1)O2,1
protein60,1,CC1CCCC(O)(C(CCl)C(N)Cc2ccc(O)cc2)C1,0
protein60,1,CCN(CC)C(=O)Nc1cccc2c1c(CCO)c(N)n2Cc1ccc(OC(F)(F)F)cc1,1
protein60,1,CCn1cc(NC(=S)NC(=O)C2(C)CCN(Cc3ccc(OC(F)(F)F)cc3)CC2)cn1,0
protein60,1,CC(C)c1cc(C2c3cc(O)c(O)cc3C(=O)C2N2CC3(CO)CCN(C3)C2=O)cc(C#N)c1Cl,0
protein60,1,CCCCC1CNCC(=O)Nc2ccc(F)cc2S1(=O)=O,0
protein60,1,CCCCN1C(=O)C(CS)CCC(C)c2nc1c1ccccc1n2,0
protein60,1,Cc1cc(-c2cnc3c(C#N)cc(C)n3c2Nc2ccccn2)c(Cl)cc1S(C)(=O)=O,0
protein60,1,O=C(CN1CCCCC1)Nc1ccc(Cl)cc1Nc1ccc2c(O)ccc(O)c2n1,1
protein60,1,O=CNc1ccccc1-c1cc(C(F)(F)F)nc2c(CN3CCCCC3)cccc12,1
protein60,1,Cc1cccc(C(=O)Nc2nnc(-c3cccc([N+](=O)[O-])c3)s2)c1,1
protein60,1,CCC(CCC1CCCN(C)C1)Nc1nc(N)nc2c(C=CS(=O)(=O)c3ccc(Cl)cc3)c[nH]c12,0
protein60,1,CCCS(=O)(=O)N1CCC(NCCCCCF)c2cccc(O)c21,0
protein60,1,CCOCCN(C(=O)c1ccc2c(c1)N(C(=O)NC)C(C)CO2)C(C)(C)C,1
protein60,1,CCCCC(C)CN1CC(O)C2C(CCCN2CCc2ccc(N3C(=O)COC3=O)c(C)c2C)C1=O,0
protein60,1,CCCC12Cc3[nH]nc(-c4ccccc4O)c3C(=N1)Nc1nn(C)c(C)c12,1
protein60,1,O=C(Nc1c(F)cccc1F)c1cc(-c2cccc(F)c2)nn(-c2ccccc2F)c1=O,0
protein60,1,Cc1ccc(C)n1-c1csc(NC(=O)C2CCCCC2)c1C(N)=O,0
protein60,1,CCCc1nc(C(=O)N2CCN(Cc3ccc(OC)c(OC)c3)CC2)co1,0
protein60,1,CCc1cnn(S(=O)(=O)c2ccc(Nc3cc(C(F)(F)F)ccc3CC)cc2)c1,0
protein60,1,Cc1ccc(C(F)(F)F)cc1N1CC2CCN(CC2F)c2cnc(C)c(n2)C1=O,1
protein60,1,CCN(c1cc(-c2ccc(C)c(F)c2)nc(N(C)C)n1)S(C)(=O)=O,0
protein60,1,CC(C)C(C(=O)NCc1ccccc1)N1CCN(C(=O)OC(c2ccccc2)c2ccccc2)CC1,0
protein60,1,CCOC(=O)C12CCC1C(=O)N(CCCCC(N)Cc1ccc(Cl)c(Cl)c1)c1ccccc12,0
protein60,1,O=C(c1ccc(-c2ccc(F)cc2)o1)N1CCOCC1,0
protein60,1,CCn1cc(-c2cccc(C(=O)N3C(=O)C(O)CC3C(C)(C)C)c2)c2c(OC)cccc21,1
protein60,1,CCn1c(-c2ccncc2)nc2cc(NC(=O)c3cc(Cl)nc4ccccc34)ccc21,0
protein60,1,Cc1nnc2sccc2c1C(=O)Nc1ccc(F)cc1F,0
protein60,1,CCN1CCC1(C)C(=O)Nc1nc(-c2ccccc2OC)cs1,0
protein60,1,Cc1nc2cc(-c3ccccc3)nn2c(Nc2cccnc2)c1C,0
protein60,1,O=C1CCCN1C(S)=Nc1nccc2ncccc12,0
protein60,1,CS(=O)(=O)c1ccc(C2CC(C(=O)NCCN3CCOCC3)CN(C(=O)Oc3ccc(Cl)cc3)C2)cc1,0
protein60,1,Cc1cccc2c3c(c(O)nc12)CCc1c-3[nH]c2ccccc12,1
protein60,1,CCc1ccccc1C(=O)NC(=O)CN1CCC(CCS(=O)(=O)c2ccc(Cl)cc2)CC1,0
protein60,1,CC(C)Nc1nccc(N2C(=O)OCC2C2CCCN(c3ncccn3)C2)n1,1
protein60,1,CC(=O)C1N(C(C)=O)c2cc3[nH]c(-c4nn5c(C)c(-c6ccc(Cl)cc6)c(C)nc5c4C#N)cc3cc2C1(C)C,1
protein60,1,CC(C)CCc1cccc2c1Cc1cc(O)c(O)cc1C(OC(=O)N1CCOCC1)C2,0
protein60,1,O=C(Nc1cncc(Oc2c(F)cccc2F)c1)c1cc(=O)n2ccccc2n1,1
protein60,1,Cc1ccccc1Nc1cnccc1-c1nc2c3c(ccc2[nH]1)C(C)(C)C=C(O)C3=O,1
protein60,1,Cc1cn(-c2nccc(N3C(=O)OCC3C(C)CCn3nc(-c4ccccc4)c4ccccc4c3=O)n2)c(C(F)(F)F)n1,1
protein60,1,CCn1cnc2c(nc(C=C(OCCOC(C)(C)C)C(Cl)(Cl)Cl)n2-c2cccc3c2CCc2ccccc2-3)c1=O,0
protein60,1,CC(C)CC1C(O)CN(C(=O)c2ccco2)C(Cc2cccnc2)C(=O)N1Cc1ccc(C(=N)N2CCC(C#N)CC2)cc1,0
protein60,1,CCn1c(=O)c(C(=O)NC(C)c2ccccc2)c(O)c2ccccc21,0
protein60,1,CC(C)C(n1ccnc1)C1(O)CCN(C(=O)c2ccc(N3CCCCC3)c3cccnc23)CC1,0
protein60,1,O=C1Nc2cc(Cl)ccc2C1=NO,1
protein60,1,CCCc1cc2c(nc1Nc1nnc(C)s1)CCCC2,0
protein60,1,Cc1ccccc1-n1nc(C(=O)O)c2c1nc1c3ccccc3nc-1n2C,1
protein60,1,CCOc1nc(-c2ccc3c(c2-c2ccncc2)C2CC(C)(CO2)O3)cc2c1CC(O)C(C)(C)O2,1
protein60,1,CCOC12CCCC(CCN1CCN(CCOC)C(=O)C1COc3ccccc3O1)C2,1
protein60,1,CCS(=O)(=O)NCCCCN1C(=O)C(C)c2ccccc21,1
protein60,1,CCN1C(=O)C(=O)C(c2ccc([N+](=O)[O-])cc2)Cc2cc(S(N)(=O)=O)ccc21,1
protein60,1,CC(C)Oc1cccnc1N(C)Cc1cccc(-c2n[nH]cc2Cn2cc(C(F)(F)F)cc(N)c2=O)n1,0
protein60,1,O=C(Nc1cccc(Cl)c1Cl)c1ccc([N+](=O)[O-])o1,1
protein60,1,O=C1NC2CCC(CC=C3C(=O)N3c3cccc4c3CCC1C4)OC2,1
protein60,1,COc1cc(CC(C)(C)C(C)=O)cc2c1C(C)NCC2,0
protein60,1,CCN(CCO)Cc1cc(-c2ccc(N(C)C)cc2)c2cccnc2c1O,1
protein60,1,Cc1cnc2c(CC(=O)Nc3ccc(NC(=O)c4ccccc4N4CCOCC4)cc3C(F)(F)F)cccc2c1,1
protein60,1,CCc1ccc(Cn2c(SCC(=O)N(C)C)nc3ccccc3c2=O)cc1,1
protein60,1,CC(C)(C)n1ccc(=O)c2c(O)ccc(C3CC3)c21,0
protein60,1,CCS(=O)(=O)Nc1ccc(C2(C)CCNC(C)=N2)cc1-c1cc(C(C)(C)C)c(OC(C)C)n2c(-c3ccccc3)nnc12,0
protein60,1,CCC1c2nn(C)cc2CN1C(=O)c1cnn(CC2CCCC2)n1,0
protein60,1,CC1(C)CCC(CNC(=N)Nc2nc3ccc(F)cc3s2)CO1,1
protein60,1,Nc1nc(-c2cccc(F)c2F)c(-c2cccnc2)n1CC1OC(CCN2CCCCC2)CN1C(=O)c1cnccn1,1
protein60,1,CCC(C)CCNc1cc(-c2cc(C(F)F)nn2-c2ccc(S(=O)(=O)F)cc2)nc(C)n1,0
protein60,1,Cc1ccc(NC2CN(C(=O)CC(C)(C)C)c3ccccc32)cc1,0
protein60,1,CC(C)CCN(C)CC1=CC(CN2CCCC2)c2ccc(OCCCS(=O)(=O)C3(Cl)CCCCC3=NNC(N)=S)cc2CC1(C)C,0
protein60,1,O=C(O)c1[nH]c(Cc2ccc(F)cc2)c2ccccc12,0
protein60,1,CCCCNc1c(-c2cccc(C(F)(F)F)c2)cnc2nc[nH]c(=O)c12,0
protein60,1,CC(=CC(N)=O)NCc1ccc(C(=NNc2cccc(Cl)c2)C2(N=O)Cc3ccccc3C2)o1,1
protein60,1,Nc1c2c(=Nc3cc([N+](=O)[O-])ccc3I)cnn(C(CCl)C(F)(F)F)c2cn1C1CCCCC1,1
protein60,1,CCn1c(CNC(=O)CCN(C)C(=O)c2ccccc2OC2CCCC2)nc2cc(Cl)c(Cl)cc21,0
protein60,1,CC1(S(=O)(=O)NC(=O)c2cccc(F)c2F)CCCCC1,0
protein60,1,O=C(Nc1cccnc1F)c1c(Cl)cccc1S(=O)(=O)Nc1ccc(F)cc1,0
protein60,1,CC(C)CCCC(C)(C)C1COc2cc(O)c(O)cc21,0
protein60,1,O=C1C(=O)N(Cc2ccccc2F)c2c1ccc(Cl)c2Cl,0
protein60,1,CCN(CC)C(=O)C(CC1c2c(cc(OC)c(N(CC)S(=O)(=O)c3cc(-c4cccc(F)c4F)ccc3C)c2C(C)C)CC(=O)N1C)OC,1
protein61,1,CC1(C)CC(O)CC(Oc2cccc(-c3cc(C4=NC5(CCCC5)CN4)no3)n2)C1,0
protein61,1,CCN1CCc2c(c3ccccc3n2-c2ncc(C(=O)N3CC(Oc4ccnc(C(F)(F)F)c4)CCC3C)cc2O)C1=O,1
protein61,1,CCc1ccc(NC(=O)c2c3n(c4ccc(OC)cc24)CCCN3)cc1,0
protein61,1,Cc1ccc(C(C)C)c(Oc2nc(N3CCCCC3)nc3nn(C(C)C)cc23)c1,0
protein61,1,COC(CO)N1CCN(C(c2cc(NC(=O)c3cc4cc(F)ccc4[nH]3)nc(C(C)(C)C)c2)C(C)C)CC1,0
protein61,1,CN(C)CC1CCC(c2ccc(-c3ncc4c(N)cc(N)nc4n3)cc2C(F)(F)F)CC1,1
protein61,1,Oc1cccc(C2CC(c3ccc(OC4CCCCC4)cc3)=NN2C=S)c1O,0
protein61,1,CC1CCCN1c1c2c(c(O)c3ccccc13)C(C(=NO)c1ccc(C(F)(F)F)cc1)C(=O)N2C,1
protein61,1,CCCNC1=NC(C)C(=O)N1c1cc(C)cc(-c2ccsc2)c1,1
protein61,1,Cc1nn(C)c(-c2nnc(O)c3ccccc23)c1NC(=O)c1ccccc1Cl,0
protein61,1,CC(NCc1[nH]c(S(C)(=O)=O)nc1-c1ccc(O)c(F)c1)C1CCCCC1,0
protein61,1,CCOc1ccc(-c2cnn3c(OC(F)(F)F)cc(S(=O)(=O)N4CCCCC4)nc23)cc1,1
protein61,1,Cc1ncc2sccc2c1C(C(=O)Nc1ccc(-c2ccc(N3CCCN(C)CC3)nn2)cc1)N(C)C,1
protein61,1,Cc1cccc(C)c1Nc1oc2cnccc2c1NC(=O)c1ccc(C(C)(C)N)cc1,0
protein61,1,N=C(N)Nc1ccccc1CCc1cc(F)c(N)cc1NC(=O)c1cccc(CP(=O)(O)O)c1,0
protein61,1,Cc1ccc2c(c1)C(C)(OC(=O)C(F)(F)F)CC(C)N2S(=O)(=O)c1ccc(NC(=O)CSc2ccncc2)cc1,0
protein61,1,CCS(=O)(=O)N1CCOC(c2ccnc(-c3ccccc3)n2)C1,0
protein61,1,CCCS(=O)(=O)N1CCN(C2CCCC2)c2ccc(C(=O)N(C)C)cc21,1
protein61,1,Clc1ccc(-c2ccoc2)c(Br)c1,0
protein61,1,CCCCC1CCN(CC(O)CNC(=O)C2CC2)CC1,0
protein61,1,CCNC(=O)CN1C(=O)c2ccccc2C1(O)c1ccccn1,0
protein61,1,Cc1ccc(-n2ccc(-c3ccc4cc(C(=O)N(C)C(C)(C)C)cc(=N)n4c3)cc2=O)cc1Cl,0
protein61,1,Cc1ccc(-c2ccc3c(c2)OCO3)c(-c2nnc(N)s2)c1,1
protein61,1,CC1(C(=O)O)CCCc2c1c(=O)[nH]n2OC1CCOCC1,0
protein61,1,O=C(c1cnc2ccccn2c1=O)N1CCCc2ccc(Cl)cc21,0
protein61,1,NC(=O)c1cn(C2CC2)c2nc(Sc3ccc(C(F)(F)F)cc3[N+](=O)[O-])sc2c1=O,1
protein61,1,O=C(CCC=C1CCN(c2ncccn2)CC1)Nc1cncc(Cl)c1,0
protein61,1,Cc1ccc(S(=O)(=O)N(C)CCOCCN2CCC(c3csc4ccccc34)CC2)cc1,0
protein61,1,CCCC(C)(C)c1cc(N2CCC(c3cnccn3)C2)nc(C)n1,0
protein61,1,CCN1CCN(C(=O)c2ccccc2Oc2ccccc2)CC1,0
protein61,1,Cc1cc(=O)n2nc(Nc3ccc(Oc4cccc(C(F)(F)F)c4Cl)cc3)sc2n1,0
protein61,1,CC(C)Cc1ccc(S(=O)(=O)N2CCC(CNCc3ccccc3N)CC2)cc1,0
protein61,1,COC(=O)C(Cc1ccc(F)n1C)=C(C)NS(=O)(=O)c1ccccc1C(F)(F)F,0
protein61,1,CCOC(=O)C1c2c(Oc3ccc(C(C)=O)cc3OCC)ccc([N+](=O)[O-])c2CC1OCCO,1
protein61,1,CCCC1CNC(=O)C1NC(=O)c1ccc2c(c1)-c1[nH]cc(CC)c1C1(CCN(C(C)=O)CC1)C2,0
protein61,1,Nc1nc2ccccc2n(CCCOc2cccc(C(F)(F)F)c2F)c1=O,0
protein61,1,CCCCNC(=O)c1ccccc1Nc1cc(C#N)ccc1Oc1ccccc1,0
protein61,1,CC(C)C1C(=O)Nc2ccc(-c3cnc(N)cc3-c3nc4cccc(CNC(=O)C5CCC5)c4[nH]3)cc21,1
protein61,1,O=C(Nc1ccccc1-n1cccn1)c1cnc(Nc2ncccn2)s1,0
protein61,1,CCN(CC)CCN1C(=O)CCCOc2cc(F)cc(c2)C1c1ccc(C(F)(F)F)cc1,0
protein61,1,CN(C)C=CC(=O)c1ccccc1OCCOc1ccccc1,0
protein61,1,CCN(CC)S(=O)(=O)c1ccc(N2CCN(C)CC2)c(NC(=O)c2cnc(NC3CC3)nc2Cl)c1,0
protein61,1,CCc1cccn2cc(-c3cccc(NC(=O)c4ccccc4N)c3)nc12,1
protein61,1,CCCC1c2c(nc3ccccc3c2O)C(Cc2nc(N)c3ccccc3n2)CN1C(=O)c1nccc(C)c1C,1
protein61,1,Cc1ccnc(NC(C)CCN2CCCC(c3ccn[nH]3)C2)c1,0
protein61,1,Nc1ccnc(OC(c2ccccc2)c2ccccc2)n1,1
protein61,1,CC(C)C1CNCCC1(CNC(=O)c1ccccc1Nc1ccnc2cc3c(c(C#N)c12)CCC3)c1ccccc1,0
protein61,1,CCOc1ccc(C)cc1S(=O)(=O)N(C)CC(=O)NCc1ccccn1,0
protein61,1,CCC1CCN(c2cc(-c3ccc(F)cc3)nn2-c2ccc(CC(=O)NO)cc2)C1,0
protein61,1,CC(C)=CCC1CC(n2c(=O)n(C)c3cc(C#N)ccc32)c2c(F)cccc21,1
protein61,1,Cc1nc(-c2cc3c(Cl)c(N4CCN(C)CC4)nc(C(C)NC(=O)c4ccncc4C)n3n2)cs1,0
protein61,1,Cc1ccc(N2CCN(C(=O)c3ccc4c(c3)OCCO4)CC2)cc1F,0
protein61,1,Nc1nc(-c2ccc(C(F)(F)F)cc2)cc(N2CCCC2CCO)n1,0
protein61,1,O=C(Nc1ccc(Cl)c2c1nc(NO)c1ccccc12)C(F)(F)C(F)(F)F,1
protein61,1,CC(C)c1ccc(NC(=O)C2c3ccccc3S(=O)(=O)N2CCCCCCO)cn1,0
protein61,1,O=C1Nc2ccccc2C12Sc1ccccc1-c1cc3ccccc3n12,1
protein61,1,NC1C2=CC(CCC2)C1C(=O)O,0
protein61,1,Cc1ccc(S(=O)(=O)c2cn(CC(=O)Nc3ccc(Cl)cc3C)c3ccccc23)cc1,0
protein61,1,O=C(CSc1ccc([N+](=O)[O-])cc1[N+](=O)[O-])NN=Cc1ccc(O)cc1,1
protein61,1,O=C(Nc1ccc(-n2sccc2=O)c(F)c1)c1ncc(Oc2ccccc2C(F)(F)F)c(=O)n1CC1CCNCC1,0
protein61,1,NC1(C(F)(F)F)CCC(c2cccc(Nc3nccc(-c4cncc(F)c4)n3)c2)CC1OCc1cccnc1,0
protein61,1,N#Cc1ncsc1N1CCN(Cc2ccccc2CN2CCCC2)CC1,0
protein61,1,CC(=O)Nc1ccc(CC2(c3ccccc3C)CCCN2C)cc1,0
protein61,1,CCCCCC1CCCCN1c1c(Cl)cnc(-n2nc3ccccc3c2N)c1F,0
protein61,1,CCCC=C1C(C)(c2cc(N)ccc2OC)C(C)CN(O)C1(O)F,1
protein61,1,CCn1c(=O)c(-c2ccc(C)cc2)c(Sc2ccc(C(F)(F)F)cn2)c2ccccc21,1
protein61,1,O=C(Nc1nccs1)c1ccc(S(=O)(=O)N2CCCCC2)c(-c2ccccc2)c1,0
protein61,1,Cc1cc(-c2c(C(C)(C)C)nc3cc(OCc4nn(-c5ccc(C(=O)N(C)C)cc5)cc4C4CC4)nn3c2C)c(O)nn1,0
protein61,1,Cc1cc(Nc2ccc(S(N)(=O)=O)cc2)nc2c3c(ccc12)C1(CCCC1)C(=O)N3,1
protein61,1,CC(=O)N1CCC2(CC1)CN(c1ccc(F)cc1F)C(=O)c1c2nn(-c2ccc(C#N)c(C(F)(F)F)c2)c1O,0
protein61,1,Cc1c(-c2cc(Cl)c(C(C(=O)NO)N3CCCC3=O)c(Cl)c2)cnn1C,0
protein61,1,CC=CC(C)N1CCC2(CCN(c3ccc(Cl)cc3C(=O)O)CC2)CC1,0
protein61,1,CC(C)c1nc(CN(Cc2ccccn2)C(=O)c2cccc(Cl)c2Cl)co1,0
protein61,1,Cc1nc(CN2CCC3(CC2)CCN(c2ccc(OC(F)(F)F)cc2)C3=O)cs1,0
protein61,1,CC(C)n1nccc1C1CCN(Cc2nccn2C)CC1,0
protein61,1,O=CCCN1CCCNC(=O)c2cc3ccccc3n2CC1,1
protein61,1,CCc1ccccc1N1CC(C(=O)N2CCN(C(c3ccccc3)c3ccccc3)CC2)CC1=O,0
protein61,1,Cc1ccccc1Nc1nccc2nc(CC(C)(C)C)c(N)n12,0
protein61,1,O=C(NCc1ccc(F)cc1)c1cccc(S(=O)(=O)N2CCOCC2)c1,0
protein61,1,O=C(Nc1ccc(C(F)(F)F)cc1)c1ncccc1Nc1cccc2cnccc12,0
protein61,1,CCC(CC)NC(=O)c1ccccc1NS(=O)(=O)c1ccccc1,0
protein61,1,CCn1c(=S)sc2c(Nc3ccc(F)c(OC)c3)nc(-c3ccco3)nc21,0
protein61,1,O=C1Nc2c(cccc2N2CCOCC2)C1=CC1CCCC1,0
protein61,1,CCCCCC(C)C1CCC(=O)N1C1CCN(C(=O)C(F)(F)F)CC1,0
protein61,1,CCOc1cccc(-c2ccc(N3CCNCC3)c(CN(CC)CC(=O)Nc3ccc(Cl)cc3)c2)c1,0
protein61,1,CCC(CC)CCC(CO)NC(=O)C(NC(=O)c1ccccc1F)C1(C)CC1,0
protein61,1,Cc1cccnc1Nc1nccc(-c2cc(OC(F)(F)F)c(C#N)cc2C(F)(F)F)n1,1
protein61,1,CCNc1cc(OC(C)=O)c(OC)cc1Cc1nncc2ccccc12,1
protein61,1,CCCOC(=O)c1ccccc1NC(=O)CS(=O)c1ccc(C)c(C)c1,0
protein61,1,Cc1cccc(C)c1OCC(=O)NCc1ccc(Cc2ccccc2)nc1,0
protein61,1,Cc1nc2n(n1)CCCN(Cc1ccco1)C2,0
protein61,1,Cc1cc(-c2ccc(OC(F)(F)F)cc2O)c2nc(N3CCC(N)CC3)n(C)c2n1,1
protein61,1,O=C1CCC(=O)N1c1ccc(-n2cc(-c3ccc(F)cc3)c(C(F)(F)F)n2)cc1,0
protein61,1,CCOC1C=C1NC(Cc1cccc(C(F)(F)F)c1)C(=O)N1CCCC1C(=O)N1Cc2ccccc2C1,0
protein61,1,C=C1CN(CCC)CCC1(c1ccnc2ccccc12)C(C#N)C#N,0
protein61,1,CCn1cc(CC(=O)NC(C)C2(OC)CCN(c3ncccn3)CC2)c2ccccc21,0
protein61,1,CC(C)CC(NC(=O)Nc1cc[nH]c(=O)c1)C(=O)NO,0
protein61,1,O=C(NCc1ccccc1F)C(=Cc1ccccc1Cl)OCC(=O)N1CCCCC1,0
protein61,1,O=C(NCC1CCN(S(=O)(=O)c2ccccc2)CC1)OCc1cc(Cl)cc(Cl)c1,0
protein61,1,CCOCc1nc(C(=O)NC2CCCC2)c(O)c(O)c1Cl,0
protein62,1,CCN(CC)C(=O)CN1C(=O)c2ccccc2C(=O)Oc2ccc(C#N)cc21,0
protein62,1,Nc1cccc(C(=O)NS(=O)(=O)C(F)(F)F)c1Cl,0
protein62,1,O=C1Nc2cc(NC(=O)C(Cl)(Cl)Cl)ccc2C1c1cccc(C(F)(F)F)c1,0
protein62,1,CCn1c(=NC2=CCCCC2C)c(OC)cc2cc(C)c(C)cc21,1
protein62,1,CC(=CC(=O)NCCCC(C)N)c1ccccc1,0
protein62,1,Cc1cc2nc(-c3ccc[nH]3)nc(N)c2c(F)c1C,1
protein62,1,CCN(CC)Cc1ccc2c(NCc3cccc(F)c3)ncnc2c1,0
protein62,1,CCS(=O)(=O)c1ccc(Nc2c(C#N)cnc3ccc(F)cc23)cc1,0
protein62,1,COc1c(-c2cc(C)nc(N3CCCC(C)C3)n2)nc2c(O)cccc2c1O,1
protein62,1,CCC1(NC(=O)c2c(N3CCCC3)c3ccccc3c3nc[nH]c23)C(=O)Nc2ccccc21,1
protein62,1,CCc1ccc(-n2nc(C)cc2N)nc1,0
protein62,1,CCC(CC)c1ccc(OCCCCCCCN(C)CC(N)=O)cc1,0
protein62,1,CC1CCc2nc(-c3cc(N)ccc3C(F)(F)F)nc(Nc3cccc(C#N)c3)c2C1,0
protein62,1,CC(C(=O)Nc1ccc(OCc2ccc3ncsc3c2)c(I)c1)n1cnc2ccccc21,0
protein62,1,Cc1ccc(C(O)(CN2CCC(C(=O)Nc3ccc(C)s3)CC2)Cn2cncn2)c(F)c1,0
protein62,1,CCCC(c1nc(NCc2ccc(Cl)cc2)c2ccccc2n1)N(C)C,0
protein62,1,O=Cc1cn(C(=O)C2(N3CCCC3)CCN(C(=O)c3cc(Cl)ccc3F)CC2)c2ccccc12,1
protein62,1,CCN(CC)Cc1c(C)n(CCC#N)c2cccc(-n3cccn3)c12,1
protein62,1,Cc1c(OCCc2cccc(F)c2)n(Cc2cccnc2)c2ccc([N+](=O)[O-])cc12,1
protein62,1,CCNc1ncc(-c2ccc(C3CCC34CN(S(C)(=O)=O)CCO4)cc2F)cn1,1
protein62,1,CSc1ccccc1C=O,0
protein62,1,CCOc1ccccc1N(CC(=O)Nc1c(F)cccc1F)C(=O)c1cnn2c(C)cc(-c3cccs3)nc12,1
protein62,1,CC1(C)CC(=O)c2c(-c3cc(F)ccc3F)nn3c2C1CCC3,1
protein62,1,O=C(c1ccc(O)c(O)c1)N1N=C(c2cccc(Cl)c2)CC1c1ccccc1[N+](=O)[O-],0
protein62,1,CC1(Oc2ccc(C(=O)NCCCN3CCCOCC3)cc2)CCCC1=NNc1cccc(C#N)c1,0
protein62,1,CCn1ncc2c(Nc3ccc(Cl)c(Cl)c3)nc(-c3ncccc3Cl)nc21,1
protein62,1,NC(=O)c1ccc(-c2c(-c3ccncc3)nc3sc(CC4CN(CC5(O)CCCCC5)CCO4)nn23)cc1,0
protein62,1,Cc1nsc(NC(=O)CN2CCS(=O)C2=O)n1,0
protein62,1,Cc1ccc(-n2ncc3c(NC(=O)C(C)C)nc(C)nc32)cc1,0
protein62,1,CCCCNC(=O)c1ccccc1NC(=O)c1cccc(N2CCOCC2)n1,0
protein62,1,CCc1cccc(C)c1Nc1c(-c2ccc(Cl)cc2)nn2c3c(ccc12)C(=O)OC3,0
protein62,1,CCC(C)C(=O)N1c2cc(C(=O)O)ccc2C2(O)C3c4ccccc4CCN3CCC12,0
protein62,1,Cc1cccc(Nc2ccc(N)cc2C=NNC(=O)c2ccncc2)n1,1
protein62,1,CCc1nnc(C(=O)Nc2ccccc2[N+](=O)[O-])s1,1
protein62,1,OC(C(F)(F)F)C(F)(F)C(F)F,0
protein62,1,Cc1nc(Oc2cccc(CC(C)(C)N)c2)c2ccccc2n1,1
protein62,1,CCOc1ncc2c(c1OCC(=O)Nc1cc(C)ccn1)CCc1c-2ccc2c1CCCN2CC,0
protein62,1,Cc1cc(C)n(-c2ncc(-c3cn(CCN(C#N)C(=O)OC(C)(C)C)cn3)cc2C)n1,0
protein62,1,CCN(CC)C(=O)c1nc2sc3nn2c1SCC(=O)Nc1ccc(c(C(F)(F)F)c1)-c1cccc-3c1O,1
protein62,1,O=Cc1ccccc1Nc1nc(Nc2cccc(Cl)c2)ncc1F,0
protein62,1,CC(C)CC1=C(CNC(=S)Nc2ccccc2)CCS1,0
protein62,1,CCN(C)Cc1cc(C(=O)Nc2cn3cccc(N4CCC(C)CC4)c3n2)c2ccccc2n1,1
protein62,1,Cc1nc(-n2nc3n(c2=O)CCCC3)sc1C,0
protein62,1,CC1(c2ccccc2O)CCCc2sc(C=O)cc21,0
protein62,1,O=C(NC1CCCC1)c1c2c(nc3ccncc13)NCCCC2,1
protein62,1,CCn1c(Cc2ccc(O)cc2OC)nc2c(OC)nc3c(Cl)cc(Cl)cc3c21,1
protein62,1,c1ccc(CN2CCC(n3cnc4c(NC5CCC5)ccnc43)CC2)nc1,1
protein62,1,O=C(Nc1cccc2c1CNC2=O)c1cc(Cl)ccc1OC1CCCCC1,0
protein62,1,O=C(c1ccccc1NC1Cc2ccccc2C1O)N1CCN(c2ccc(Cl)cc2)CC1,0
protein62,1,CCC1CCCCN1CC(=O)N1CCOc2ccccc2C1,0
protein62,1,CC(C)(C)c1ccc(C=Nc2nn(-c3ccc(F)cc3F)c3ccccc23)nc1,1
protein62,1,CCN(CC)S(=O)(=O)c1cccc(NC(=O)c2ccc([N+](=O)[O-])o2)c1C,1
protein62,1,CC1(C)Oc2ccccc2C1NC(=O)c1cc(-c2cc(F)cc(C(N)=O)c2N)c(F)c(F)c1-n1nccn1,1
protein62,1,CC(C)C(C)C(=O)NCC=Cc1cccc2c(N)nc(N)nc12,0
protein62,1,CCC(NC(=O)CCl)C(=O)NC(CC(C)C)C(N)=O,0
protein62,1,Cc1cccc(-c2cccc3ccc(NC(=O)C4CCCN4C(=O)OCCF)nc23)n1,1
protein62,1,CCCCN1CCc2sc3ncnc(NCC4CN(C)CCN4C)c3c2C1,0
protein62,1,Cc1cccc(CCC2CCN(c3nc(N)nc4ccc5c(c34)C(C)(C)CO5)C2)c1,1
protein62,1,Cc1cc(NC(=N)c2cn(C)nc2O)ccc1-c1nc(-c2ccc(Cl)cc2)cs1,1
protein62,1,CC1(CNC(=O)Nc2cccc(Cl)c2)CC1(Cl)Cl,0
protein62,1,Cc1ccc(NC(=O)NC(=O)c2ccccc2)cc1,0
protein62,1,CCC(NC(=O)CN1CCCCCC1)C(=O)O,0
protein62,1,Cc1nc2ccc(C(N)=O)cc2c(N2CCNCC2)c1CC(O)c1ccccc1,0
protein62,1,CCC(CC)Oc1ccc(C(=O)NC2CN(Cc3ccc4c(C(C)=O)c(N)oc4c3)CC2C(=O)O)cc1,0
protein62,1,CCCCOc1ccc(-c2cccc(F)c2)c(Oc2cncnc2N)c1,1
protein62,1,CCC1CCCCN1c1[nH]c2ccc(C#N)cc2c1CN1CCCCC1,0
protein62,1,CCCCC(C)CNC(=O)c1ccc(S(=O)(=O)Nc2nccs2)c(C(F)(F)F)c1,0
protein62,1,NC(=O)C1CCCN(c2nc(-c3cccnc3)nc3sc4c(c23)CCCC4)C1,1
protein62,1,Cc1cccc(NC(=O)c2cc([N+](=O)[O-])ccc2-n2nc(C)cc2C)n1,1
protein62,1,CCC(C)(CC)CNC(=O)c1cc(S(=O)(=O)N(C)Cc2cccnc2F)ccc1N1CCOCC1,0
protein62,1,CC(C)CCCCN1CCN(c2ccc(S(=O)(=O)O)cn2)CC1C,0
protein62,1,CC(C)Cn1c(=O)c2nc(-c3cncc(F)c3)[nH]c2n(Cc2ccc(F)cc2)c1=O,1
protein62,1,CC(C)CC(NC(=O)c1cn(C(C)(C)C)c2cccnc12)C(=O)NC1CCS(=O)(=O)C1,0
protein62,1,CC(C)N1CCC(COc2ccccc2C(=O)N2C(=O)c3ccccc3C2(O)Cl)CC1,0
protein62,1,CCC1C(=O)NC(C)N(c2ccc(-n3ccnc3S)cc2F)c2cc(Cl)cc(F)c21,1
protein62,1,CCOc1cc2c(cc1OC(C)=O)C(c1ccc(C)cc1)N(C(C)C)C(=O)CN=C2,0
protein62,1,Cc1ccc(C)c(NC(=S)Nc2ccc(Cl)c(Cl)c2)c1,0
protein62,1,CCC1N=C(c2ccc(C)cc2)c2cc(-c3cc4ncn(C)c(=O)c4[nH]3)ccc2NC1=O,0
protein62,1,CCC(=O)N1CCC(n2ncc3c(-c4ccc(F)cc4)nc(Nc4cccc(OC)c4)nc32)CC1,0
protein62,1,CC1(Cc2ccccc2)C(=O)Nc2ccccc2N=C1NC1CCCC1,0
protein62,1,Nc1ncnc2c3cc(cc12)-c1cccc(c1)C(C(F)(F)F)NC3=O,1
protein62,1,Cc1cc(NC(=O)c2ccco2)ccc1N1CCN(CCc2ccccc2)CC1,0
protein62,1,CCCCCN(CCn1cnc(=O)c2cnc3c(c21)CC(C)(C)O3)C(C)=O,0
protein62,1,CC(C)C(=O)Nc1ccc(S(=O)(=O)NC2=C(c3nc(-c4cnn(C)c4)cs3)CCc3ccccc32)cc1,0
protein62,1,CCc1c(O)c(CO)cc2c1C(=NNC(=O)CC(C)(C)C)CC2,1
protein62,1,CCc1ccccc1NC(=O)CSc1nc2cccc(Cl)c2[nH]1,0
protein62,1,Cc1cccc2c3c([nH]c12)CC1(CCNCC1)CN3Cc1c(Cl)ccc(OCC(F)(F)F)c1OCCO,0
protein62,1,Nc1ncc(C(=O)Nc2cc(F)cc(F)c2)c(N)n1,0
protein62,1,O=C(NC(Cc1c(C(F)(F)F)n[nH]c1-c1ccncc1)C(=O)NC1CCCC1Sc1ccccc1N1CCOCC1)C1CC1,0
protein62,1,CCC1CCC2Cn3c(nc4ccc([N+](=O)[O-])cc4c3=O)CN2S1(=O)=O,1
protein62,1,CCC(C)C(=O)OCc1ccccc1CCCc1nc(N)c2cccc(OC)c2n1,1
protein62,1,CC(C)C1CN(CC2CC2)CC2Cc3c(n(C4(C(=O)O)CCC(F)(F)CC4)c4cc(F)ccc34)CN2C1=O,0
protein62,1,CCN(CC)C1CN(C(=O)c2cc3ccccc3s2)C2CCCC12C(=O)N(C)C,0
protein62,1,Cc1cnc(C)c(Nc2ccc(C3=NC(c4cccs4)N(CCF)C3=O)cc2)n1,0
protein62,1,CC(C)CCC1C(=O)N2CCCC(CN3CCCC3)C2C[S+]1[O-],0
protein62,1,Cc1ccc(Oc2cc(C3=NCC(Cn4ncnc4-c4ccc(C(F)(F)F)cc4)O3)ccc2C)c(C2(N3CCNCC3)CC2)c1,0
protein62,1,Cc1cnc(Nc2c([N+](=O)[O-])cc(F)c(Cl)c2-c2ccc(CO)cc2CCC2CCC(N)CC2)cn1,1
protein62,1,NC(=O)c1cc(-c2ccc(C3CCCC3)cc2)c2cc(C(=O)N3CCCC3CO)ccn12,1
protein62,1,CCCCCCC(C)NCC(CC)C(=O)c1cccc(N(C)C)c1,0
protein62,1,O=C(c1ccccn1)N1CC(C(=O)N2CCN(CC(F)(F)F)CC2)C2(CCN(Cc3nc4ccccc4[nH]3)CC2)C1,0
protein63,1,CC(C)N1CC(CN2CCN(Cc3ccccc3)CC2)CC1=O,0
protein63,1,CC(=NNc1cccnn1)c1ccccn1,0
protein63,1,Cc1nn2ccccc2c1C1CCOCC1,1
protein63,1,O=C1OC(c2[nH]c(-c3cccc(OC(F)(F)F)c3)nc2-c2nc3ccccc3s2)c2ccccc21,1
protein63,1,Cc1cc(Cl)ccc1NC(=O)CSc1nc2ccccc2s1,0
protein63,1,CCC1c2ccccc2CC2(C)SCC(=O)N12,0
protein63,1,CCCC(C(C)C)C1CN(C(=O)c2ccc(S(=O)(=O)N(C)C3CCCCC3)cc2)C(=O)O1,0
protein63,1,NCc1ccc(-c2ccc(=O)n(C3CCCCCC3)n2)cc1,0
protein63,1,CCN1CCc2c(c(COc3cccc(C(=N)N)c3)nn2-c2cccc(C(F)(F)F)c2)C1,0
protein63,1,CC1CCN1C(=O)c1c(-c2ccc(Cl)cc2)nc2c(CN3CCN(C)CC3)ccc(-c3cccs3)n12,0
protein63,1,CCC(CN1C(=O)c2ccccc2C1=O)N1CCC(N)CC1,0
protein63,1,CCC1C(=O)NN=C1C(F)(F)F,0
protein63,1,CCc1ccc2nc(N3CCN(C(=O)CC(C)O)CC3)sc2c1,0
protein63,1,Cc1ccc2c(c1-c1cc3c(c(C(C)C)c1)OC(C)(C)CS3)C(C)(C)C(=O)N2,1
protein63,1,O=C(Nc1ccc2nccc(O)c2c1)c1ccncc1-n1cc(-c2ccccc2F)cn1,0
protein63,1,Cc1cn(CC(=O)N(CCO)CC(F)(F)F)c2cccc(-c3cncc(-c4ccc(C#N)cc4)c3Cl)c12,1
protein63,1,CCCCN1CCC(Oc2ncnc3c2Sc2ccccc2N3)CC1,0
protein63,1,O=C1C(=O)N(CCc2ccc(OC3CCOC4(CCNCC4)C3)cc2)c2ccccc21,0
protein63,1,CCC(=O)N(CC(C)(C)P(=O)(NC(C)C)OCC(F)(F)F)C1CCc2cc(OC)ccc2C1,0
protein63,1,O=Cc1ccc(Cc2ccccc2C(=O)N2CCN(c3ccccc3)CC2)s1,0
protein63,1,S=C(Nc1ccc(-c2cnc3c(n2)CCNC3)cc1)c1ccccc1Cl,0
protein63,1,COc1ccccc1OCc1nc2ccccc2n1Cc1cccc(NC(=S)NC(C)=O)c1,0
protein63,1,CCC(=O)N1CCCC2c3cn(c4ccc(OC)cc4c3=O)C2C(=COC(C)=O)C1,0
protein63,1,CCCC1(c2cccc(F)c2)CC(CN)NC(F)(F)C1,1
protein63,1,Cc1ccn2ncc(C=Cc3c(O)n(CCCN4CCN(C)CC4)c4ccccc34)c2n1,1
protein63,1,Cc1ccc(S(=O)(=O)Nc2nc(N3CC4COCC3CN4C)ncc2F)cc1C,1
protein63,1,CCCCC(=O)Nc1nc(-c2cccc(C(C)(C)C)c2)cs1,0
protein63,1,CCCC(CO)n1cc(-c2cncc(CN3CCCC4(CCN(C)c5ccnc6c5ncn6CCO4)C3)c2)c2cc(F)ccc21,0
protein63,1,CC=C1CN2CCC(CC2)n2cc(c3ccccc32)C1=O,1
protein63,1,O=C(CCS(=O)(=O)c1ccc(Cl)cc1)Nc1ccccc1Cl,0
protein63,1,Nc1c(-c2cc(Cl)nnc2Cl)ccc2[nH]nc(C(F)(F)F)c12,1
protein63,1,CCN(CC)c1nccc(-n2c(C)cc3c(=O)[nH]c(C)nc32)n1,1
protein63,1,CCCCCCN1CCC(CN(C)c2cc(OC3CCOCC3)nc3c(Cc4cccnc4)c(C)nn23)CC1,0
protein63,1,CC(C)(C)OC(=O)N1CCCc2cc(S(=O)(=O)[O-])ccc21,0
protein63,1,O=C(NC(Cc1cccc(Cl)c1)P(=O)(O)O)c1cc2c(Cl)cccc2[nH]1,0
protein63,1,Nc1cnc(-c2cc(-c3ccc4nc(O)cc(C(F)(F)F)c4c3)nc(N3CCCCC3)n2)cn1,1
protein63,1,CCNC(=O)C1CCCN(c2ccc3c(=O)n4c(nc3c2)CCCCC4)c2cccnc21,0
protein63,1,CCn1nc2ccccc2c1CNC(=O)c1ccc([N+](=O)[O-])cc1,1
protein63,1,O=Cc1c(-c2ccc(OCC(=O)NCCCn3cnc4ccccc43)cc2)[s+]([O-])c2ccccc12,0
protein63,1,CCCCc1ccc(-c2ccsc2C(=O)O)cc1,0
protein63,1,COc1cccc(-n2c(O)c(C(C)=O)c3cc4c(cc32)C=CS(=O)(=O)C4)c1,1
protein63,1,Cc1nc(CN2C(=O)c3ccc([N+](=O)[O-])cc3C2=O)sc1-c1ccnc(NCc2ccccc2C(F)(F)F)n1,1
protein63,1,Nc1nnc(COc2ccccc2OC(F)(F)F)s1,0
protein63,1,CCN(CC)S(=O)(=O)c1ccc2nc(Nc3cc(C)nc4ccccc34)sc2c1,1
protein63,1,CC(C)CC1CCN(c2nc(N)ncc2-c2ccc([N+](=O)[O-])cc2F)C1,1
protein63,1,O=c1nc(-c2ccccc2)c2cc(Oc3ccc(F)cc3)ccc2[nH]1,1
protein63,1,CC1=CCCC(C)(C)C1NC(=O)N1CCN(c2ccc(F)cc2)CC1,0
protein63,1,CCCC1CC(=O)N(c2cc3c(cc2OC)CCCC3C)C1=O,0
protein63,1,Cc1nc(-c2ccccn2)oc1C1CCN(c2nc(-c3ccccc3C(F)(F)F)c(C#N)s2)CC1,0
protein63,1,CCN(CC)CCNC(=O)c1cc2cnc(-c3cccnc3)c(-n3cccc3)c2cc1OC1CCOC1,1
protein63,1,CCN1C(=O)c2cc(OC3CCN(C(=O)C=Cc4ccccc4)CC3)ccc2C1c1ccccn1,0
protein63,1,O=C(c1ccc(S(=O)(=O)Nc2ccccc2OC(F)(F)F)cc1C(F)(F)F)N1CCCC1,0
protein63,1,CCc1ncccc1-c1cccc(C=NNC(=O)C2CCN(C(=O)CCC(N)C(=O)O)CC2)c1O,0
protein63,1,Nc1ccc(-c2ccc(OCCCN3CCNCC3)cc2F)c(-n2ccc3ccc(F)cc32)n1,1
protein63,1,CC(C)CN1C(=O)C2CC(CCS(=O)(=O)O)(CN2C(=O)CN2CCOCC2)c2ccccc21,0
protein63,1,CCC(C)C(N)C(=O)O,0
protein63,1,CCN(CC)Cc1nccc2ccc(Cc3ncsc3-c3ccc(O)c4[nH]cc(CCN(C)CC#N)c34)cc12,0
protein63,1,CC1CCCC(C)N1C(=O)c1cn(C(C)(C)C)c2c(OCC(O)C(C)(C)C)ccnc12,0
protein63,1,Cc1noc(Cc2ccccc2Oc2ccc3c(c2N2CCN(C)CC2)CCC3)n1,1
protein63,1,CC(C)(O)C#Cc1cnc(C(F)(F)F)c(NCC2CNC(=O)N2Cc2ccccc2)c1,0
protein63,1,CCN(CC)CCNc1cccc2c(=O)[nH]c3ccccc3c12,1
protein63,1,O=C(O)C(CSc1ccccn1)c1ccccc1C(F)(F)F,0
protein63,1,O=C(C=CCC1CC2CCN3CCC(CO)(O1)C2C3)N1CCc2ccccc21,0
protein63,1,CCCS(=O)(=O)Nc1ccc(Oc2ccc(C(=N)N)cc2Cn2nc(-c3ccccn3)cc2C(F)(F)F)cc1,0
protein63,1,Cc1cc(NC(=O)CSc2cc(F)ccc2[N+](=O)[O-])no1,1
protein63,1,Cc1ncsc1CN1CCCC(Nc2ncc3ccncc3n2)C1,0
protein63,1,CC(=O)Nc1ccc(Nc2c3ccccc3nc3c(C(N)=O)cccc23)cc1,1
protein63,1,CC(C)C(NS(=O)(=O)c1ccccc1)C(=O)NCCOC1CC(C(C)(C)CO)OCC1n1ccnc1,1
protein63,1,Cc1ccccc1C(=O)Nc1nnc(-c2ccc(N)c(F)c2)o1,1
protein63,1,CCc1ccc(N2CCN(CC3=CCCCC3)CC2)cc1,0
protein63,1,CCN1CCCCC1CNc1nc(-c2snnc2CN(C)C)nc2ccccc12,1
protein63,1,Nc1nc2cccc(-c3cccc4c3Cn3c-4nc4ccc(N5CCOCC5)cc4c3=O)c2s1,1
protein63,1,Nc1cc2c(-c3ccc(F)cc3)n(CC3CCN(CCCC4CCNO4)CC3)nc2c(N)n1,1
protein63,1,Cc1ncsc1C(=O)Nc1cc(F)ccc1-c1nc[nH]c1-c1ccncc1,1
protein63,1,CCc1ccccc1NC(=S)OCCC(=O)NC(C)(C)C,0
protein63,1,Cc1nn(C(=O)CSc2nc(O)cc(O)n2)c(C)c1[N+](=O)[O-],1
protein63,1,CCN1c2ccccc2S(=O)(=O)c2c1oc1ccccc21,1
protein63,1,Cc1cc(=O)n(-c2nnc3cccc(-c4cccc(C(N)=NC(N)=O)c4)c3n2)cc1C,1
protein63,1,CC(=O)Nc1c2c(nn1-c1ccc(F)c(F)c1)-c1cc(C#CC3CCCC3)ccc1OC2,0
protein63,1,CCCCCS(=O)(=O)c1cccc(-c2cncc(CCCC3CCN(C)C3CC(=O)O)c2)c1,0
protein63,1,Nc1ncc([N+](=O)[O-])c(-n2c(CCCC(=O)O)nc3c(Cl)cccc32)n1,1
protein63,1,Cc1ccc(Nc2cc(-c3nccn3CCCN3CCOCC3)ncn2)cc1-c1ccccc1,0
protein63,1,CCCCNc1ccccc1C(=O)N1CCN(Cc2ccccn2)CC1,0
protein63,1,CCN(CC)S(=O)(=O)c1cc(C(=O)Nc2cccc(OC)c2)ccc1C(=O)O,0
protein63,1,Cc1c2c(nn1-c1ccsc1)CC(C)(C)CC2=O,0
protein63,1,CC(C)CCC(=O)NC(=O)Nc1ccc2c(c1)Cc1n[nH]c-2c1CN(C)C,0
protein63,1,CC1(C)CCC2(NC(=O)C1)OC(c1ccccc1F)c1cccc(c1)NC(=O)c1oc3ccccc3c12,1
protein63,1,COc1ccccc1-c1cc(C(=O)Nc2cccc(-c3cccnc3C3=CCCN(C(C)C)C3)c2)n2ccccc12,0
protein63,1,CC1(CC(C#N)(c2ccccc2)c2ccc(C#N)cc2)CC(Cl)=CS(=O)(=O)C1,0
protein63,1,Cc1ccccc1C(C)CNCCC=NOCC(=O)Nc1ccccc1,0
protein63,1,CC(C)=CCn1c(-c2ccc([N+](=O)[O-])cc2)nc2ccccc21,1
protein63,1,O=C(CNC(=O)C1CCCO1)Nc1cc(Nc2nc3ccc(F)cc3[nH]2)c(CN2CCCC(CS)C2)cc1Cl,0
protein63,1,CC(C)(CCl)C(=O)NCCOCCN1CCCC1,0
protein63,1,Cc1ccc(-c2nc3ccc(S(=O)(=O)N4CCCC4)nn3c2C)cc1C(F)(F)F,1
protein63,1,CCN=c1[nH]c2ccccc2n1C1CCCCC1,0
protein63,1,CCCCOc1c(C#CC(N)=O)n(Cc2ccccc2[N+](=O)[O-])c2ccccc12,1
protein63,1,CC1CCCCC1N(C)Cc1cc(-c2cncnc2)ccc1OC1CCOCC1,0
protein63,1,CCn1c(-c2ccccc2OC)nc2ccnc(Nc3ccc(Cl)cc3Cl)c2c1=O,1
protein63,1,[H]C(Cl)Sc1ccc(C2=CC(C)(C)NC2=O)cc1,1
protein63,1,Cc1ccccc1-n1[nH]c(C)c(N=Nc2c(C)n(C)n(-c3ccccc3)c2=O)c1=O,1
protein64,1,CCN(C)CC(=O)N1c2ccccc2Oc2ccc(OC)cc21,1
protein64,1,CC(C)(C)C(S)C(=O)Nc1nc(C(F)(F)F)c(C(=O)O)s1,0
protein64,1,CC(C)Oc1c(Cl)cn(Cc2ccc(F)cc2)c(=O)c1NCC(=O)NC1CCCCC1,0
protein64,1,CCCN1CCC1CCN1C2CCC1C(C(=O)NCCc1ccc(NC(=O)OC)cc1)C(O)C2,0
protein64,1,CC(=O)OC1CCCCCC12Nc1c(C)c(=O)n2c2ccccc12,1
protein64,1,CCCCCNC(=O)C(O)C(CC(C)C)c1ccccc1,0
protein64,1,Cc1ccc2cc(Nc3nc(-c4ccccc4)ncc3Cl)ccc2[n+]1C,1
protein64,1,Cc1cc(NC(=O)c2ccccc2)c2nsnc2c1C1CCN(C)C1,1
protein64,1,CC(C)N1Cc2[nH]c3ccc(F)cc3c2CC1C(C=C(Cn1ccnc1)c1ccc(Cl)cc1)CCCCO,0
protein64,1,CCOc1ccccc1CNC(=O)c1nc2ccccc2c(C)c1O,1
protein64,1,COc1cc2nc(C3CCNCC3)n(-c3ccc(F)cc3)c(=O)c2cc1OC,1
protein64,1,O=C(CSc1nc2c(NCC3CCCCN3)cccc2s1)NCc1ccco1,0
protein64,1,NC(=O)C1CC(O)CN1c1ncc(Cl)c(N2C(=O)C(N)C2C2CCCO2)c1F,0
protein64,1,CCC(O)=C(C#N)c1nc2ccccc2c(=O)n1-n1cnc(C)cc1=O,1
protein64,1,CCCCNc1nc(-c2ccc(OC)cc2)cc(-c2cnc(Nc3nc4cc(C(F)(F)F)ccc4[nH]3)nc2)c1C#N,1
protein64,1,CC1CCN(c2ccc(Cl)cc2S(=O)(=O)N(C)C)CC1,0
protein64,1,Cc1c(CC#N)cc(Oc2c(C(=O)N(C)C3CCCC3)cnc3c2CCCC3)nc1-c1ccccc1Cl,1
protein64,1,S=C1N=C(CCCN2CCN(c3c(Cl)cccc3Cl)CC2)OCCN1,0
protein64,1,CCn1cnnc1-c1cccc(F)c1,0
protein64,1,CCn1cc(C(N)=O)c2c1CCCC2c1ccccc1,1
protein64,1,CCN1CCN(c2nc(N)cc(-c3ccncc3)n2)CC1,1
protein64,1,C=CCN(C(=O)C(Cl)(Cl)Cl)c1cc(CN2CCCC2COC)ccc1C,1
protein64,1,Cc1nn(Cc2ccc(CCC3CN4CCC3CC4)cc2F)c(N)c1C(=N)S,1
protein64,1,O=C(NCc1ccc(Cl)cc1)c1cn(CCN2CCOCC2)c2cc(-c3cccc(F)c3F)c(-c3ccccc3)nc12,0
protein64,1,O=C(Nc1ccc(-c2nc3ccccc3[nH]2)cc1)c1cc(C2CC2)ncc1F,0
protein64,1,Cc1cncc(C(=O)N2CCCCN(Cc3cnc4ccc(C)cn34)CC2)c1,0
protein64,1,CCN(CC)c1ccc(C(=O)N2CCC(C(=O)N3CCN(C)CC3)CC2)cc1,0
protein64,1,Nc1ccnc2c([N+](=O)[O-])ccc(N3N=C4CCCCC4C3c3ccccc3)c12,1
protein64,1,Cc1cc(Nc2ccc(C3CNCC(C(F)(F)F)O3)cc2)n(-c2ccccc2)n1,1
protein64,1,NC(=O)c1csc(-n2nc3c(c2-c2cccnc2)CCCCC3)n1,0
protein64,1,CCC1CCNc2cc(O)c3cccc(c3n2)C2OC2CC1C#N,1
protein64,1,COc1ccc2c(c1)CCCC(CC[N+](=O)[O-])C2C,1
protein64,1,CCCCc1nc(C)cc(-c2cccc(C(=O)Nc3cc(C(C)(C)CCC(C)C)[nH]n3)c2)c1C#N,0
protein64,1,CCC(OC)N(CCO)Cc1coc(-c2ccc(S(=O)(=O)N(C)c3oc4ccccc4c3N3CCCCC3)cc2F)n1,1
protein64,1,Cc1cc(NC(=O)CC[S+]([O-])c2ccccc2O)c2ccccc2n1,0
protein64,1,NC(=O)C1(c2csc(NC(=O)NC3CN(CC(F)(F)F)CCC3c3ccccc3)n2)CCCCC1,0
protein64,1,Cc1c(C(=O)Nc2ccc(N3CCOCC3)cc2)c(F)c2c3ccccc3c(N)nn12,1
protein64,1,Cc1cc(C)c(NC(=O)C(C#N)C2C(=O)N(Cc3ccccc3Cl)c3ccccc32)c(C)c1,0
protein64,1,COc1ccc(NC(=O)Cn2cc(C=C3C(=O)Nc4ccccc43)nn2)c(C(C)(C)C)c1,0
protein64,1,CCOc1ccccc1N(C(=O)c1ccco1)C1CCCCC1,0
protein64,1,Nc1cc(Cl)ccc1C(=O)Nc1ccc2c(c1)SCC(=O)N2CCN1CCCCC1Cn1cccn1,0
protein64,1,CC=C1Sc2ccc(S(=O)(=O)n3c(CCl)c(C=O)c4ccccc43)cc2N(C)C1=O,1
protein64,1,Cc1cc(C(=O)NC(=S)N2CCSc3ccccc32)c(C)n1C(C)C,0
protein64,1,CC(CC(=O)N1c2ccccc2Sc2ccccc21)c1ccccc1,0
protein64,1,Cc1ccccc1Nc1nc(-c2ccc(C(=N)N)cc2)cc2ncn(C)c12,1
protein64,1,CC(C)=C(CN1CCC(c2cccc(O)c2O)(c2cccc3c2OCO3)CC1)C(C)CCC(C)C,0
protein64,1,CCCSc1nc(O)cc(C(=O)O)n1,0
protein64,1,O=C(Nc1ccc2c(c1)OCCO2)C1CCC2CNCCN(C2)C1,0
protein64,1,CC(C)COc1ncc(C(N)=O)c2c1CCc1cc(OCc3nnc4n3C(=O)CC4)ccc1-2,1
protein64,1,O=C(C=CCN1CCCC1)NS(=O)(=O)c1c(-c2ccccc2)sc2ccccc12,0
protein64,1,CCC(C)(C)C(=O)NN=C(C)c1ccc([N+](=O)[O-])cc1,1
protein64,1,COc1ccc(OC(F)(F)F)cc1NC(=O)C1(c2ccc(S(N)(=O)=O)cc2)CCCC1,0
protein64,1,CC(=O)N1CCCC(Oc2cc(Cl)c(Cl)cc2Cl)C1,0
protein64,1,CC12CCc3c4c(F)cc5c(nccc35)C(=NC1)N2c1cc(ccc1F)Nc1ccc(cn1)O4,1
protein64,1,O=C(Nc1ccn(Cc2cccnc2)n1)c1ccc(Cl)cc1F,0
protein64,1,Cc1ccc(NC(=O)CCC(N)CCC(=O)Nc2cc(Cl)nc3cc(Cl)ccc23)cc1F,0
protein64,1,CCN(CC)Cc1cn(Cc2ccccc2)c2ccc3c(c12)C(CNS(C)(=O)=O)CC(C)(C)O3,1
protein64,1,Cc1cccc(C(=O)Nc2nc(NCCN3CCOCC3)nc3ccccc23)c1,1
protein64,1,O=C1C(=O)N(Cc2ccc(OC(F)(F)F)cc2)c2ncccc21,0
protein64,1,CCC(C)C1Cc2c(ccc(O)c2OC)C1S(=O)(=O)N1CCN(C2CCc3ccccc32)CC1,0
protein64,1,CC1=NC(C(F)(F)F)(C(F)(F)F)CC(c2ccccc2)N1c1nnc(-c2cc(S(N)(=O)=O)c(N(C)C)c3c2CCC3)s1,0
protein64,1,Cc1ccc(S(=O)(=O)C(C)(C#N)c2cc([N+](=O)[O-])c(C(F)(F)F)cc2N2CCOCC2)cc1,0
protein64,1,Cc1ccc(-c2cnn(Cc3c(Cl)ccc(Cl)c3Cl)c2)c(S(=O)(=O)N2CCCC(N)C2=O)c1,0
protein64,1,Cc1ccc(S(=O)(=O)CCC(=O)Nc2cccc(C)c2)cc1,0
protein64,1,O=C(CCc1cccs1)Nc1nn(-c2ccccc2)c(=O)s1,0
protein64,1,CC(C)CNc1nc(NC(=O)c2ccccc2Nc2ccccc2C(F)(F)F)n[nH]1,0
protein64,1,CCCC(=O)N1c2ccc(C(=O)Nc3nnc(Cc4cccc(OC)c4)s3)cc2N(C)C(=O)C1(C)C,1
protein64,1,CC(C)Oc1ccccc1-c1cncc(-c2cn(C(=O)N3CC(=O)N(C)C(C)C3)c3cc(OCc4ccccc4C(N)=O)ccc23)c1,0
protein64,1,Cc1ccc(N2C(=O)CCN(C(=O)c3cc4cc(C(F)(F)F)c(Cl)c(O)c4[nH]3)C2=S)cc1,0
protein64,1,CCC(C)Cn1cc(-c2cnc3nc(NC(C)c4ccc5c(N)ccc(CCN6CCOCC6)c5n4)c(-c4ccnc(N)n4)cn23)cn1,0
protein64,1,CC1CN(CCCc2c[nH]c3cc(F)ccc23)C(O)CO1,1
protein64,1,O=C1OC2(CCN(c3nnc(-c4cc(Cl)ccc4OC(F)(F)F)c4ccccc34)CC2)CC1O,0
protein64,1,O=C(Nc1cccc(-c2cccc(Cl)c2Cl)n1)c1ccccc1NC(=O)C1CCS(=O)(=O)C1,0
protein64,1,CCC1CCC(n2cc(Cn3ccnc3)c3cc(OC)ccc32)CC1,0
protein64,1,CCCCN(C)CCCOc1cccc2c1C(CC#N)CC2,0
protein64,1,Clc1cccc(CC2CCNCC2)c1,0
protein64,1,COC(=O)C1CC(=C(C)CN)C1c1ccccc1,0
protein64,1,O=C(Nc1cc([N+](=O)[O-])ccc1N1CCCCC1)c1ncccc1Cl,1
protein64,1,CCCCCC(NC(=O)C(C)N1Cc2c(nc3ccc(F)cc3c2OC)C1=O)C(=O)OC,0
protein64,1,O=C(c1cccc(S(=O)(=O)N2CCCCC2)c1)N1CCCc2ccccc21,0
protein64,1,O=C(c1cn(-c2ccccn2)nc1C(Cl)C(F)(F)F)N1CCCCCC1,0
protein64,1,Cc1ccccc1NC(=O)Nc1c2c3cc(Cl)cc2nn1C=C3,1
protein64,1,CCN(CC)CCn1c(=O)[nH]c2ccccc21,0
protein64,1,Cc1nc(CN2CCNCC2)c2n(c1=O)C(c1cccnc1)c1ccccc1-2,1
protein64,1,CCn1c(-c2nnc(NC(=O)c3cccs3)s2)cc2ccccc21,1
protein64,1,COc1ccc2cc1S(=O)(=O)NCC1=CC3=CC(C)C1N(C3)Cc1noc-2n1,1
protein64,1,Cc1nc2c(N3CCOCC3)cc(-c3ccc(-c4nnc(N5CCC(C)CC5)o4)c(F)c3)cc2[nH]1,1
protein64,1,O=Cc1cccc2c1ccn2CC=CC(=O)N1c2ccccc2CC12CCN(CCO)CC2,0
protein64,1,CCc1cnc(NC(C)C)nc1-n1ccnc1-c1nc(O)ccc1-c1ccc(F)cc1F,1
protein64,1,CC1(C)COc2ccc(CCNC(=N)c3ccc(Cl)cc3)cc2O1,0
protein64,1,CCCCOc1ccccc1C=NNC(=O)c1cc2ccccc2[nH]1,0
protein64,1,OCCN1CCOC(Cn2cc(-c3ccc4ncc(-c5cccc(C(F)(F)F)c5)n4c3)cn2)C1,0
protein64,1,O=C1Nc2cc(Cl)ccc2C1=NOCCO,1
protein64,1,CCN(CC)CCNC(=O)c1sc2nncc(-c3ccc(OC)cc3OC)c2c1N,1
protein64,1,Cc1cnc2c3c(n(Cc4ccccc4)c2c1)C(=O)NC3C(=O)NC1CCCCC1,1
protein64,1,O=C(NN=Cc1cccc(Oc2ccc(Cl)nc2)c1)C1CCCCC1,1
protein64,1,CC1(C)CCc2c([nH]c3c(-c4ccc(C(=O)NO)cc4)c(O)nn23)C1,0
protein64,1,CC12CCC3CC(O)C(N)C(=O)N3C1CCC2=NNC(=O)C1CCCCC1,0
protein64,1,CC1CCCCC1NC(=O)c1cnc(O)c(C(c2ccc(N)cc2)c2ccc(Cl)cc2)c1,0
protein64,1,CCCOc1nc(N)c2c(I)cccc2n1,1
protein65,1,CC1CCN(c2nc(-c3ccccc3)nc3c2cnn3C)CC1,1
protein65,1,CCC1CN(C(=O)C=C(c2ccccc2)c2ccc(Cl)cc2)C(=O)C1O,0
protein65,1,CCS(=O)(=O)N1c2c(cc(CCF)c3c2CC(CN(C)CCO)c2c-3c3ccccc3[nH]c2=O)CC1C(C)C(C)C,1
protein65,1,Cc1cc(OC2NCNc3c2cc(Cl)cc3[N+](=O)[O-])ncc1F,1
protein65,1,CC1C(=O)Nc2ncc(C(F)(F)F)cc2Nc2cc1ccc2SCCN1CCCC1,0
protein65,1,Nc1c(OCC(F)(F)F)cnc(NCCc2ccccc2)c1[N+](=O)[O-],1
protein65,1,CCCn1c(=O)[nH]c2ccccc21,0
protein65,1,Cc1sc2c(OCCCC(=O)O)cccc2c1CCC(F)(F)F,0
protein65,1,CCOc1ccc(CCc2ccc(OCCC(=O)Nc3ccc4c(c3)NC(=O)CO4)cc2)cc1,0
protein65,1,CC1OC(C2CC2)CC1NC(=O)C1CCCc2ncc(-c3ccc(S(C)(=O)=O)c(O)c3)c(N)c21,0
protein65,1,Cc1noc(N2C(=O)CCC2C(=O)NCc2cccc3c2CCCC3(C)CO)c1CN(C)C(C)C,0
protein65,1,CCCN(CCC)C1Cc2cccc(O)c2CC1N1CCN(C(=O)c2ccccc2O)CC1,0
protein65,1,CCn1ccc(C(=O)c2cc(F)c(NS(C)(=O)=O)c(OC)c2)c1C,0
protein65,1,CCCC1(CNc2nc(N)c3ncccc3n2)c2ccc(F)cc2C1CC,1
protein65,1,CC1=Cc2c(c3[nH+]c4cccc(Cl)c4c4c3n2CC=CC4c2ccccc2C)C(=O)C1,1
protein65,1,Nc1cc(-c2cc(-c3cncc(Cn4c5c(c6ccccc64)C(=O)NC5)c3)ccc2F)cn1CC(F)(F)F,1
protein65,1,O=C(NC(Cc1c[nH]cn1)C(O)C(=O)O)C1CCC1,0
protein65,1,O=CC1(c2c(-c3cccc([N+](=O)[O-])c3)[nH]c3ccccc23)CNC(=O)CCNC1=O,1
protein65,1,CC1(c2ccc3ncccc3c2)CC(c2ccccc2C(=O)N2CCc3ccccc32)=NO1,0
protein65,1,OC1c2nc3cc(Nc4ncccn4)ccc3n2CC1Br,0
protein65,1,O=C(O)c1ccc(F)c(F)c1N1CCOCC1,0
protein65,1,CCCN(CCC)S(=O)(=O)c1ccc(N2CCCC2=O)cc1,0
protein65,1,CCC(c1ccccc1)N1CCN(c2nc3c(c(=O)n2C)C(O)CN3c2ccccc2C)CC1,1
protein65,1,Nc1ccccc1-c1cc2ccnc(Nc3nc(Cl)cc(OCc4ccncc4)n3)c2s1,1
protein65,1,Cc1c(C(=O)NCCC2=CCCCC2)c(C(F)(F)F)nn1CC(F)(F)F,0
protein65,1,CC(C)c1nc(CN=C(N)Nc2nc3ccc(C(=O)C(F)(F)F)cc3s2)cs1,0
protein65,1,O=C1C=CC(n2cc(CC3CCN(c4nccc(-c5cccs5)n4)CC3O)c3ccccc32)O1,0
protein65,1,CC(C)CCn1nccc1-c1ccc2[nH]nc(NC(=O)c3ccc(COCCCl)cc3)c2c1,0
protein65,1,CC(=O)N1CCOC(Cn2c(CN3CCC(c4nccn4C)CC3)nc3cc(F)cc(-c4cscn4)c32)C1,0
protein65,1,O=C(Nc1cccc(NC(=O)c2c3ccccc3nc(=O)n2-c2ccc(Cl)cc2)c1)c1cccnc1,1
protein65,1,CCCN(CCC)Cc1cc2cc(-n3cc(-c4cc5ccccc5[nH]4)cn3)ccc2[nH]1,0
protein65,1,CC=C(C#N)c1noc2ccc(C(=O)Nc3cccnc3Cl)cc12,0
protein65,1,Cc1cccnc1-c1[nH]cnc1-c1nc2ccc(N3CCOCC3)cc2s1,1
protein65,1,CCN(C(C)=O)c1ccc(C2(c3cnn(C)c3)C(=O)Nc3cnccc32)cc1,0
protein65,1,Fc1ccc(-c2cnc3c(c2)CCC2CC(F)CCC32)cc1,0
protein65,1,O=C(NO)C1CCN(c2nc3nc(-c4ccc(F)cc4)ccc3s2)CC1,1
protein65,1,CC(=O)Nc1cccc(-c2cnc(N)c(-c3nnc(NCc4cccnc4)[nH]3)n2)c1,1
protein65,1,Cc1ncc(NC(=O)c2cc(-c3ccc4c(c3)OCCO4)on2)c2c1CCC2,0
protein65,1,Cc1ccc(Nc2nc3c(n(CCN4CC(O)CC(C(=O)O)C4)c2=O)CCCC3)cc1,0
protein65,1,CCn1cc(-c2cnn(CC(C)C)c2NC(=O)c2ccccc2C(=O)O)c2ccc(C(=O)O)cc21,0
protein65,1,Cc1ccc(C)c(Nc2nccc(-c3c(C)noc3-c3cccs3)n2)c1,1
protein65,1,CCn1cccc1C(=O)N(C)Cc1nc(C)c2sc(-c3cccc(F)c3)cn12,0
protein65,1,Nc1c(Cl)ccc2nc(-c3ccc([N+](=O)[O-])cc3)[nH]c12,1
protein65,1,Nc1ncc(-c2cc(Oc3cccnc3)c3c(c2F)CN2CCCC(C3)C2)cc1OC(F)F,1
protein65,1,CCN1Cc2c(C)noc2C1CNC(=O)c1ccc(C)cc1F,1
protein65,1,Cc1c(C(F)(F)F)c(C(F)(F)F)nn1-c1cc(C2CCCN(C3CC(O)CC3(C)C)C2)nc(N)n1,0
protein65,1,CCC(=O)Nc1cc(Cl)ccc1Nc1cc(CCNC(=O)c2cccnc2N)cc(C(F)(F)F)c1,0
protein65,1,Cc1cnc2c(=O)n(-c3ccc(C(=O)N4CCCC4C(=O)N(C)C)c(OCc4cccc(F)c4)c3)c(=O)n(O)c2n1,1
protein65,1,CC1(C)CCCC1C(=O)Nc1cccc(NC(=S)NC(=O)CCc2ccc(F)cc2)c1,0
protein65,1,CCC(C)CCCNC(=O)Cn1c(-c2ccc(C(F)(F)F)cc2F)nc2cnc(=O)n(CC)c21,1
protein65,1,CCn1ncc2c(Nc3ccccc3C3(C)CCCCCO3)ccc(N)c21,0
protein65,1,Cc1ccc(Cl)cc1N(C)C(=O)C1CNCCC1NC(=O)c1c(F)ccc2cn(Cc3c(C)noc3C)nc12,1
protein65,1,CC=C(C)C=Nn1c(S)nnc1-c1ccccc1,0
protein65,1,CC1=CCN(S(=O)(=O)c2cc(-c3oc4c(-c5ccccc5)c(N)n5cnnc5c4c3C)ccc2F)CC1,1
protein65,1,CCCCN(C)P(=O)(OCC)N(CC)CCCl,0
protein65,1,COc1ccc(C)cc1NC(=O)c1c(O)c2ccccc2n(-c2ccccc2)c1=O,0
protein65,1,CCC(C)C(C(=O)N1CCC(Oc2ccc(-c3ccc(F)c(Cl)c3)nn2)C1)N1C(=O)CC1c1ccccc1,0
protein65,1,CCn1cc(CN2CC3CN(C(=O)c4cc5cc(C)ccc5s4)CC(C2)O3)cn1,1
protein65,1,O=C1Nc2ccccc2CC1c1ccc(-n2ccnc2)c(S(=O)(=O)Nc2ccccn2)c1,0
protein65,1,CC(NC(=O)c1cc(-c2ccc(Cc3ccc4c(c3)C=CC(C)(C)O4)cc2)n(C)n1)C(=O)O,0
protein65,1,O=C1CC(c2ccccc2)Cc2[nH]c3nc4c(cc3c21)OCCCO4,1
protein65,1,CCn1nccc1CN1C(=O)C(=NO)c2ccccc21,1
protein65,1,CCC(C)N1CCN(C(=O)C(=NS(=O)(=O)c2ccc(C)cc2)c2ccccc2)C1=O,0
protein65,1,O=C(Nc1cccc(Nc2nc(-c3cccnc3)nc3c(O)cccc23)c1)c1ccccc1,0
protein65,1,CC(C)CS(=O)(=O)NC1(C(=O)NC(C)(C)c2nc(N)c3ccccc3n2)CCCCC1,0
protein65,1,O=C(NC(=S)N(CCCN1CCOCC1)CC1CC1)c1ccccc1F,0
protein65,1,CC(C)CC(C)Nc1ncc2nc(-c3cnn(Cc4ncccc4Cl)c3)c(=O)n(-c3ccc(Cl)cc3)c2n1,1
protein65,1,CCN1C(=N)NC(C)(c2cc(NC(=O)c3ccncc3Nc3ccc(F)c(C(F)(F)F)c3)ccc2F)CS1(=O)=O,1
protein65,1,CC(C)N1C(=O)c2[nH]c3ccccc3c2CCC1(C)C,0
protein65,1,COc1ccc2sc(C(=O)NN=C(C)c3ccc(OCC4NC(=O)C(N)CC4(C)C)cc3)c(O)c2c1,1
protein65,1,CC(=NC(=O)c1c(F)cccc1F)Nc1nccc(-c2ccccc2C(F)(F)F)n1,1
protein65,1,Cc1cc(C(N)=O)nnc1[S+]([O-])c1ccc(C(=O)N2CCCC(Nc3c(F)cc(F)cc3F)C2)cc1,0
protein65,1,CCn1c(SC)nc2ccc(N3C(=O)c4ccccc4C3=O)cc2c1=O,1
protein65,1,O=Cc1c(O)ccc2nccc(Nc3cc(N4CCCC4)c(-c4ccc(F)cc4F)cn3)c12,1
protein65,1,Cc1ccccc1Nc1ncc([N+](=O)[O-])c(NC(C)C)n1,1
protein65,1,CCC(C)(Cc1cc(C)cnc1C)C(=O)NC1CCCCCCC1,0
protein65,1,CC(C)(C)OC(=O)N(CCCl)C(=O)C1CC(=O)N2CC(=C1c1ccccc1)c1ccccc12,1
protein65,1,Cc1ccc(Oc2c(Cl)cc3c(c2Cl)CC2CC(C)OC3C2)c([N+](=O)[O-])c1,1
protein65,1,CC(=O)OC(C)(C)C1=NN(c2nc(C)nc3ccccc23)c2ccccc2S1,1
protein65,1,CCC(C)(C)C1=C2C(C)C(N3CCN4CCC4C3)(CC1)CC(=O)N2c1ccc(C#N)c(C(F)(F)F)c1,0
protein65,1,CC1=NC(=O)C(C)(C)C1,0
protein65,1,CCN(CC)C(=O)c1ccc(S(=O)(=O)N(CC[n+]2ccc(Cl)cc2)c2ccccc2)s1,1
protein65,1,O=C(N=Cc1cccc([N+](=O)[O-])c1)NC(=O)C1CCCC1,1
protein65,1,CC1=NN(c2c(C)nn(-c3ccccc3)c2C)C(=O)C1,0
protein65,1,COc1ccc2c(c1)C1(C)CC3C(CO1)c1ccc(cc1-c1cccn13)C(=O)NCC2,0
protein65,1,CCN(CCNC(=O)c1cccc(C(F)(F)F)c1Cl)Cc1ccon1,0
protein65,1,O=C1COc2ccc(nc2)N2CCC(C2)Oc2nc3c(cc2F)nc(C2CCCCC2)n3-c2c(Cl)cccc2N1,1
protein65,1,CCC(C)C(CN1CCCC1)NC(=O)C1CCCN1C(=O)Nc1ccc(C#N)cc1,0
protein65,1,CC(C)(C)OC(=O)NN=Cc1ccc2c(c1)CCCC2,1
protein65,1,CCCCN(C)c1cc(-c2ccccn2)nc2cc(Cl)ccc12,1
protein65,1,CCOc1cc(OCCCSC#N)ccc1-c1cc2ccc(OC)cc2cn1,0
protein65,1,CC=CNC(=O)CC1Nc2ccccc2N(C)C1=O,0
protein65,1,CC(C)c1cccc2c1N1CCN(C(=O)c3ccco3)CC1CC2,0
protein65,1,CCC1CN(C)c2nc3ncccc3c3c2CCc2cc(ccc2-3)OCCCN(C)C1=O,1
protein65,1,Cc1nc2ncc3c(-c4cnc(N)c(C(F)(F)F)n4)c2c(c1N1CCC(C)CC1)C3,1
protein65,1,Cc1nnc(C)c(Oc2c(F)cc(-c3cn(C(=O)c4cccnc4)c4ccccc34)cc2F)c1C,1
protein65,1,O=C(O)c1cccc(CNc2nccc3c2[nH]c(=O)c2cc(Cl)ccc23)c1,0
protein65,1,CCn1ccc2c(NC(=O)c3ccc(CC=C(C)C)s3)c(-c3cccc(F)c3)ncc2c1=O,1
protein65,1,CC1(C)OC(c2ccccc2)CN1C(=S)Nc1ccc(F)cc1,0
protein65,1,Cc1nocc1-c1ccc(C(=O)NN=Cc2ccc(F)cc2F)s1,1
protein66,1,CCc1ccccc1NC(=O)c1ccc(C)c(OC)c1-c1ccc2c(c1)N(S(=O)(=O)O)CC(C)(C)O2,1
protein66,1,Nc1cc(F)c(F)cc1F,1
protein66,1,CC(C)CC(NC(=O)C(N)CC(=O)NCc1ccc(F)cc1Cl)C(=O)NCc1ccc(Cl)cc1,0
protein66,1,CCN(C)C(=O)c1ccc2c(c1)c1c(n2Cc2ccccc2)CCCC1,1
protein66,1,CC(C)C(C(=O)C(F)(F)F)c1ccc(-c2ccccc2)c(F)c1,0
protein66,1,O=C(Nc1cccc(Oc2cc(Cl)cnc2N2CCCCC2CCl)n1)c1ccc(Cl)nc1,0
protein66,1,Cc1ncc(-c2ccc(-c3cc(Cl)nc(-n4ccnc4C)n3)c(C(F)(F)F)c2)o1,1
protein66,1,CCCCCNc1nc(Nc2ccc(C)cc2Cl)c2ncccc2n1,0
protein66,1,COc1ccc(-c2[nH]nc(C)c2Cl)c(OCC2(C)CCN2C(C)(C)C)c1,0
protein66,1,N=C(CN(C(=O)c1ccc(F)c([N+](=O)[O-])c1)c1ccccc1OCc1ccccc1)NO,1
protein66,1,Cc1cc(Cl)c(N2C(=O)CCC2=O)cc1N(C)S(=O)(=O)c1ccc(NC(=O)c2ccc(C(C)C)cc2)cc1,0
protein66,1,COCCN1CCC(C)(c2cc(F)cc(F)c2F)C(CN2CCCC2=O)C1,0
protein66,1,CCOc1ccc2c3c(c(=O)oc2c1)CCC3,0
protein66,1,Cc1cccc(NCN2CC=C(CC(C)CC(C)(C)C)NC2)c1,0
protein66,1,CCOc1ccc(NC(=O)Cn2cc([N+](=O)[O-])nc2C)cc1,1
protein66,1,CN(CC(=O)Nc1ccc2c(c1)OCCO2)S(=O)(=O)c1cccc(Cl)c1C#N,0
protein66,1,CCCCNC(=O)c1ccc(N2CCCC(c3nccc(C)n3)C2)cc1,0
protein66,1,Cc1c(CN(Cc2ccc(O)nc2)Cc2ccccc2Cl)cnn1-c1ccccc1C(N)=O,0
protein66,1,Cc1ccc2c(CN(C)C(=O)c3cc(C=NN(C)C=O)ccc3Cl)coc2c1,0
protein66,1,[C-]#[N+]CC(=O)NCc1ccco1,0
protein66,1,Cc1noc(C)c1CN1CCC(C(=O)N2CCN(Cc3ccc(F)cc3)CC2)C(O)C1,0
protein66,1,CCS(=O)(=O)Nc1ccc(F)c(Oc2ncnc(N3CCOCC3)c2-c2cncc(F)c2)c1,0
protein66,1,CCOc1cc(C(=O)N(C)C2CCN(Cc3ccc(C(F)(F)F)cc3)C2)ccc1CC,0
protein66,1,O=C1SC(=S)c2ccccc21,0
protein66,1,CC1(C)CCCC(C)(N(O)c2ccncc2)C1NC(=O)Nc1nccs1,0
protein66,1,CC(=O)Nc1ccc(Cl)cc1Sc1ccc(CCNC(=O)C(C#N)=C(C)C)o1,1
protein66,1,CCn1nc(CCC2CCCN(CC(=O)NCc3ccc(F)cc3)C2)nc1N,0
protein66,1,Cc1ccc(N=C2SCC(=O)N2CN2C(C)CCCC2(C)C)cc1,0
protein66,1,O=C(CCCCCS(=O)(=O)c1ccc(F)cc1)N1CCCC(n2ccnc2)C1,0
protein66,1,CCC(c1cnn(C)c1)N1CCN(c2ccc(Cl)cc2Cl)CC1,0
protein66,1,Cc1cccc2c(NC(=O)Cn3c4ncccc4c(=O)n3Cc3ccccc3)nccc12,0
protein66,1,CC(C)CC1C(=O)N(C(C)(C)C)C(=O)C1Nc1nc2n(c(=O)c1C#CC(C)(C)S)Cc1ccccc1-2,0
protein66,1,CCCC1(C)C(=O)N(CC(=O)OC)c2ccc(OC(F)(F)F)cc21,0
protein66,1,Cc1ccc(-c2cccc(NC(=O)C3CCN(c4ncc5c(n4)CCCC5)CC3)n2)s1,0
protein66,1,Cc1n[nH]cc1-c1ccnc2ccccc12,1
protein66,1,CCCCCCC1CN(c2ccccn2)c2c(C)oc(C)c2C1=O,0
protein66,1,Cn1cc(-c2ccc3onc(-c4cccc(N)c4)c3c2)cn1,1
protein66,1,CCCCCCn1c(-c2cc(S(N)(=O)=O)c(OC)cc2O)nc2ccccc21,0
protein66,1,CCCc1nc2ccc(C)cn2c1N1CCN(C(=O)c2cccc3cn[nH]c23)CC1,1
protein66,1,CC(CN1CCN(c2ncccn2)CC1)c1ccccc1,0
protein66,1,Cc1nc(NC(=O)c2ccccc2NC(=O)c2cccc(N(C)C)c2)sc1-c1cscn1,1
protein66,1,Nc1nc(N2CC3CCCC2C3)c2c(-c3ccccn3)c[nH]c2n1,0
protein66,1,CC1CCCN(c2nnc(-c3nccnc3Nc3ccccc3)s2)C1,0
protein66,1,CCONC(=O)c1cccc(S(=O)(=O)Nc2cccc(CSc3nc4ccccc4c(=O)n3Cc3ccccc3)c2)c1,1
protein66,1,Cc1nc(C#N)c(N2CCCN(Cc3c(C)noc3C)CC2)o1,0
protein66,1,CCc1ccc(-c2c(C)[nH]c(=O)n(Cc3ccccc3)c2=O)cc1,1
protein66,1,CC(C)CN1CCCC2c3cccc4c3cc(c(=O)n4C)-c3cnc4c(c3)CCCN4C21,0
protein66,1,Cc1[nH]ncc1-c1nccnc1Nc1nnc(-c2ccc(Cl)c3c2CCCC3(C)C)s1,1
protein66,1,O=C1Nc2c(F)cccc2-c2cccc(n2)COC1CC1c2cc(F)cc(F)c2C(=O)N1CC1CC1,1
protein66,1,Cc1cc(C(=O)N2CCN(Cc3ccc(F)cc3)CC2)[nH]n1,0
protein66,1,CC(C)C1C(=O)N(c2ccc(Cl)c(-c3ccccc3)c2)CC1C(=O)N1CCC(O)C1,0
protein66,1,CCC(=O)c1ccc(CCCCCCC(=O)NO)cc1,0
protein66,1,CCOC(=O)c1c2c(cn1Cc1ccccc1)-c1ccccc1S(=O)(=O)N2CC,0
protein66,1,O=C(CSc1cc2c(cc1F)C1CCCN1CC2O)Nc1ccccc1[N+](=O)[O-],1
protein66,1,CC(C)CCN(C1CCC(n2ccnc2O)CC1OC(=O)NCc1ccc(F)c(Cl)c1)S(=O)(=O)C(F)F,0
protein66,1,O=C(Nc1cc(Cl)ccc1OCCCCNCCC(F)(F)F)c1ccc(Cl)c(Cl)c1,0
protein66,1,CCOC(=O)Nc1ccc(-c2c(C)nsc2-c2cc(C(N)=O)cnc2N)cc1Cl,0
protein66,1,Cc1cccc2c1C(=O)N(c1nccs1)C2=O,1
protein66,1,Cc1cccc(Cl)c1NC(=O)c1cccc(Nc2ncnc3c(CN4C(=O)CCC4C(=O)NC4CCCC4)cccc23)c1,0
protein66,1,O=C1Nc2ccccc2N2C(c3ccccc3C(F)(F)F)=C(Cl)C(=O)C12,0
protein66,1,c1ccc(-c2ccccc2CN2CCOC(CN3CCc4ccccc4C3)C2)cc1,1
protein66,1,O=C(OCCn1cc(C23CCC(O)(CC2)CC3)c2ccccc21)c1cc(Cl)ccc1N1CCNCC1,0
protein66,1,c1cncc(CNCc2ccc(OC3CCCC3)cc2)c1,0
protein66,1,Cc1nsc(NN=Cc2cccc([N+](=O)[O-])c2)n1,1
protein66,1,CCNc1ccccc1NC(=O)c1cc(OC)cc(S(=O)(=O)N2CCCCC2)c1,0
protein66,1,CC1CCCN(c2ccc(C(=O)N(C)C)c(-c3cccc4c3[nH]c3c(N)ncnc34)n2)C1,1
protein66,1,CCC(CC)CCN1C(=O)CCC=C(C)C1=O,0
protein66,1,Cc1cc(NC(=S)NC(=O)c2cccnc2)ccc1Oc1ccc(F)cc1,0
protein66,1,NC(=O)c1ccc2c(C(=O)NCc3cc(F)cc(F)c3)ccnc2c1O,1
protein66,1,CCN1C(=O)CSC1c1ccccc1Oc1ccccc1,1
protein66,1,CCCCNc1c(CCc2ccccc2)c2ccccc2n1C,0
protein66,1,O=C1Nc2cccc(C(=O)Oc3ccccc3Cl)c2C(=O)Nc2cc(Cl)ccc21,0
protein66,1,O=C1CCc2cc(Oc3ccc(S(=O)(=O)N4CCCC(C(=O)O)C4)c4cccc(Cl)c34)ccc2N1,0
protein66,1,Cc1cc(C2CC2)nc(Nc2ccc(NCC3(N(C)C)CCCCC3)cc2C(=O)OC(C)(C)F)n1,0
protein66,1,CC1(C)CCC2C(NC(=O)c3cnccn3)CC(O)CC2O1,0
protein66,1,CCn1c(C)ccc1-c1ccnc(Nc2ccc(C=c3[nH]c(=O)c(=Cc4nc5cc(F)ccc5s4)[nH]c3=O)nc2)n1,1
protein66,1,Cc1cccc(C)c1OCCCC(=O)N1CCc2c(ncc(C)c2Oc2ccc([N+](=O)[O-])cn2)C1,1
protein66,1,O=C(Nc1ccc(O)c(-c2nc3cc(F)c(Cl)cc3[nH]2)c1)c1cc(Cl)cc(Cl)c1,0
protein66,1,CC(C)(C)N=C(S)Nc1cccc(C(F)(F)F)c1,0
protein66,1,CCC1CN(Cc2nnc(C3CC3)o2)CC(C=C(C)C)C1Cc1ccc(OC)cc1,0
protein66,1,Cc1nsc(NC(=O)CCNC(=O)C2CCC(c3ccccn3)(c3cnccn3)CC2)n1,0
protein66,1,O=c1[nH]c(Nc2ccccc2)nc2c(-c3ccccc3)csc12,1
protein66,1,CCCC1CN(c2ccc(Nc3nccc(-c4cnc(N)cc4C)n3)cc2)C(=S)N1c1ccc([N+](=O)[O-])cc1,1
protein66,1,Cc1cc(S(=O)(=O)N(C(=O)c2ccc(Cl)cc2)C(C(=O)c2ccccc2)C2CCCCC2C)ccc1NC(=O)CN1CCOCC1,0
protein66,1,Cc1noc(C)c1CN(CCO)C1CCN(Cc2cccnc2N(C)C)CC1,0
protein66,1,CCN(CC)C(=O)c1cc(COc2cccc(NC(=N)N3CCOCC3)c2)c2ccccc2n1,1
protein66,1,CC(C)C(NS(=O)(=O)c1cccc(-c2nnc(S(C)(=O)=O)o2)c1)c1ccc(C(F)(F)F)cc1,0
protein66,1,CCCC1CCCN1C(C)=NCCc1ncc(C(=O)O)c(=O)[nH]1,1
protein66,1,CCC1CN(C)CC1CNC1CCCCC(NC)C1,0
protein66,1,CCCCCCCCNS(C)(=O)=O,0
protein66,1,Cc1c2c(c3ccccc3c1C)-n1cc(cn1)CN(C)C1CCOc3cc(c(CC(=O)O)cc31)OC2,0
protein66,1,Cc1ccc(-c2nc3ccc4c(c3o2)N2c3ccccc3CCC2C(=O)N4)cc1N,1
protein66,1,O=C1COc2ccccc2N1CC(NS(=O)(=O)c1ccc(Cl)cc1)C1CCCC1,0
protein66,1,CC1CCN(c2ccc(-c3nc(Nc4cc(O)cc(Cl)c4)c4ccccc4n3)cc2)C1,0
protein66,1,CC(C)c1scnc1C(=O)Nc1cnn(C2CCCCC2)c1,0
protein66,1,CC(=O)Nc1nc(C)c(C)s1,0
protein66,1,CCOCCCNc1nnc(C(c2ccc(C(C)(C)C)cc2)N(C)C)s1,0
protein66,1,CC(=O)NC(C(=O)O)C(C)c1ccc(-c2ccc3c(c2)CCN3C(=O)c2cccc3ccc(C(F)(F)F)nc23)cc1,0
protein66,1,CCCCC(=O)Nc1nnc(COc2ccccc2F)s1,0
protein66,1,Cc1cc(-c2nc(-c3cnc4cc(C)c(NS(C)(=O)=O)cn34)[nH]c2N)ccc1F,1
protein67,1,CCC1CN(c2ccncc2F)CC(C)N1,0
protein67,1,Cc1cccnc1N1CCN(C(=O)c2cccc(Nc3nnc(C4CC4)s3)c2)CC1,0
protein67,1,CC(C)CC(C(=O)O)N(CC1COc2ccccc2-c2ccc(C#N)cc21)C(=O)C(O)CN1CCCCC1,1
protein67,1,O=C(c1cccc2snnc12)N1CCc2c1ccc(Cl)c2Cl,0
protein67,1,CC1=CC(C)CN(C(=O)c2ccc(Nc3c(F)cc(F)cc3F)c([N+](=O)[O-])c2)S1(=O)=O,1
protein67,1,CCCc1cc(C(=NO)Nc2ccccc2-c2ccccc2)ccc1Oc1cccc(N)n1,1
protein67,1,Nc1ccccc1C(=O)NCc1ccccc1Nc1c2ccccc2nc2c1cnn2CCO,0
protein67,1,CC1C(C2CCCCN2C)Oc2ccccc2C1(C)C,0
protein67,1,CC(C)=CCN1C(c2c(C(F)(F)F)n(C)c3ccccc23)CC(O)C1c1c(N2C(=O)CCC2=O)ccc2c1SCC2=O,1
protein67,1,Nc1cncc(C(=O)c2ccccc2N)n1,1
protein67,1,CC(=O)N1CCN(Cc2ccc(-c3ccc(Cl)c(F)c3)c3cc(F)cn23)CC(S(=O)(=O)[O-])C1,1
protein67,1,Cc1cc(Cc2cc(C=NC3CCN(c4ccnc(N(C)C)n4)C3)ccc2O)n2nc(-c3ccc([N+](=O)[O-])cc3)cc2n1,1
protein67,1,CC(C)C(O)C(=O)N1CCCC2c3cc(-c4ccc5c(c4)OCCO5)ccc3N(C)C21,0
protein67,1,Cc1ccccc1CCCC(C)Cc1ccc2c(c1)OCO2,0
protein67,1,CC(CN1CCCCC1c1nccc(-c2c[nH]nc2OC(F)(F)F)n1)N(C)C(=O)C1CC1,1
protein67,1,Cc1cc(N)ccc1C(=O)COC(=O)c1ccc(O)c(O)c1Cl,0
protein67,1,O=C(Nc1ccccc1N1CCC(C(=O)NCc2ccccc2)CC1)c1scnc1C(F)(F)F,1
protein67,1,CN(Cc1cccc(OCC2CCN(c3ncccn3)CC2)c1)c1ccc(Cl)cc1,0
protein67,1,COC(=O)N1CCCN(CCCCOc2ncsc2C)CC1,0
protein67,1,CC(C)CC(O)Cc1ccc2c(c1)C(C)(C)C(C)(C)O2,0
protein67,1,CCn1cc(-c2cccc(Oc3ccc(Cl)cc3Cl)c2)cn1,0
protein67,1,CCn1cc(-c2cncc(N3CCCC(c4nc(-c5ccc(Cl)cc5)cs4)C3)n2)cn1,0
protein67,1,Cc1nc(F)ccc1C1=Nc2snc(C)c2S(=O)(=O)c2ccc(Cl)cc21,0
protein67,1,CCC1CN(C)C(=O)c2cc3cc(Cl)cc(NC(=O)c4cc(Cl)cc(C#N)c4OC)c3nc2O1,1
protein67,1,O=C(Nc1ncc([N+](=O)[O-])s1)c1cccnc1O,1
protein67,1,CC(C)CC(N)C(=O)Nc1nc(Nc2ccc(N3CCOCC3)cc2)ncc1Cl,0
protein67,1,Cc1ccc(Nc2nccc(Sc3ccc4c(c3)Sc3cccnc3N4)n2)cc1,1
protein67,1,CC(C)c1ccc(S(=O)(=O)Nc2ccccc2CO)s1,0
protein67,1,CCC1c2c(cc(O)cc2OC)CCN1C(=O)CNC(C)(C)C,0
protein67,1,Cc1ccc(C(=O)[O-])cc1Nc1nc2c(s1)CCCC2,0
protein67,1,Cc1nn(C)c(O)c1N=Nc1ccc(S(=O)(=O)Nc2ncc(C(C)C)s2)cc1C(F)(F)F,0
protein67,1,Cc1ccc(Nc2cc3c(-c4cccc(N)c4)ccnc3cc2N2CCOCC2)c2ncsc12,1
protein67,1,CCC1CCCCN1C(=O)c1cnn(-c2cccc(S(=O)(=O)N3CCOCC3)c2)c1C(F)(F)F,0
protein67,1,CC(C)CNc1cc(-c2nc(C(N)=O)c(COc3ccc([N+](=O)[O-])cc3)o2)ccn1,1
protein67,1,CCCCCC(S)(CC#N)CCO,0
protein67,1,CCNC(=S)Nc1ccccc1C(N)=O,0
protein67,1,CC1CCN(CCNC(=O)c2cccc(-n3c(-c4ccccc4)c(-c4ccccc4)c4ccncc43)c2)CC1,0
protein67,1,Cc1cc2nc(-c3ccncc3)nc(NCC3CCN(c4ccc(F)c(Cl)c4)C3=O)c2[nH]1,0
protein67,1,COc1ccc2c(O)nc(CN3CC(CC4CCNCC4)C(N(C)C4CCCCCCC4)C3=O)cc2c1,0
protein67,1,CC(CC(=O)c1cccc2c1OCCO2)=NNC(N)=S,1
protein67,1,Cc1ccc([N+](=O)[O-])cc1S(=O)(=O)NC(C)c1cccs1,1
protein67,1,Fc1ccc2cc1-c1ccc3nc(sc3c1)N1CCSCCC1CCCO2,1
protein67,1,CC1CCN(C(=S)c2ccc(N3C(=O)C(C)(C)c4cccnc43)cc2)CC1,0
protein67,1,Cc1ccc(NC(=O)c2ccc(Cl)c(S(=O)(=O)N3CC=CC3)c2)cc1C(F)(F)F,0
protein67,1,O=Cc1ccccc1-c1ccccc1S(=O)(=O)C(c1ccccc1Cl)S(=O)(=O)O,0
protein67,1,O=C1c2cc(Cl)cc(F)c2C(=O)N1c1ccccc1-c1ccccc1,0
protein67,1,Cc1nnc(C)c2sc(N3CCNCC3)nc12,0
protein67,1,O=C(NCC1CCCCN1Cc1cc(-c2nc3ncccc3[nH]2)ccc1F)c1cc(Cl)ccc1O,0
protein67,1,Cc1cccc(-n2c[n+]([O-])c3c(N)nc(COc4ccc([N+](=O)[O-])cc4)nc32)c1,1
protein67,1,CC(Cn1ccnc1)NC(=O)c1cc2cc(CN3CCOCC3)ccc2[nH]1,1
protein67,1,Cc1c(C(=O)O)ccc(F)c1CNC1COC(CCCN2CCN(C)CC2)OC12CCCCC2C,1
protein67,1,Cc1ccc(-c2nsc(Nc3nc4ccc([N+](=O)[O-])cc4o3)n2)cc1,1
protein67,1,CCN(CC)S(=O)(=O)c1ccc2cc(N(Cc3ccc(-c4cn5ccccc5n4)cc3)C(C)=O)sc2c1,0
protein67,1,CC(C)c1nc2c(n(-c3ccccc3)c1=O)-c1c(sc3c1CNCCC3)SCC2,0
protein67,1,CCN(CC)CCn1cc(-c2ccncc2)c2ccc(NC(=O)C3CCCCC3)cc21,0
protein67,1,CCn1ccnc1CN1CCC(NC(=O)c2ccc(F)cc2C)CC1,0
protein67,1,O=C(NC1=NCCN1CCc1ccccc1Cl)c1ccc(-c2ccncc2)cc1C(F)(F)F,0
protein67,1,Cc1ccc(C(=O)NCCCN2CCCC2=O)o1,0
protein67,1,CC1CCCCN1c1ccc2c(=O)n(CCCl)nc(-c3cccc(F)c3)c2c1,1
protein67,1,O=C1c2ccccc2C(O)N1c1cc(S(=O)(=O)N2CCCCCC2)ccc1Cl,0
protein67,1,CC(C)(C)NC(=NO)C1CC(CC2CCCO2)=CN1C(=O)c1ccccc1,0
protein67,1,CCn1cc(CC(=O)Nc2ccc(C)c(C)c2)cn1,0
protein67,1,CCOc1cc2c(cc1Cl)N(C(=O)c1sc3nc4n(c(=O)c3c1C)CCCC4)CCC2,0
protein67,1,CCN1CCN(C(=S)NN=C2CCCC2)CC1,1
protein67,1,CCCC1NC(C)c2cccc1c2NCC1NCCCC1C(=O)N1CCN(c2cccc(C(F)(F)F)c2)CC1,1
protein67,1,O=C(Cn1c(=NC(=O)c2ccccc2)sc2ccccc21)Nc1cccc(C(F)(F)F)c1,0
protein67,1,Cc1ccc(-c2cnc3ccc(Nc4ccc(OC(F)(F)F)cc4)nn23)cc1F,0
protein67,1,CC(=O)Nc1ccccc1-c1ccc(OCC(O)CN2CCN(C3=CC(C)(C)Oc4c(C)cccc43)CC2)cc1,0
protein67,1,O=Cc1cc(O)c(O)c(C2CCN3CCc4ccccc4C3C2)c1,0
protein67,1,CC(C)(C)N=c1sc2c(CCc3cnccn3)n1C2,0
protein67,1,CCc1ccccc1N1C(=O)Sc2ccccc2C1c1ccccc1,0
protein67,1,CCCCC(C)C=C(C)C(=O)n1nc(C)cc1C,0
protein67,1,Cc1cccc(NC(=O)C=CC(=O)Nc2cccc(S(=O)(=O)N(C)C)c2)c1,0
protein67,1,CN1CC(=O)Nc2cc(OC(F)(F)F)ccc2C2CN(C(=O)CC(N)C1=O)C(C)(C)C2(C)C,0
protein67,1,COc1cc(C(=O)Nc2ccc(NC(=O)CC(C)(C)CC(C)C)c([N+](=O)[O-])c2)c2ccccc2n1,1
protein67,1,O=C1Nc2cc(Cl)ccc2C(c2ccc(-c3cnc(O)cn3)c(F)c2)N1,0
protein67,1,CC(C)c1cc(F)c(-c2nc(CCN3CCCCC3)cc(Nc3ccncc3)n2)c(Cl)c1,0
protein67,1,Cc1ccc(C(=O)NC2=Nc3ccccc3SC2)cc1F,0
protein67,1,CCc1ccc(Oc2ncccc2C2=NCCN2C(C)(C)C)cc1,0
protein67,1,O=C(NC(CCC1C(CO)c2cc(Cl)ccc2S(=O)(=O)N1Cc1cc(F)c(F)cc1Cl)C(=O)O)c1ccccc1,0
protein67,1,NC(=O)CCN1CCC(c2ncccn2)CC1,0
protein67,1,CCN(CC)c1ccc(Cc2c(-c3ccc(OC)cc3OC)nc3c(C#N)cnn3c2N)cc1,1
protein67,1,Cc1cc(OCC(O)Cn2cnc3ncccc32)c2ccccc2n1,1
protein67,1,O=CNC(C(=O)NC(C(=O)O)C1CCN(C(=O)c2ccccc2F)CC1)C1CC1,0
protein67,1,CCn1cnc(=O)c2cc(NC(=S)Nc3ccc(Cl)c(Cl)c3)ccc21,0
protein67,1,Cc1ccccc1C1OC(=O)c2ccccc2C1CCCN1CCC(n2ccnc2)CC1,0
protein67,1,CC(C)CC(NC(=O)CC#N)C(=O)NC1SC2C(=O)c3ccc(-c4cccnc4)cc3C2C1(C)C,0
protein67,1,O=C(CN1C(=O)NC2(CCCCC2)C1=O)Nc1c(F)cccc1F,0
protein67,1,CC(C)CC(CN1CCc2ccc(cc2C(N)=O)N(CCN(C)C)C(=O)C1)Nc1nccc(N(C)C)n1,1
protein67,1,CCCC(NC(=O)C1OC1(C)C)C(=O)c1nc(Nc2ccc(S(=O)(=O)Nc3nccs3)cc2)sc1C,0
protein67,1,CC(=O)N1CCN(c2ncc(Cl)cn2)CC1CC(C)C,0
protein67,1,N#CC(c1ccc(Cc2ccccc2)cc1)N1CCN(c2nnc(N)cc2Cl)CC1,0
protein67,1,CCc1ncc(Nc2cc(OC)c3nccc(Cl)c3c2)cn1,1
protein67,1,Cc1cccc(Nc2c(O)c3ccccc3oc2=O)c1,0
protein67,1,Cc1ccn(-c2c(Cl)cc([N+](=O)[O-])cc2-c2nnc(N3CCC(n4ccnc4)CC3)s2)c1,1
protein67,1,O=C1CCc2c(F)cccc2N1c1nn(Cc2cccs2)c(=O)c2ccccc12,0
protein67,1,Cc1ncccc1-c1ccc(NC(C)c2cncc(-c3cnn(C)c3Nc3ccc4c(n3)CC3CC4(N)C(C)C3C)c2)c(F)c1,0
protein67,1,CC(C)c1nc2cc(C(F)(F)F)c(C#N)cc2c(O)c1C(=O)N1CCN(C#N)CC1,0
protein67,1,CCN(CC)CCOC1CC(N(C)C(=O)C2CC(c3ccccc3CCc3ccc(NC(C)=O)cc3)=NO2)CCCC1NC(=O)c1cc(C)ccc1Cl,0
protein67,1,CC(=O)Oc1cc(NC(=O)c2ccc(F)cc2)c(NC(=N)c2nc(C)n(C)c2C)cc1OCc1ccn(-c2ccc(F)cc2)n1,1
protein68,1,CCN(CC)Cc1cc(NC(=O)c2c(F)cccc2F)c(N)nc1C,1
protein68,1,O=C(Nc1nc2ccccc2o1)c1ccc(-c2ccc(F)cc2)c(-n2cncn2)c1,0
protein68,1,Clc1ncc(Cl)c2[nH]c(C3CCNCC3)nc12,0
protein68,1,CC(C)(C)OC(=O)NC(Cc1c(CNC(CCn2cncn2)Cc2nc3ccccc3s2)[nH]c2ccccc12)C(=O)O,0
protein68,1,CC(C)Cc1ccc(OC(F)(F)F)c(-c2n[n+]3c4cn2c3CN(CCC2CCNCC2)C4)c1,0
protein68,1,CCn1c(-c2cc(F)c(N)c(F)c2)nc2cc(S(=O)(=O)Nc3nccs3)ccc21,0
protein68,1,O=c1c2cc(-c3ccc4c(c3)C3(CCCNC3)C(CN3CCNCC3)O4)cnc2[nH]n1-c1ccccc1,0
protein68,1,CCNC(=O)c1oc(C)c(S(=O)(=O)Nc2ccc(OC)cc2)c1C,0
protein68,1,CC=C(C)C(=O)N(CC(=O)N1CCC2(CCc3ccccc32)CC1)c1ccccc1O,0
protein68,1,CC1=C(COc2ccc(C(C)(C)C)cc2)C(=O)N(c2cccnc2)C1=O,0
protein68,1,Nc1nc2c(c3nc4ccsc4c(=O)n13)CC(F)CCc1ccccc1-2,1
protein68,1,CC(C)CCC#CC(O)c1ccccc1N,0
protein68,1,CCc1ccc(CCNC(=S)N2c3cccc([N+](=O)[O-])c3N=C(N)CC2(C)C)cc1,0
protein68,1,Cc1cc(C(=O)Nc2ccc(Cl)nc2)c2ccccc2n1,1
protein68,1,CCCS(=O)(=O)Nc1ccc(F)c(Cc2cnn(-c3ccc(N(C)C)cc3)c2C2CCN(C3CCC(c4ncccn4)CC3)CC2)c1,0
protein68,1,CCN(CC)CCNC(=O)c1cc2c3c(ccc(F)c3n1)CCC2,1
protein68,1,CCC1CCCCN1C(=O)c1ccc(C(F)(F)F)c(Nc2nc3cccc(C(=O)O)c3s2)c1,0
protein68,1,Cc1cn2cccc2c(Nc2cc(NC(=O)c3cc4cc(O)cc(O)c4[nH]3)c(Cl)cc2Cl)n1,0
protein68,1,Cc1occc1C(=O)N1CCCC(c2nnc3c(F)c(O)nc(N(C)C)n23)C1,0
protein68,1,NC(=O)N1CCCC1=O,0
protein68,1,CCN(CC)CC(=O)N1c2ccc(C)cc2NC(=O)c2ccccc21,0
protein68,1,CCC(NC(=O)c1cc(C#N)ccc1O)C(O)(OC)c1ccc([N+](=O)[O-])cc1,1
protein68,1,CCCCC1(CC)C(=O)Nc2cc(NC(O)=S)ccc2C1=O,0
protein68,1,O=C(NN=Cc1ccccc1C(F)(F)F)c1cc2cccnc2o1,1
protein68,1,CC(=CCCC(C)N)C(=O)N(C)CCc1cc2c(=O)[nH]cnc2s1,0
protein68,1,CCCC1c2c(C(F)(F)F)cc3c(N)c2C(=O)NC1CC(C)(C)CCC(O)C(C)(C)O3,0
protein68,1,CCC1CN2CC=C3Oc4cc(ncc4C(F)(F)F)NC(=O)N4C(C)CCC4C(=NO)C32C1,0
protein68,1,CC(=CC(C)(C)N)C1CCC(n2ncc(Nc3cccc(C)c3C)cc2=O)CC1,0
protein68,1,CC1=CCC(C)(P(C)(N)=O)CC1,0
protein68,1,CCc1onc(-c2ccc(Oc3ccc(Cc4ccccc4C(=O)O)cc3)cc2)c1C(=O)O,0
protein68,1,CCC1(C(=O)O)CC2c3ccc(Cl)cc3CCC2N(C)C1,0
protein68,1,CC(C)Oc1c[nH]c2c(c1=O)CN1CCN(Cc3ccccc3F)C2(C#N)C1,0
protein68,1,COc1cccn2c(NC(=O)c3cccc(C(C)(C)C)c3)c(C(C)(C)C)nc12,0
protein68,1,O=C(Nc1ccccc1N1CCCCC1)c1nc(-c2ccccn2)[nH]c(=O)c1O,1
protein68,1,CCCCC(=O)C(C)=NNc1nc(N)nc2c1c(C)cn2C,1
protein68,1,CC#Cc1ccc(CNC(=O)Nc2c(C)c(N3CCN(C)CC3)nc3ccccc23)cc1,1
protein68,1,CCC1Cc2nc(O)c(C#N)c(-c3ccc(OC)cc3)c2-c2ccccc21,1
protein68,1,O=C(NCc1ccc(C(F)(F)F)cc1)c1c(O)c2ccccc2[nH]c1=O,1
protein68,1,Cc1cnccc1-c1cnc(C(F)(F)F)c(CNCC2CCN(C(=O)O)CC2)c1,0
protein68,1,O=C1C(N(Cc2ccc(OC(F)(F)F)cc2)S(=O)(=O)c2cccc(Cl)c2)CCN1c1cccnc1,0
protein68,1,O=C(O)c1cc(-c2ccncc2)nc2ccccc12,0
protein68,1,C=CCN(CCC)Cc1sc(C)c(-c2nc3c(OCC)cccc3[nH]2)c1C,1
protein68,1,CC(C)(C)OC(=O)NC1CCCC1,0
protein68,1,O=C(NC(Cc1ccccc1)C(=O)N1CCCCC1)OC1CCCC1,0
protein68,1,CCC(NCc1c(O)c2ccccc2n(C2CCC(O)CC2)c1=O)c1ccccc1,0
protein68,1,O=C1Nc2cc(S(=O)(=O)c3ccccc3)ccc2C1=NN1CCCCC1,1
protein68,1,Cc1ccnn1-c1ccc(Nc2nc(-c3ccc(F)cc3)cs2)cc1,1
protein68,1,Cc1nc(Nc2cccc(C(F)(F)F)n2)nc2cc(Nc3cnn(C)c(=O)c3)ccc12,1
protein68,1,CC(C)CC1C(O)C(C)N2CCC1C2C(=O)Nc1ccccc1C(=O)Nc1sccc1C(N)=O,0
protein68,1,CC(C)CN1CCCC1C(O)c1ccc(C=Nc2ccc(N3CCNCC3)nn2)cc1,1
protein68,1,CC(=O)n1c(=O)cc(C)c2ccccc21,1
protein68,1,CCN1CCOc2ccc(C(=O)Nc3ccc(N4CCOCC4)c(C(F)(F)F)c3)cc21,0
protein68,1,CCOP(=O)(O)C1=Cc2ccc3[nH]c4c(nccc4c3c2)C1(C)C,0
protein68,1,CCN(c1ccc(C(F)(F)F)nc1Nc1nc2ccccc2n1C(C)C(=O)Nc1ccccc1C(=O)O)C(C)C,0
protein68,1,CCC1C(O)CCCN1c1ncc(NC(=O)c2ccc(OC)c(OCP(=O)(O)O)c2)cc1F,0
protein68,1,Cc1cc(C(=O)Nc2cccc(-c3noc(-c4ccccc4N4CCN(C)CC4)n3)c2)c2ccccc2n1,0
protein68,1,CC(C)C(O)CN1CCC(NC(=O)c2ccc(-c3ccncc3F)c(OCCCCC(F)(F)F)c2)C1=O,0
protein68,1,CCOCC(F)(F)c1ccccc1-n1c(C)cc(C(=O)NC(=S)n2c(=O)n(C)c3ccccc32)c1C,1
protein68,1,COC(=O)c1c(C)n(-c2ncc(N3CCCCC3)nc2C)c2cc(-n3ccnc3C)ccc12,1
protein68,1,CCCCC1CC(O)CC2(CCN(C)CC2)C1,0
protein68,1,CCCCNc1nc2c(C(=O)N(C)C)cnn2cc1-c1ccccc1,0
protein68,1,CC(=O)c1ccccc1NC(=O)c1ccc(NS(C)(=O)=O)cc1Cl,0
protein68,1,O=C(NC(CBr)c1ccccc1)c1cnn2c(C(F)(F)F)ccnc12,0
protein68,1,CNCC(C)C1COC(n2c(C)c(S(=O)(=O)C(F)(F)F)c3cccnc32)c2cc(C#N)ccc2O1,1
protein68,1,CCC1CCC(C(=O)N=C(N)c2ccccc2F)SC1,0
protein68,1,CC(=NN1CCN(c2nc(Nc3cc(F)cc(Cl)c3)c3c(Cl)cccc3n2)CC1)c1cnc2[nH]cccc-2c(=O)c1=O,1
protein68,1,O=C(Nc1nccs1)c1cc(-c2ccc(F)cc2)n(-c2ccc(Cl)cc2Cl)n1,0
protein68,1,CCC1CCC2(CO2)c2ccc(cc2)C(=O)Nc2nnsc21,0
protein68,1,COc1ccc2c(c1)C(=NNc1cncn1C(=O)Cc1c(OC)cccc1OC)C(C)CC2,0
protein68,1,CCCN(CC(C)O)c1ncc(Cl)c(Nc2cc(C)cc(C)c2)n1,0
protein68,1,CCC(C)CC1C(C#N)=C(NC2CCCCC2)C(=O)N1c1ccccc1C(=O)OC,0
protein68,1,CC(C)N1CCC(c2ccccc2-c2cc(Cl)c(F)cc2C(C)n2cnc(C(N)=O)c2)CC1,0
protein68,1,CC1(C)C=C(C#N)C(=O)N1,0
protein68,1,CCC(CO)C(=Cc1ccccc1)C(=O)N1CCc2cnccc2C1,0
protein68,1,CCC(C)Nc1ncc(-c2[nH]nc(-c3ccc(OC)c(OC)c3)c2C(C)C)c(NC)n1,0
protein68,1,O=C(NC1CCCCC1)c1oc2ccc(Cl)cc2c1Br,0
protein68,1,CC(CO)Nc1ncc2c3cc4c(F)cc(CCNC(=O)CO)c(n4n3)n12,1
protein68,1,O=C(NCC1CCC(C(=O)NCc2ccccc2OC2CCCCC2)CC1)C1=C(O)CCC(O)C1CP(=O)(O)O,0
protein68,1,CC(C)OC1c2ccccc2Nc2nc3ccccc3n21,1
protein68,1,CC(C)C(NCc1cc(F)cc(C(=O)O)c1)C(N)CO,0
protein68,1,CCN(CC)CCc1ccnc(SCc2ccccc2)n1,0
protein68,1,CC1CCCCC1NC(=O)c1ccc(-n2nc(C(F)(F)F)cc2-c2ccc(F)cc2F)cc1,1
protein68,1,CCCCCCNCC#Cc1nc2cc([N+](=O)[O-])ccc2[nH]1,1
protein68,1,Cc1cc(C(=O)Nc2cc(F)cc(-c3cn4cc(N5CCN(C)CC5)cc(C)c4n3)c2)on1,1
protein68,1,O=C(CCS(=O)(=O)Nc1ccccc1F)NCc1ncccc1OCc1ccccc1,0
protein68,1,CCCNc1nc(O)c2scc(-c3ccc(OCc4cccc(C)c4)cc3)c2n1,0
protein68,1,Nc1nc(-c2ccccc2)nc(N)c1NC(=O)c1cc(Cl)ccc1OCc1c(F)cccc1F,0
protein68,1,Cc1cn(-c2c(F)cccc2F)c2ncnc(NC(C(=O)O)C(C)(C)C)c12,1
protein68,1,Cc1ccc(C2CCC(N3CCCC(N)C3)c3ccccc32)cc1,0
protein68,1,Nc1nc(-c2cc([N+](=O)[O-])ccc2O)nc2c1ccn2OCC(CO)CO,1
protein68,1,CC1CCN(c2nccnc2-c2c(CO)c(C(=O)c3ccc(Cl)c(Cl)c3)n3cc(F)cc(F)c23)C1,0
protein68,1,CC(=O)c1ccc(-c2ccnc(-n3nc(C(F)(F)F)cc3-c3ccccc3)n2)cc1C(=N)N,0
protein68,1,Cc1ccc(NC(=O)C2C(Cl)C2(C)C)cc1,0
protein68,1,Cc1ccc2c3c(ccc2n1)C(c1ccc(F)cc1)N(C(CCO)CCO)CC3,0
protein68,1,CCN(CC)CCN1Cc2cc(Cl)c(Cl)cc2CC1=O,0
protein68,1,CCCOc1cc(OC)ccc1-c1csc(C2CC(=O)NN=C2c2ccccc2)n1,0
protein68,1,Cc1cccc(C)c1OCc1cccc(C(=O)NCCN2CCCCC2)n1,0
protein68,1,O=C(C1CC1)N1CCN(c2ncc(Oc3cc(F)cc(Cl)c3Cl)cn2)CC1,0
protein68,1,CCCCCC(NC(=O)C(Cl)Cl)C(=O)NCC(C)S(=O)(=O)O,0
protein68,1,Cc1ccc(Oc2cccc(CNC(=O)c3cnn4cc(F)c(Cl)cc34)c2)nc1,0
protein69,1,Cc1c(CO)c2c3c4c1c(CNc1ccccc1S(C)(=O)=O)nn4CC(CO2)C3,1
protein69,1,Cc1snc(SCCC2C=CCCC2)c1C#N,0
protein69,1,O=C1CC(O)C(=O)N1c1cccc(-c2ccc(OC(F)(F)F)c(O)c2)c1,0
protein69,1,CCN1C(=O)C2Cc3ccccc3C(C1=O)N2C(=O)c1ccc(F)cc1,1
protein69,1,CC(C)CC(C(=O)Cc1cccc(O)c1)N1CCN(C)CC1,0
protein69,1,CCCCCOc1ncc(C2CC2)cc1-c1ccc(O)cc1,0
protein69,1,Cc1noc(C=Cc2ccccc2S(C)(=O)=O)c1C(=O)Nc1ccc2c(c1)OCCO2,0
protein69,1,OC1CCN(c2cncc(-c3ccccc3OCc3cccc(OC(F)(F)F)c3)n2)C1,0
protein69,1,O=C1CC(N=Cc2c(O)ccc(O)c2O)C(=O)N1Cc1ccccc1,1
protein69,1,Cc1cccc(NC(=O)c2cnc3c(CC(=O)Nc4ccccc4C(=O)NC4CCCCC4)nn(C)c3c2)c1,1
protein69,1,Cc1csc(C(=O)NC(=S)N2CCN(c3ccccc3F)CC2)c1,1
protein69,1,Nc1c(CSc2nc3ccccc3c(=O)[nH]2)oc2c(O)ccc(C(F)(F)F)c12,1
protein69,1,CCCN(C)C(=O)c1c(OC)c(-c2ccccc2)cc2c1N1CCC2C1,0
protein69,1,Cc1cc(-c2ccc(Cl)cc2)cn(N)c1=O,0
protein69,1,CCCCC(CCO)(c1ccccc1)C1CC(=O)N(c2ccccc2)C1=O,0
protein69,1,CCn1c(SCC(=O)N2CCCCCC2)nc2ccccc21,1
protein69,1,CCC(CN)NC(=O)c1cc2c(cc1OCc1ccccc1)NS(=O)(=O)c1ccccc1-2,0
protein69,1,CC(C)S(=O)(=O)NC1CC2C(=O)N(C1)c1cccc(-c3ccccc3)c1N2C,0
protein69,1,CC#Cc1ccccc1N1CCN(CC2CC(=O)N(C(=O)CCCc3cccnc3)C2)CC1,0
protein69,1,CC(C)CCNc1nc2c(c(-c3cccc4[nH]c(=O)oc34)n1)C1CC1N2,1
protein69,1,Nc1ccc(C(F)(F)F)cc1C=CC(=O)c1cc2n(n1)CCN(C(=O)c1cc(F)cc(F)c1)C2,0
protein69,1,CC(=O)OCCCCN1CCN(c2ncccn2)CC1,0
protein69,1,CC(C)(C)CN(C(=O)C(C)(C)S(=O)(=O)CC(N)=O)c1nc2ccc(-c3ccn[nH]3)cc2s1,0
protein69,1,CCC1CNc2ccccc2-c2nc3ncccc3c(C)c2CN1C(C)=O,1
protein69,1,Cc1ccc(O)c(NC(=O)c2[nH]c3ccccc3c2S(=O)(=O)c2ccccc2Cl)c1,0
protein69,1,CCCC(CC)C(=O)Nc1ccc(C)cn1,0
protein69,1,Nc1nccc(-c2cnc3c(c2)OC2(CCN(Cc4cccnc4)CC2)CC3CO)n1,0
protein69,1,CCn1cc(C(=O)O)c(=O)c2cc(F)c(N3CCC(Oc4ccccc4C(CC(=O)O)c4ccccc4Cl)CC3)nc21,0
protein69,1,CCOC12CCN(CC1)C(=O)c1onc(c1C)CSc1ccc(Cl)cc1NC(=O)C2,0
protein69,1,CC1CCCC2=C1N(Cc1ccccc1)C1=NCCN1C2,0
protein69,1,CCC1CCC2SC(NC3CN(C)C3)=NC3c4nc(-c5ccccc5F)sc4CN(C)Cc4ccccc4CCC(=O)N1C23,0
protein69,1,C[N+]1(CC(=O)N=C(N)Nc2ccc(S(=O)(=O)O)cc2O)CCCC1,0
protein69,1,CCN1CC(c2cnn(C)c2)N(c2ccc(I)cc2)C1=O,0
protein69,1,Cc1ccc(-c2cncc(-c3cnn(CC(=O)N4CCCC5(CCN(C)CC5)C4)c3)c2)cc1,0
protein69,1,CC(C)C(C)(C)CN1CCC(N2C(O)=C3C(=O)N=c4ccccc4=C32)CC1,0
protein69,1,CC(C)(C)OCCCCN1CCN(c2cnn3c2CCC3)CC1,0
protein69,1,CCCCC1(c2ccc(Cl)cc2Cl)C(=O)NN=C1I,0
protein69,1,CC(C)CN(Cc1ccc([N+](=O)[O-])cc1)S(=O)(=O)c1cccc(C(=O)N(C)c2ccc(S(=O)(=O)N(C)C(C)C)cc2)c1,1
protein69,1,CCCCc1nc2cc(Cl)ccc2n1-c1ncc2c(n1)N(C(=O)C(C)C)CCN2C,0
protein69,1,Cc1c(Cl)cccc1NC(=O)c1sccc1C(=O)O,0
protein69,1,CC(=O)OCC1CCC(CCS(=O)(=O)c2ccc(C)cc2)N(C)C1,0
protein69,1,CCN(CC)CC#CC(O)c1ccccc1,0
protein69,1,CCNC(=Nc1nc2cc(C)ccc2[nH]1)Nc1cc(C)[nH]n1,1
protein69,1,CC1(C)CC(N2CCNCC2)Cc2cn(S(=O)(=O)c3ccccc3)c3ccc(cc23)C(=O)NCc2nc3ccccc3n2C1,1
protein69,1,Cc1ccsc1C(=O)Nc1cc(Nc2nc3nc(-c4nccs4)ccc3cc2C(N)=O)ccc1F,1
protein69,1,CC1CCC(N(C)Cc2cc(-c3cccc(CC(C)(C)CC(=O)O)c3N)cc(Cl)c2O)CC1,0
protein69,1,O=C(NC(=S)Nc1ccc(F)cc1F)C1CCN(c2ccc(F)c(Cl)c2)C1,0
protein69,1,CCC1(CC)NCN(CCCN2CCc3nc4ncccc4c(Nc4cc(C(F)(F)F)nc5cc(Cl)ccc45)c3C2)C1=O,1
protein69,1,CC(C)CCCCC1(C)CCC=CCCNCC(O)COC1,0
protein69,1,CC(C)CC(NC(=O)C(NC(=O)c1cccc(F)c1)C(C)C)C(=O)NO,0
protein69,1,O=C(Nc1ccc(Cl)cc1)C1CCN(c2cc(-c3nn(C4CCOC4)c4ncccc34)ncn2)CC1,1
protein69,1,CCN(CC)CC,0
protein69,1,Cc1ccccc1CC(=O)N1CCCCC1c1nc(C#N)no1,0
protein69,1,CCC(CC)C(=O)N(CCC#Cc1ccccc1Cl)c1c(N)n(C(C)(C)C)cnc1=O,0
protein69,1,Nc1ccc(-c2cc(C(F)(F)F)c3c(Nc4cc(N)ncn4)cccc3n2)cc1,1
protein69,1,CCCn1c(N2CCN(N=Cc3ccccc3C#N)CC2)nc2ccccc21,1
protein69,1,CCCn1c(=O)c2c(c3cc4cccc(OC)c4nc31)C(=O)N(C)C2=O,1
protein69,1,CCn1cc(C(=O)NS(=O)(=O)c2ccccc2C(F)(F)F)c(=O)n2c(=O)cc(C)nc12,0
protein69,1,CCC(C)C(=O)Nc1nc(Nc2cc(Cl)cc(Cl)c2Cl)cc(=O)[nH]1,0
protein69,1,Cc1ccc(NS(=O)(=O)c2cccc(-n3c(=S)n(C)c4c(-c5ccccn5)nnc(C)c43)c2)cc1,0
protein69,1,CC(C)Nc1nc(Cl)cc(NC(=O)OC(C(F)(F)F)(C(F)(F)F)C(F)(F)F)n1,0
protein69,1,CCCNC(=O)c1sc(Nc2ccc([N+](=O)[O-])cc2)nc1C,1
protein69,1,Cc1ccccc1CN1C(=N)N(C)C=NC1(C)C,1
protein69,1,CCn1cnnc1-n1c(=O)n(CC2COCCN2)c2cccc(-c3nc(OC)ccc3C(F)(F)F)c21,1
protein69,1,O=C1NCC2(N1)c1[nH]c3ccccc3c1C1CCCC2C1,1
protein69,1,O=C(Nc1cc(C2CCN(Cc3ccccc3)CC2)ns1)c1ccccc1F,1
protein69,1,O=C(COc1ccccc1-c1ccccc1F)NN=C1CCCC1,0
protein69,1,CC(Cn1c(=O)c2c(c3cccnc31)CCCC2)N1CCOCC1,0
protein69,1,O=Cc1ccc(CCc2ccccc2C(F)(F)F)c(O)c1O,0
protein69,1,O=C(Nc1ccc(OC(F)(F)F)cc1)NC1CCCN(Cc2ccccc2F)C1,0
protein69,1,CCn1cc(C(=O)O)c(=O)c2cc(F)c(N3CCN(CC(F)(F)F)CC3)cc21,1
protein69,1,CCN1CCN(c2nc3ccc([N+](=O)[O-])cc3c(C)c2C#N)CC1,1
protein69,1,CCOC(=O)C1CCCCCC1N(C)C(=O)N(C)c1cc(-c2ccccc2)n(C(C)=O)c1,1
protein69,1,O=C1C=C(Nc2cccc(C(F)(F)F)c2)CCC1,0
protein69,1,CC(C)CC(=O)c1sccc1NC(=O)c1c(F)ccc(F)c1F,0
protein69,1,CC(=O)Oc1ccccc1C1=NN(C(N)=O)C(c2c(F)cccc2F)C1,1
protein69,1,CC(CN)(CCCC1CCCCN1)c1ccc(F)cc1,0
protein69,1,Cc1cnc(C(=O)OCC(=O)Nc2ccccc2Cl)cn1,0
protein69,1,CCOC(=NNC(=O)c1ccncc1)c1cn(Cc2c(O)ccc3cccc(CC)c23)nn1,1
protein69,1,CC(C)CS(=O)(=O)N(C)C(=O)c1ccccc1-c1ccc2c(c1)CC(NC(=O)C1CC1)C2,0
protein69,1,CC(=O)NC(=S)Nc1ccc([N+](=O)[O-])cc1Cl,1
protein69,1,O=C1NC(Cc2ccccc2-c2nc(NCC(F)F)c3sccc3n2)C(=O)N2CCCC12,0
protein69,1,Cc1cccc(CN2CCN(CC(O)COCCn3c(Cl)nc4cccnc43)CC2)c1,0
protein69,1,CC(C)Sc1nc(C(N)=O)cc(-c2ccnc(Nc3ccc(Cl)c(Cl)c3)n2)c1N,0
protein69,1,CN1C(C)(C)CC(O)C12CCN(C(=O)c1cc3n(n1)C(C(F)(F)F)CNC3)CC2,0
protein69,1,Cc1ccc(OC(=O)N2CCN(C(c3ccccc3)c3cc(NC(=O)c4ccccc4-n4nccn4)ccc3C)CC2)cc1,0
protein69,1,O=C1CCC(c2ccc(Cc3c[nH]c4c(Nc5ncnc6[nH]ccc56)ncc(C5CC5)c34)cc2)CC1,0
protein69,1,Cc1cccc2nc(N3CCC4(CC3)C(=O)N(O)C(=O)c3ccccc34)oc(=O)c12,1
protein69,1,O=C(Nc1cccc(C(F)(F)F)c1)Nc1ccc(I)cc1Cl,0
protein69,1,CC(C)CC1C(=O)NC(C(=O)O)C(C2CCCCCC2)N1CC1CCCCC1,0
protein69,1,Cc1cc(COc2cccc3c(C4CC4)cn(Cc4ccc(Cl)cc4)c(=O)c23)no1,1
protein69,1,CC(C)(c1cn(-c2nnc(C(F)(F)F)s2)c2ccccc12)C(N1CCCC1)C(O)(Cn1cncn1)c1ccc(F)cc1F,0
protein69,1,NCCC12CCN(C(=O)Nc3ccccc3OC(F)(F)F)CCC1c1ccc(F)cc12,0
protein69,1,O=C(Nc1cn(-c2ncccn2)nc1-c1ccc(C(F)(F)F)cc1C(F)(F)F)c1ccccc1F,1
protein69,1,CCc1cc(S(=O)(=O)Nc2ncccn2)ccc1N1Cc2ccccc2C1=O,0
protein69,1,CCc1sc(C(=O)Nc2nc(Nc3ccccc3C)c3ccccn23)nc1C,1
protein69,1,Cc1ccccc1N1CCN(C(=S)Nc2cccc(-c3cc4c(oc3=O)C(=O)N(C(=O)C3CCCC3)C4=O)c2)CC1,1
protein69,1,CCCCc1nc2ccc(C)cc2c2c1OCO2,0
protein69,1,NCCSc1ccccc1,0
protein69,1,O=C(O)CCNC(=O)C1CCCN1S(=O)(=O)c1ccc2c(c1)C(=O)c1ccc(F)cc1CC2,0
protein7,1,Cc1cc(Cl)ccc1NC(=O)OCC=Cc1ccccc1[N+](=O)[O-],1
protein7,1,Cc1nn(CCCS)c(C)c1NS(=O)(=O)c1cc(F)ccc1N1CCCCC1,0
protein7,1,Cc1c(C(=O)c2c3n[nH]c2CCCC3)c2nccc3c2n1CCN3CCCN,0
protein7,1,CCCCNC(=O)C1CCCN1C(=O)CCC1C(C)c2cc(OC)c(-c3cc(F)cc(Cl)c3)cc2N1C(C)=O,1
protein7,1,CCN(CC)C(=O)Oc1cccc(-c2cncnc2Nc2ccc(N(C)C)cc2)c1,1
protein7,1,CCCC(Cn1c2c(c(=O)n(O)c1=O)NC(=O)CS2)N1CCCCC1,0
protein7,1,O=C(C(C(Nc1ccc(-c2cccnc2)cn1)C(F)(F)F)N1CCc2ccccc21)N1CCCC1,0
protein7,1,CCn1cc(C(=O)NC2CCCN(Cc3ccccc3)C2)c(=O)c2ccc(C)nc21,0
protein7,1,CCS(=O)(=O)N(C)c1cccc(N(CC(=O)N2CCCCC2C)C(=O)c2ccc(F)cc2F)c1,0
protein7,1,CCc1ccc(C2=NOC(C)(CN3CCC(C(N)=O)CC3)C2)cc1,0
protein7,1,Nc1ccn(C2C=CC(COc3ccccc3C(=O)c3ccccc3)C2)c(=O)n1,0
protein7,1,Cc1cccc(SCC(=O)Nc2cc(C)cc(C)n2)c1,0
protein7,1,O=C(O)CCCCNc1cc(NC(=O)c2ccc(S(=O)(=O)N3CCOCC3)cc2)nc(-c2c[nH]c3ccccc23)c1,0
protein7,1,Cc1ccccc1CNC(=O)C1CCN(c2nc(Cl)cc(-c3ccccc3OCCN3CCCCC3C)n2)CC1,0
protein7,1,O=C(Nc1ccnc(Nc2ccc3cccnc3c2)c1)c1cnccn1,1
protein7,1,Cc1ccccc1-c1ccccc1CNc1nnc(-c2ccc3c(c2)ncc2cccnc23)s1,1
protein7,1,Cc1cc2c(=O)oc3ccc(F)c(F)c3c2n1C(C)C,0
protein7,1,CCN(CC)CCn1cc(C(=O)C(=O)Nc2ccc(F)cc2)c2ccccc21,1
protein7,1,Cc1ncccc1-c1nc(C(=O)Nc2cccc(C(C)(O)C(F)(F)F)c2)co1,0
protein7,1,CC(C)CNc1c(S(=O)(=O)c2ccccc2)c(N)nc2ccccc12,1
protein7,1,CCOC(=O)c1cccc(-n2c(C)cnc2C)c1C,0
protein7,1,CCCCN1CC2CN(S(=O)(=O)c3ccc(C)cc3)C(=N)C2(C)C1,0
protein7,1,CC(C)C(O)C(=O)Nc1cc(-c2ccncc2)cnc1N1CCCCNCC1,0
protein7,1,Cc1cc(=O)n(CCN2CCC(c3ccc(Cl)cc3)=CC2=O)n1C,0
protein7,1,CC(=O)Nc1cccc(NC(=O)c2ccc(I)cc2)c1,0
protein7,1,Cc1cc(O)c2c(C)cc(=O)oc2c1-c1nnc[nH]1,0
protein7,1,CCN1C(=O)CCC1CCNC(=O)CC1(C)CCN(c2ccccc2)C1=O,0
protein7,1,CN1C(=O)C2CC(Cc3ccncc3)C(C)(c3ccccc3)CC2(C)N=C1NC(=O)C(F)(F)F,0
protein7,1,CCNC(=O)c1nn(-c2cccc(C)c2)c(-c2c[nH]nc2C(F)(F)F)c1O,0
protein7,1,CC(C)n1cc(-c2nn(Cc3ccccc3)cc2[S+](=O)([O-])N2CCCCC2)c2cccnc21,1
protein7,1,NCCn1c(=O)ccc2cnc(Nc3ccnc4cc(Cl)c(Cl)cc34)cc21,1
protein7,1,O=C(NCc1cnc2n1CCN(Cc1ccccc1)C2)c1ccc(Cl)c(Cl)c1,0
protein7,1,CCN(CC)c1cccnc1C(=O)c1c2n(c3ccccc13)CCCC2(C)c1cccc(I)c1,0
protein7,1,CC(C)CC(Nc1ncc2c(n1)Nc1ccccc1S2(=O)=O)C(=O)O,0
protein7,1,O=C(O)CCN1CCC2(CCc3cc(Cl)ccc32)CC1,0
protein7,1,CCCCC(O)C(F)(F)F,0
protein7,1,Cc1ccc(C(=NO)NC(Nc2ccccc2)C(Cl)(Cl)Cl)c(Oc2ccc(C)c(C)c2)n1,0
protein7,1,CCCOc1ccc2cc1-c1ccccc1NC(=O)C1(C)CC(C)CCN1C2,0
protein7,1,Cc1cc(C)n(-c2ccc(S(=O)(=O)Oc3ccccc3C(=O)N3CCCCC3Cn3ccnc3)cc2)n1,0
protein7,1,Cc1cc2c3c(c1)Cc1c(C)nc4ccc(C(=O)NC(CN5CCCC5)c5cccnc5)c(n14)N3CCC2,0
protein7,1,Cc1cnc(Nc2cc3cnn(-c4ncc(F)cn4)c3cc2C)c([N+](=O)[O-])c1,1
protein7,1,CC(=O)OC1CCC=CC2CC(CS2(=O)=O)C(F)(F)CC2CC(=O)NC1C2,1
protein7,1,Cc1cc(C(OC(N)=O)c2ccccc2F)c2nc(N3CCOCC3)c(Cl)cc2c1C,1
protein7,1,CCNC(=O)C1CCC(Cn2c(C)nc3c(-c4ccccc4F)cncc32)CC1,0
protein7,1,O=C(Nc1cccnc1Cl)N1CC2COCC2(c2ccccc2)C1,0
protein7,1,CC1=C(c2ccccn2)c2ccccc2CC1NCc1cnn2c(-n3ccnc3)c(C)cnc12,1
protein7,1,CCCCCCCN1C(=O)C(Cl)=C(c2ccc(C)cc2)C1O,0
protein7,1,CC(C)CCN1CCC(CN2C(=O)c3cccnc3Oc3cccc(F)c32)CC1,0
protein7,1,Cc1ccc2c(c1C)OC(N)=C(C#N)C2c1ccco1,1
protein7,1,CCOc1ccccc1C(=O)Nc1ccc(C)c(S(=O)(=O)Nc2cccc(-c3ccc4n[nH]c(N)c4c3)c2)c1,0
protein7,1,CCc1cccc2c1C(=O)c1nc(N)c(C#N)cc1C2=O,1
protein7,1,Cc1ccc(Cl)c(Oc2ccc(C(=O)NC3CCN(Cc4ccccn4)CC3)cc2)c1,0
protein7,1,Cc1ccc(C(=O)n2nc(Nc3ccc(S(N)(=O)=O)cc3)c3ccc(-c4cncc(F)c4)nc32)cc1,0
protein7,1,CCS(=O)(=O)Nc1c(CO)cc(F)c(Cl)c1F,0
protein7,1,Cc1noc(C)c1C(=O)Nc1ccc(-c2cnn(C)c2)cc1C(F)(F)F,0
protein7,1,Cc1cccc(NC(=O)c2cncc(CCl)n2)c1,0
protein7,1,O=C1CCCN1CCN1CCc2ccc(-c3cccc(OC(F)(F)F)c3)cc2C1,0
protein7,1,Cc1c2c(nn1C(C)(C)C)C(=CN(C)C)c1sc3ccccc3c1S2(=O)=O,0
protein7,1,O=C(NCCCN(C(=O)COc1ccccc1O)c1ccccc1C(F)(F)F)C1=CCCCC1,0
protein7,1,O=C1c2ccc([N+](=O)[O-])cc2C(=O)N1c1ccc(-c2ncccc2F)cc1,1
protein7,1,Cc1noc(CN(C)C(=O)C2CCN(Cc3cccnc3)CC2)n1,0
protein7,1,Cc1nnc(CN2CCCC(Cn3cnc4cc(F)c(Cl)cc43)C2)o1,0
protein7,1,CC(=O)Nc1cccc(C)c1NC(=O)CSc1ncc(C)c2c(O)ncnc12,1
protein7,1,CC(=O)NC1Cc2cccc(C)c2CC1(C)c1ccc(O)c(Cl)c1,0
protein7,1,CC1CN(CCn2c#cc(=O)c3cc(Cl)cc(C#CC4(C)CCCCC4)c32)CCO1,0
protein7,1,CCN(CC)S(=O)(=O)c1cc(OCCC(C)N2CCCCC2)ccc1Cl,0
protein7,1,Cc1ccc2c(c1)c(-c1ccncc1)nn2Cc1c(C)nc(N)n1-c1ccc(C#N)cc1,1
protein7,1,Cc1nc2cc(C(=O)N3CCC4(CC3)COc3ccc(C#N)cc3C4n3cccn3)n(C)c2cc1C1CC1,0
protein7,1,CC(=O)Nc1ccccc1Nc1nc(C(F)(F)F)nc2ccccc12,1
protein7,1,O=C1OC2(CCC1S(=O)(=O)c1ccccc1)CCN(C(=O)c1ccccc1)CC2,0
protein7,1,Cc1cc(C(C)(C)C)cc(Cl)c1Oc1nn(C)c(Cn2cccn2)c1[N+](=O)[O-],0
protein7,1,COc1cc([N+](=O)[O-])c(-n2c(NC(C)=O)nc3ccccc32)c2ccccc12,1
protein7,1,CC1(C)Cc2ccc(Nc3ccc(F)cc3F)cc2C(NCC(O)CO)C1,0
protein7,1,CCCCN(C)c1nc(-c2nc3cc(C(N)=O)ccc3[nH]2)cs1,0
protein7,1,Cc1ccc2ccc(=O)[nH]n2c1=Nc1ccc(F)c(C(=O)O)c1,0
protein7,1,Cc1cccc(NC(=O)c2c(N)n(C)c3c(Cl)c4ncccc4cc23)c1,1
protein7,1,CCC1CCC(CNS(=O)(=O)c2ccc3oc(-c4ccc(F)cc4)c(NC(=O)CNC4CCCC4)c3c2)NC1,1
protein7,1,CCOCCS(=O)(=O)Nc1cccc(-c2ccc(OC)cc2)c1,0
protein7,1,Cc1cc(-c2ccccc2)nn1S(=O)(=O)c1cccc(NC(=O)Cc2cc(F)cc(F)c2)c1,0
protein7,1,CCN(CC)CC#CCC(C)(C)CCCC#N,0
protein7,1,CCNC(=S)c1cccc2c3c(n(C)c12)CCCCC3,1
protein7,1,Cc1ccn2c(CCNc3nc(C)c(C(C)(C)C)s3)c(C)nc2c1,0
protein7,1,CC1(n2cc(C(=O)NC3CCNCC3)nn2)CC(O)CC1Oc1ccc(F)cc1F,0
protein7,1,CCc1cccc2c1NC(=O)C2C(=O)OCc1cccc([N+](=O)[O-])c1,0
protein7,1,CCOc1ccccc1Nc1nc(-c2nc(-c3ccccc3F)cnc2N)cc(=O)n1C,1
protein7,1,Cc1ccc(C(=O)NC(=O)Nc2nc(-c3ccncc3F)cs2)cc1F,1
protein7,1,O=C(NC1CCCN(C(c2ccccc2)c2cccc(O)c2)C1)C(F)(F)F,0
protein7,1,Cc1cncc(C#CCC(C)(C)CC(=O)O)n1,0
protein7,1,Cc1ccc(C(=O)Nc2nnc(-c3ccc(F)cc3)o2)cc1-c1cnc2c(C(C)C)onc2c1,0
protein7,1,Cc1cc(Nc2ccc(C(=O)Nc3cc(S(=O)(=O)N(C)C)ccc3Cl)cc2)n2nc(C(F)(F)F)cc2n1,0
protein7,1,Cc1ccc(-c2nccnc2-c2ccccc2)cc1,0
protein7,1,Cc1ccnn1CC(=O)N1CCC(=O)N(Cc2cccs2)C1=S,0
protein7,1,Cc1cccc2c1c(C(=O)NCC(=O)Nc1ccccc1C(N)=O)cn2-c1ccc(F)cc1,1
protein7,1,CN=C(Nc1ccccc1N1CCOCC1)c1cc(C)c2ccccc2c1Sc1ccccc1-n1ccnc1,1
protein7,1,Cc1nc(N)cc(CN(C)C(N)=Nc2nc(-c3sc(C(=O)O)cc3CC(C)C)cs2)n1,0
protein7,1,Clc1ccc(-c2c(-c3ccccc3)nc3ccccn23)nc1,0
protein7,1,CCN(CC)CCNC(=O)c1cc2c(-c3ccccc3)nc3ccccc3n2c1,1
protein7,1,CCCCCn1c(=S)[nH]c2ccccc2c1=O,0
protein7,1,CCn1c(-c2ccccn2)c(CN2CCCCCC2)c2ccccc21,1
protein7,1,COc1cccc(CN(C(=O)CSc2nc3ncc(-c4cnn(CC(F)(F)F)c4)cc3s2)C(C)(C)C)c1,0
protein70,1,CC(C)CCCCC1C(=O)N(c2ccccc2)C(=O)C1N=[N+]=[N-],1
protein70,1,CC(C)CCCC1CC(=NO)C(NCC(O)c2cccnc2)C1,0
protein70,1,CC(C)CC1(N2CCC(C(=O)O)C(F)C2)CC(n2cnc(-c3ccncc3)n2)CC1O,0
protein70,1,Nc1nsc(Sc2ccc(Cl)cc2)n1,1
protein70,1,CC(=O)Nc1nnc(S(=O)(=O)N2CCC(CC(C)(C)C)CC2)s1,0
protein70,1,CC(Cc1ccccc1)NC(=O)CCOc1ccc([N+](=O)[O-])cc1[N+](=O)[O-],1
protein70,1,O=C1NC2(C(=O)Nc3ccccc31)c1ccccc1COc1ccc(F)cc12,0
protein70,1,CCc1cc2ccccc2nc1SCC1(CN2CCCCC2)CCOC1CC1COC(=O)N1Cc1ccc(C(=N)N)cc1,0
protein70,1,CCCn1c(CNc2ccccc2[N+](=O)[O-])nc2ccccc21,1
protein70,1,Cc1nc2ccc(N(C)c3ccc(F)cc3)cc2n1CCCC(=O)NC(C)C,0
protein70,1,CC(C)(CC(=O)O)CC(=O)Nc1ccc([N+](=O)[O-])nc1,1
protein70,1,Cc1cc(-c2cccc3sc(Nc4ccc(C(=O)N(C)C)c(OC(F)(F)F)c4)nc23)no1,1
protein70,1,CCN1C(=NC#N)OCC(C)(C)c2cccc(C)c21,1
protein70,1,CCCCCCCC(C(=O)OC)N1C(=O)c2ccccc2C1=O,0
protein70,1,COc1cccc(C2(Oc3cc4c(c5c(=O)[nH]ccc35)CCCN4C(=O)C(CC(C)C)CC(C)C(N)C(=O)O)CCNCC2)c1,0
protein70,1,Cc1ccccc1NC(=O)CSc1nc(-c2cccc(OCC(N)=O)c2)c2[nH]c3ccccc3c2c1C#N,1
protein70,1,Cc1ccccc1NC(=O)c1sc2nc(-c3ccccc3)cn2c(=O)c1CC(=O)O,0
protein70,1,Cc1nc(-c2cc3ncc2-c2cc(C(=O)O)ccc2OC2CCN3CC2)nc2[nH]cc(-c3ccc(F)cc3)c12,0
protein70,1,CCS(=O)(=O)N1CCN(C(=S)SCc2ccc(C(C)C(F)(F)F)cc2)CC1,0
protein70,1,O=Cc1cc(NC(=O)c2ccnc3cc(F)c(F)c(F)c23)cnc1OCc1ccccc1,1
protein70,1,O=Cc1ccnc(C(=O)Nc2cc(C(=O)C(F)(F)F)ccc2N2CCCCC2)c1,0
protein70,1,Cc1ccc(-c2nc(CNCc3c(F)cccc3Cl)co2)cc1,0
protein70,1,O=C(Nc1nc(-c2cccc([N+](=O)[O-])c2)cs1)c1ccc(NCC(F)(F)C(F)(F)F)c([N+](=O)[O-])c1,1
protein70,1,CC(=O)c1ccc([N+](=O)[O-])c(NC(=S)Nc2ccc(S(=O)(=O)Nc3ncncc3Cl)cc2)c1,1
protein70,1,CC(C)C12NCC3CC1CN(C(=O)CCO)C3C=Cc1cc2c(Cl)c(C(F)(F)F)c1O,0
protein70,1,O=C(c1cc2c(O)cccc2[nH]1)N1CCCC1,0
protein70,1,Cc1ccc(C)c(Nc2ncnc3c(C(N)=O)cc(-c4ccncc4)cc23)c1,1
protein70,1,CCCCN(C)c1cccc2nc(C(=O)Nc3ccccc3N3CCNCC3)n(C)c12,0
protein70,1,O=C1Cc2ccccc2CN1c1cc2ccc(-c3ncccn3)cc2s1,1
protein70,1,Cc1ccc(Cl)nc1C(NC(=O)c1cc(Cl)c(C)c2onc(C)c12)c1ccccc1F,1
protein70,1,O=C(CCn1c(C2=CCCC2)nc2ccccc2c1=O)N1CCN(Cc2ccccc2F)CC1,1
protein70,1,O=C(Nc1ccc([N+](=O)[O-])cc1)C(CN1CCN(c2ccccc2)CC1)c1ccccc1,1
protein70,1,Cc1ccc(S(=O)(=O)Nc2ccn(Cc3ccccc3)n2)cc1,0
protein70,1,CCC1C(=O)NC(=S)N(Cc2cc(-c3c(F)cc4c(=O)[nH]c5ccccc5n4c3=O)ccc2F)C1=O,0
protein70,1,CCC1CCC(Oc2ncc(Cl)cc2F)CN1S(=O)(=O)c1ccc(NC(=O)c2ccccc2O)cc1,0
protein70,1,O=C(CN1CCc2ccccc2C1)NCc1cc(C(F)(F)F)ccc1F,0
protein70,1,Cc1noc(C2CC2)c1C(=O)NC(C)(C)c1ccc(C(=O)C(C)C)cc1,0
protein70,1,Cc1cc2sc(N3CCCC(C(O)(c4ccccc4)c4cccnc4)C3)cc2nc1C,0
protein70,1,Cc1ccc(N)cc1-c1nc(N(CCC(F)(F)F)CC(C)C)nc(NC(=O)OCC2NC(=O)CC2CC2CCCOC2)c1F,1
protein70,1,COc1cccc(-c2nc(-c3ccccc3)nc3ccc(NC(=O)C(C)N)cc23)c1,1
protein70,1,Cc1cc(C(=O)Nc2cccnc2C(F)(F)F)no1,0
protein70,1,Cc1ccc(-c2cccc(NC(=O)C(C)[S+]([O-])Cc3ccccc3F)c2)nc1,0
protein70,1,N#CC1(C(=O)N(CCNS(=O)(=O)c2ccccc2Cl)c2ccccc2)CCCCC1,0
protein70,1,CCC1Cc2c(O)cc(O)cc2CN1,0
protein70,1,CCn1cc(NC(=O)NCC2CN(c3ccnc(N(C)C4CCC4)n3)C(=O)O2)cn1,1
protein70,1,CC(C)n1c2c(c3cc(Cl)ccc31)CC(O)C=C2,0
protein70,1,CC#CCN(C)C1=Nc2ccc3ccc(C)c4c3c2OC1(C#N)CCC(=O)N4,1
protein70,1,CCCCN(CCN1CCCC1)c1cc(N(C)C)cc2[nH]c(-c3ccc4cc(OC(F)(F)F)ccc4n3)cc12,1
protein70,1,O=CCC1CCN(S(=O)(=O)c2cc(C(=O)N3CCCC3c3nccs3)ccc2Cl)CC1,0
protein70,1,Cc1cc(NC(=O)c2c(CCCN3CCCCC3)c3ccc(F)cc3n2S(=O)(=O)c2ccccc2)cc(C)c1OC1(C)CCC1,0
protein70,1,CC(=O)NC(C)c1ccccc1OCC1(c2cc(F)c(N)c(F)c2)CC1c1ccc(C(F)(F)F)nc1,0
protein70,1,CCc1nc2c(N)c(CN3CCNCC3)cc(F)c2n1Cc1cccc(Cl)c1F,1
protein70,1,Nc1nc(N)nc(C2CCN(Cc3cnccn3)CC2)n1,1
protein70,1,Cc1ccc(Nc2cc(-c3ccc(Nc4nccs4)nc3)nc(C)c2C#N)cn1,0
protein70,1,CCCC(=O)N1c2ccccc2COc2ccc(-c3cccc(NC(=O)C(CC(=O)OCC)N4CCC(O)C4)c3)cc21,0
protein70,1,CC(C)(C(=O)NC1CCc2cc(-c3ccccc3)c3[nH]cnc3c2C1)n1c(C(F)(F)F)nc2cccnc21,0
protein70,1,CCc1cc(C(=O)Nc2ccc([N+](=O)[O-])cc2S(=O)(=O)N(C)C)c(C)nn1,1
protein70,1,CCn1c2ccc(NC(=O)C=C(C)C)cc2c2nc3c(nc21)CCNC3,1
protein70,1,COc1ccc(N(CCN(C)C)S(=O)(=O)c2ccc(NC(=O)c3ccccc3Nc3cccc(C(N)=O)c3C)cc2)cc1,0
protein70,1,CCC1(F)CN(c2ncccn2)CC(CNC(=O)c2cccs2)O1,0
protein70,1,Cc1nc(-c2ccc(Cl)cc2)n(-c2ccccc2)c1[N+](=O)[O-],1
protein70,1,CC1=NCC(C#CCN2CCN(c3ccc([N+](=O)[O-])c(C(F)(F)F)c3)C(=O)C2)O1,0
protein70,1,Nc1ccc(NC(=O)c2cc(Oc3cccc(N4CCCC4)c3)c3cc(F)ccc3n2)nc1,1
protein70,1,Cc1c[nH]c2ncn(Cc3ccccc3-c3ccccc3)c(=O)c12,1
protein70,1,CC(C)(Cn1ccnc1)n1c(=S)n(C2CCOCC2)c2c(Cl)cc(Cl)cc21,0
protein70,1,O=C(NO)c1ccc(N2CCN(CC3CCc4c(NCc5c(F)cccc5Cl)cccc43)CC2)nc1,0
protein70,1,Nc1cc(F)cc(S(N)(=O)=O)c1,0
protein70,1,CCN(c1cccc(Cl)c1)S(=O)(=O)c1ccc(-c2nnc3c4ccccc4cn3c2NCCCN(C)C)s1,1
protein70,1,CCOC1c2cc(O)ccc2COc2ccc3c(c(C(=O)N4CCNCC4)nc4c(C)cccc43)c21,1
protein70,1,Cc1ccn(-c2ccc(C(c3ccc(F)cc3)N3CCN(C(=O)C(Cc4ccc(OCCC(F)(F)F)cc4)C4CC(=O)N5CCOC(C4)C5)CC3)cc2)n1,0
protein70,1,O=C1NC(=O)N2c3ccc(-n4ccnc4)cc3CCC12,0
protein70,1,O=C(Nc1ccc(F)cc1F)C12C=NN=C1N=c1ccccc1=C2,1
protein70,1,Cc1c(OC2CCCC2)cc(C(=O)Nc2nncs2)cc1-c1ccc(O)cc1,0
protein70,1,O=C(c1c(O)c(N2CCCCC2)nn2cc3ccccc3c12)N1CCCC1,1
protein70,1,CCOCc1nnc(SC)c2ccccc12,0
protein70,1,CC1CCCCC1Nc1cc(NC(=O)c2cc(Cl)ccc2N)ncc1[N+](=O)[O-],1
protein70,1,Cc1cc2ncnc(NS(=O)(=O)c3ccccc3-c3ccc(C(=O)N4CCCCC4)o3)c2cc1C,0
protein70,1,Cc1noc(-c2ccc3c(c2)OCCO3)c1-c1ccc(Oc2ccc(C(C)(C)C#N)cn2)cc1,0
protein70,1,Cc1ccc(-n2nnc(CS(=O)(=O)c3ccc(F)cc3)n2)c(C)c1,0
protein70,1,Cc1nc2c(c3ccccc13)OC1(CC2)CCN(C(=O)c2c[nH]c3cccnc23)CC1,0
protein70,1,Cc1cc2c(CCN3CCCCC3)c(O)c(I)c(Cl)c2s1,0
protein70,1,CCCS(=O)(=O)N1CCC(Oc2ccc(C(C)=NNC(=O)c3ccccc3C(F)(F)F)cc2OCC)CC1,0
protein70,1,CC(C)C(C(=O)Nc1ccc([N+](=O)[O-])c(C(F)(F)F)c1)c1ccccc1,0
protein70,1,O=C(Nc1ccnc2ccc(-c3cc4ccccn4c3)cc12)c1ccc(N2CCOCC2)cc1Cl,0
protein70,1,CCn1c(CC(N)C(=O)N2CCCC2C(=O)N2CCCC2)nc2ccccc21,0
protein70,1,NC(=CC(=O)CCC1CCN(c2nc3ccc(F)cc3[nH]2)CC1)C(=O)O,0
protein70,1,Cc1nc2cc(NC(=O)c3c(C(F)(F)F)ccc(N(C)C)c3S(=O)(=O)CC#N)ccc2n1-c1ccccc1,1
protein70,1,O=Cc1cn(CC(Cc2cccnc2)CS(=O)(=O)c2ccccc2)c2ccccc12,0
protein70,1,O=C(CN1CCCC(Cn2cc(CC3CCCOC3)cn2)C1)Nc1ccccc1F,1
protein70,1,O=C(C[n+]1cccc(N2CCOCC2)c1)Nc1ccon1,0
protein70,1,CC(C)CC(NC(=O)C(C(C)C)N1C(=O)c2ccc(Cl)cc2C1=O)C(N)=O,0
protein70,1,CC(C)CC1OC(N)=NC1c1cc(Cl)c(C(NCC2(N3CCOCC3)CCCCC2)c2ccccc2N2CCNCC2)cc1F,0
protein70,1,Cc1nc([N+](=O)[O-])cn1Cc1cc(F)c(F)cc1F,1
protein70,1,Cc1sc(SC(=NC#N)N2CCC(c3nc4c(C)ccc(C)c4n3C)CC2)c(C(N)=O)c1C,1
protein70,1,CCN(O)C(=N)NC1CCCCC1C,0
protein70,1,CCc1ccc(Nc2c(C(=O)NCc3ccc(F)cc3)nc3c(C(F)(F)F)cccn23)cc1,0
protein70,1,CCCCN(CC)Cc1c(C)noc1C(=O)Nc1nc2ccccc2[nH]1,0
protein70,1,Cc1cc([N+](=O)[O-])cn2c(NCCN3CCOCC3)c(-c3ccccc3)nc12,1
protein70,1,CCCCCN(CCO)Cc1coc(-c2cc(-c3cccnc3OC)ccc2C)n1,0
protein70,1,Cc1ncc(N2CCCN(C)CC2)nc1-c1ccc(C(=O)Nc2cc(Cl)cc(C(=O)O)c2)c(F)c1F,1
protein71,1,Cc1cccc(Cl)c1N1C(=O)CC(N2CCc3ccccc3C2)C1=O,0
protein71,1,N=C(N)C(=Cc1cnn(-c2ccccc2)c1)C(=O)Nc1cccc(-c2nc3ccccc3s2)c1,0
protein71,1,c1ccc(CCCC2CCN(Cc3cccs3)CC2)cc1,0
protein71,1,CCNC(=O)c1c(=O)n(C)nc2ccc3c(c(-c4ccc(OC)c(C)c4)nn3-c3ccccc3)c12,1
protein71,1,O=C(Nc1cccc2cc(-c3nn(-c4ccc(O)cn4)cc3F)c(OCc3ccccn3)nc12)c1ccccc1,1
protein71,1,O=c1[nH]c(=O)n(Cc2ccc(Cl)cc2)c2ncccc12,1
protein71,1,CCC(C)CC(=O)OC1(C)CC[N+](C)(CC(=O)c2c[nH]c3ccccc23)CC1,0
protein71,1,CCN1c2ccccc2Sc2cc(C(=O)NC(C)C(=O)N(O)Cc3ccccc3)ccc21,0
protein71,1,CCCC(c1ccccc1)N(C(=O)COC(=O)Cc1nc(SC)sc1[N+](=O)[O-])c1cccc(Cl)c1,0
protein71,1,CCN(C)c1nc(Cl)nc2c1nc(C)n2C(=O)OC1CCCCCC1,0
protein71,1,CN1CC2CC(C(=O)NC(C)(C)c3ncc[nH]3)OC2C1,0
protein71,1,CCOc1ccc2c(c1)CCC(O)C2(C)OC(=O)C1=CN(C)CCC1c1cccc(OC)c1,0
protein71,1,CC(C)(C)NS(=O)(=O)c1ccc(NCc2cn(Cc3ccccc3)nc2-c2ccccc2)cc1,0
protein71,1,CCCCCN(Cc1nnc(N2CCCCC2C)s1)c1ncccn1,0
protein71,1,Nc1ccccc1Nc1c(C(=O)NCc2ccccc2)cnc2cc(F)c(S(=O)(=O)O)cc12,1
protein71,1,CCn1cc(C)c2c(-c3cc(N4CCOCC4)nc(NCc4ccc(F)cc4)n3)cccc21,1
protein71,1,CC(C)CCc1nc2ccc(C(=O)Nc3cccc(-c4ccnn4CCO)c3)cc2cc1C(N)=O,0
protein71,1,O=C(C=NOCc1ccccc1)NCc1ccc2c(=O)n(Cc3ccc(Cl)cc3Cl)c(=O)[nH]c2c1,0
protein71,1,Cc1ccc(-c2c(C(=O)NCC(C)Cn3c(C(F)(F)F)nc4ccccc43)no[n+]2[O-])cc1,1
protein71,1,NC(=S)Nc1ccc([N+](=O)[O-])cc1Oc1ccccc1Cc1ccccc1,1
protein71,1,CCOc1ccc(-c2oc3ccccc3c2N(C)C(=O)C=Cc2cn(C(C)(C)C)nc2C)cc1,0
protein71,1,Nc1cnc(-c2c(F)cccc2F)c(Oc2ccc(Cl)c(F)c2)n1,1
protein71,1,Cc1nc2c(c3ccccc13)Nc1ccc(C(=O)N3CCC(C#N)(c4ccccn4)CC3)cc1S2,1
protein71,1,CCn1cc(-c2ccccn2)c(-c2cccc3c(C(C)=O)c[nH]c23)n1,1
protein71,1,CCC(C(=O)OC(C)(C)c1ccsc1)C(C)=NNc1ccc(CN2CC(C(CCCO)CC(F)F)OC2=O)cc1,1
protein71,1,CCCCOc1cc(Cc2cncc(-c3ccccc3)c2)c(=O)n(C)c1,0
protein71,1,CCN(c1cccc(Cl)c1)S(=O)(=O)c1ccc(N2CCCC2)c(CCCS(N)(=O)=O)c1,0
protein71,1,CCN1CC=C(c2c[nH]c3c(C)nc(Nc4ccc(OCC5(c6ccc(F)cc6F)CC5CO)cn4)nc23)CC1,1
protein71,1,COc1nsc2c(C3=C(n4c(=O)c5ccncc5c(=O)n4C(C)C(=O)NCc4ccccc4Cl)c4ccccc4S(=O)(=O)N3)cccc12,0
protein71,1,CCOc1nc(Nc2ccc(C#N)cc2)nc(O)c1C(C)C,0
protein71,1,O=C(Nc1nc(CN2CCOCC2)cs1)c1cccc([N+](=O)[O-])c1,1
protein71,1,CC(C)CCn1cc(Cc2ccccc2)c2c(C(=O)Nc3ccc(Cl)c(S(=O)(=O)N4CCOCC4)c3)cccc21,0
protein71,1,CCN(CC)Cc1cnc2ccc(F)cc2c1Oc1cc(C#N)cc(F)c1C1CNC1,1
protein71,1,CC(=O)c1cc(NS(=O)(=O)c2cc([N+](=O)[O-])ccc2Cl)ccc1OC(C)(C)C,1
protein71,1,O=C(Cc1cccs1)NC1CCN(c2ncccn2)C1,0
protein71,1,CCCCn1nc(C)c2cccc(NS(=O)(=O)c3ccc(Oc4ccc(C)cc4)cc3C)c21,0
protein71,1,Cc1onc2c1c1nc3ccc(cc32)-c2csc(n2)Nc2ccc(cc2)CC(C)(C)C1,1
protein71,1,O=C(NC1Cc2ccccc2NC1=O)c1ccc(Cl)c([N+](=O)[O-])c1,1
protein71,1,Cc1ncccc1Oc1cc2ccccc2nc1-c1ccc(C(=O)N=C(N)N)cc1,1
protein71,1,Cc1ccc2c(=O)c(-c3ccc(N4CCN(C)CC4)c(OC(F)(F)F)c3)cn(C(C)(C)C)c2n1,0
protein71,1,Cc1ccc(NC2=NCCN2)cc1,0
protein71,1,Cc1c(CN2CCOC(C)C2)c2cc(C(=NO)N(C)C(C)C)ccc2n1C,1
protein71,1,Cc1[nH]c(-c2ccc(-c3ccc(S(C)(=O)=O)nc3)cc2F)c(N)c1C(N)=O,1
protein71,1,O=CCCCSCP(=O)(O)O,1
protein71,1,NCCCC1Nc2nc1nc1ccccc21,1
protein71,1,CCN(CC)C(=O)c1cccc(Nc2nn3ccccc3c2C(=O)c2ccc(OC)cc2O)c1,1
protein71,1,CCCc1cc(C(=O)Nc2ccc3c(c2)NC(=O)N(c2c(C(=N)N)[nH]c4ccc(Cl)cc24)C3C)n[nH]1,0
protein71,1,CCC(O)(CCN1Cc2ccccc2CC1C(=O)O)c1ccccc1,0
protein71,1,CCN(CC)C(=O)c1ccc(N2CCNCC2)c(-c2nc3ccc(-c4cn[nH]c4)cc3n2CC(O)C(C)C)c1,1
protein71,1,CCCCCc1ncc2c(n1)CC(C)c1c(Cl)cccc1-2,1
protein71,1,Cc1cc(-c2ccc3n(c2=O)CCN(Oc2c(F)cc(C(F)(F)F)cc2Cl)C3=O)nn1C1CCCCC1,0
protein71,1,Cc1ccc(C(=O)Nc2cnn(C3CCOc4ccc(Cl)cc43)c2)o1,0
protein71,1,CCSCc1cn(-c2cccc(C(=O)Nc3ccc(Cl)cc3NC(C)=O)c2)nn1,0
protein71,1,Cn1c2c(c3cc(S(=O)(=O)c4ccccc4)cnc31)C(N)CC2(C)C,1
protein71,1,CCOCC1CN(C2CCN(C(=O)c3cccnc3)CC2)Cc2nc[nH]c21,0
protein71,1,CC1=NN(C(=O)c2ccccc2Cn2c(C(=O)N3CCC(C)CC3)c(C)c3ccccc32)C(C)(O)C1,1
protein71,1,Cc1ccc(NC(=O)c2cc3n(n2)CCNC3)cc1C,0
protein71,1,Cc1cc(Nc2cccc(F)c2)nc(Oc2cc3c(c(Cl)c2C2COC(=O)C2)CCCCC3)n1,1
protein71,1,CC(C)CCCC1CC(=O)CC2Cc3ccc(C(=O)O)cc3CN12,0
protein71,1,CC1(Oc2ncc(-c3ccc(C(F)(F)F)c(Cl)c3)c3c2CCCC3)CCC(C(=O)NO)CC1,0
protein71,1,CC(CN(C)C)Oc1ccc2c(=O)n(Cc3ccccc3Cl)nc(-c3ccccc3)c2c1,0
protein71,1,CCN1CCC(N(C)C(=O)c2cc(S(C)(=O)=O)ccc2-n2c3c(c4ccc(OC)cc42)CCc2ccccc2-3)C1,0
protein71,1,CC=CCn1c(SCC(=O)NC(=O)c2cccs2)nc2sc(C)c(C)c2c1=O,1
protein71,1,CCn1ncc(C(=O)N2CCN(c3ncccn3)CC2)c1Cl,1
protein71,1,CCc1ccccc1Nc1nc2c(-c3cc(C(=O)O)ccn3)c(Cl)c(C(C)(C)C)cc2o1,0
protein71,1,COCOc1c(O)cc2cccc3c2c1C(=O)N3C1SCC(O)C1(F)F,1
protein71,1,Cc1c(C(=O)C(=O)NC2COc3ccccc32)c2ccccc2n1Cc1ccccc1,1
protein71,1,N#Cc1cnc(N)nc1Nc1cc(-c2ccc(F)cc2)ccc1NS(=O)(=O)c1ccccc1,0
protein71,1,CC1(C)CC(NC(=O)c2cccc(S(=O)(=O)N3CCCC4(CCNCC4)C3)c2)c2ccccc21,0
protein71,1,Cc1c(NC(=O)Nc2cc(Cl)ccc2Cl)c2ccccc2n1CC1CC1,0
protein71,1,CCCCC(CC)CN1C(=O)c2ccccc2[N+]1(C)[O-],0
protein71,1,Cc1ccsc1-c1cnn2c(C(F)(F)F)c(-c3cccc(C(=O)NC4COc5ccccc54)c3)[n+]([O-])nc12,1
protein71,1,Fc1cc2ncnc(Nc3ccccc3Br)c2cc1-c1ccccc1,0
protein71,1,NC1=C(c2cccc([N+](=O)[O-])c2)C(=O)CC(c2ccccc2)C1,1
protein71,1,CCC1(C)C(=O)N(c2ccc(C#N)cc2)c2ccc(-c3nc4ncccc4o3)cc21,0
protein71,1,CCn1ccc(-c2ccc(C(=O)NCC3CCCO3)o2)cc1=O,0
protein71,1,CCc1cnn(Cc2ccc(OC3Cc4c(c5ccc(F)cc5n4C)C(C)(C)C3)cn2)c1,0
protein71,1,Cc1ncc(-c2ccccc2NC(=O)c2ccc(N3CCNC(C)C3)c([N+](=O)[O-])c2)s1,1
protein71,1,O=C(Nc1ccc2c(c1)OCCO2)c1cc(-c2ccc(O)cc2)n[nH]1,0
protein71,1,CCN(c1ccccc1F)c1nc2nc(Cc3ccccc3)n(C)c2c(=O)n1CC,1
protein71,1,CC1CCc2ncc(N3CCN(CC4CCCCC4)C(CO)C3C)cc2C1,0
protein71,1,CC(C)OP(=O)(NCC1CCCO1)N(C)CCCl,1
protein71,1,CC1(N)c2cccc(Nc3cc(F)c([N+](=O)[O-])cc3[N+](=O)[O-])c2C(=O)C2C(O)CCC21,1
protein71,1,CCn1nc(C)cc1C(=O)Nc1ccc(OCc2ccc([N+](=O)[O-])o2)cc1,1
protein71,1,CCCNC(=O)c1ccc2c(=O)n3nc(-c4ccccc4)[nH]c3c(N)c2c1,0
protein71,1,CCOc1cc(=O)n2nc(C)c(CC(=O)Nc3c(Cl)cccc3Cl)c2[nH]1,0
protein71,1,Cc1nc2cc(OCC3C(Cc4ccccc4Cl)N4CCC3(CO)CC4)ccc2[nH]1,0
protein71,1,CC(C)C(NCCCCCCC(=O)NO)C(=O)O,0
protein71,1,O=C(c1cc(F)c2c(c1)CCC2=NNc1ncccn1)N1CCCCC1C1CCC1Cl,0
protein71,1,Cc1cc(S(=O)(=O)N2CCCCCC2c2ccccc2)ccc1-n1ccnc1,0
protein71,1,CCC1CC(C(=O)c2c(-c3ccccc3OC)nn(-c3cccc(F)c3)c2N)CS1,1
protein71,1,CCCCNC(=O)c1cc(C(F)(F)F)n(-c2ccc(I)cc2)n1,0
protein71,1,CC(C)c1nc(CN(C)CC2CN(Cc3c[nH]cn3)C2)cs1,0
protein71,1,CC(=O)Nc1cc(-c2c(C)noc2C)c(C)cc1NC(=O)CSc1nccc(Oc2ccccc2Cl)n1,0
protein71,1,c1cc2ncc(-c3cnc(N4CCOCC4)s3)cc2c(N2CCCC2)n1,0
protein71,1,Nc1cc(Cl)nc(-n2cc(C#CC3(NCCc4ccccc4)CCCC3)cn2)n1,0
protein71,1,Cc1c(-c2ccccc2C(=O)Nc2ccccc2N2CCCCC2)nc2ccccn12,1
protein71,1,Cc1cccc(-n2nncc2-c2ccccc2O)c1,0
protein71,1,Cc1c(CC(C)C(N)CC(C)C)sc(NC(=O)C(F)(F)F)c1C(=O)c1c(F)cc(-n2ccnc2)cc1F,0
protein71,1,O=C([O-])CC(=O)N1CCC2=C(C1)c1ccccc1Nc1ccccc12,0
protein72,1,CCN(CC)CC(=O)NC(C)Cc1cc(-c2ccnc(N)c2)c2cccc(OC)c2n1,1
protein72,1,CCN(C(=O)c1ccc(S(=O)(=O)N2CCCC2)c(F)c1-c1cc(Cl)ccc1CCC1CCC(C)CN1)C1CCCN(C(=O)OC(C)(C)C)C1,0
protein72,1,CC(CN1CCN(C2=Nc3ccccc3Sc3ccccc32)CC1)c1ccccc1,0
protein72,1,CC(C)C(O)C(=O)Nc1ccccc1-c1nnco1,0
protein72,1,CCN(CCO)c1ccc(C(=O)N(C)C)cc1,1
protein72,1,O=C(Nc1ccccc1C(=O)Nc1cccnc1)c1cc(I)ccc1F,0
protein72,1,O=C(Nc1ccccc1C(=O)Nc1ccccc1F)C1=CC2CCC1O2,0
protein72,1,Cc1ccc(-c2ccc(F)cc2F)cc1CN(C)C(=O)C(C)(NC(=O)c1ccco1)c1ccccc1,0
protein72,1,Cc1cc(C(=O)NN=C2CCCC2)c(C)nc1Cl,1
protein72,1,O=C1CN(Cc2cccc(C(F)(F)F)c2)C(=S)N1c1cccc(F)c1,0
protein72,1,CCN(CC)CCNC(=O)c1ccc(C(C)c2ccc(Cl)cc2)c2cccnc12,1
protein72,1,COC(C)(c1cccc(O)c1)c1cc(F)ccc1-c1ccn(O)c(=O)c1-c1ccc(F)cc1,0
protein72,1,CCCN1CCNc2cc(NC(=O)c3cnccn3)ccc2C1,0
protein72,1,Cc1ccc(NC(=O)Nc2cccc3c(CN(C)C(C)C)n(S(=O)(=O)c4ccc5cnoc5c4)cc23)cc1,0
protein72,1,Cc1ccnc(N2CCCCC2C(=O)NCCOc2cccc(C(F)(F)F)c2F)c1N1CCCCC1,0
protein72,1,O=C1CCC(=O)N1c1ccc(Cl)cc1,0
protein72,1,O=C(NO)C1CCCN1C(=O)c1c(-n2cc(CC3CN(c4ncccn4)CCO3)c3ccccc32)ccc(F)c1F,1
protein72,1,CCN(CC)S(=O)(=O)c1cccc(N(C)C(=O)CN2C(=O)c3ccc(F)cc3C2=O)c1,1
protein72,1,Cc1nc2ncccc2cc1C(=O)Nc1cc(F)cc(S(=O)(=O)N2CCC(CO)CC2)c1,0
protein72,1,Cc1ccc(-c2nnc3c4sc(-c5ccc(-n6[nH]c(C)cc6=O)cc5)cc4nc(N)n23)cc1,1
protein72,1,Clc1ncc(-c2ccc(C3=NCCN3)cc2)nn1,0
protein72,1,Cc1ccc(NS(=O)(=O)CCC2(C)CCCC(C)C2)c(C(=O)N2CCCC2)c1,0
protein72,1,CCCS(=O)(=O)Nc1ccc(C2C(F)C2(C)C(=NO)n2ccnc2)cc1,0
protein72,1,COCC1CCn2c(nc(C)c2C(=O)NC(C)Cc2ccc(-c3cncc(C)c3)cc2)C1,0
protein72,1,O=C1c2ccccc2CN1n1c(C(F)(F)F)nc2cccc(Cl)c2c1=O,1
protein72,1,Cc1ccc(-n2c(C(F)(F)F)cnc2SCC(=O)N(Cc2cccnc2)C2=NCCS2)cc1C,0
protein72,1,CC(=O)NC(C)Cc1nc2cc(N)ccc2n1Cc1ccccc1,1
protein72,1,CCc1nc(N2CCC3CCCC32)cc(-n2nc(C(=O)O)cc2C)n1,0
protein72,1,CCN1C(=O)C(C)=C(c2ccc(N(CC)CC)cc2)C1=O,1
protein72,1,CC1(C)C(O)C(=O)N1c1ccc([N+](=O)[O-])cc1C(=O)NCCC(F)CC(N)C(=O)O,1
protein72,1,CCn1cc(C#N)c2c(-c3cc(Nc4cc(C(F)(F)F)nc5ccccc45)ccn3)cccc21,1
protein72,1,Cc1nn(C(=O)c2ccccn2)c(C)c1Nc1nc(Cl)nc2[nH]cnc12,0
protein72,1,CCCN(C(CC)CCN)C1CCc2c(-c3ccccc3)nc3ccc(O)cc3c21,1
protein72,1,CC(C)Cn1cc(C2CC2)nn1,0
protein72,1,CC1CC1C(=O)Nc1ccc(OCc2nnc(O)c(Cl)c2C(C)(C)C)c(F)c1,0
protein72,1,CCC(C)S(=O)(=O)Nc1cccc(-c2cc(-c3ccc(OC)cc3C(=O)O)cc3cc(O)nnc23)c1,0
protein72,1,CC(C)CC(OC(=O)N1CCN(C(=O)C(O)C(C)c2ccc(C(C)(C)C)cc2)CC1)C(=O)N1C(C(=O)O)CCCC1C(F)(F)F,0
protein72,1,CC=C1COC(Cn2ccnc2)(C2CCC(C)CC2)Cc2ccccc21,0
protein72,1,NC(=O)c1ncc(OCc2cc3c(-c4ccc(F)cc4F)n[nH]c3cc2F)cn1,0
protein72,1,CCCn1ccnc1-c1noc(C)c1Nc1ccc2ncccc2c1,0
protein72,1,CC1(C)NN=C(c2cc3ccc(-c4nc5cccc(O)c5c(=O)[nH]4)cc3[nH]2)NC1=O,1
protein72,1,CCCCC(C)(C(C)C)S(=O)(=O)NC1CCCN(c2nc3c(c(=O)[nH]c(=O)n3C)n2Cc2cccc(Cl)c2F)C1,0
protein72,1,CCCCC1(C)CC2C#CCN3CCCC3CCN1C(=O)C2,0
protein72,1,CC(C)CNc1cc(C(=O)n2c(C3CCCCC3)nc3ccccc32)ccc1N1CCOC(CO)C1,0
protein72,1,CC(C)CC(NCC(NC(=O)c1cc(Cl)c(O)cc1O)C(=O)O)C(=O)N1CCS(=O)(=O)CC1,0
protein72,1,CC(C)c1csc(S(=O)(=O)N2CCN(C(c3ccccc3)c3ccccc3)CC2)c1,0
protein72,1,CCC(C)CC(=O)n1cc(C)c2ccccc21,0
protein72,1,Cc1nc(SCC(=O)NCC2CCCC2)nc(O)c1Cl,0
protein72,1,CC(=O)Nc1ccccc1OC(C)C(=O)Nc1ccc2c(c1)Cn1c-2nc2ccccc2c1=O,1
protein72,1,CC(C)OCC1CC1C(=O)Nc1ccc(Cl)c(S(=O)(=O)N2CCOCC2)c1,0
protein72,1,Nc1nc(N)c2sc3nc2c1C(=O)c1ccc-3cc1C[n+]1ccccc1,1
protein72,1,COc1ccc2c(c1)-c1c(c3ccccc3c(=O)n1CCCNC1Cc3cnccc3CC1C)C2=O,1
protein72,1,CC(=O)Nc1cc(CNCC(C)(C)CN2CCCC2)c2ccccc2n1,1
protein72,1,COc1ccc(F)c(-c2ccc(Oc3ccn4nc(C(F)(F)F)c(-c5cccnc5Cl)c4n3)c(C)n2)n1,1
protein72,1,Cc1cc(S(=O)(=O)n2nc(C)c3c(c4c(Nc5cccc(C(=O)O)c5)ncnc4[nH]c2=O)SCC3)ccc1F,0
protein72,1,CCCC(CCC)S(=O)(=O)n1c(-c2ccc(OC(F)(F)F)cc2)cc(C(=O)N(C)C)c1C,0
protein72,1,CC1(C)CCc2nc(Nc3nnc(-c4ccccc4)o3)c3ncccc3c2C1,0
protein72,1,CCCCCNCc1ccc2nc(CNC(=O)c3cc([N+](=O)[O-])ccc3OCC)oc2c1,1
protein72,1,Cc1cc2nc3n(c2cc1[N+](=O)[O-])CCC3,1
protein72,1,CCCOc1cccc(-c2cncc(Nc3ccc(Cl)c(C(=O)N(C)CC4CC4)c3)n2)c1,0
protein72,1,Cc1cc2c(Cc3cc(C(=O)Nc4cccnc4)c4ccccc4n3)c[nH]c2cc1C(F)(F)F,0
protein72,1,CC(=O)c1ccc(NC(=S)Nc2ccc(F)cc2F)cc1,1
protein72,1,Cc1cc(NC(=O)c2scnc2C)c2c(c1Oc1ccc(N(C)C)cc1)CCCC2,1
protein72,1,CCn1cc(-c2cccc(C(=O)N3CCN(C)CC3)c2)c(C)n1,0
protein72,1,CCCCCC(CN1C(=O)C(OS(C)(=O)=O)CC2CCN(C)CC21)C(=O)Nc1cnn(-c2ccccc2Cl)c1,0
protein72,1,Cc1ccc(CNC(=O)C(C)n2c(C(F)(F)F)nc3ccccc32)cc1,0
protein72,1,CC(=O)NCC1CN(c2ccc(-c3oc4ncnc(N)c4c3-c3ccc(Cl)cc3)cc2)C(=O)O1,1
protein72,1,O=C(CCCn1nc(-c2ccccc2)ccc1=O)N1CCN(c2cc3c(cc2F)c(=O)ccn3OCC(F)(F)F)CC1,0
protein72,1,CC(=O)NCC(C)Nc1nc(C)c(-c2ccccc2)c2ccccc12,0
protein72,1,Nc1[nH]c2ccc(Cl)cc2c1-c1c(-c2ccc(Cl)cc2)nc2ccccn12,1
protein72,1,CC(C)N1CCN(c2cc(-c3cccc(OC(F)(F)F)c3)nc3cccc(=O)n23)CC1,0
protein72,1,O=C(NCc1cccnc1)C1CCCCN1C1CCCCC1Br,0
protein72,1,O=C1c2cc(OC(F)(F)F)ccc2C(c2cc(F)ccc2OCc2cccc(F)c2)N1CCCN1CCOCC1,0
protein72,1,FC(F)(F)Oc1c(C(F)(F)F)[nH]c2cc(S)ccc12,1
protein72,1,CC(C)(c1cc(NCc2ccc(F)cc2)nc(NC2CCCCC2)n1)C(C#N)C(=O)O,0
protein72,1,CCCCN(C(=O)CO)c1nc(C(F)(F)F)ccc1-c1cccnc1,1
protein72,1,CCc1ccc(-c2cccc(OC(=O)CCC3CSC(=S)N3CC(=O)C(O)CCO)c2)cc1,0
protein72,1,CC(=O)NCc1ccc(NC(=O)C(C)=C(C)C(=O)N(C)c2ccccc2)cc1,0
protein72,1,CCN1C(=O)C=C(C(=O)CC2CCN3CC(C)CC=C3C2)C1N(C)CC1CCCOC1c1ccccc1N,0
protein72,1,CCNC(=O)Nc1sc2c(c1C(N)=O)C(F)(F)CCCCC2,0
protein72,1,CCN1CCC(O)(Cn2cncn2)CC1,0
protein72,1,Cc1ccc(-n2ncc3c(NCCCN4CCOCC4)ccnc32)cc1C,0
protein72,1,CCOc1cc(-c2cnc3cc(-c4ccccc4)c(-c4cccnc4)nn23)ccc1O,1
protein72,1,CC(C)CC(NC(=O)C1CNC(=O)O1)C(N)=O,0
protein72,1,Nc1nccc(N2CCC3(CC2)CNC(=O)c2cccc(F)c23)n1,1
protein72,1,CCON1C(=O)Nc2cc(-c3ccc(OC(F)(F)F)cc3)ccc2C1(C)C,0
protein72,1,COc1cc(OC)nc(NS(=O)(=O)c2ccc(-c3ccc4c(c3)CCN4C=O)cc2)n1,0
protein72,1,CCn1nc(NC(=O)c2nc3sc2c2c(=O)n(Cc4c(F)cccc4F)c(C)cc32)cc1C,1
protein72,1,Cc1cc(-c2ccc(-c3cccnc3)cc2NC(=O)c2ccc(Cl)c(Cl)c2)nn1C(=O)OC(C)(C)C,0
protein72,1,CC1CCCCC1N=C(C=NO)c1ccccc1C(F)(F)F,0
protein72,1,CCC1(C)OCc2c(-c3cn(C(C)C)c4nc(N)nc(N)c34)cc(OC)cc21,1
protein72,1,CC1(C)C(C(=O)N2CCCC2CN(CC2CCC2)CC2CC2)NC(=O)C1c1ccc2[nH]ccc2c1,0
protein72,1,Cc1cc(C(=O)NN=C(c2ccccn2)C2(Oc3ccccc3)CCCC2)[nH]n1,0
protein72,1,Cc1cccc(C)c1N1C(=O)Oc2ccccc2C1C(=O)N1CCCC(Cn2c(=O)[nH]c3ccccc32)C1,1
protein72,1,CCS(=O)(=O)c1cc2c(C(=O)N(Cc3sccc3C)C3CCS(=O)(=O)C3)c(Cl)ccc2cc1Cl,0
protein72,1,Cc1n[nH]c(C)c1-c1ccc(N2CCC(NC(=O)C(c3ccccc3F)N3CCOCC3)CC2)cc1,0
protein72,1,Cc1cc(Cn2c(N(C)C)cc3c(c2=O)CCCCC3)nc2ccccc12,1
protein72,1,O=C(NO)C1CCC(O)(Cn2ccnc2)C1Nc1ncc(-c2ccc(Nc3ncnc4ccccc34)cc2F)cn1,1
protein72,1,CC#Cc1cc(C(C)(C)C)nc(N2CCN(CC(O)CSCC3CCCCC3)C(C)C2)n1,0
protein72,1,CCCCC1(C#N)CCN(c2ccc(OC(F)(F)F)cc2NC(=O)c2cnn3cc(-c4ccccc4)cnc23)C1=O,0
protein73,1,CCc1cc(C(=O)N(C)C2CCCN(CCCOc3ccc(C#N)cc3)C2)no1,0
protein73,1,O=CNc1ccnc2ccc(Cl)c(Cc3cc(C4CCCCN4)ccc3Cl)c12,1
protein73,1,CN(CSCc1ccccc1)C1=NC(=O)OC1c1ccccc1,0
protein73,1,CCOC(=O)C1CCCN2CC(c3ccccc3)CC3(CN(c4ccc5c(c4)CCCN(C)C5)C(=O)O3)C12,0
protein73,1,O=C(O)CC(NC(=S)Nc1ccccc1C(=O)OCc1cn(-c2ccccc2)nc1-c1ccccc1)c1cc(Cl)cc(Cl)c1,0
protein73,1,CCC(C)(C)CC(=O)N1CCN(C(=S)NNc2cccc(C(F)(F)F)c2)CC1,0
protein73,1,O=[N+]([O-])c1ccc(C=Nc2ccccc2Cl)cc1,1
protein73,1,Cc1ccc2[nH]c(SCCN(C)c3nc(Nc4ccc(N)nc4)ccc3F)nc2c1,0
protein73,1,O=C1CC(N2C(=O)Cc3ccccc32)C=C(c2ccccc2)N1c1ccccc1,0
protein73,1,CC(C)C=CCP(=O)(O)CC(C)(C)CC(=O)O,0
protein73,1,CC(C)S(=O)(=O)c1nc2cccc(C(F)(F)F)c2n1CC(=O)NC1CCCCC1,0
protein73,1,Cc1ccc(-n2nc3ccnc(NCCCC4CC4F)c3[n+]2[O-])cc1Cl,0
protein73,1,Cc1cc(C(=O)N2CCCC(C(=O)NC3CCCc4cccnc43)C2c2ccc(F)cc2F)no1,0
protein73,1,Cc1noc(C(F)(F)F)c1C(=O)N1CCCC1C(=O)Nc1ccc(OC(F)(F)F)c([N+](=O)[O-])c1,0
protein73,1,CCn1ccc2ccc(C(=O)Nc3cnncc3N3CCOCC3)cc21,1
protein73,1,Cc1cccc(Nc2nccc(-c3c4ncnc(N)c4cn3CC3CCC(CO)O3)n2)c1,1
protein73,1,CC(=O)c1ccc(OCc2cccc(-c3cccc(OC4CCOCC4)c3)n2)cc1O,0
protein73,1,Fc1ccc2c(cnn2C2CCCN(Cc3ccc(C(F)(F)F)cc3)C2)c1,0
protein73,1,CCCSc1ccc(O)c2c1CCN(Cc1ccc(-c3ccccc3)cc1)C2=O,1
protein73,1,Nc1noc(Cc2c(Cl)cccc2Cl)n1,0
protein73,1,Cc1csc(C2(C#N)CCCCN2C(=O)c2ccnc(C3CC3)c2)n1,0
protein73,1,CCC(CN1C(=O)C=CC1=O)N1CCCC1,0
protein73,1,CCN(CC)CCCn1c(=S)[nH]c2cc(Cl)c(C(F)(F)F)cc21,0
protein73,1,CCCC(=O)Nc1ccc2c(C)c3ccc4c(c3nc2c1)C(=O)Nc1ccccc1N4,0
protein73,1,CCN(CC)c1ccc(C(=O)NN=C(C)CC(=O)Nc2ccccc2C)cc1,1
protein73,1,CCCCNc1n[nH]c2ccc(C(F)(F)F)cc12,0
protein73,1,NC(=O)c1cc(S(=O)(=O)N2CCCCCC2)ccc1N1CCCC1,0
protein73,1,CC(=O)N(C)c1ccc(-c2cc3c4c(sc3o2)CN(CC2CC2)C(=O)C4(O)C(F)(F)F)cc1,1
protein73,1,CC(C)CC(=O)N1N=C(c2ccc(O)cc2)CC1c1cccs1,0
protein73,1,Cc1nc(N)c2c(-c3ccc(O)cc3)c(N)n(C3CCCC3)c2n1,1
protein73,1,Nc1ccc(-c2ccc3ncccc3c2)cc1N,1
protein73,1,CCC(C)C1CCN2CCC(CC2)c2cn(S(=O)(=O)c3ccc(Cl)cc3)c3cc(F)cc(c23)N1,0
protein73,1,Cc1nc2cnccc2n1-c1ccc(Cn2nc(-c3cccc(C(N)=O)n3)cc2C(F)(F)F)cc1Cl,0
protein73,1,CC(C)(C)Nc1nsc(N2CCN(Cc3cccc(Cl)c3Cl)CC2)n1,0
protein73,1,CC(F)(F)c1cn(CCCOc2ccccc2C#N)c(N)c1S(=O)(=O)c1cccc(C(F)(F)F)c1,0
protein73,1,CC(C)N(C(=O)C(Cc1ccc(-c2cccc(F)c2)cc1)NC(=O)Nc1ccc2c(c1)CCCO2)C(C)(C)C,0
protein73,1,Cc1nc(N2CCOCC2)c2ccn(Cc3ccccc3S(=O)(=O)N(C)C)c2n1,1
protein73,1,COc1cc(C(=O)N2CCCC2)c(C)cc1-n1cncn1,0
protein73,1,CCCCOc1ccc(C)cc1NC(=O)C=C(c1cnccc1C)N1CCCCC1,0
protein73,1,CC(C)CC1NCSc2c(N)cccc2C1c1ccccc1,0
protein73,1,O=C(ON=C(C(=O)N1CCCCC1)c1ccc(Cl)cc1)c1ccccn1,0
protein73,1,C#CCOc1cc2c(c(C3CCCN3CC(O)C3CCCO3)c1F)CC(OC(=O)c1ccc(F)cc1)CC(CNC(=O)CCl)N2,1
protein73,1,CCS(=O)(=O)Nc1ccc(C(=O)Nc2ccccc2NC(=O)c2cccc(F)c2)cc1OC(F)F,0
protein73,1,CC1(C)Nc2ccc(C#N)cc2C(OC(=O)C2CCCCC2)C1O,0
protein73,1,Cc1ccc(N2CCNC(=O)C2CC(=O)Nc2ccc(F)cc2F)cc1-c1ccccc1C#N,1
protein73,1,O=C(Nc1ccccc1-c1nc2ccccc2o1)c1ccccc1C1CC1,0
protein73,1,Cc1cc(NC(=O)c2c(Cl)c(C(F)(F)F)nn2-c2ccccc2)nn1C,0
protein73,1,O=C1c2cc(O)ccc2CC1(NC1CCCCC1)c1ccc(F)cc1,0
protein73,1,CC1CCCC2(C)C=C(c3ccc(Cl)c(Cl)c3)CC(=O)N12,0
protein73,1,CC(S(=O)(=O)O)S(=O)(=O)c1ccccc1,0
protein73,1,CC1(C)CCC(N(C(=O)CS(=O)(=O)c2ccccc2)c2cccc(C(F)(F)F)c2)C(=O)N1,0
protein73,1,CCC1(CC)C(=O)OC(C)(C)c2cc3c(cc21)-c1nn2ccc(Cl)cc2c1CN3,0
protein73,1,Cc1nn(C(C)C(F)(F)F)c2ccc(S(=O)(=O)N3CCCCCC3)cc12,0
protein73,1,Cc1cc(Nc2ncc(F)cn2)c2cc(N3CCN(CCO)C(C)C3)cc(C)c2n1,1
protein73,1,O=C(CC1(O)C(=O)Nc2ccc(O)cc21)c1ccc(-c2ccc(O)c3ncccc23)o1,1
protein73,1,CC1=NC2(CCCCC2)C(O)N1C,0
protein73,1,O=C(NCc1cccs1)c1c(O)c2ncccc2n(Cc2c(F)cccc2F)c1=O,1
protein73,1,CCc1nc(-c2ccccc2O)c(-c2cnc3c(cnn3C(C)C)c2NCC2CCCO2)[nH]1,0
protein73,1,CC(C)C=Cc1ncc(C(=O)Nc2ccc(N3CCN(C)CC3)cc2)cn1,0
protein73,1,CCc1ccc(Nc2cc(=O)c3ccc(C)nc3n2C2CC2)cc1,1
protein73,1,CC(C)N1CCC(C2(c3ccccc3)C(=O)Nc3ccccc32)CC1,0
protein73,1,CCCc1ccccc1NC(=O)c1sc2nc(-c3ccccc3)cc(C)c2c1N,1
protein73,1,BrCCN1CCN(c2ncnc3sc(-c4ccccc4)cc23)CC1,1
protein73,1,CC1(C)CN2CC(Cc3ccccc3Cl)C(C)(C2)C1,0
protein73,1,O=C(O)c1cc(OC(F)(F)F)ccc1N1CCCCC1CO,0
protein73,1,O=C(C1=CCCCC1)c1cc2ccccc2n1S(=O)(=O)c1ccc(Cl)cc1,0
protein73,1,CC(C)CCCS(=O)(=O)c1ccc(N2CCOCC2)c(C(=O)Nc2ccc3c(c2)oc(=O)n3C)c1,0
protein73,1,CC(C)(CC(=O)O)c1ccc(O)c(C2OC(=O)Nc3cc(Cl)ccc32)c1,0
protein73,1,Cc1ncccc1CNCCc1cn(COCC(F)(F)F)c2ccccc12,1
protein73,1,O=C(Nc1ccc(Cl)cc1NC(=O)C(C(F)(F)F)C(F)(F)F)c1cccs1,0
protein73,1,CC(OC(=O)c1cc([N+](=O)[O-])ccc1O)C(=O)Nc1cccc(C(=O)O)c1,1
protein73,1,CCCCCCSc1ccc(OCCC2CCCN(CC(N)=O)C2)cc1,0
protein73,1,CC1CCN(C(=O)CCS(=O)(=O)N2CCCCC2)CC1,0
protein73,1,CCC1NC1c1ccc(Nc2nccc(-c3cnc[nH]c3=O)n2)cc1,1
protein73,1,CC1(C)CCN2C(=O)N(C(=O)C(Cl)(Cl)Cl)CC1c1c(Cl)cccc12,0
protein73,1,O=C1CC(c2ccccc2)Oc2c(CS(=O)(=O)c3ccccc3)cccc21,1
protein73,1,CCCCC(CCCN)S(N)(=O)=O,0
protein73,1,CCc1cc(OC(F)(F)F)ccc1N(C)Cc1ccc(-c2nn3cc(-c4ccncc4)nc3s2)cc1,0
protein73,1,Nc1nc(-c2ccccc2)nc2c(OC(F)(F)F)cc(Nc3ccccc3)cc12,1
protein73,1,CCN(c1ccccc1C(F)(F)F)S(=O)(=O)c1cccc(C(=O)NC(C)(C)c2nn(CC)cc2C)c1,1
protein73,1,CC(C)C1COC2Cc3cccc(O)c3CC2N1CCCNCc1ccnc2ccc(Cl)c(=O)n12,0
protein73,1,CCN(CC)CCn1cc2cc(-c3cc(Nc4ncc5c(n4)n(C)c(=O)n5C)cc(OC)c3)ccc2n1,1
protein73,1,Cc1ncc(C2CCC(C)N2)cn1,0
protein73,1,CC(=O)Nc1ccc2c3c(oc2c1)CCc1ccn(-c2ccc(F)cc2)c1-3,0
protein73,1,CCn1c(-c2cc(C#N)ccn2)nc2cc(N3C(=O)c4ccccc4C3=O)ccc21,1
protein73,1,CCn1cc(CNC(=S)N(c2cccc(Cl)c2)c2ccccn2)cn1,0
protein73,1,CC(=O)N1CCN(C(c2cc(Oc3ccccc3)ccc2F)n2ccc3ncccc3c2=O)CC1,1
protein73,1,CCC(C)C(C(=O)NC(C)(C)C)c1ccccc1,0
protein73,1,CCOCC1CNc2nc(ncc2F)-n2nc3ccccc3c21,1
protein73,1,Cc1ccccc1-c1c2c3c4nc5ccccc5n4c1NCC2CC(C(=O)N(C)C)=C3,1
protein73,1,CCS(=O)(=O)c1ccc(NC(=O)CNc2ccnc3cc(Cl)c(Cl)c(Cl)c23)s1,0
protein73,1,CCn1c(C(C)(C)C)nc2c(-c3cccnc3)csc2c1=O,1
protein73,1,CCNC(=O)c1cc(-c2cnccc2Cl)n(-c2cc([N+](=O)[O-])ccc2O)c1C1CC1,1
protein73,1,O=C(Nc1cc(-c2ccc([N+](=O)[O-])cc2)nn1-c1ccc(OC(F)F)cc1)c1ccco1,1
protein73,1,Cc1nc2c(C)ccc(N3CCNCC3)n2c1-c1ccccc1Sc1ccccn1,0
protein73,1,CCCn1cc(-c2cn(C(C)C)c3nc(N)nc(N)c23)ccc1=O,1
protein73,1,Cc1ccc(NN=C2CCCCC2C)cc1,0
protein73,1,CCCn1ccnc1C1(NC(=O)Nc2ccc(Cl)cc2)CCNCC1,0
protein73,1,CCn1cnc2cc(Nc3nc(N4CCCC4C)c(C#N)c(C)c3C#N)c(F)cc21,1
protein73,1,CCCCN(C)c1ccnc2sc3c(=O)n(Cc4ccc(F)cc4)cnc3c12,1
protein74,1,CCCCc1ccc(Oc2cn(CC3CCCCO3)nc2C(F)(F)F)cc1,1
protein74,1,CCn1ncc2ccc(C(=O)N3CCN(C(S)=NCc4cccc(C)c4)CC3)cc21,1
protein74,1,CCCC1(C)C(=O)OCC1c1ccccc1,0
protein74,1,Cc1cc(C)c(C(=O)NN=Cc2ccco2)s1,1
protein74,1,CC(=O)N(CC1CCCO1)C1C(C(C)O)CCN(C=O)C1CCc1ccccc1,0
protein74,1,CC(C)CC(NC(=O)OC1CCNC1)C(=O)NC(C)C(=O)NCc1cccc(F)c1F,0
protein74,1,CC(=O)C=CCCCCC(=O)O,0
protein74,1,NC(=O)c1oc2ccc(OCC(O)(C(F)(F)F)C(F)(F)F)cc2c1Nc1cccc(Cl)c1N1CCOCC1,0
protein74,1,CCC(CC)NC(=O)Cc1nc(C)cs1,0
protein74,1,Nc1ccc(N2CCSCC2)cc1N=Cc1cccc(F)c1F,1
protein74,1,CCCCNCc1c(Cl)c2ccc(C)cc2n(CC(=O)N2CCCCC2)c1=O,0
protein74,1,CCS(=O)(=O)NC(=O)c1ccccc1N(C(=O)NCCC(F)(F)F)c1ccncc1Cl,0
protein74,1,O=C(O)c1ccc(NC(=O)C2CCCCC2)cc1,0
protein74,1,Cc1ccc(NC(=O)c2sc(C)c(OC(=O)CCCO)c2C)cc1,0
protein74,1,CC(C)C1CCC(C(=O)O)C(Cc2ccc(S(=O)(=O)N3CCCCC3)c(O)c2)C1,0
protein74,1,O=C(C1CC2CN1C(=O)CC(c1ccccc1)(N1CC1)C#Cc1ccccc1O2)N1CCCC1,0
protein74,1,CC(C)Cn1c(-c2c(Cl)cc(N3CCCCCC3)nc2NCCCl)nc2ccccc21,1
protein74,1,Cc1cc2sc(=O)c(-c3ccccc3)c(N3CCCCC3)n2n1,0
protein74,1,COC(=O)Nc1cc(C(C)(C)C)c(N)c(C(C)(C)c2ccc(C#CC3CC(C)=CO3)cc2)c1,0
protein74,1,Cc1cc(-c2cc(F)c3c(c2)n(C(C)C)c(=O)c2cccn23)cnc1NC(N)=O,0
protein74,1,Cc1cccc(C)c1N(Cc1cccc2c1nc(C)n2C(C)CO)C(=O)c1ccco1,1
protein74,1,O=C(NN1CCCCCC1)c1cc2cc([N+](=O)[O-])ccc2n1C(F)F,1
protein74,1,COc1cccc(C2(C)CCN(C)CC2)c1Nc1c(O)cnc2cc(Cl)ccc12,0
protein74,1,Cc1cccnc1Nc1nnc(CN2CCNCC2)s1,0
protein74,1,Cc1cnc(N2CCC3(CCNCC3)CC2)nc1-c1ccc2c(c1)C(=NO)C(N)=N2,1
protein74,1,CC(C)Oc1ccc(-c2ccc(C3CCNCCN3C(N)=S)cc2)c(F)n1,0
protein74,1,Cc1nn(-c2cccc(Cl)c2)c(C(F)(F)F)c1S(=O)(=O)c1ccccn1,0
protein74,1,O=C1CC(O)CCN2CCC(CCC(C(=O)NCc3ccc(F)cc3F)N1)C2,0
protein74,1,CC(OCc1cc(-c2cc3ccccc3o2)ccc1O)C(=O)Nc1ccc2c(c1)CCN2S(C)(=O)=O,0
protein74,1,CC(Oc1ccccc1C(F)(F)F)C(=O)N1CCC(N2c3cc(C(F)(F)F)ccc3OCC2C)CC1,1
protein74,1,Nc1ccc(-c2c(-c3ccc(OC(F)(F)F)cc3)nc3cnc(N)cn23)cc1,1
protein74,1,CC1(C)CCC2CC(N)CCN2c2cc3c(cc2OC(F)F)c(=O)c(C(=O)O)cn3CC1,0
protein74,1,Cc1ccc(NC(=O)c2cc3c(c(C(C)(C)C)c2)OCC3)cc1C,0
protein74,1,CC(=O)Nc1cccc(Oc2cccc3c2CN2CCCC3(C)C2)c1,1
protein74,1,CCN(CC)c1ccc(Nc2ncc(S(=O)(=O)c3ccc(C)cc3)c(-c3cn(C(C)C)c4ccccc34)n2)cc1,1
protein74,1,CCCn1cc(C(=O)O)c(=O)c2cc(F)c(N3CC(C)C(OCCC(C)C)C3)nc21,0
protein74,1,Cc1occ(-c2nnc(NC(=O)c3cc(C(C)(C)C)ccc3F)s2)c1C,0
protein74,1,O=C(CC1NC1CN(Cc1ccccc1)c1ccccc1OC(F)F)NCC1CCCCC1,0
protein74,1,O=C(NC(=S)Nc1ccc(I)cc1OC(F)(F)F)c1cccc([N+](=O)[O-])c1,0
protein74,1,CCC(C)c1ccc(O)c(-c2nc3cc(C(=O)Nc4nc5ccc(F)cc5s4)ccc3[nH]2)c1,0
protein74,1,CCC(C)N(c1nc(N)c(C#N)[nH]1)c1cccc2cc(Cl)c(Cl)cc12,1
protein74,1,CCN(CC1CC1)c1cc2c(CC3CCCC3)ccc(C(F)(F)F)c2c(N)n1,0
protein74,1,O=C(Cc1ccccc1Cc1ccc(F)cc1)Nc1ccc(N2CCC(NCCN3CCCC3=O)C2)c(F)c1,0
protein74,1,O=C1NCC=CC1N(C(=O)C1CNc2cc(C(F)(F)F)ccc2SC1)c1ccc(OC(F)(F)F)cc1,0
protein74,1,O=C(N1CCNCC1)C1(Cc2ccc(Oc3ccccc3)cc2)CC1c1ccc(Cl)cc1,0
protein74,1,CC(=O)N1CCNC(C)(C)C1(C#N)c1sc2c(-c3cccc(C45CCCN(C4)C5)c3)cccc2c1F,1
protein74,1,CC(=O)c1ccccc1OCC(=O)Nc1ccccc1NS(=O)(=O)c1cccc(C(C)(C)C)c1,0
protein74,1,CCOC(=O)c1cccc(-c2nnc(N(C)CC)o2)c1,0
protein74,1,CCN(CC)C(=S)NS(=O)(=O)c1cc(-c2ccc(C(=O)N3CCCN(C)CC3)cc2C(F)(F)F)ccc1OC,1
protein74,1,Nc1nc2ccccc2cc1Cn1nc(CCC(=O)O)cc1C(F)(F)F,0
protein74,1,CCCN=c1cc2c3cc(F)ccc3n1CCNC(=O)CCCO2,1
protein74,1,CC1(C)C(=O)Cc2sc(NC(=O)c3ccc(N4CCOCC4)c([N+](=O)[O-])c3)nc21,1
protein74,1,CCCCNc1nc(-c2cccc(C(F)(F)F)c2)ns1,0
protein74,1,Cc1cc(S(=O)(=O)NCCN2CCCCC2)cnc1N1CCC(F)(F)CC1,0
protein74,1,CCS(=O)(=O)NC(=O)c1c(F)cc(OCC(C(F)(F)F)C(F)(F)F)c(Cl)c1F,0
protein74,1,CC(C)CC1C(=O)N(C)c2c(C(=O)O)nc(O)n21,0
protein74,1,CCOc1ccccc1N1CCN(S(=O)(=O)c2ccc(N(C)C)cc2)CCC1=O,1
protein74,1,CC1(C)ON=C(c2cccc(F)c2)C1CP(=O)(O)O,1
protein74,1,CCN(CC(=O)Nc1ccc2c(c1)CCC(C)(C)O2)C(=O)C1CCCN2CCCCC12,0
protein74,1,Cc1ncc([N+](=O)[O-])n1CC1(O)CCN(Cc2ccc(F)cc2)CC1,1
protein74,1,Cc1ccnc(SCC2OCCN2S(=O)(=O)c2ccc(Cl)cc2)n1,0
protein74,1,Cc1noc(C)c1Cn1cncn1,0
protein74,1,Cc1ccc(-n2c(S)nnc2-c2ccccc2N)c(C)c1,1
protein74,1,CCC(O)(COCC1CCC(NC(=O)C(C)(Cc2ccc(F)cc2)c2ccccc2[N+](=O)[O-])CC1)CS(=O)(=O)O,0
protein74,1,CC(=O)NCc1noc2c(Cl)cc(Oc3ccc(F)cc3)cc12,0
protein74,1,Cc1cc(C(=O)CC(O)C(=O)Nc2ccc3c(c2)OCCO3)c(C)[nH]1,0
protein74,1,CC1CCCC(C)C1NC(=O)CCC1C(C(=O)O)N(C(=O)C2CCCC2)CC1n1cnc2c1CCCNC2=O,0
protein74,1,CC(=O)N1N=C(C)CC1c1c(C)[nH]c2ccccc12,1
protein74,1,O=c1cc(-c2ccc(Cl)nc2)c2cccc(CN3CCNCC3)c2o1,1
protein74,1,Nc1ccc(CNC(=O)Cc2ccccc2-c2ccccc2)cc1N,1
protein74,1,CC(C)Nc1nc(N2C(=O)OCC2C(C)C)nc2ccccc12,1
protein74,1,CC1C(NCC(C)N2CC(Cc3ccc(F)cc3)NC2=O)CC(CN)C(C)(C)C1O,0
protein74,1,Cc1cc(C)c(N2CCC(CN3CCN(Cc4ccccc4F)CC3)CC2CO)nn1,1
protein74,1,CCN(CC1CCCCN1CC)C(=O)Cc1nc(-c2ccccc2-c2cccnc2)cs1,0
protein74,1,Cc1cnc(-c2cnn(C3CC(=O)N(Cc4ccc(F)cc4)C3)c2)c(N2CCCC(CCN(C)C)CC2)n1,1
protein74,1,CC(=O)Nc1ccc(S(=O)(=O)Nc2nc3cccc(-c4cc(C(F)(F)F)ccc4F)c3[nH]2)cc1,0
protein74,1,CC1CCC(=O)N1CC1CC(c2ccc3c(c2)OCC(C)(C)O3)CN(C(=O)c2ccc(C(N)=O)cc2)C1C(=O)O,0
protein74,1,CCC(C)C(=O)OCC(=O)Nc1cc(-c2cccc(NC(=O)CS(=O)(=O)c3cccc(F)c3)c2)ccn1,0
protein74,1,Cc1ccccc1-c1ccccc1S(=O)(=O)N(C)c1ccc(-c2cn3cccc(Cl)c3n2)cc1,1
protein74,1,CC(O)CN1C=C(C(=O)c2ccc([N+](=O)[O-])cc2)C(C)C1,1
protein74,1,Cc1ccc(CC(=O)Nc2ncnc(N)c2-c2ccc(C=C3CC(O)CCC3C)cc2O)cc1,1
protein74,1,CCOc1cccc2c1CCC(C)(C)C2N1CCN(C(=O)c2ccccc2Cl)CC1,0
protein74,1,O=CNc1cccc2ccc(CCN3CCN(c4cccc(F)c4)CC3)nc12,1
protein74,1,Cc1cc(C(F)(F)F)n2nc(N3CCC(C(=O)Nc4cccc(C)c4C)CC3)cc2n1,0
protein74,1,Cc1ccc(-c2nc(CN3CCC(n4c(=O)[nH]c5ccccc54)CC3)co2)cc1[N+](=O)[O-],1
protein74,1,CCN1CCCC1Cc1ccc(OC(C)c2ccc([N+](=O)[O-])cc2)cc1,1
protein74,1,Cc1nn(C)c2c(=O)n(C)c3cc(C4(S(=O)(=O)O)CCOCC4)cc(-c4ccc(S(C)(=O)=O)cc4)c3c12,1
protein74,1,CCNc1ncc2cc(OC)c(OC)cc2n1,0
protein74,1,CC(=O)c1cnn2c(-c3cccc(N(C)c4ccncc4)c3)ccnc12,0
protein74,1,COc1cc(=O)n(C)c(C(=O)N(C)c2nc(C)c(-c3ccc(Oc4ccc(OC(F)(F)F)cc4)cc3)s2)c1C,1
protein74,1,Cc1nn(-c2ccccc2)c(Cl)c1C(=O)NC(C)C(C)(C)C,0
protein74,1,CCCC(C)CNCCC#CCC(C)C,0
protein74,1,CCCCS(=O)(=O)Nc1ccc(C)cc1Nc1ncnc2c(C)c3n(c(=O)c12)CCS(=O)(=O)C3=Cc1ccc(OCC)c(OC)c1,0
protein74,1,CCCn1cc(C2=C(n3ccccc3=O)C(=O)c3ncccc3C2=O)nn1,0
protein74,1,O=C1C(Oc2ccccc2-c2nccc(-n3ccnc3)n2)CCCN1Cc1ccn(CC2CCCC2)n1,0
protein74,1,Cc1ccc(NC2c3ccccc3C(=O)N2c2ncccc2Cl)cc1Cl,0
protein74,1,O=C(Cn1cc(S(=O)(=O)c2ccccc2)c2ccccc21)Nc1cc(Cl)cc([N+](=O)[O-])c1O,1
protein74,1,CCC(CN1CCC(c2cn3cccc(N(C)C)c3n2)CC1)OC,0
protein74,1,CCC(C)NC(C)CCn1cnc2c(Cl)nc(Nc3ccc(N(C)C)cc3)nc21,1
protein74,1,Cc1cc(NC(=O)CN(C)C(=O)c2cccc(NS(C)(=O)=O)c2)no1,1
protein75,1,CCCN(C(=O)C1CC1)C1CCN(C(=S)Nc2cc(F)cc(F)c2)C1,0
protein75,1,CC(C)N(CC(=O)N1c2ccccc2CC1CO)C(=O)Oc1ccc(OC(F)(F)F)cc1,0
protein75,1,CCCCCCCC#N,0
protein75,1,CC(C)(C)n1ncc2c(=O)[nH]c(=N)[nH]c21,0
protein75,1,CCc1c(-c2ccc(OC)c(OC)c2)nn(CC)c1-c1cc2cc(NS(C)(=O)=O)ccc2[nH]1,1
protein75,1,CCOc1cc(C)ccc1-c1cc(Cl)cc(NC(=O)C2CCCC3(CC(=O)NC3=O)C2)c1,0
protein75,1,CCN(CC)C(=O)c1cccc2c1c(-c1ccccc1COC)nc1cnc(Cc3ccccc3)n12,1
protein75,1,CC(C)c1cccc2c(O)nc3nc(-c4cccc(C(F)(F)F)c4)cn3c12,0
protein75,1,O=C(CCl)Nc1nc(-c2ccc(F)cc2F)cs1,1
protein75,1,Cc1cc(CN2CCCCC23CCN(C)CC3)no1,0
protein75,1,CC(C)CCNC1(COc2ccc(-c3nc4c(C#N)cc(C#N)cc4[nH]3)cc2C#N)CC1,0
protein75,1,CCCCNc1ncc(NS(=O)(=O)c2c(F)cccc2C(F)(F)F)c(=O)[nH]1,0
protein75,1,NCCc1cc2c3ccccc3n(C3CCCCC3)c2n(C2CCCCC2)c1=O,0
protein75,1,CC(C)(CO)NS(=O)(=O)c1c[nH]c(=NCc2ccc(Cl)cc2Cl)c2cc(-c3ccccn3)cc(F)c12,0
protein75,1,CCCCNC(=S)Nc1cccc(Oc2ccccc2)c1,0
protein75,1,CCc1ccc(Nc2nc(-c3cccc(C)c3)nc3c2CCNCC3)cc1,0
protein75,1,Cc1cc(C(C)C2=CCN(c3nc(N4CCCCC4)ccc3[N+](=O)[O-])CC2)[nH]n1,1
protein75,1,CN(CCc1ccccc1)C(=O)Cc1nn2ccccc2c1-c1ccccc1,0
protein75,1,O=CNC(CC(F)(F)F)C(=O)NC1OCCCC1Cc1c(-c2cc(F)cc(F)c2)cnc2ccccc12,0
protein75,1,CCCCN1c2ccccc2C(=O)N(C(=O)C(C)Nc2ncnc(N(C)C)c2F)c2ccccc21,0
protein75,1,CC(C)CC(NC(=O)CCCn1c(N2CC3CC(C3)C2)nc2ccc(Cl)nc21)C(CO)NC(=O)c1cc(Cl)ccc1OCCF,0
protein75,1,Cc1ccc(-c2nccc(N3C(=O)CCC3c3cncc(-c4cccs4)n3)n2)cc1Cl,0
protein75,1,CC1=C(C(=O)Nc2cc(C)on2)N(C)S(=O)(=O)c2ccccc21,0
protein75,1,Cc1ccc(Cl)cc1NC(=O)c1sc2nc(C(C)(C)O)n(C3CCCC3)c(=O)c2c1C,0
protein75,1,O=C(Nc1nc(-c2cccc(OC(F)(F)F)c2)cc(-n2ccnc2)n1)c1n[nH]c(=O)c2ccccc12,1
protein75,1,Cc1cccc(NC(=O)c2ccccc2C=CCn2ccnc2)c1,0
protein75,1,CC1(C)CC(CCCN2CCN(c3nc4ccccc4s3)CC2)c2ccccc2O1,1
protein75,1,CC(C)CC(=O)Nc1ccccc1N1C(=O)CSC1c1ccc(Cl)cc1Cl,0
protein75,1,O=C1Cn2c(cc3cc(Cl)ccc32)-c2ccc3cc2OC2COC(CC4CC34)C(=O)N1C2,1
protein75,1,NC(=O)c1cnn(-c2ccc(Cl)cc2)c1N,0
protein75,1,CCCCC1(C)CN(C)C(=O)C1N1CC2CNC(C1=O)c1ccccc12,0
protein75,1,Cc1[nH]nc(N)c1-c1ccnc(C23CCCCC(C)(O2)C3O)n1,0
protein75,1,CCc1ccc(OCC(=O)n2c([N+](=O)[O-])cnc2C)c(Cl)c1,1
protein75,1,CCN1CCN(c2nc(NC(C)c3ccccc3)ncc2C(F)(F)F)CC1,0
protein75,1,CC1CCCC(C)N1c1cc(-c2cscn2)c(N)nc1N,1
protein75,1,CC(CCC1CN2CCN(CC2)C(N(C)C)=Nc2cc(C(F)(F)F)ccc2NC1=O)C(C)CCC1SC(=O)N(C)C1=O,0
protein75,1,Cc1cc(C(=O)Nc2nc(-c3cc(F)c[nH]c3=O)cs2)ccc1O,1
protein75,1,CC=Cc1ccccc1C=C1C(=O)Nc2ccccc21,0
protein75,1,O=C1NC2CCC(O)CC2CN1C1CCN(c2ncnc3c2oc2ccc(Cl)cc23)CC1,0
protein75,1,O=Cc1cc(NCc2cccnc2)nc(-n2cnc3ccc(C(F)(F)F)cc32)n1,0
protein75,1,O=C(Nc1ncc(-c2cccc(F)c2)s1)C1CCC(CNC2COc3nncc(Cl)c32)CC1,1
protein75,1,CCCC(=O)Nc1nnc(Nc2cccc3cccc(-c4ccccn4)c23)s1,1
protein75,1,Cc1cc(C(F)(F)F)cnc1CCNS(=O)(=O)c1ccc(Nc2cc3nc(C)c(C)c(C)n3n2)cc1,0
protein75,1,CCn1cnc2ccc(NC(=O)c3ccccc3S(=O)(=O)N3CCCCCC3)cc21,0
protein75,1,Cc1cc(S(C)(=O)=O)c(C)cc1OCc1ccc(C(=O)NC(C)(C)C)cc1,0
protein75,1,Cc1cc(Cl)cc(Cl)c1C(=O)N(C)CCn1ccc(-c2nnc(N)s2)n1,0
protein75,1,Cc1ccccc1Nc1nc(-c2cncc(-c3ccncc3)c2)cs1,1
protein75,1,FC(F)(F)Oc1ccc(CNCCN2CCC3(CC2)c2ccccc2Oc2ccncc23)cc1,0
protein75,1,CCCN(C)C(=O)CSC(F)(F)F,0
protein75,1,Cc1ccc([N+](=O)[O-])cc1S(=O)(=O)Nc1ccccc1F,1
protein75,1,CC=C(NC(N)=O)N1CCCC1,0
protein75,1,CC#Cc1cc(C(=O)C2CCCC2)c(OC)cc1Oc1cc(C(N)=O)cc(-c2cnc(N)cn2)c1,0
protein75,1,CC(C)(C#Cc1cc(C(N)=O)cc(C(F)(F)F)c1)CN(CC1CC1)C(=O)Cc1ccccc1[N+](=O)[O-],0
protein75,1,CCN1Cc2cc(-c3cccc(NC(=O)c4ccccc4C)c3)ccc2OCC1=O,0
protein75,1,CC1=CCCC(C(=O)NC2CCCC(NNC(=O)c3cc4cc(Cl)ccc4[nH]3)C2)C1,0
protein75,1,CC(=CC1c2c(ccc3c2CCS3(=O)=O)OC(C)(C)C1C)c1ccccc1N=[N+]=[N-],1
protein75,1,CCS(=O)(=O)Nc1cccc(NC(=O)C2=C(C)Nc3sc4c(c3C2c2cccc(C(F)(F)F)c2)CCCC4)c1,0
protein75,1,Cc1ccc(S(=O)(=O)N(C)N=C(O)c2ccccc2F)cc1,1
protein75,1,CCC1(C)C(=O)c2ccc(S(=O)(=O)c3ccc(F)cc3)cc2N1C(=O)c1cccnc1,1
protein75,1,Cc1cc(=O)[nH]c(CC2(C(=O)NCCc3ccccc3)CCCN(c3ncccn3)C2)n1,1
protein75,1,CCC(CO)c1ccc(Oc2cccc3cc(-c4nc(N)nc(N)c4C#N)cnc23)cc1,1
protein75,1,CCN(CCC(C#N)CCCNC(=O)C(C)(CC)c1ccccc1)CC(=O)Nc1ccc(F)cc1F,0
protein75,1,NC(=O)c1cc2c(CCSc3nc4c(F)c(N5CCOCC5)c(F)cc4s3)cccc2cn1,1
protein75,1,Cc1cc(C)c(S(=O)(=O)NCC(C)(C)C)cc1NC(=O)C(=O)Nc1ccc(N(C)C)cc1S(N)(=O)=O,1
protein75,1,CC(=O)N(c1ccc(F)cc1)c1nnc(-c2cc(-c3cncnc3)ccc2N2CCOCC2)o1,1
protein75,1,Cc1cc(N2CCN(C(=O)Nc3ccccc3)CC2)ccc1F,0
protein75,1,O=C(CS(=O)(=O)Cc1ccccc1)c1cn(CCN2CCCC2)c2ccccc12,0
protein75,1,Cc1cccc2c1N(Cc1ccc([N+](=O)[O-])cc1)C(=O)C2=O,1
protein75,1,Nc1cnc(-c2cc(C(F)(F)F)cnc2-c2ccc(OC(F)(F)F)cc2F)cn1,1
protein75,1,O=c1c2ccccc2ncn1Cc1ccccc1Cl,0
protein75,1,COc1ccccc1C(=C(C(=O)O)c1ccc([N+](=O)[O-])cc1)C1CCN(C(C)C)CC1,1
protein75,1,CCN(CC)CC(=O)Nc1noc2cc(F)c(Cl)cc12,0
protein75,1,CC1CN2CC(C)N1c1cc(C(=O)NCc3ccccc3)ccc12,0
protein75,1,CC1C=CC(=O)N(c2ccc(S(=O)(=O)Nc3ncc(C4(C)CCN(C)CC4)s3)cc2)C1,0
protein75,1,CCOCCC(C)(C)SC1OC2(C)CCc3ccccc3COc3cccc(c3)CN(C)CCN(C)CCC12,0
protein75,1,Cc1nccc2cc(C(N)=O)cc(-c3cc4nc(n3)Nc3c(ccc5cnccc35)C3CC3(C)CO4)c12,1
protein75,1,CCOc1ccccc1CN1CCOc2cc(S(=O)(=O)Nc3nc(C)cs3)ccc21,0
protein75,1,Cc1nn(-c2ccccc2)c(Oc2cnn(C(=O)c3ccccc3C(F)(F)F)c2)c1Cl,0
protein75,1,CCN(CC)CCOc1ccc(Nc2ccc([N+](=O)[O-])cc2NC(C)=O)c2ncccc12,1
protein75,1,CCCCn1c(=O)c(C#N)c(C2CCCC2)c2cccnc21,1
protein75,1,Cc1cnccc1C(=O)N1CCCC(CCN(C)C(=O)c2c(C)noc2C2CC2)C1,0
protein75,1,CCCCN1CCc2c(OC)cc3c(oc(=O)c4ccccc43)c2C1,0
protein75,1,Cc1ccc(-c2c(Nc3cnn(CC4CN(C(=O)CN)CCO4)c3C)oc3ccccc23)o1,0
protein75,1,O=C(NCC1CCCN1CCN1CCc2ccccc21)Nc1n[nH]c2ccccc12,0
protein75,1,CCC(NC(=O)c1cccc(C(=O)Nc2cc([S+](=O)([O-])[O-])ccc2C)c1)c1ccccc1,0
protein75,1,CC1(C)CC(Cc2ccccc2)C(C)(C)N1,0
protein75,1,CCCC(Nc1nc(Nc2cc(Cl)ccc2OC)nc2ccc(C(=O)O)cc12)c1cccnc1,0
protein75,1,CCC1CCCC(O)C1(O)c1cccc2nc(C(=O)c3cccc(O)c3)sc12,0
protein75,1,Nc1cnc(-c2cnn(C3CCCN(C(=O)OCc4ccccc4-c4cccnc4)C3)c2)c2ccc(F)cc12,1
protein75,1,CCCCNc1nccc2nc3nccc4c3c(c12)C(=O)Nc1c[nH]nc1-4,1
protein75,1,Cc1cccc(NC(=O)c2cc(S(=O)(=O)N(C)CC3CCCCC3)ccc2[N+](=O)[O-])c1,1
protein75,1,O=C(Nc1nc2ccc(Cl)cc2s1)c1ccc([N+](=O)[O-])cc1Cl,1
protein75,1,CCN1C(=O)C(N(C(=S)NC(C)c2ccc(C)c(F)c2)c2ncc[nH]2)c2ccccc21,0
protein75,1,Cc1cc(C(=O)Nc2ccc(F)cc2F)n(-c2ccc(F)cc2)n1,1
protein75,1,CCn1c(Cn2nc(S(=O)(=O)N(C)C)c3ccccc3c2=O)nc2cc(Cl)ccc21,1
protein75,1,Cc1ccnc(Nc2nc3ccc(C)n3c3c(O)cc(Cl)cc23)c1,1
protein75,1,CCn1cc(-c2noc3c(Cl)cccc23)c(=O)c2ccc(N(CCO)C(C)(C)C)nc21,0
protein75,1,O=C(Cn1c(NC2CCN(Cc3ccccn3)CC2)nc2ccccc21)c1ccccc1,1
protein75,1,Cn1c(CC(=O)Nc2ccccc2NCc2ccccc2)nc2ccccc21,0
protein75,1,CCn1c(SCC(=O)Nc2cccc(C(F)(F)F)c2)nc2ccccc21,0
protein76,1,Cc1ccc(-c2cc(C(=O)N(C)c3nccs3)cnc2S(=O)(=O)Oc2ccccc2F)c(C)c1,1
protein76,1,CCC1C(=O)NC(OP(=O)(CC(C)(C)O)OC)C(=O)N1Cc1ccc(O)c(OC)c1,0
protein76,1,CC(C)(C)OC(=O)NC(c1ccc(Cl)cc1)c1ccccc1C(F)(F)F,0
protein76,1,CC(=O)c1ccc2c(c1)Nc1nc(-c3ccc(C)c(OC(F)(F)F)c3)cnc1S2,0
protein76,1,CCCN(CC(=O)N(c1ccc(Cl)cc1)c1cccc(F)c1)CC(O)C(F)(F)F,0
protein76,1,CCC(CO)N1CCC(c2cccc(OC)c2OC2CCOc3c(CN(C)C)cccc32)CC1,1
protein76,1,O=C(COc1ccccc1-c1ccccc1)Nc1ccc2c(c1)OCCO2,0
protein76,1,Cc1c(Cl)c(C)c(NC(=O)c2ccc(F)c(F)c2)c2c1C=CC(C)(C)O2,0
protein76,1,CCn1c(-c2cncc(NC(=O)c3cc4ccccc4o3)c2)nc2cc3cc(c21)NC(=O)CC3,1
protein76,1,CCCCNc1nc2cc(C(F)(F)F)ccc2n1COCCO,0
protein76,1,O=C(Cc1ccc(Cl)cc1)Nc1ccc2nc(C(O)c3c(O)cccc3C(F)(F)F)n(C3CCCCC3)c2c1,0
protein76,1,CCNC(=O)c1cc(S(=O)(=O)N2CCN(C(C)c3ccccc3)CC2)ccc1Cl,0
protein76,1,Cc1cc(C)cc(N(C(=O)c2cc[n+](CC(=O)Nc3ccc4c(c3)CCC4)cc2)c2ccccc2)c1,1
protein76,1,CCC(C)n1c(C(F)(F)c2ccccc2)nc2c(Cl)c(F)c(N3CCN(C)CC3)cc21,1
protein76,1,Cc1cccc(-n2cnc3cc(O)c(N4CCC(C5OCCO5)CC4)cc3c2=O)c1C,1
protein76,1,CC(C)C1CCCCCCC1NC(=O)Nc1cc(=O)n(O)cc1Cl,0
protein76,1,Cc1cc(-c2cn3c(C(=O)Nc4cccc(C(=O)O)c4)csc3n2)ccc1-c1nc2ccccc2[nH]1,0
protein76,1,CCNC(=O)c1cccc(-n2c(S)nnc2-c2ccnc3ccccc23)c1,1
protein76,1,CCNC(=O)c1cccc(S(=O)(=O)Nc2cc(Nc3c(C#N)cc(Cl)cc3C(F)(F)F)ccc2OC)c1,0
protein76,1,Nc1ccc2c(NC(=O)CCc3c(-c4ccccn4)[nH]c4ccccc34)[n+]([O-])ccc2c1,1
protein76,1,CCCCCCC,0
protein76,1,CCc1cc(NC)ccc1N1C(=O)C=C(Sc2onc(C)c2[N+](=O)[O-])C1=O,1
protein76,1,CC1CCC(OCC2CC2)(c2cc(F)c3c(c2)CN(C2CC2)CCN3)C1N1CCCC1=O,0
protein76,1,CCC(C)NC1c2cc(-c3c(F)cc(C(F)(F)F)nc3Cl)ccc2NC1CCN1CCOCC1,0
protein76,1,CC1(C)c2c(O)ccc(Cl)c2CC2C(=O)NC(=O)N21,1
protein76,1,Cc1ccc2c(NC3CCC(N)CC3)c3ccn(Cc4ccccc4Cl)c3cc2n1,1
protein76,1,O=c1cc(-c2ccccc2)oc2cccc(SCCN3CCCCC3)c12,0
protein76,1,Cc1nc2c(S(=O)(=O)N3CCCc4c3c(C)cn(CC3COc5ccccc53)c4=O)ccc(F)c2s1,1
protein76,1,Cc1cnc(NC2CCCN(C(=O)Cn3ncc4c(-c5ccc(F)cc5)cccc4c3=O)C2)cn1,0
protein76,1,CCC(C)(C)CNC1=Nc2cc(C(=O)O)c3ccccc3c2N(S(=O)(=O)c2ccccc2[N+](=O)[O-])C1,1
protein76,1,Cc1ccc2nc(Oc3cccc(-n4cc(Cl)c5cc(C#N)ccc54)c3)c(C#N)cc2c1,1
protein76,1,CCS(=O)(=O)c1ccc2nc(Nc3ccc(C(=N)N)cc3OC)nc(N)c2c1-c1ccccc1,1
protein76,1,CC(C)=CC(=O)c1c2c(cn1CC(=O)NCCN1CCOCC1)-c1ccccc1CC2,0
protein76,1,CC(C)Cc1ccc(C(C)CN2CCOC3(CCC(N)CC3)C2)cc1,0
protein76,1,Cc1ccc2nc(O)cc(C(=O)O)c2c1,0
protein76,1,Cc1cc(NC(=O)C(C)N2CCCC2)c2c(n1)CCC2,0
protein76,1,CCOc1nc(C)c2c(n1)CCSC(N)=C2,0
protein76,1,CCCN(CCC)C1Cc2c(OC)ccc(OC)c2C(c2ccccc2)C1,1
protein76,1,C=CCN1CCC2(C)c3cccc(OCCC(C)(C)S)c3CC2C1=O,0
protein76,1,CC(C)CCCC(C)CO,0
protein76,1,CCOC1C[NH2+]CCC1OCc1c(C(=O)O)[nH]c2c3c(ccc12)OCCC3CCOCc1cccc(Cl)c1,1
protein76,1,CCC(C)NC(=S)Nc1ccc(S(=O)(=O)CC)cc1,0
protein76,1,O=C1CCCCC(c2nc3ccccc3s2)N1c1cccc(Cl)c1F,0
protein76,1,CCc1cccc2c1N(C(=O)CSCC1CCCN(c3cc(C(F)(F)F)c(C#N)cn3)C1)C(=O)C2(C)C,0
protein76,1,Cc1nc(CNc2ccc(Cl)cc2)c(C)nc1CNC(=O)C1CCCN1,0
protein76,1,CCOC(=O)c1cn(CCN2C(=O)c3ccccc3C2=O)ccc1=O,0
protein76,1,Cc1cc([N+](=O)[O-])ccc1NC(=O)C1CCCC1,1
protein76,1,O=C(CCCS(=O)(=O)c1cc(Cl)ccc1O)Nc1cccc(Cl)c1,0
protein76,1,O=C(NO)C(c1ccccc1)C1(c2cccc(O)c2)CCN(CCI)CC1,0
protein76,1,CCOc1cc2c(c(Cl)c1O)CCN1CCCC(C(=O)OC)C21,0
protein76,1,O=C1C=C(c2cc(F)cc(F)c2)CO1,0
protein76,1,Cc1c(Cl)ccc2c(N3CCCC(N)C3)nccc12,0
protein76,1,CC(C)=C(Cl)C(=O)CC(C)(C)n1cc(-c2ccccc2)c2ccc(O)cc2c1=O,0
protein76,1,Cc1ncc(N2CCC(C(N)=O)CC2)nc1Cc1cn(C(C)(C)C)nc1CN1CCN(C)CC1,0
protein76,1,Cc1cccc(NC(=O)COc2ccc3[nH]c(C)c(C(=O)c4ccccc4)c3c2)c1C,0
protein76,1,Cc1cncc(-c2nc3c(Cl)c(n2)N(C2C(C(=O)N(C)C)CCC2(C)C)C(=O)CN3C(C)C)n1,0
protein76,1,CCC(C)NC(=S)Nc1ccc(C2CCN(c3ncc(F)c(N4CCCCC4)n3)CC2)cc1,0
protein76,1,CCN(CC)C(=O)c1ccccc1NC(=O)C(C)=C(C)Cc1nc2ccccc2s1,0
protein76,1,CC1CCN(c2nc3cc(N)ccc3s2)CC1,1
protein76,1,CCCC(CCC)C(=O)Nc1nnc(-c2cccc(S(=O)(=O)Nc3ccc(F)cc3)c2)o1,0
protein76,1,NC(=O)C1Cc2ccccc2CN1C(=O)C(O)CCc1cccc(Cl)c1Cl,0
protein76,1,CC(C)C(=O)C(C)(C)CN1CCC(C(O)=NO)CC1c1cccc(C(F)(F)F)n1,0
protein76,1,CC(C)=Cc1cccc(Nc2nc(C)c3ccccc3n2)c1,1
protein76,1,Cc1cccc(NC(=O)Cn2c3ccc(F)cc3c3c(N4CCN(C)CC4)nccc32)c1C,1
protein76,1,COc1cc(CCC(C)=O)cc(Cl)c1O,0
protein76,1,CCOc1ccc2c(-c3ccc(F)cc3)cc(=NNC(C)=O)oc2c1,0
protein76,1,CN1CCN(CCN2C(=O)c3ccccc3C2=O)CC1,0
protein76,1,Cc1ccc(F)cc1-c1ccc(C(=O)O)c2ncccc12,1
protein76,1,CC(C)CC(=O)N(c1cccc(F)c1)c1sc2c(c1C(N)=O)CCCCC2,0
protein76,1,O=C(O)CN1C(=O)C2CCC(=Cc3ccccc3)CC2C1=O,0
protein76,1,CCOCCN1CCC(=O)N(C2CCCCC2C(=O)OCC)c2cc(C)c(-c3cccnc3)cc21,0
protein76,1,O=C(Cc1ccc([N+](=O)[O-])cc1)N=C([O-])Nc1cccc(Cl)c1,1
protein76,1,CC(C)CCNS(=O)(=O)c1ccc(Cl)cc1Cc1c[nH]c2ccc(Cl)cc12,0
protein76,1,O=C(c1cc([N+](=O)[O-])c(Cl)c([N+](=O)[O-])c1)c1nc2ncccc2o1,1
protein76,1,CC(=O)c1cn(-c2ccc(C(=O)NCCCCN3CCOCC3)c(F)c2F)c2cc(F)ccc12,1
protein76,1,CC1(C)CC(=O)n2cc1c1cc(-c3nc(NC#N)nc4c3CCC4)ccc12,1
protein76,1,O=C(Nc1ccc2c(c1)[nH]c(=O)c1ccnc(Cl)c12)C1CC(c2ccccc2)=NO1,1
protein76,1,Cc1nc2cc(OC(CC(N)CC(N)=O)OCCC3(N)CCC3)ccc2cc1-c1cc(-c2cccc(N(C)C)c2)nc2c1OCC2,1
protein76,1,CC(C)(C)N=CC1C(=O)NC(=S)N1Cc1ccc(F)cc1F,0
protein76,1,CC(C)N1C(c2ccccc2)=Nc2ccc(C(=O)O)cc2S1(=O)=O,0
protein76,1,NCCCC1c2ccc(O)cc2CCC1OCCN(CC(F)(F)F)c1ncnc(Oc2c(F)cccc2F)c1F,0
protein76,1,CCCCNc1nccc2cccc(OCC3CN(C)CCO3)c12,1
protein76,1,Cc1nc(N)c2c(-c3cccnc3)nn(CC(F)(F)c3cccc(OCc4nc5c(Cl)cccc5n4C)c3)c2n1,1
protein76,1,CCOc1ccc(N(CCN2CCCCCC2=O)S(=O)(=O)c2ccccc2)cc1,1
protein76,1,CCCCCN1C(=O)c2ccc(C(=O)O)cc2C1=O,0
protein76,1,Cc1coc(-c2nnc(N)c(-c3ccc(S(C)(=O)=O)cc3)c2Nc2ccccc2)c1,1
protein76,1,O=C1c2cccnc2Sc2cccnc2N1CC1CCN(Cc2ccc(Cl)cc2)CC1,0
protein76,1,O=C1c2ccccc2C(=NC(CO)P(=O)(O)O)N1Cc1ccc(Cl)cc1,1
protein76,1,Cc1cc2c(c(N(C)C)n1)c(C(C)(C)C)nn2-c1ccc(F)cc1F,1
protein76,1,CC1CCCCC1NC(=O)Nc1ccc2c(c1)c(-c1ccc(C(C)(C)S(C)(=O)=O)nc1)cn2C,0
protein76,1,Cc1nc(C(C)(C)C)cc(NC(=O)Nc2cccnc2)c1OCC(=O)NCc1ccc(Cl)cc1Cl,0
protein76,1,CN1CCN(C(Nc2ccc(-c3nc(N)c4c(n3)CCCC4)cc2)c2ccco2)CC1,1
protein76,1,CCC(C)CC1OC(=O)C2(CS)NC(C)c3nc4ccccc4cc3C12,1
protein76,1,Cc1ccc(Nc2ncnc(N)c2[N+](=O)[O-])cc1,1
protein76,1,Cc1ccc(C(O)C[N+](=O)[O-])cc1NC(=O)c1ccccc1,0
protein76,1,CCCCc1ccc(NC(=O)c2cnc(C)cc2-c2ccc(OCCF)cc2)cc1,0
protein76,1,CC1CCCN(C(=O)c2ccc(OCCCN3CCN(C(=S)c4ccccc4Cl)CC3)nc2)C1,0
protein76,1,Cn1c(N=C2C=C(O)CC(C)(C)C2)nc2sc3c(c2c1=O)CCN(Cc1ccccn1)C3=O,1
protein76,1,CCNC(=O)c1c(C(F)(F)F)nc2cc([N+](=O)[O-])c(Cl)cc2c1O,1
protein76,1,Cc1nc(N2CCNCC2)cc(-n2nc(C)c3nccc(F)c32)n1,1
protein77,1,CCOCc1ccc2c3c(ccc2c1)CCC3,0
protein77,1,O=c1sc(-c2cnccn2)nn1Cc1ccc(F)cc1F,0
protein77,1,CC(C)C1C(C(=O)O)CC(C(=O)NC2(C)CCCO2)CN1S(=O)(=O)c1ccccc1,0
protein77,1,Cc1ccc(CN2CCN(C(S)=NCC3CCC4(CCCCC4)OC3=O)CC2)s1,0
protein77,1,CCCCN1c2cc(S(=O)(=O)NCC(C)c3ccc(OC)cc3)ccc2N(C)CC1C,0
protein77,1,CCn1ccc2cnc(-c3ccc4c(c3)CCCO4)nc21,0
protein77,1,Nc1ccn(S(=O)(=O)c2cccc(OC(F)(F)F)c2)c(=O)n1,0
protein77,1,CC(=O)Nc1nnc(Cc2ccccc2)s1,0
protein77,1,CC1=C(CN2CCCC(c3nc(-c4ccccc4)cs3)C2)C2Oc3c(O)cccc3C(C)CC2NC1,0
protein77,1,Cc1cccc(C)c1NC(=O)N1CCN(Cc2ccccc2[N+](=O)[O-])CC1C,1
protein77,1,CC1(c2cc(F)c(Oc3cc(-n4nc5ccccc5c4C(=O)O)ncn3)c(Cl)c2)CCC1,0
protein77,1,O=C(CSC1=NCCS1)Nc1cc(F)ccc1F,0
protein77,1,Cc1cccc(-n2nc(-c3c(C)nc4ccccn34)c(C(F)(F)F)n2)c1,0
protein77,1,CCCN1CCN(c2[nH]nc(C)c2Cl)CC1,0
protein77,1,CC(=O)Nc1ccc(-c2[nH]c(C(C)(C)C)nc2C)c(Nc2nccc(-c3cnc(N)c(OC(F)(F)F)c3)n2)c1,0
protein77,1,NC(=O)C1CCCN(Cc2ccc(Cl)c3cccnc23)c2ccccc21,1
protein77,1,Cc1cc(S(=O)(=O)Nc2nc(C(=O)Nc3ccc(Cl)c(Cl)c3)cs2)c(C)s1,0
protein77,1,CC(=O)c1csc(-c2ccc(I)cc2C)n1,1
protein77,1,Cc1noc(C2CN3CCN2CCC3=O)n1,0
protein77,1,O=C(CCCCOC1CCc2cc(C(F)(F)F)ccc21)Nc1ccc2c(c1)OCCO2,0
protein77,1,CC(C)CNC(=S)Nc1cccc(-c2cc3c(C(=N)N)cc(O)cc3o2)c1,0
protein77,1,CCOc1cc2c(N(C)C(C)C)ncnc2cc1OCc1ccc(CN2CCN(C)CC2)cc1,0
protein77,1,Cc1ccccc1Cn1c([S+](C)[O-])nc2ccn(Cc3cccc(C(F)(F)F)c3C)c2c1=O,1
protein77,1,Cc1nc(CC(C)C)n(N)c1Cc1cccc(Cl)c1,0
protein77,1,CCN(CC)CC1CN(c2ccc3c(Nc4ccc5cccnc5c4)ncnc3c2)C1,1
protein77,1,Cc1ccc(OCCN2CCN(C)CC2)cc1C,0
protein77,1,CCC1NC(=O)C(Cc2ccc(C)cc2)NC1=O,0
protein77,1,CC(C)CC(Nc1nccc(N2C(=O)OCC2C(C)C)n1)c1cncc(F)c1,1
protein77,1,Cc1ccc(N2C(=O)C(S(=O)(=O)c3ccc(C)cc3)=CC2CCCN)cc1,0
protein77,1,CC1CCCN(c2nnc(C(F)(F)F)c(-c3cc(F)c(CO)c(Cl)c3)n2)C1,0
protein77,1,Cc1cccc2c1CSC(N1CCC(C)CC1)=N2,0
protein77,1,CC(=O)Nc1cc(-c2ccc(Cc3cc(-c4nc(NC(=O)C(C)N)c5ccccn45)c(C)nc3Cl)c(C)c2)cc2nc(C)n(C(C)C)c12,0
protein77,1,O=C1NC(=O)C(CCCl)(Cc2ccc(Cl)cc2)C(=O)N1,0
protein77,1,CCOc1ccc(NC(=O)c2cc(C)nc(N3CCCC(C)C3)n2)cc1,0
protein77,1,Cc1cccc(N)c1-n1c(C2CC2)nc2cc(O)ccc21,1
protein77,1,Cc1cc2ccc3c(=O)[nH]nc(C)c3c2nc1C,1
protein77,1,Cc1cn2c(Nc3ccc(F)cc3F)c3c(nc2n1)CCN(C)C3,1
protein77,1,CCCN1CCCCC1CNc1c(C=Nc2ccccn2)n(C)n2c(=O)cccc12,0
protein77,1,CCOC(=O)c1cnn(-c2cccc3c2OCCO3)c1C=Cc1cccc(C(F)(F)F)c1,0
protein77,1,CCn1cc(C(=O)O)c(=O)c2ccc(N(Cc3ccccc3Cl)c3ccncc3)nc21,0
protein77,1,O=C(NCCC1CCOC1)c1c(Cl)c2n(c1Cl)CCCN2Cc1ccccc1,1
protein77,1,Cc1cc(C#N)c2nc3ccc(Cl)cc3c(N)n12,1
protein77,1,CCC(=O)N1CCCc2cc(S(=O)(=O)NC3CCC(Nc4ccccn4)CC3)ccc21,0
protein77,1,CC1(C)NS(=O)(=O)c2c1ccnc2NCC1CCCCC1,0
protein77,1,Cc1ccc2c(c1)C(N(CC(=O)N1CCCCC1)S(C)(=O)=O)C(=O)N2C1CCCCC1,0
protein77,1,CCCN1CCc2c1nc1ccccc1c2NCc1cccnc1,0
protein77,1,Cc1sc2ncnc(O)c2c1CO,0
protein77,1,CCOc1ccccc1-c1cccc(C(=O)c2cc(OC)ccc2OC)c1,0
protein77,1,CCn1c(=O)[nH]c2ccc3cc(OC)ccc3c21,1
protein77,1,CCCCC1(C)CN(C)CCN1c1ccnc(Nc2ccccc2)n1,0
protein77,1,Cc1ccccc1-c1ccc2nc(NCCCO)nc(N)c2c1,1
protein77,1,Cc1[nH]c(-c2cccnc2)cc1C(=O)N1CCCC(CN(CCc2ccc(Cl)cc2)C(=O)c2ccco2)C1,0
protein77,1,CC(CCCC(C)C(=O)O)Nc1ccnc2cc(F)c(Cc3ccccn3)c(F)c12,1
protein77,1,CCCC(C)C1CC(C)N(c2nc(O)c(-c3ccc(F)cc3F)c(N3CCC(CN)C3)n2)C1=O,0
protein77,1,CN1C(F)=NS(=O)(=O)c2cc([N+](=O)[O-])ccc21,1
protein77,1,O=C(Nc1ccc(Cl)c(F)c1)c1cc(C(F)(F)F)nc2nc(-c3ccc(O)c(O)c3O)[nH]c12,1
protein77,1,CC[N+](=O)[O-],0
protein77,1,O=C(N=C1CCCS(=O)(=O)c2ccccc21)Nc1ccc([N+](=O)[O-])c(C(F)(F)F)c1,1
protein77,1,CCCn1c(S)nn2cc(CC=C(C)CN)cc2c1=O,0
protein77,1,CCn1ccc2c1CCC2=NNC(=O)c1ccc2c(c1)OCCO2,0
protein77,1,Cc1ccc(N2C(=O)CN(S(=O)(=O)c3ccc(Cl)c([N+](=O)[O-])c3)C2C)cc1,1
protein77,1,CCCCc1nc2cccc(S(=O)(=O)Oc3ccc(C(C)=O)cc3)c2c(=O)[nH]1,1
protein77,1,Cc1cc(NC(=S)N(C(=O)C(=O)N2CCC(C(F)(F)Cl)CC2)c2ccccc2F)ccc1-n1ccnc1,0
protein77,1,COc1cccc(Nc2cc(-c3nnc(N4CCC(C)CC4)c4ccccc34)cnc2N)c1,1
protein77,1,CC(C)CC(CN1CCCC(C(N)=O)C1)Nc1ncnc2cc(Cl)ccc12,0
protein77,1,CC(=O)n1ccc2c(F)c(C(=O)N(C)C3CCCN(C(=O)c4ccncc4)C3)ccc21,0
protein77,1,CC(C)Cc1ccc(C(c2cnccn2)c2cnccn2)cc1Cl,0
protein77,1,NC(=O)CC1(c2ccc(Cl)cc2)CCc2c(F)cccc21,0
protein77,1,O=C1Nc2ccccc2C1n1ncc2cnc(-c3nc4ccccc4s3)c([N+](=O)[O-])c21,1
protein77,1,CC(C)Cc1nc2cc(-c3ccccc3)ccn2c1N1CCN(CC2CCC2)C(CO)C1,0
protein77,1,Cc1nn(Cc2cc3cc(F)ccc3nc2-c2ccccc2F)c(C)c1[N+](=O)[O-],1
protein77,1,Nc1ncnc2c(C(=O)NC(CCO)CNCCc3ccccc3C(F)(F)F)cccc12,0
protein77,1,CCCCS(=O)(=O)NCc1ccccc1OC(F)(F)F,0
protein77,1,CC=C(C)CS(=O)(=O)Nc1cc(-c2ccccc2)cc(C(C#N)c2ccccc2)c1,0
protein77,1,Nc1cc(-c2nc(NCC(CO)CN3CCCC3)c3c4c(sc3n2)-c2ccccc2CC4)ccn1,1
protein77,1,O=C(NCCc1ccc([N+](=O)[O-])cc1)c1cn(Cc2ccc(F)cc2)c2ccccc12,1
protein77,1,CCn1c(-c2ccccc2)c(C=NO)c2ccccc21,1
protein77,1,Cc1ccc(C(=O)N2c3ccc(Cl)cc3CC2(C)C)c(C)c1,0
protein77,1,CC1=C(C(=O)NC2(C)C(=O)N(C)c3ccc(OC(F)(F)F)cc32)c2ccccc2CO1,1
protein77,1,CC1(C)CC(Oc2ccc(-c3cccn(C4CC(=O)NC4=O)c3=O)cc2)CC(C)(CN)C1,0
protein77,1,CC1NC(=O)c2cc(-n3ccc(C(F)(F)F)n3)c3c(cccn23)C(C)(C)CCC2CC1CO2,0
protein77,1,O=CC1CCCN(CCc2cccc(N3C(=O)C(O)C(C4CCCCC4)C3c3ccccc3)c2)C1,1
protein77,1,O=C(COC1CCCCC1)Nc1ccccc1C(=O)Nc1ccc(CN2CCCC2)cc1Cl,0
protein77,1,Nc1nc(C(=O)NC2CCCCC2CO)cc(-c2ccc(Cl)c(Cl)c2)n1,0
protein77,1,CCNC(=O)C1C2CCOc3ccc4c(c32)CCN1C(=O)C(O)CCCCC4N1CCN(C)CC1,0
protein77,1,Nc1nc2c(SCc3ccccc3Cl)nc(C(F)(F)F)nc2s1,0
protein77,1,CCCCC1Cn2cnc3c2c(O)nc(=O)n31,0
protein77,1,O=C1Nc2ccc(S(=O)(=O)NCc3ccccc3)cc2[N+]1=O,0
protein77,1,CCN(CC)CCOCCc1cn2cccc(Oc3ccccc3C#N)c2n1,0
protein77,1,CCC1C(C(=O)NCc2ccc(F)cc2)N1Cc1ccccc1,0
protein77,1,CCCCCCn1c(C)nc2c3c(ccc21)C(C)C(=Cc1ccc[nH]1)C(=O)N3,0
protein77,1,CCn1c(NC(=O)c2cn(-c3ccccc3)nc2C(F)(F)F)nc2ccccc21,0
protein77,1,CCOC(=O)c1c(-c2ccc3c(c2)OCO3)n(CCCCO)c2ncc(C)nc12,0
protein77,1,CCN1C=NC2Cc3nc(SCc4ccc(O)c([N+](=O)[O-])c4)sc3CC21,1
protein77,1,Cc1c(C(F)(F)F)nn(CC(=O)Nc2ccc(C#N)cc2)c1CCC1(C(F)(F)F)CC(c2c(F)cccc2F)=NO1,0
protein77,1,Cc1ccc(F)c2c(-c3c[nH]nc3-c3ccc(F)cc3F)c(-c3cccc(CS(=O)(=O)Nc4ccccc4F)c3)cn12,0
protein77,1,Cc1ccc(C)c(NC(=O)CSc2nc(-c3ccc(C(=O)O)o3)nc3ccccc23)c1,0
protein77,1,CCCCNc1c2c(nc3cc(OC)c(OCC)cc13)CCCC2,0
protein77,1,CC(=O)NC1CCC(C)c2ccc(OC(C)C)cc21,0
protein77,1,CCCCc1nn(-c2ccccc2)c2nc(C#N)c(C#CC(=O)N(C)C)c(N(C)CCC)c12,0
protein78,1,CCN(CC)CCn1c(-c2cnccc2CN2CCCCC2)nc2c(C(F)(F)F)cccc21,1
protein78,1,CCOC(=O)c1c(N)c2c(N)c(C)cc(C)c2n1C,1
protein78,1,CCC1CN(c2nc3cc(-c4cnn(C)c4)sc3c(=O)n2C)CCN1C,0
protein78,1,Cc1ccc(N(C)C(=O)c2cn(-c3ccc(Cl)c(C(F)(F)F)c3)c3ccccc23)cc1,0
protein78,1,Cc1cc(=O)[nH]c2c(C(C)C)c(OCC3(C)CCN(Cc4ncccn4)C3)ccc12,0
protein78,1,Cc1cccnc1-c1ccnn1C1CCN(Cc2cccc(C(N)=O)c2)CC1,0
protein78,1,O=C1NCc2ccc3ccncc3c2NC1Cc1ccccc1,1
protein78,1,CCOCC1CCCN(Cc2ccc(OCC3CCCCC3)nc2)C1,0
protein78,1,Cn1ccnc1Cn1ncc(=O)c2cc(F)cc(-c3c(-c4cccc(Cl)c4)nn4c3C(N)CCCC4)c21,0
protein78,1,Cc1cccc(Nc2cc(C(=O)N3Cc4ccccc4C3)ccc2O)n1,0
protein78,1,CCCC1=C(Nc2nc3ccccc3n2C)CCCC1,0
protein78,1,CC1(C)CCOCCn2oc3cc(OC4(C(F)(F)F)CCOc5cc(C(F)(F)F)nc(C(F)(F)F)c54)c1cc3c2=O,0
protein78,1,CCC1CCCCN1C(=O)c1cc(-c2cccs2)nn1C,0
protein78,1,O=C1c2ccccc2C(=O)N1c1cc[nH]n1,0
protein78,1,O=C(O)c1ccc(C(=O)NCCN2CCOCC2)nc1,0
protein78,1,O=C(Nc1cc(S(=O)(=O)Nc2nccs2)ccc1Nc1ccc(F)cc1F)C1CCCCC1,0
protein78,1,Fc1cc(Cl)cc(CNc2nc3ccccc3n2-c2ccc(Cn3ccnc3Br)cn2)c1,0
protein78,1,CC(=O)N1CCN(C(S)=Nc2cccnc2)CC1,0
protein78,1,O=C(CS(=O)(=O)NCCc1cccc(C(F)(F)F)c1)Nc1ccc(OC2CCCC2)c(C(F)(F)F)c1,0
protein78,1,CCN(CC)CCN(C)c1cccc(NC2=NCCS2)c1,0
protein78,1,CCC(O)CCc1c2c(nn1-c1ccccc1)-c1ccccc1NC2,0
protein78,1,NC(=O)c1c(NN=Cc2cccc(O)c2)[nH]c2cc(Cl)ccc12,1
protein78,1,CC(C)C1COC2(CCCN(C)C2)CN1CC1CCC(c2ccc(-c3ccnc(N(C)C)n3)cc2)N1C,0
protein78,1,NC(=O)C1CC(C(=O)Nc2cccc(F)c2F)N(S(=O)(=O)c2ccccc2)C1,0
protein78,1,CCOC(=O)c1ccc(-c2cc(C(C)(C)C)cc(NC(=O)c3cc(C)nn3C)n2)cc1,0
protein78,1,CC(C)CCC(=O)N1CC2CCC(C#Cc3cccnc3)OC2C1,0
protein78,1,CC(C)C1CCC(N)C(C(N)=O)C1,0
protein78,1,NC(=O)c1cc(Cn2cc(-c3cc(C(N)=O)c4ncccc4c3)cn2)cc(C(F)(F)F)c1,0
protein78,1,Cc1ccc(-n2cc(C(=O)NC3CCCCC3)c3c2C(=O)CCC3)cc1C,0
protein78,1,O=c1c2c(c3cnc4c(c3n1-c1ccccc1)CNCC4)c1ccccc1n2CCF,1
protein78,1,O=C(Nc1ccc(S(=O)(=O)N2CCCCC2)cc1)c1csc(-c2ccc(F)cc2)n1,0
protein78,1,COc1ccc(CS(=O)(=O)C(=O)Nc2ccc(C)c(Cl)c2)cc1,0
protein78,1,Cc1cc(N2CCS(=O)(=O)CC2)nc(-n2nc(C)cc2Cc2ccccc2)n1,1
protein78,1,CCCCc1cc(=O)oc2cc3c(cc12)-c1cc(on1)CN(C)C(=O)Nc1ccccc1NC(=O)C1CC=CC(CC3)C1,0
protein78,1,Cc1c(S(=O)(=O)N(Cc2ccccc2F)c2cc3ccccc3s2)ccc2c1oc(=O)n2C,1
protein78,1,Cc1cc(C)c(C#N)c(Nc2c(CCCC3CN(CCS(C)(=O)=O)CCO3)cnc3ccccc23)n1,1
protein78,1,CCC(CN(C)c1ncnc2sc(-c3ccc(O)cc3)c(-c3ccc(N)nc3)c12)C(N)C(=O)NCC#N,1
protein78,1,CC(C)C(C)(C)CN1CCC(c2cc(CN)cc(O)c2OC(F)(F)F)CC1,0
protein78,1,NC(=O)CN1CCC(c2ncnn2-c2ccc(F)cc2)CC1,0
protein78,1,CC1CC=C(NC(=O)NCC2CCC3(CC2)CC(O)CN3)CC1,0
protein78,1,Cc1cc(C(=O)N(C)C)nc(-n2c(NCCO)nc3cc(F)ccc3c2=O)n1,0
protein78,1,Cc1nc(-c2cccc(Cl)c2Cl)c(-c2ccnc(NCC3CCN(CC(F)(F)F)CC3)n2)s1,0
protein78,1,O=C(C=Cc1ccc(-c2ccc(N3CCCC3)cc2Cl)o1)NS(=O)(=O)c1ccccc1,0
protein78,1,Cc1cc(-c2cc(OC(F)(F)F)ccc2Nc2nc(Oc3ccccc3C(F)(F)F)ncc2F)cnc1C(F)(F)F,1
protein78,1,Cc1cc(-c2cc(-c3c[nH]c4ccc(F)cc34)nc(Nc3cc([N+](=O)[O-])ccc3C)n2)cc(N2CCN(C)CC2)n1,1
protein78,1,CC=C(C)C1CC2CCN3CCNC(=O)C3CC(Oc3ccccc3C(=O)O)(C1)C2N(C)CC,0
protein78,1,CCCS(=O)(=O)N1CCc2ccccc2C1CNC(=O)C1CC(N)C(CC(C)O)(N(c2ncccn2)c2cc(Cl)c(C)cc2C)C1,0
protein78,1,CCCc1ccccc1NC(=O)c1cccnc1CO,0
protein78,1,CCN(CC)CC#Cc1cccc2c(-c3ccc(O)nn3)cn(-c3ccc(S(N)(=O)=O)cc3)c12,1
protein78,1,Cc1ccccc1-n1nc(C(=O)Nc2ccccc2)c2ccccc2c1=O,0
protein78,1,Cc1nnc(-c2ccccc2)n1NC(=S)NC(C)C,0
protein78,1,CCC1CCCCN1CCNc1ccc(F)cc1C(F)(F)F,0
protein78,1,CCC(CO)Nc1nc2ccc(Cc3ccc(F)cc3)cc2c(O)c1C(N)=O,1
protein78,1,O=C(O)c1ccc(Oc2nccc(NC(=O)c3ccccc3F)n2)c(N2CCCCCC2)c1,0
protein78,1,CCC1CN(C(C)(C)CO)CC(=Cc2ccccc2)C1=O,0
protein78,1,Cc1ccnn1-c1ccc(N2CCN(CC(F)(F)F)CC2)cc1,0
protein78,1,CC1=C(c2cccc(O)c2)CC(=O)c2c1oc1c(C)c(O)ccc21,1
protein78,1,Cc1cc(N(C)C)c(CCC2CCN(c3nncs3)CC2)c2cc(C(=O)O)nn12,0
protein78,1,COc1ccc2ccnc(CCCNC3C=C(C)CC3)c2c1,1
protein78,1,O=C(CCS(=O)(=O)c1ccccc1F)NCc1ccc(Cl)cc1,0
protein78,1,CCOc1ccc2c(c1)-c1ccnc3c1c(O)nn3CC1CCCN(C1)C(=O)CCC(C)CC2,0
protein78,1,CC(C)(O)C#Cc1ccc2c(c1)OCC(n1c3cc(F)cc(F)c3c3ncc(O)c(C(N)=O)c31)CO2,1
protein78,1,CCc1c(C(C)NC(C)(C)c2nc3c(C)c(C)c(C)nc3[nH]2)no[n+]1[O-],1
protein78,1,CC1(C)CC(=O)N(c2c(N)n(Cc3ccc(F)cn3)c(=O)[nH]c2=O)C1=O,1
protein78,1,Cc1ccccc1NC(=O)c1c(NC(=O)c2ccc(S(=O)(=O)N3CCCC3)cc2C)sc(C#N)c1C,0
protein78,1,CCC(NC(=O)c1cc(-c2ccccc2N)nn1-c1ccc(C(=O)O)cc1)c1ccc2cc(F)ccc2n1,1
protein78,1,CC(C)C1CCC(=O)C=C1Nc1cc(CCCO)ccc1Cl,0
protein78,1,O=C(Nc1cncc(-c2cccc(C(F)(F)F)c2)n1)c1c(Br)nc2ccccn12,0
protein78,1,O=C(Cn1ccc(=O)c2cccc(=O)n21)NCC1CCS(=O)(=O)CC1,0
protein78,1,Cc1ccccc1CSc1cc2c(nn1)c1ccccc1n2CCN(C)C,1
protein78,1,Cc1ccc(-c2ccc(C(=O)Nc3ccc(C#N)c(C(F)(F)F)c3)c(N3CCCC3)n2)cc1,0
protein78,1,O=C(c1cnccc1-c1cnc[nH]1)N1CCCC(N2CCOCC2)C1,0
protein78,1,CCN1CCN(C(=S)c2ccc(Oc3ccc(N(CC)c4ccccc4)cc3)nc2)CC1,1
protein78,1,CCN1CC(=CC(c2ccccc2)c2ccccc2)c2ccccc2C1=O,0
protein78,1,Cc1cc(C2CCCN2c2ncc(Cl)c(N3CCN(C)CC3)n2)on1,0
protein78,1,CCn1cnc2c(C(=O)Nc3cncc(Cl)c3)ccc(NC(=O)c3ccncc3)c21,1
protein78,1,Cc1ccc(CC(=O)Nc2ccc(C(=O)N3CCC(C)CC3)cc2)s1,0
protein78,1,O=C(NC1CCC2CCN(C(=O)c3cccc(F)c3F)C2C1)OC1CCCC(NC(=O)c2ccccc2)C1,1
protein78,1,CC(=O)N1CCN=C1S,0
protein78,1,CCN(CC)CC(=O)Nc1ccccc1C(=O)Nc1cc(-c2ccccc2OC)nn1-c1ccccc1,0
protein78,1,CCC1CCc2c3ncnc2N1CCc1cnn2c(C(F)(F)F)cc(nc12)O3,0
protein78,1,CC(=O)c1cn(CC2CC(c3cc(-c4cncc(C(F)(F)F)c4)ccc3OC(C)(C)C)=NO2)nn1,1
protein78,1,CC(C)CCCn1c(N)c(C(N)=O)c2nc3ccccc3nc21,1
protein78,1,O=C(Nc1ccc([N+](=O)[O-])cc1)c1c(F)cccc1F,1
protein78,1,CC(C)CC1Cn2ccnc2CN1C(=O)c1c(C(F)(F)F)nc2c(F)cccc2c1Oc1ccc(F)c(F)c1F,0
protein78,1,CCn1cnc2ccc(Nc3ncnc4c(-c5ccc(F)cc5)c5c(cc34)CCC5)cc21,1
protein78,1,Nc1nc(=O)c2ccccc2s1,1
protein78,1,CCN1CCN(C(=O)C2CCc3c(C#CC(C)(C)C)c(Cl)cc(Cl)c3C2C(=O)NO)CC1,1
protein78,1,CC(C)CC1c2c(ccc(Oc3cccnc3)c2Cl)NC(=O)C1N1CCN(Cc2ccccc2F)CC1,0
protein78,1,NC(=NC(=O)Cc1ccc(C#CCCCS(=O)(=O)O)cc1)N1CCCC1,0
protein78,1,CC#Cc1nc2sc(C(=O)Nc3ccc(Cl)cc3)c(N)c2nc1C(F)(F)F,0
protein78,1,CCN1CCC(c2c(N)nc3ccc(-c4ccccc4)nn23)CC1,1
protein78,1,Fc1ccccc1Cn1c(Br)nc2cc(C(F)(F)F)cnc21,1
protein78,1,Nc1c(F)cc(CCN(c2ccccn2)c2nc(-c3cccnc3)ncc2N2CCCCC2)c(Cl)c1Cl,0
protein78,1,CCc1ccc2c(c1CCCN(C)CCO)C(Oc1cc(O)ccc1C#N)C(=O)N1CC(C)C2C1,0
protein78,1,CCCCC(C)(C)NC(=O)OCCN1CCC(n2nccc2Nc2cc(C)nc3ccncc23)CC1,0
protein78,1,CCC1CN(C(=O)C2CC2)CCC1CCOCC1CN(c2ccc(-n3cnnc3)c(F)c2)C(=O)O1,1
protein78,1,NCC(O)CC(Cl)C(=O)O,0
protein78,1,Cc1ccc(-n2nc(C3(C)CCC(O)C(O)C3)cc2NC(C)(C)C)cc1C,0
protein78,1,CCn1cnc(-c2ccc(N)c(-c3cccnc3)c2)c1,1
protein79,1,CC(C)C1C=C(C(F)(F)F)c2cc(Nc3ccncn3)ccc2NC(=O)C1NC(=O)c1cccnc1O,0
protein79,1,CCn1c(N)nc2cc(-c3oc4ccc(NC(C)=N)cc4c3C)c(C)cc21,1
protein79,1,CCC(C)NC(=O)c1cnc2ccc(-c3ccc(C(C)(CS)c4cccc(C(=O)N5CCN(C)CC5)c4)cc3)cn12,0
protein79,1,CC1=CC2(C)NC(N)=NC(=O)C2(C#N)OC1c1cc(F)ccc1F,1
protein79,1,CCNC(=O)c1cc(OC)cc(Oc2cccc(Cl)c2Cl)c1,0
protein79,1,CCCCN1CCc2nc3cccc(OC)c3cc2C1=O,1
protein79,1,CC(=O)Oc1c(C)sc(C)c1-c1c(C)ccc(O)c1Cl,0
protein79,1,CCC=C(NC(=O)C(C)NC(=O)c1cn(C)nc1Oc1ccccc1F)C(=O)O,0
protein79,1,CCCC1CNc2ccccc2NC1=O,0
protein79,1,Cc1cc(-c2ccc(O)c(O)c2)cc(C(=O)O)c1N,0
protein79,1,NC1=CC(=O)C2(CCCN(CCCl)C2)CC1,1
protein79,1,Cc1ccc(CC2NC(=O)C3CCCN3C2=O)cc1,0
protein79,1,CCc1c(C)nc(O)c(NC(=O)c2ccccc2N2CCNCC2)c1Cc1ccccc1,0
protein79,1,CC(C)C1CCC(=NO)C1=O,0
protein79,1,Cc1ccc(-n2nc(Oc3ccc(F)cc3Cl)c(C(=O)O)n2)cc1C,0
protein79,1,CCOc1c(C)c(-c2ccccn2)nc2ccccc12,1
protein79,1,O=C1c2ccc(F)cc2CC1C1C(=O)c2ccccc2N1C1CCN(CC(F)(F)F)CC1,1
protein79,1,CCN(CCC(=O)Nc1cccc(Cc2ccccc2)c1)C(=O)c1ccccc1C,0
protein79,1,Fc1cccc(CN2CCN(c3ccccc3F)CC2)n1,0
protein79,1,CCCC1c2cc(OC)c(F)cc2CCC(O)=CCC(C)(C)COC1CC(=O)C(F)(F)F,0
protein79,1,CC(C)Cc1ccc(-c2cccc(CS(=O)(=O)CC(=O)N3CC(CO)C(CN(C)C)C3)c2)cc1,0
protein79,1,CC(C)CCN1C(=O)c2cnc3c(-c4ccccc4C(F)(F)F)cccc3c2C1=O,1
protein79,1,CN1C(=O)c2[nH]c3c(C(F)(F)F)ccnc3c2NC1c1cc(F)cc(F)c1,1
protein79,1,O=C1NC(=O)C(CCS(=O)(=O)NC(=O)c2cc(F)c(F)c(F)c2)S1,0
protein79,1,CCn1c(-c2c(O)nc3ccc(F)cc3c2CN(C)C)nc2ccccc21,1
protein79,1,CC(C)CC(Nc1nc(N2C(=O)COc3ccccc32)nc2cc(F)ccc12)c1cncc(F)c1,1
protein79,1,CCCC#CC(C=C1NC(C)(C)N(c2ccccc2)C1=O)=NO,1
protein79,1,CCc1nnc2c(-c3ccc4ncc(C#N)c(N5CCC(N)C5)c4c3)c(C)n(C)n12,1
protein79,1,CCCN(C(=O)c1cc(-c2ccc(Cl)c(Cl)c2)on1)C1CCC(CO)CC1,0
protein79,1,CC(C)CON=Cc1cnnc(-c2ccc(C(=O)N3CC(CN4CCOCC4)OC3=O)cc2)c1,1
protein79,1,Cc1cc(C(=O)Nc2cccc(-c3nc4cc(C(=O)N5CCCCC5C)ccc4[nH]3)c2)cs1,0
protein79,1,Cc1nccn1-c1cc(Cl)cc(Cl)c1-c1ccc(Cl)c(Cl)c1,0
protein79,1,CCc1nccc(-c2ccc(C(=O)N3CC4CCC3C(C)(C)CO4)cc2)c1C#CCN1CCOCC1,0
protein79,1,CC(C)CNc1cc(-c2ccnc(Nc3ccc(N)cc3)n2)c2ccc(Cl)c(S(=O)(=O)O)c2n1,1
protein79,1,CCN(CC)S(=O)(=O)c1ccc(NC(=S)NCC2CCCO2)c(C(F)(F)F)c1,0
protein79,1,O=[N+]([O-])c1cc(C(F)(F)F)ccc1OCCCNCC(F)Br,0
protein79,1,CCN(CC)CCOCCc1cccc(C(F)(F)F)c1-c1ccc2cccc(O)c2n1,1
protein79,1,Cc1ccc2c(c1)C(=O)N(CCC1CCNCC1)C2=O,0
protein79,1,Oc1c2nc3ccccc3c-2ncn1CCCCBr,1
protein79,1,COc1ccc(C(NC2=Nc3ccccc3CCC2)c2cc3cc(C)cc(OC)c3nc2O)c(OC)c1,1
protein79,1,CCC(N)C(=O)NCC(=O)O,0
protein79,1,O=C1c2ccccc2Cn2ncc3c4ccccc4n1c32,1
protein79,1,Cc1ccc(-c2nnc(O)o2)cc1NC(=O)C1CCCCC1,0
protein79,1,CC(C)CN(C)CC(N)=C1Cc2c(c(F)c(O)c3cccnc23)C(C)C(C)(C)C1=O,1
protein79,1,Cc1ccc2ncc(C(=O)CCN3CCN(c4ccccc4OC(F)F)CC3)n2c1,0
protein79,1,COc1cc(C)c2cc(S(C)(=O)=O)c3c(c2c1)CCc1nc(N)nc-3c1N(C)C,1
protein79,1,CCN1C(=O)C(C)(C(C#N)C#N)c2ccc(Cl)cc21,0
protein79,1,CC(=O)N(CCCS)CC1OCCC1COc1ccccc1-c1ccnn1-c1ccccc1Cl,0
protein79,1,CCC(NC1=Nc2ccccc2S(=O)(=O)N1)C1CC1,0
protein79,1,Cc1nc2ccc(Nc3nc4cc(C(=O)O)ccc4c4occ(C(F)(F)F)c34)cc2s1,0
protein79,1,CCNc1ncc(Cl)c(N2C(=O)OCC2C(C)C)n1,0
protein79,1,CC1CN(C(=O)c2ccc3sc(Sc4ccc(F)cc4F)nc3c2)CCO1,1
protein79,1,CC(C)CCCC(C)C(N)CO,0
protein79,1,CCC(NC(=O)c1cc(C(N)=O)c(N2CCS(=O)(=O)CC2)cc1C(F)(F)F)c1ccccc1,0
protein79,1,CCCC(Nc1ncnc2ccc(-c3ccc(OC(F)(F)F)cc3)cc12)C(=O)NC(C(=O)O)C(C)C,0
protein79,1,CCOc1ccc(-c2ccc(C)nc2SC2CCc3ccccc32)cc1N1CCOCCS1(=O)=O,1
protein79,1,CCCOCCN(C)c1cccc(F)c1,0
protein79,1,CCN(CC)CC#CCCCCl,0
protein79,1,CCCNc1cc2ncn(CC3(C)CCCN(C)C3)c(=O)c2cc1F,0
protein79,1,CCC(O)C(C)C(=O)N1CCN(c2cc(N3C(=O)c4ccccc4C3=O)ccc2F)CC1,0
protein79,1,CC1CN(C(=O)C(C)c2ccc(N)cc2)c2ccc(-c3cc(Cl)cc(Cl)c3)cc21,0
protein79,1,Cc1c(O)ccc(C(C)(C)C)c1Sc1cccc(C(N)=O)c1,0
protein79,1,CC(C)CCCc1oc(=O)n2c1CC(C(F)(F)F)CC2c1ccc(N(C)C)cc1,0
protein79,1,Nc1cc(N2c3nc(F)ccc3CCC2c2cccc(F)c2F)ccn1,1
protein79,1,O=C(O)Cc1nnc(-n2ccc3ccccc32)s1,0
protein79,1,CCCCOCn1cc(C)c(=O)[nH]c1=O,0
protein79,1,CCn1cncc1[N+](=O)[O-],1
protein79,1,CC(=O)N1C(=O)CSC1c1cccc(-c2ccccc2)c1,1
protein79,1,CCC(C)(C#N)C(=O)N1CCC(C)(C)c2c(C)cc3c(-c4ccnc5ccccc45)c(C)nn3c21,1
protein79,1,CCC1OCCC2(C)Oc3c(F)cc2c(c3-n2cncn2)OC(C)C(=O)N(C)C1=O,0
protein79,1,CC(=O)NCC1CCC(CCc2cc(C(F)(F)F)ccc2-c2ccc([N+](=O)[O-])cc2C(F)(F)F)N(C)C1,1
protein79,1,Cn1ncc(CNCC2(C)CC2)c1C1CCCCC1,0
protein79,1,Cc1nc(NC(=O)CNC(=O)c2ccccc2Cl)sc1-c1ccccc1Cl,0
protein79,1,NC(=O)C1CCCCN1CC1(Cc2nn3ccccc3c2-c2ccccc2)CN(C(=O)Br)C1,0
protein79,1,CCNC(=O)C(OC)c1c(C)n(CC(=O)N2CC(C)CCC2C2CCCO2)c2ccccc12,1
protein79,1,Cc1cc(CN2CC(CN3CC(C)OC3=O)C(OS(C)(=O)=O)CCC2Cc2ccccc2)on1,0
protein79,1,CC(C)=CCC(O)CNS(=O)(=O)c1ccc(NC(=S)NC(C)(C)C)c(C(F)(F)F)c1,0
protein79,1,Cc1cc(C)cc(-n2nc(C)cc2C=CC(C)OC2CCCCC2N2CCCC2)c1,0
protein79,1,Cc1nc(Oc2ccc3c(c2)CCC(C)(C)C3)ccc1C(=O)Nc1ccccc1N1CCNCC1,0
protein79,1,CCC#CCC1CON(c2sc(C(C)(C)C)nc2-c2nc3ccc(OC)cc3s2)C1,1
protein79,1,O=C(CCC(=O)N1CCc2ccc(Cl)cc21)N1CCN(c2ncccn2)CC1,0
protein79,1,Cn1c(=NC(=O)OC(C)(C)C)sc2ccc(C#N)cc21,0
protein79,1,CCN(CC)C(=O)c1ccc(NC(=O)C(C)(C)C)s1,0
protein79,1,O=C(NC(=S)Nc1ccc(Oc2ccccc2)c(C(F)(F)F)c1)c1cncc(F)n1,0
protein79,1,O=C(NCc1nc(-c2cccc(-n3cnc4cc(-c5cccnc5)cnc43)c2)cs1)C(F)(F)F,0
protein79,1,CCCCc1ccc(Sc2ncc(C(=O)N3CCCC3C(=O)O)s2)cc1,0
protein79,1,Cc1nn(-c2ccccc2)cc1-c1ccc2ncnc(N(C)c3cc(N(C)C)ccc3S(=O)(=O)OC(C)(C)C)c2c1,1
protein79,1,NC(=O)CSc1c(SCC(=O)Nc2ccccc2[N+](=O)[O-])n(Cc2ccc(F)cc2)c2ccccc12,1
protein79,1,O=C(CSc1ncc2cc(Cl)ccc2n1)Nc1ccccc1C(=O)NCc1ccccc1,0
protein79,1,O=C(c1ccc[nH]1)C1CCc2ccccc2C1,0
protein79,1,COc1cc(C)ccc1OCC1COc2nnccc21,1
protein79,1,Cc1cc(-n2nc(C)cc2C)nc(Nc2ccc(OC(F)(F)F)cc2C(=O)NS(C)(=O)=O)n1,1
protein79,1,CCn1ccnc1CNC(=O)c1cc(Cl)c(Nc2ncnc3ccc(C)cc23)cc1OC(C)C,0
protein79,1,CCCCCc1nc2ccccc2c(C(=O)Nc2ccc(F)cc2[N+](=O)[O-])c1C(N)=O,1
protein79,1,Cc1[nH]c2ccccc2c1C(C#N)=NCCN(CCCNS(C)(=O)=O)C(C)C,1
protein79,1,CC(=C(C(=O)Nc1ccc2nc(C)sc2c1)C(=O)c1ccccc1)N1CCCCC1,0
protein79,1,Cc1ccc(NC(=O)C2CCCN(S(=O)(=O)c3cccc4cc(C(F)(F)F)nn34)C2)cc1C,0
protein79,1,Cc1[nH]c2ccc(Cl)cc2c1-c1nccc(Nc2cc(CN3CCN(C)CC3)ncn2)n1,0
protein79,1,CC(C)n1cc(CN2CCN(C(=O)c3ccccc3Cl)CC2)cn1,0
protein79,1,CC(=O)NCCOC(=O)C1CCCc2c1[nH]c1cccc(-c3ccc(O)cc3)c21,0
protein8,1,CC(C)CCN1c2ccccc2NC(=O)c2cc3ncn(Cc4cscn4)c3cc21,0
protein8,1,CCCCCCNC(COC1CCC(NC(=O)c2cc(-c3ccc(OC)cc3)n(-c3ncccc3[N+](=O)[O-])n2)CC1)C(C)O,0
protein8,1,NCC1(c2ccccc2)C(=O)Nc2c(cc(F)c(F)c2F)-c2c[nH]nc21,0
protein8,1,O=C(NC1CCCC1)c1nc2ccc(Oc3ccccc3)cc2[nH]1,0
protein8,1,O=C(Nc1ccc(O)cc1C=Nc1ccccc1)c1ccccc1,1
protein8,1,CC1CCCN(C2CN(C(C)CNc3nccc(-n4cccc4C(F)(F)F)n3)C=C3CC(O)CCC32C)C1,0
protein8,1,Cc1cccc(N(C)c2nsc(N3CCN(C(=O)c4ccc5c(C)cc(N)nc5n4)CC3)n2)c1,1
protein8,1,CCNC(=O)c1cn(-c2cc(F)c(C)c(OC(F)(F)F)c2)c2cc(NC(=O)C(C)(C)C)ccc12,0
protein8,1,CCCS(=O)(=O)Nc1ccc(Nc2nc(OC(C)C)nc3ccc(Cl)cc23)c(F)c1,1
protein8,1,Cc1ccccc1-n1cnnc1-c1ccccc1,0
protein8,1,CCCS(=O)(=O)Nc1ccc2c(c1)c(C(C)(C)C)cn2C(=O)Nc1ccccc1C,0
protein8,1,O=C1CC(Sc2cccc(-c3ccc(C(F)(F)F)cc3)c2)C(=O)N1,0
protein8,1,CCN(CC)c1ccc2ccc3ncnc(Nc4c(NC(C)C)nnc5ccccc45)c3cc1-2,0
protein8,1,CC(C)(Oc1cc(F)ccc1F)C1CCC(c2cc(N3CCc4ccccc43)nc(N)n2)C1=O,0
protein8,1,CCN1CCn2c(nc3cc(Cl)c(N4CC5=C(C4=O)c4ccccc4OC5)cc32)C1,1
protein8,1,CC(=O)OCCCc1ccc(Cl)cc1C(O)CCCCCC(=O)NO,0
protein8,1,CCCc1ccccc1N1CCCN(c2nnc(C(F)(F)F)s2)CC1,0
protein8,1,COC(=O)C1CCCN1C(=O)C(NC(=O)CN)C(C)C,0
protein8,1,O=C(NCCCN1CCSCC1)c1cc(-c2ccc3c(c2)OCCO3)c(Cl)cc1F,0
protein8,1,CCCC(C)C(=O)Nc1n[nH]cc1-c1nc2ccccc2n2cccc12,1
protein8,1,CCO[PH](=O)CCCOCCNC(N)=O,0
protein8,1,Cc1cc(C)n(CC2CN(CCCCNC(=O)c3cc4ccccc4[nH]3)CCO2)n1,1
protein8,1,Cc1ccsc1C(=O)NS(=O)(=O)c1ccc([N+](=O)[O-])cc1,1
protein8,1,CC1(C(=O)NCCCN2CCOCC2)CCc2ccccc2N1C(=O)c1csc(-c2c(F)cccc2Cl)n1,0
protein8,1,O=C(O)c1ccccc1-c1cc2sc3cnccc3c2c2c1C(=O)NCC2,1
protein8,1,CCOc1cc(F)cc2c(=O)n(CC(=O)Nc3ccc(F)cc3F)ccc12,1
protein8,1,CC(C)(C)NC(=O)OCc1ccccc1OCc1nnc(N2CCOCC2)s1,0
protein8,1,CCN(CC)c1ccc(C(=O)C=C(Cl)c2ccccc2)cc1,1
protein8,1,CC(=C1CCCNC1)c1cc(C)cs1,0
protein8,1,CC(=O)Nc1sc2c(c1C1=NCCN1Cc1cccc(F)c1)CCCC2,0
protein8,1,CCCN(CCC)CCCc1c(OC)ccc2c(OC(C)=O)cc(C)c([N+](=O)[O-])c12,1
protein8,1,Nc1nc2cc(Cl)ccc2nc1-c1ccccc1O,1
protein8,1,CS(=O)(=O)NC1CCCCN(Cc2ccccc2-c2ccc(Cn3cnc(-c4cccnc4N)c3)c(F)c2)C1,0
protein8,1,CCCCCC(C)=NN1C(=O)c2ccccc2C1=O,0
protein8,1,Cc1ccc2c3c(c(CCl)cn2c1=O)CCCC3,1
protein8,1,CCC1CCCCC1NC(=O)C1CCC(C)n2c3ccc([N+](=O)[O-])cc3c(=O)n21,1
protein8,1,Cc1cc(C(=O)COC(F)(F)F)n2cc(-c3cccc(OC(C)C)c3)nc(N3CCC(O)CC3)c12,0
protein8,1,CC(C)Nc1c2c(nc3ccccc13)CCCC2,1
protein8,1,CCc1nc(C(=O)N2CCC3(CC2)C(=O)Nc2cc(F)ccc23)[nH]c1C,0
protein8,1,CC1CCC(C)(C)c2c(NO)noc2C1,0
protein8,1,CC(C)CC(N)Cn1c(-c2cc(OCCO)ccc2F)cc2ccccc21,1
protein8,1,O=C(O)c1ccc(F)c(C(=O)NC2CCN(Cc3cc4nccc(F)c4n3Cc3ccccc3)CC2)c1,1
protein8,1,CCN(CC)CC#CCOc1ccccc1-c1cc2nc(N)ncc2cc1-c1ccccc1,1
protein8,1,C#CCOc1ccc(NS(C)(=O)=O)c(-c2c(OC)nc(CCC)nc2OC)c1,1
protein8,1,CCOc1ccccc1-c1nc2ccccc2s1,0
protein8,1,CCn1cc2c(n1)[nH]c(=O)c1cc(OC)ccc1[nH]c1cnccc12,1
protein8,1,CCn1c(NC#N)nc2cc(-c3cnc4c(c3)CCN4C3CCCCC3)ccc21,0
protein8,1,CC1CCOC(C(=O)N2CCN(S(=O)(=O)c3ccc(Oc4ccc(Cl)cc4)cc3)CC2)C1,0
protein8,1,CCN1C(=O)CCC1C(=O)NC(C#N)C(c1ccccc1)c1ccc(-c2cnccn2)cc1,0
protein8,1,CCS(=O)(=O)Oc1ccc(C(=O)N2CCCC2C)cc1,0
protein8,1,CCCCCCNc1cc(C(F)(F)F)nc2c(-c3ccccc3)cnn12,0
protein8,1,CCC=CC(C)(C)N1CC(c2ccc3cc(OC)ccc3n2)CC1=O,0
protein8,1,CCOCN1C(=Nc2ccccc2[N+](=O)[O-])SC(=Cc2ccccc2[N+](=O)[O-])N1Cc1ccccc1,1
protein8,1,Cc1cc(-c2cncc(C(N)=O)c2)ccc1S(=O)(=O)NC1CCCCC1C,0
protein8,1,CC[n+]1c(C(C)c2ccc(S(=O)(=O)N3CCC(COCC(F)(F)F)CC3)cc2)n(C)c2ccncc21,0
protein8,1,CC1=C(Cc2ccccc2C=NN2CCN(C)CC2)CCCC1,0
protein8,1,Cc1c(O)c(=O)[nH]c2ccccc12,0
protein8,1,CCOCC1CN(Cc2cc(OC)ccc2OC(F)(F)F)Cc2cnc(N)nc21,1
protein8,1,CC(=NO)c1ccc2c(c1)nc1n2-c2ccc(F)c(c2)-c2ccc3c(c2)OC(CNCC1CC(C)C)CO3,1
protein8,1,CCn1ncc(CN2CCCC2Cn2c(C)nc3ccccc32)c(-c2ccc(F)cc2)c1=O,1
protein8,1,O=C1Nc2ccc(Cl)cc2CN1c1cccnc1N1CCNCC1,0
protein8,1,CC(=O)NC(CO)c1cc(-c2n[nH]c3ccc(-n4ccnc4)cc23)ccc1F,1
protein8,1,Cc1ccc(S(=O)(=O)N2CCN(c3ccc(C)c(C)c3)CCC2CCO)cc1,0
protein8,1,CC1CCCCC1n1[nH]c(=O)c(-n2sccc2=O)cc1=O,0
protein8,1,CC1(C)CC(C#N)CC(Cn2c(C(c3cc(F)cc(F)c3)c3ccccc3F)noc2=S)CO1,1
protein8,1,CC(C)CS(=O)(=O)C=C1c2ccccc2C(=O)c2c(O)cccc21,1
protein8,1,CC=C(C)C(=O)Nc1cccc(-c2nccc(-n3nc(OCCOC)cc3-c3ccc(F)cc3)n2)c1,0
protein8,1,CC1=C(COC(C)(C)c2cc(C(=O)Nc3ccccc3)n[nH]2)CCCC1,0
protein8,1,O=C1CCCCC1Cn1cc(C(=O)N2CCCC(c3ccccc3)C2)nn1,0
protein8,1,O=C(Nc1nc2c(s1)CCN(C(=O)O)C2C(=O)N1CCc2c(cccc2C(F)(F)F)C1)c1ccc(F)cc1F,0
protein8,1,Cc1ccnc2c3c(ccc12)CCC(c1ccccc1)N3,1
protein8,1,CCn1cc(C(=O)NCCCN2CCOCC2)c(=O)c2cc(F)c(N(C)C)nc21,1
protein8,1,CCOc1cc(-n2nc(C)c(C#N)c2-c2c(C)n(C)c3ccccc23)ncn1,1
protein8,1,Cc1ccc(C(=O)Nc2ccccc2N2CCCCC2C(=O)NCc2ccc(C(F)(F)F)cc2)nn1,0
protein8,1,CCN(CC)c1ncc(CNc2ccnc3c(C(N)=O)cc(-c4ccc(OC)cc4)cc23)c(-c2ccc(Cl)cc2C(F)(F)F)n1,1
protein8,1,Cc1noc(C2CCN(Cc3ccc(Cl)cc3)CC2)n1,0
protein8,1,Cc1ccc(NC2=NC(=O)C(C)(CCCON(C)C(=O)c3ccccc3N)N2)cc1C,1
protein8,1,Cc1nnc(NC(=O)c2ccc(C3CCCN3Cc3nccs3)nc2)s1,0
protein8,1,CC1CCCC(C)C1C(=O)OCC(=O)N(C)CCN1CCCCC1,0
protein8,1,CC1(C)CCCc2cc3c(cc21)OCO3,0
protein8,1,CCN1CCC(O)=C(C(=O)Nc2ccc(S(=O)(=O)F)cc2)C1=O,1
protein8,1,Cc1ccccc1NC(=O)Nc1c(N)ncn(-c2ccccc2)c1=O,1
protein8,1,CCC(=NO)c1ccc(-c2cnn(-c3cccc4cc(F)cnc34)c2)cc1,1
protein8,1,COCC(C1=NOCCC1)N1C(=O)c2ccccc2C1C(=O)NC(CC(C)C)C(=O)NC1CCc2ccccc21,1
protein8,1,CCn1c(NC(=O)c2cc(Cl)ccc2-c2cn(C)nc2C)c(Cc2cccc(OC)n2)c2ccccc21,1
protein8,1,Cc1cc(Oc2ccc(S(=O)(=O)NCc3ccco3)cc2)c(Cl)cc1C(C)(C)C,0
protein8,1,CCc1cc(O)nc2ccccc12,1
protein8,1,CCCn1c2c(sc1=S)CN(Cc1cccnc1)CC2C(=O)C1CCCC1,0
protein8,1,CCN(CC)CCn1c([N+](=O)[O-])cnc1-c1cncc(-c2ccccc2)c1,1
protein8,1,O=C(NC1CN(C2CNC2=O)C1)c1ccc2[nH]c(Cc3ccc(Cl)cc3)nc2c1,0
protein8,1,CC(=O)Nc1cc(N2CCN(Cc3ccccc3)C(C)C2)ccc1Cl,0
protein8,1,Cc1cc(O)nnc1SCC(=O)N1CCC(CC(C)(C)C)CC1,0
protein8,1,Cc1ncc(C(=NOCc2ccccc2C#N)Nc2ccc(-c3cnc(C(F)(F)F)cc3C(F)(F)F)cn2)o1,0
protein8,1,COc1nc(NC(=O)c2ccncc2)c(-c2ccc(C)cc2)nc1C(C)(C)C,0
protein8,1,COc1ccc(-n2ccnc2)c(-c2cnc(NC(C)CCC(N)CO)c(-c3nc4ccccc4s3)c2)c1,0
protein8,1,NC(=NCC(O)c1ccc(F)cc1F)N1CCN(Cc2cccc([N+](=O)[O-])c2)CC1,0
protein8,1,CCn1cc(C(=O)O)c(=O)c2c(-c3cncc(C)c3)nn(-c3ccc(S(N)(=O)=O)cc3)c21,1
protein8,1,O=C(NN=C(c1ccc(O)cc1)c1ccc([N+](=O)[O-])cc1)C1CC1,1
protein8,1,CC(C)CCn1c(=O)[nH]c2nc(Cl)cc(Cl)c21,0
protein8,1,Cc1nc(NCc2ccccc2)c2c(C)c(C(=O)NO)sc2n1,1
protein80,1,CCOCc1ccc(Nc2nc(N3CCOCC3)c3ccccc3n2)cc1,1
protein80,1,CC(=O)Nc1nc(O)c(F)c(NC(=O)OC(C)(C)C)n1,0
protein80,1,Cc1n[nH]c(N(C)CCC#N)c1-c1ccc(Cl)c([N+](=O)[O-])c1,1
protein80,1,CCn1nccc1-c1nc(Nc2ccc(-c3cc(C)n[nH]3)cc2)c2ccccn12,1
protein80,1,O=c1[nH]c2cc(-c3cnn(Cc4ccc(-c5cccnc5)cc4)c3)ncc2n1Cc1ccccc1,1
protein80,1,O=C1OC(c2ccc(Cl)cc2)(c2ccccc2[N+](=O)[O-])CC1OP(=O)([O-])O,1
protein80,1,CCC1(N2CC=CCC2)CN(c2ccccc2-c2cccc(F)c2)C1,1
protein80,1,CCC(C)n1cc(-c2noc(C(C)(C)N)n2)c(=O)c2cc(OC(F)(F)F)c(OCC(F)(F)F)cc21,0
protein80,1,CC=C(CN)CNCC(C(=O)O)c1ccccc1,0
protein80,1,Cc1ccc(Nc2nc(N)nc(C)c2[N+](=O)[O-])cc1C,1
protein80,1,CN(C(=NC#N)Nc1cncc(-c2ccc(C3c4cc5c(ccn5Cc5ccccc5)cc4OCC3C(N)=O)cc2)c1)C1CSC1,1
protein80,1,Cc1ccc(Nc2nnc(C(C)C)s2)cc1,0
protein80,1,COc1cccc(C(=O)Nc2cccc(C(NC(C)(C)CO)c3cncc(Cl)c3)c2)c1,0
protein80,1,Nc1ccc2c(O)c(Cc3c[nH]c4ccc([N+](=O)[O-])cc34)cc(C(O)C3CC3)c2c1,1
protein80,1,CC(=O)Nc1ccc2c(-c3ccnc(Nc4ccc(C#N)cc4)n3)cn(Cc3ccccc3)c2c1,1
protein80,1,Cc1c(C#N)csc1-c1nc(-c2ccccc2C(C)C(=O)O)cc(N2CCCC2)n1,0
protein80,1,CCCCC(CC)C1=NCCC1,0
protein80,1,CCN1CCN(c2ncnc3scc(C#N)c23)CC1,1
protein80,1,Cc1ccc(-c2ccc3[nH]c(-c4nn(Cc5ccccc5N)c(=O)cc4C)nc3c2)cc1,1
protein80,1,Cc1cc2c(C(=O)N(C)CC(=O)Nc3ccc4c(c3)OCCO4)ccc(C)c2o1,0
protein80,1,Cc1cc(-c2cc(N)ncc2-c2ccnc(N3CC4CCCCC4(C)C3)n2)c(C)cc1OCC(N)=O,0
protein80,1,CC1(C)CCC(=O)N(N=CCC(=O)Nc2ccccc2C(F)(F)F)C1(C)c1ccccc1,0
protein80,1,CCCN(C)c1nn(C)c2cnc(-c3ccc(-c4cnc(N)cc4C)cc3)cc12,1
protein80,1,CC=C(C)N=C(C)NC(C)(C)C,0
protein80,1,CCOc1cccc(C2OC2(C)c2ccccc2)c1,0
protein80,1,Cc1ccc(Nc2ccncc2)c2c(N3CCCC3)c(N(C)C)nc(C)c12,1
protein80,1,Cn1c2c(c3[nH]nc(CC(=O)Nc4ccc(F)cc4Cl)c31)C(=O)OC(C)(C)C2,1
protein80,1,CCOc1ccc2c(c1)C(C)Cc1cc(OC)ccc1N2C(=O)c1cccnc1,1
protein80,1,CCCCc1ccccc1N=C(S)N(C)CCN(C)C,0
protein80,1,CCCCNc1nc(N)c2c(n1)CCN(c1ccc(C(=N)NO)cc1)C2,0
protein80,1,NCCP(=O)(O)CCCCc1cccc(F)c1,0
protein80,1,O=C(O)Cc1cnc(C(=O)Nc2nc3ccc(OC(F)(F)F)cc3s2)s1,1
protein80,1,CC(=Nc1cc(N)c(C)cc1O)c1ccccc1F,1
protein80,1,CCCCC1=Nc2ccc(-c3cccnc3)cc2Nc2c1c(=O)n(-c1ccc(OC)cc1)n2C,0
protein80,1,CC(C)Oc1cccc(-c2[nH]c3c(c2C=Nn2cnnc2-c2cscc2C(F)(F)F)CCCC3)c1,1
protein80,1,CC(C)CC(C)N,0
protein80,1,Cc1ccccc1CNc1ccc(N2CCN(CC3(O)CCCCC3)CC2)cc1,0
protein80,1,O=C(Nc1c(C(=O)Nc2ccccc2F)noc1CS(=O)(=O)c1ccccc1)c1ccccc1F,0
protein80,1,O=C1OCc2cc(S(=O)(=O)N3CCc4ccccc43)ccc21,1
protein80,1,O=C(CCCc1nc2ccccc2n1Cc1cc(Cl)ccn1)NCc1ccsc1,0
protein80,1,Cc1ccc(Nc2ccc(F)c(C)c2)c(C(=O)O)n1,0
protein80,1,NC(C(=O)O)(C1CCCCC1)C(F)(F)F,0
protein80,1,CC(C)NCC1CCN(C(=O)c2ccc3[nH]c(-c4cc(Cl)ccc4N)nc3c2)CC1,0
protein80,1,CCCC(C)CCn1c(O)nc2ccc(NS(=O)(=O)c3cc(C)cc(C)c3)cc21,0
protein80,1,CCN(CC)C(=O)c1cc(N)ccc1Oc1ccc([N+](=O)[O-])cc1,1
protein80,1,Cc1nc2c(N3CCCCC3)cccn2c1-c1cccc(NC(=O)c2ccc(Cl)c(-n3ccnc3)c2)n1,0
protein80,1,CC1=NC(C)(C)CC(OCS(=O)(=O)c2ccc(Nc3ccc(C(C)(C)C)cc3)c([N+](=O)[O-])c2)O1,0
protein80,1,Nc1ccc(OC2CNCCN(C(=O)COc3ccccc3F)C2)nc1,0
protein80,1,CCN(CC)c1ncc(-c2ccc(C(C)(C)C)cc2)cn1,0
protein80,1,CC(C)CC(CC(N)Cc1ccccc1C(F)(F)F)N1CCC(N(CC(=O)NC2CCC(F)CC2)C(=O)OCc2ccccc2)C1=O,0
protein80,1,O=C(C[n+]1ccccc1-c1ccccc1)NC1CCCCC1,0
protein80,1,O=C1C(=CNC2CC2)CCc2c1ccc(O)c2F,0
protein80,1,CC1CCC(NC2=CC(=NO)CC(c3ccccc3)C2)CC1,0
protein80,1,CC(=O)c1c(COCC(=O)Nc2ccccc2F)n(C)c2ccccc12,1
protein80,1,CCC1C(=O)NCCN1C(=S)NN=C(C)c1ccccn1,0
protein80,1,CCCCC=CC1C(CC)C(CN2CCCC2)CN(C)C1Cc1ccccc1,0
protein80,1,COc1cc2c(cc1Oc1ccc(C(F)(F)F)cc1)c(C1C(=O)N(NC(=O)CCCC(=O)O)C1C(C)C)cn2C,0
protein80,1,CCCC1CN(c2ncnc(N3CCOCC(C)NC3=O)c2S(=O)(=O)c2ccccc2)CCC1c1cccnc1,1
protein80,1,CCn1nccc1C(=O)N(C)c1ccc(C)cc1,1
protein80,1,Cc1cnc(-n2ccc(CN3CCN(C(S)=NCC4(N(C)C)CCCCC4)CC3)n2)nc1,0
protein80,1,O=[N+]([O-])c1cc2c(cc1N1CCNCC1)nc(Br)n2Cc1ccccc1,1
protein80,1,Cc1cc(NCc2ccccc2C)nc(NC(C)C)n1,0
protein80,1,CCOc1cc(Cc2cnccc2CCc2ccccc2)cc(CN2CCCC2)c1O,0
protein80,1,O=C(NC(Cc1ccc(C#CCCc2cccnc2)cc1)C(=O)O)C1CCCCC1,0
protein80,1,CCn1c(CCC(=O)Nc2cc(COc3c(F)cccc3Cl)nn2CCCN2CCOCC2)nc2ccccc2c1=O,0
protein80,1,Cc1ccc(-n2nc(C)c(C(=O)Nc3ccc(Cl)c(Cl)c3)c2C)cc1,0
protein80,1,CC(C)Cc1nc(NC(=O)CCN2CCN(C)CC2)c2c(Cl)cc(-c3cc(-c4ccc(F)cc4)ccc3N)nn12,1
protein80,1,CCN(CCNCc1ccccc1)c1ccc(C(=O)N(CC(=O)N(C)C2(C#N)CCNCC2)C(C)(C)C)cc1,1
protein80,1,Cc1cncc(COc2ccc3nc(Oc4ccccc4[N+](=O)[O-])sc3c2)n1,1
protein80,1,CC(=O)Nc1ccc(S(=O)(=O)Nc2ccc(-c3cnn(C(C)C)c3)cc2)cc1,0
protein80,1,CCC(CC(=O)NC1CC(C)CCC1C)Cc1cc(CC(=O)O)cc(O)c1O,0
protein80,1,CCC(N)C(=O)NC1Cc2c(C)cc(Nc3c4c(nc5ccccc35)CCNC4=O)c(F)c2C1,1
protein80,1,O=C1CCN(Cc2ccc(F)cc2)CCN1c1ccc(Cl)c(Cl)c1,0
protein80,1,CC(=NO)c1csc(N2CCC(C(=O)Nc3c(O)n(C(C)(C)C)c4c(C(F)(F)F)c(N)c(F)cc4c3=O)CC2)c1,0
protein80,1,N=C(N)Nc1ccc(-c2ccnc(N)n2)cc1OCc1cccc(C(F)(F)F)c1,0
protein80,1,O=C(Nc1ccc(F)cc1S)c1cccc(C2(C(=O)Nc3ccc(C(F)(F)F)cc3)CCCC2)c1,0
protein80,1,CC(=O)Nc1ccccc1-c1ccc(-c2nnc(SCc3ccc(OCCO)c(C(F)(F)F)c3)n2C)s1,0
protein80,1,Cc1sc2ncnc(C)c2c1Nc1ccc(O)cc1,1
protein80,1,CCC(CC)CC(=O)n1c(SCC(=O)NC(=S)Nc2cc(Cl)cc(Cl)c2)nc2ccccc21,0
protein80,1,Cc1cnc(C(=O)OCC(=O)c2cc(F)c(Oc3ccc(S(=O)(=O)Nc4ccccc4Cl)cc3C#N)c(F)c2)cn1,0
protein80,1,Cc1ccc2c(c1-c1ccc(Cn3ccsc3=O)cc1)CCN=C2Nc1cc(F)cc(F)c1,1
protein80,1,CCC(N)C(=O)N1CCCC1C(=O)N(c1ccc(C)c(C(F)(F)F)c1)S(=O)(=O)c1ccc(C)cc1,0
protein80,1,Cc1cc(CNc2cc(Cl)nc(N)n2)c(C)s1,0
protein80,1,Cc1cccc(C)c1Oc1ncccc1CC1(C)N=C(N(C)C)Oc2ccc(N(C)C)cc21,1
protein80,1,CCN(C(=O)C1CCCCC1)c1cc(N2CCCCC2)ncc1SS(C)(=O)=O,0
protein80,1,Cc1cc(-c2cc3cc(S(=O)(=O)c4ccccc4)ccc3c(-n3ncnc3O)n2)ccc1N,0
protein80,1,CCC(C)C(NS(=O)(=O)c1c(OC)cc(C)cc1OC)C(N)=O,0
protein80,1,Cc1ccc(Cn2cc(-c3cnc(Nc4ccc(C#N)c5ccccc45)nc3)cn2)cc1,1
protein80,1,Cc1ccc(NC(=S)Nc2nc3ccc(C(C)(C)C(N)=O)cc3s2)cc1C,0
protein80,1,O=C(CSc1c(Cl)ccc(C(F)(F)F)c1F)c1ccco1,0
protein80,1,CCc1nn(CCO)cc1CC(=O)OC1CC(C)N(C(C)=O)C(C)(C)C1,0
protein80,1,O=C1C=C(CP(=O)(O)Oc2ccc(Cl)cc2)NCC1,0
protein80,1,CC(=O)Nc1ccc(OC(C)C2(C)CCCC(C)(C[N+](=O)[O-])N2)c(C)c1,1
protein80,1,CCCC(CCC(=O)NO)CC1CC2CN1CCC2OC(=O)Nc1ccc2c(c1)OCCCO2,0
protein80,1,Cc1cccnc1-c1n[nH]c2cc(F)ccc12,1
protein80,1,CCc1nc2ccccc2c(O)c1CC1CCCC1,1
protein80,1,Cc1cc2ncn(-c3ccc(C#N)cc3NC(=O)CNC(=O)c3ccco3)c2cc1C,1
protein80,1,O=C(Nc1cc(OC(F)(F)F)ccc1N1CCCCC1)C1COc2ccccc2C1,1
protein80,1,CC(C)COCCN1CCN(C(=O)OC(C)(C)C)CC1,0
protein80,1,Cc1nc2n(n1)CCCCC2,0
protein81,1,Cc1nn(-c2ccccc2)c2nc(C3(S(=O)(=O)c4ccccc4)CC3)cc(-c3ccc(F)cc3)c12,1
protein81,1,Cc1cccc(N(C)c2nc3ccccc3o2)c1,0
protein81,1,CCOc1cc(S(=O)(=O)Nc2sncc2C(N)=O)ccc1N1CCN(C)CC1,0
protein81,1,Nc1ccc(CC2CNC2)nc1Nc1cccc(S(=O)(=O)C(F)F)c1,1
protein81,1,CC(=O)c1ccc(-c2cccc3[nH]c(NS(=O)(=O)c4ccc5c(c4)OCCO5)cc23)cc1,0
protein81,1,CC(C)(Cl)CC(O)CCOCO,0
protein81,1,Cc1cc(Nc2cc(F)cc(F)c2F)nc(-n2nc(C#N)cc2C)n1,0
protein81,1,Nc1ccnc(SCc2ccccc2C(=O)c2cc3ccccc3nc2O)n1,0
protein81,1,CC(=O)Nc1ccc(C2CCN(c3nc(C)cc(Nc4ccc(C#N)c(C(F)(F)F)c4)n3)C2)c(F)c1,0
protein81,1,O=C(CS(=O)(=O)c1ccccc1)Nc1ccc(C(F)(F)F)cc1,0
protein81,1,CC12CC=C(C1)N(c1c(C3=NC(CN)CO3)cc(-c3cnc(N)cn3)cc1C1CCCCC1)C2,1
protein81,1,Cc1nn(CC(=O)NCc2ccc3c4ccnc(C)c4n(C)c3c2)c(C)c1[N+](=O)[O-],1
protein81,1,CCn1cc(C(C)C(=O)NC2CCCCCC2)c2ccccc21,0
protein81,1,CC(C)n1ncc(-c2cncc(NC(=O)c3cc4c(cc3N3CCOCC3)CCC4)c2)n1,0
protein81,1,CC1(C)COc2cc(CCS(=O)(=O)Nc3cc(-c4cncc(F)n4)ccc3F)ccc2O1,0
protein81,1,CCOC(=O)c1coc(N(C)c2ccc(Nc3nccc4cccc(C)c34)cc2)n1,1
protein81,1,CCN(CC)CCn1ccc(-c2ccc(Cl)c(O)c2)n1,0
protein81,1,CC12c3ccc(cc3CCc3ccccc3)N1C(=O)N1CCC2C1C(=O)O,0
protein81,1,CCC(C)C(N)C(=O)NC(C)c1nc2c(C)c(-c3ccc(F)cc3)n(C)c2s1,1
protein81,1,CCC(C)(C)CCC(=O)N1Cn2c(nc3ccccc32)NC1=S,0
protein81,1,CCOc1ncccc1N1C(=O)c2c(F)cccc2S1(=O)=O,1
protein81,1,CCNc1nc(-c2ccc(OC)c(OC)c2)cc(Nc2csc(C)c2C(N)=O)c1C#N,0
protein81,1,O=C(Nc1nnc(-c2ccc(Cl)cc2Cl)s1)c1cc([N+](=O)[O-])cc([N+](=O)[O-])c1,1
protein81,1,Cc1nc2cc(O)c3c(c2[nH]1)Cc1cccc(C)c1NC3=O,1
protein81,1,C[S+]([O-])c1ccccc1C(=O)N1CCc2c(c3ccc(F)cc3n2S(=O)(=O)c2ccccc2)C1,0
protein81,1,CCn1ncc(NC(=O)c2ccccc2-c2onc(-c3cccnc3)c2-c2ccccc2S(=O)(=O)N(C)C)cc1=O,1
protein81,1,CC(C)CCOc1ccccc1CNC(=O)c1ccc2c(CC3Cn4nc3c3ccccc34)c[nH]c2c1,0
protein81,1,CC1Cc2cc(-c3[nH]ncc3C(c3ccccc3F)N(C)CCO)ccc2O1,1
protein81,1,CCCC=C(C)n1c(=O)n(Cc2ccc(NC)cc2)c2ccccc21,1
protein81,1,CN1CCCN=C1c1[nH]nc(-c2ccc(OCC3CCCC3)c(C#N)c2)c1F,0
protein81,1,NC1=C(CS)C(=O)CCC1,0
protein81,1,CCOC1Cc2c(nc(Nc3ccnc4cc(C)cc(C)c34)c(C#N)c2C)N(C)C1,1
protein81,1,Cc1ccc(C(c2ccc(Cl)cc2)C2N3CCC2(OCC(F)(F)F)C3)cc1,0
protein81,1,O=C(O)c1cnc(NC2CCNC2)c(Nc2ccc(C(F)(F)F)cc2Cl)c1,0
protein81,1,CCCCN1CC(=O)N(Cc2cc(C(C)(C)C)ccc2OCc2ccccc2C#N)C1=N,0
protein81,1,O=CN=C(C(=O)N1CCCCC1)c1cccc2cccnc12,0
protein81,1,CCC(CO)NC(=O)C(CC#N)Nc1ncc(F)c(N2C(=S)OCC2(C)c2ccc(F)cc2)n1,0
protein81,1,CCCC=C(C#N)C(=O)NCCCN(C)C(C)C,0
protein81,1,CC1CCC(Nc2ccc3c(c2C#N)c2cncnc2n3CC2CCCCN2C)C(C)C1,1
protein81,1,Cc1ccc(Nc2c(Cl)cc(NC(=O)c3cc(S(=O)(=O)N4CCCC4)cn3C)cc2Cl)nc1,0
protein81,1,CCn1c(SCC(=O)Nc2nnc(-c3ccc(F)cc3)s2)nc2ccccc21,0
protein81,1,CC(C)CCN(C)S(=O)(=O)c1ccc2c(c1)CCC2(O)c1ccc(F)c(F)c1,0
protein81,1,NCc1c(N2CCCC2)nc2ccc(Oc3ccccc3)cc2c1-c1cccc(OCC(O)CN)c1,1
protein81,1,Cc1nc(C(F)(F)F)nc(Nc2cc(Cl)c(F)cc2OCC2CC2)c1Cl,0
protein81,1,CCN(CC)CCNc1ccc(-c2cc(Nc3ccnc(C4CC4)n3)c3cc(F)ccc3n2)cn1,1
protein81,1,Cc1nsc2cccc(C(=O)O)c12,1
protein81,1,CCOc1ccc(C)c2[nH]c(C(C)(C)C)c(CC(N)C(=O)N3CCC(N4CCCCc5cc(F)cnc54)C3Cc3ccccc3)c12,0
protein81,1,CCC(=NO)n1c(-c2ccccc2Cl)nc2cc(OC)cc(O)c21,1
protein81,1,CCCN1CCC(CNc2cccc3c(-c4cccc(OC)n4)c(O)nn23)CC1,0
protein81,1,Cc1noc(C(c2ccccc2-c2ccccn2)N(C)CCCC(F)(F)F)n1,0
protein81,1,CC(C)(C)OC(=O)N1CCCC(C(N)=O)C1CN1CCN(C=Nc2nc3ccccc3s2)CC1,1
protein81,1,CC(C)CC(C(=O)N1CCC(c2ccccn2)(C(F)(F)F)CC1)N1C(=O)C(OC(=O)c2c(F)cccc2F)C1C1CCC1,0
protein81,1,O=c1c2nc[nH]c2n(CCN2CCOCC2)c(=O)n1CCN1CCC(c2cccc3c2-n2ccnc2CO3)CC1,0
protein81,1,Clc1ccc(CSc2nnc(-c3c(Cl)cccc3Cl)[nH]2)cc1Cl,0
protein81,1,O=C(Nc1cccc(F)c1)NC1CN(C2CCCC2)C(=O)c2sc3cc(OC(F)F)ccc3c21,0
protein81,1,CCC(NC(=O)C(C#N)c1ncccc1C(=O)O)C(=O)N1CCCC1C#N,0
protein81,1,CCc1ccc(Nc2nc(N3CCN(C)CC3)nc3ccccc23)cc1,1
protein81,1,CC(N)=NCCCC1CN(S(=O)(=O)c2ccc(F)cc2)CC2CCCN2C1=O,0
protein81,1,Cc1nc(-c2cccc3c2n(Cc2ccc(-c4ccccc4C(F)(F)F)cc2)c(=S)n3C)ccc1N,1
protein81,1,CCN1CCN(c2nc3c(-c4c(Cl)cc(C#N)cc4CN(C)CCC#N)cccc3s2)CC1,1
protein81,1,O=C1CSc2ccc(C(=O)NC3CCCc4ccccc43)cc2N1,0
protein81,1,O=C(NC(=O)C(F)(F)F)C1CC=CC1c1ccccc1-n1nccc1-c1cccc(C(F)(F)F)c1,1
protein81,1,CCS(=O)(=O)NCCOc1ccc(C(=O)C(Cl)(Cl)Cl)cc1,0
protein81,1,ON=C1CN(Cc2c(C3CCCCC3)sc3cc(F)cc(F)c23)CCN1,1
protein81,1,O=CNc1cc(O)ccc1-c1nc2c(F)cccc2c2c1cnn2C1CCCN(c2nccc(Cl)n2)C1,1
protein81,1,Cc1ccc(C(=O)OCC(=O)NC(=O)C2CCNC2)o1,0
protein81,1,CC(C)c1cc2c(cc1[N+](=O)[O-])-c1cc(-c3ccc(F)cc3F)oc1C=NN2,1
protein81,1,O=C(Nc1cc(C2CC2)nn1-c1cccc(Cl)c1)c1cc([N+](=O)[O-])ccn1,1
protein81,1,Cc1nn(-c2cccc(Cl)c2C)c2c1CN(c1ccc3c(c1)CCC(C)N3)C(=O)C2,0
protein81,1,CCN1CCc2nc(Nc3ccccc3Cl)sc2C1,0
protein81,1,CCc1cnc2c(c1[N+](=O)[O-])C(=O)c1ccccc1C2=O,1
protein81,1,CC(N)C(=O)NC1CCc2ncc(Nc3ncnc4sc5c6c(ncc5c34)-c3ccccc3-c3ccc(Cl)c-6c3)cc2OC1,1
protein81,1,CC1CCCN(CCc2nc(O)c3cc4c(cc3n2)Cc2ccccc2-4)C1,0
protein81,1,Cc1ccc(C(=O)NCC23CCC(CC2O)N3C(=O)Cc2c(Oc3noc4cc(F)cc(F)c34)ccc(Cl)c2Cl)cc1,1
protein81,1,Cc1ccccc1Nc1nnc(C(=O)O)c2ccc(-c3ccon3)cc12,1
protein81,1,CCC(C)Nc1cc(Cl)nc(-n2cnc3c(C(=O)O)cc(-c4ccnc5ccccc45)cc32)n1,0
protein81,1,CCOC(=O)c1ccccc1NC(=O)C1C(OC)CC(c2cccc(C)c2C)=CC1c1ccc(OC)cc1,0
protein81,1,CCC1CC(c2ccc(OCc3nnc(-c4ccc(F)cc4)o3)c(C)c2)=NO1,0
protein81,1,CC12CC(NC(=O)C(O)c3cccc(C(N)=O)c3)CCC1C=C(c1ccccc1)[N-]2,0
protein81,1,CC1=NC2(CCN(C3Cc4ccccc4Cc4ccccc43)CC2)C(=O)N1C,0
protein81,1,CCC#CC#CC1(CNc2cc(OCC)ccc2C(C)C)CCCC1O,0
protein81,1,CCCCC1(C)C(=O)Nc2ccc(-c3[nH]c(Cc4ccccn4)c(C)c3CC3C(=O)N(C(=O)OCC)C3(C)C#N)cc21,0
protein81,1,CC(C)N1CC2OCC#Cc3cnccc3-c3cccc(c3)C(=O)N3CC2CC1C3,0
protein81,1,Nc1cccc(-c2c3ccc(F)cc3nc3c(-c4cccs4)c4cc(N5CCOCC5)cnc4n23)c1,1
protein81,1,CCCCC1(C(C)C)C=NN(C(=O)c2ccc3c(c2)OCCO3)C1,0
protein81,1,CC1CCC(C(C)C2CCN(C3CCCN(c4ccc(C(=O)O)cc4N)C3=O)CC2)N(S(C)(=O)=O)C1,0
protein81,1,CCN(CC)c1sc(CN2CCN(C(=O)OC(C)c3c(C)cc(C)cc3C)CC2)nc1C,0
protein81,1,CC1CCCCC1(C)C(C(=O)Nc1ccc(-c2ccccc2)cn1)N1CCN(C)CC1,0
protein81,1,CC(C)CNc1nc(N)c(-c2ccc(OC(C)C)cc2)c(-c2ccccc2F)n1,1
protein81,1,CCN(CC)CCn1cc(C2=C(C(=O)Nc3nccs3)CCCC2)c2ccccc21,1
protein81,1,CC(=O)Nc1ccc(-c2cc(-c3c(-c4ccnc(NC(C)=O)c4)c4c(O)cccc4oc3=O)ccn2)cc1,1
protein81,1,Cc1cnc(C)c(OCC2(C)CCC2)n1,0
protein81,1,Cc1cccc(NC(=O)c2cc3c(=O)n(-c4ccc(C(C)(C)C)cc4)c2n2nccc32)c1,0
protein81,1,CC(Cc1csc(-c2nncc3[nH]c(C4(C)CCC4)cc23)n1)NC(=O)c1ccccn1,0
protein81,1,O=C(OC1C(=O)Nc2cc(Cl)ccc2N(Cc2ccccc2Cl)C1=O)c1ccc(F)cc1,0
protein81,1,Cc1ccc(OCC(C)(C)C(=O)N2CCN(Cc3ccccc3)CC2)c2c1CCCC2,0
protein81,1,CC(=O)Nc1csc2nc(-c3ccc(O)cc3)cc(C#CCN)c12,1
protein81,1,Cc1ccccc1OCCCNC1CC(=O)N(c2ccccc2OC(C)C)C1=O,0
protein81,1,Cc1cccc(S(=O)(=O)N(CCN2CCOCC2)c2ccc3c(c2)nc2n3CCCCC2)c1,0
protein81,1,Cc1nn2c(C(F)(F)F)cccc2c1Cc1c(N)n(CCCO)c2cc(Cl)ccc12,1
protein82,1,CC#CCN(CC(C)C)c1nc(Nc2ccccc2)c2ccccc2n1,0
protein82,1,CC(C)CC(NC(=O)c1cnn(-c2cccc(F)c2)c1C(C)(C)C)C(=O)NCc1ccccc1,0
protein82,1,FC(F)(F)c1ccc(Cl)cc1N=C1NCCN1,0
protein82,1,Cc1nc2c(N3CCN(CCO)CC3)cccn2c1-c1cc(F)cc(F)c1,1
protein82,1,Nc1ccc([N+](=O)[O-])cc1NC(=O)c1cccc(Nc2nc(N3CCCCC3)ncc2C(F)(F)F)c1,1
protein82,1,O=C1Nc2ccc(OC(F)(F)F)cc2C12CC2c1cc(F)ccc1F,0
protein82,1,CCCC#CCN(C)C(=O)Cn1c(-c2ccc([N+](=O)[O-])o2)nc2cc(Oc3ccccc3)ccc21,1
protein82,1,Nc1cnc(-c2ccc(C3CCC3)c(OCC3OC4=NCCC3C4)c2F)cn1,1
protein82,1,Cc1ccc(S(=O)(=O)N(CCCn2c(C(F)(F)F)nc3ccccc32)Cc2cccs2)cc1C,1
protein82,1,O=[N+]([O-])c1ccc(-c2ccn3ncc(S(=O)(=O)NCC4CCCCC4)c3n2)cc1,1
protein82,1,CC(C)(OCCC1CCN(C(=S)N2CCCCc3ccccc32)CC1)C1COC(N)=N1,0
protein82,1,CC1(C)Cc2nc(O)c(C(=O)NC3CCCC3)cc2C[S+]1[O-],0
protein82,1,Cc1onc(-c2ccccc2Oc2ncccc2CO)c1C(=O)O,0
protein82,1,CCC1C(O)=C(c2c(F)cccc2Cl)C(=O)N1Cc1cc2ccc(O)cc2nc1N,1
protein82,1,CC(C)Cc1cc(Cl)ccc1OCC(=O)O,0
protein82,1,O=C(CCOc1ccccc1NC(=O)c1cccc([N+](=O)[O-])c1C(F)(F)F)NO,0
protein82,1,Cc1sc2nc(N3CCN(C)CC3)nc(C)c2c1CC#N,1
protein82,1,Cc1ccc(C(=O)Nc2n[nH]c(C)c2C(N)=O)s1,0
protein82,1,CCN1c2ccccc2S(=O)(=O)c2cc(-c3cnc(Cl)c(OC(F)F)c3)cnc21,0
protein82,1,CCCn1cnc(C)c1C(=O)NC(C)C(=O)N1CCc2ccccc21,0
protein82,1,CC(CC(C)(C)[N+](=O)[O-])C1C(CN2C(=O)CCS2(=O)=O)NC(=O)C1(C)C,0
protein82,1,CCN(CCCNc1c2c(C)c3cccc(OC)c3[n+](CC)c2nn1-c1ccccc1)C(C)CNC(C)=O,1
protein82,1,CCOc1cccc2c1C(=O)N(C(C1CCCCC1)N(C)C)C2=O,1
protein82,1,O=C(O)CCNCCNc1nc(-c2ccccc2F)cc2ccccc12,1
protein82,1,CCN(CCO)CCON=C(C)c1ccccc1-c1ccccc1,0
protein82,1,Cc1nn(C)c2ccc(C#N)c(Oc3c(Cl)cc(Cl)cc3Cl)c12,1
protein82,1,NC(=O)c1ccc2cc(Oc3ccc(C(=NO)NCC4(N5CCCC5=O)CCCCC4)cc3)ccc2n1,0
protein82,1,CCc1cncc(-c2c(O)cncc2Cl)n1,0
protein82,1,O=C(CN1CC=CCC1)Nc1ccc2nc(N3CCCCC3)n(CC3=CCN(c4cccnc4)CC3)c2c1,1
protein82,1,Cc1nc2ccccc2n1-c1ccccc1NC(=O)c1cn(CCS(=O)(=O)c2ncccn2)c2c1CC(C)CC2,0
protein82,1,CC1NC(=O)C2C(Cc3ccc(Oc4cc([N+](=O)[O-])ccc4NC(C#N)CN)cc3)CCCN2C1=O,1
protein82,1,CCn1cc(-c2ccc(-c3cncc(N4CCCC4CN4CCN(C)CC4)n3)cn2)cn1,1
protein82,1,O=Cc1cc(Cc2cccn(-c3cccc([N+](=O)[O-])c3)c2=O)ccc1N1CCOCC1,1
protein82,1,O=Cc1ccc2c(c1)c(C(=O)c1ccccc1)cn2CC(=O)Nc1cccc(Cl)c1,0
protein82,1,O=C1CC2CCN(Cc3ccccc3)CC2C(=O)N1O,0
protein82,1,CC(C)c1ccc(NC(=O)NCC(N)CCCO)cc1-n1ccc2cc(NC(=O)c3ccncc3)ccc21,0
protein82,1,CCCn1c(-c2cccc([N+](=O)[O-])c2)nc(C)c1[N+](=O)[O-],1
protein82,1,CCCCC(C)c1cccc(-c2ccccc2)c1,0
protein82,1,Cc1ccc(CCC2NC(=O)OC2CN2CCC(Oc3ccccc3)CC2C)cc1,0
protein82,1,CCn1ccc2nc(NC(=O)c3ccco3)n(CCc3cccc(C)c3)c2c1=O,0
protein82,1,NC1C=C2CN(Cc3cccc(OC(F)(F)F)c3)CCC2CC1,0
protein82,1,N=C1SCCC2CC=CC(CC(=O)n3cccn3)N12,0
protein82,1,Cc1ccc(C(C)Nc2cc(NC(=O)C3CSCC(=O)N3c3ccccc3[N+](=O)[O-])ccc2S(C)(=O)=O)cc1C,0
protein82,1,O=C1NCC(O)c2c1cc(C(=O)N1CCc3ccccc31)c1ccccc21,1
protein82,1,CC(C#N)C1CC(O)Cc2ccc(O)c(O)c21,0
protein82,1,[O-][S+](CC1CCCCC1)c1nc2ccccc2[nH]1,0
protein82,1,Cc1cccc(Cl)c1OC1CN(CC(O)Cn2ccnc2)c2ccccc21,0
protein82,1,Cc1ccc2c(NC=O)c(Nc3ccc(C)c(C)c3)n(C(C)(C)C)c2n1,0
protein82,1,Cc1noc(C)c1C(=O)N(C)c1ccc2c(c1)-c1ccncc1CC2,0
protein82,1,O=C(NCCN1CCOCC1)c1cc2cc(Oc3ccccc3-c3ccncc3)ccc2o1,1
protein82,1,Cc1c(C(C)NC(=O)c2ccco2)ccc2c1COC2=O,0
protein82,1,Cc1ncsc1-c1nnc(N(Cc2cccnc2)C2CCNCC2)c2ccccc12,0
protein82,1,NCCN(CC1CC1)c1ccnc2ccc(N3C(=O)c4ccccc4NC3c3cccnc3)cc12,0
protein82,1,Cc1ccc(C(=O)n2nc(-c3ccccc3)c3c4ccccc4n(C)c3c2=O)cc1OC(C)C,1
protein82,1,CC1(NC(=O)c2scnc2NS(=O)(=O)c2ccc(F)cc2)CCCCC1,0
protein82,1,Cn1ncc(Cc2ccc(Oc3n[nH]c4cnc(C(F)(F)F)nc34)cc2Cl)c1C(N)=O,1
protein82,1,CCN(C)c1nc(N2CCCCC2)nc2cc(C(O)C(F)(F)F)ccc12,0
protein82,1,CCCc1cccc(CCC2(c3ccc(Cl)cc3)CN(CCCS(C)(=O)=O)CCO2)c1OC,0
protein82,1,CCCN1C2CCC1CS(=O)(=O)N(C(c1ccc(-c3ccc(C(N)=O)cc3)cc1)C(C)C)C2,0
protein82,1,Cn1c(Br)nc2cccnc21,1
protein82,1,CC(O)C(=O)Nc1cccc(NC(=O)c2ccccc2Nc2ccc(F)cc2F)c1,0
protein82,1,CC(C)CC1CN2C(=O)N1CCCNC(=O)c1c(CC(C)(C)C)nc(NCCO)nc12,0
protein82,1,CCCC(C)(C)NC(=O)c1cn(O)c2ccccc2c1=O,0
protein82,1,CCC1C(C2CCCO2)CC(=O)N1c1ccc(C(=O)Nc2cc(OC)cc(O)c2C)cc1,0
protein82,1,CCn1c(=O)nc(N)c2nc(C)n(-c3ccccc3-c3nnc(N)c4ccccc34)c21,1
protein82,1,CCC(CC(=O)N1CCN(c2nnc(-c3cccc(F)n3)[nH]2)C(C)C1)c1ccccc1,0
protein82,1,CCCC1CN(c2ccc(C#N)c(C(F)(F)F)c2)C(=O)CN(C(=O)c2cc3cccc(C)c3[nH]2)C1C(O)CO,0
protein82,1,CC(C)c1c(N)sc2c1COc1cc(CCC(N)=O)ccc1-2,0
protein82,1,COc1ccc2c(c1)C1(C)CCC(CN1C(=O)OC1CCC3CCN(C)CC3O1)N1CCN(C2=O)C(C2CC2)C1,0
protein82,1,O=C(CC1Cc2c(O)cccc2C2=C1CCNCC2)NC(=S)Nc1ccc(F)cc1,0
protein82,1,CCN(CC)c1ccc(N2C(=O)c3ccncc3C2=O)cc1,0
protein82,1,Cc1cnc2c(C#N)c(Nc3ccc(N(C)C)cc3)c3ccc([N+](=O)[O-])cc3n12,1
protein82,1,CC(C)CCNc1nccnc1Nc1ccc(C2CNCCO2)cc1,0
protein82,1,Cc1ccoc1C=Nn1c(N)nnc1-c1ccccc1,1
protein82,1,Cc1nc(Nc2ccc(C(=O)N3CCCNCC3)cc2)c2ccccc2n1,1
protein82,1,CCCCN(Cc1ccc(C2CNCCO2)cc1)C(=O)C1CCC(CCN2CCCCC2=O)S1,0
protein82,1,CCN(C)c1ncnc2c1[nH]c(=S)n2CCc1ccccc1-c1nc(CN2CCC(C)CC2)co1,1
protein82,1,Cc1c(-c2ccc(-c3cnc(N)nc3O)c(F)c2)c2nc3c(n2n1C)CNCC3,1
protein82,1,CCC(C)n1nncc1CNc1cc(-c2cccc(F)c2)[nH]c(=O)c1-c1nc2ccccc2s1,0
protein82,1,CCc1ccc(Nc2nc(C(=O)O)cs2)cc1,0
protein82,1,Cc1ccc(-n2c(-c3ccc(Cl)cc3)cc(C(=O)N=C(N)C3(C)CCCCCC(N)CC(=O)O3)c2C)cc1,0
protein82,1,Nc1cc(-c2cncc(Nc3ccnc(N4CCCC(O)C4)c3OC(F)(F)F)n2)ccn1,1
protein82,1,CC1(C)CN(c2ccncc2-c2ccc3nc(-c4ccncc4)[nH]c3c2)c2cc(C#CCCN)ccc2O1,1
protein82,1,CCn1ncc(Cl)c1C(=O)NC(=O)Nc1ccccc1OCc1ccccc1,0
protein82,1,CCC1CNCCN1CC1CCC(NC(=O)c2ccccc2F)C(=O)N1c1cc(C)ccc1C#N,0
protein82,1,Fc1cccc(F)c1-c1c[nH]c2ncnc(Nc3ccccc3C(F)(F)F)c12,1
protein82,1,NC(C(=O)O)C1C(=O)Oc2cc(Cl)ccc21,0
protein82,1,CCCCC(C(=O)Nc1cccnc1)n1ncc2cn(Cc3ccc(-c4ccccc4N)cc3)c(-c3ncccc3F)c2c1=O,1
protein82,1,CCC(=O)Nc1ccc(C#N)c(C(F)(F)F)c1,0
protein82,1,CC1=C(C)C(=O)N2CCOc3c2cc(C(=O)Nc2ccncc2)c2cc([nH]c32)C2CCCCC(NC1=O)C2O,0
protein82,1,CCCCNC(=O)Oc1ccc(Nc2ccc(S(N)(=O)=O)cc2[N+](=O)[O-])cc1C,1
protein82,1,Cc1cc(S(=O)(=O)n2ccc3c2C(N(C)C)CCC3C(C)(C)C)ccc1Cl,0
protein82,1,CC(C)CC(N)CNc1ncc(F)cc1S(=O)(=O)NCc1ccc(-c2cccc3c2N2CCC3C2)cc1,0
protein82,1,Cc1oc(Nc2ccc(Nc3cccc(Cl)n3)cc2)nc1CC12CC(CO1)C(C)O2,1
protein82,1,CC(=O)OC1C(N2CCN(C(=O)c3ccc(C#N)cc3C(F)(F)F)CC2)CCCC1(C)C,0
protein82,1,CCC1Cn2c(c(-c3ccc(C)cc3OC)c(CO)c2-c2ccc(F)cc2F)CCN1C(=O)OC(C)(C)C,0
protein82,1,CCC1C(CO)N(CCCC2CCCN2C)C(=O)c2cc(ccc2F)C2CCCC1N2C,0
protein82,1,Cc1cc(-c2nc(CN3CCCC3)cs2)c2c(c1O)CCO2,1
protein82,1,CCCNCc1cnc2ccc(=O)n(-c3cc4c(c(C(C)(C)C)c3)OCC(C(C)(C)C)O4)c2c1,1
protein82,1,Cc1nn(-c2cccc(Nc3ccc4c(c3)OCCO4)c2)c(=O)n1-c1ccccc1,0
protein83,1,Cc1cc(NC(=O)CS(=O)(=O)Cc2nc3ccccc3c3c2CCCC3)c(F)cc1Cl,0
protein83,1,CCn1c(C)c(-c2cncc(C(=O)Nc3nn(CC4CC4)c(C)c3Cl)c2)c2cc(OC)ccc21,0
protein83,1,Cc1noc(C)c1CS(=O)(=O)c1cn(Cc2csc3ccccc23)nc1-c1ccccn1,1
protein83,1,CC(C)(C)C1Cc2c(ncc(Cc3cc4ccc(C(=N)N)cc4o3)c2O)N1C(=O)CC(O)CC(=O)O,0
protein83,1,CN(CCCCNC(C)(C(F)(F)F)C(F)(F)F)C(=O)CC1(C(=O)OCc2ccnc(F)c2)CCc2ccccc21,0
protein83,1,CCCCCc1ccc2oc(CNCCN)c(Cc3ccccc3)cc1-2,0
protein83,1,CC=C1C(NC(=O)Nc2cnn(CC(=O)NC(C)(C)C)c2)CCC1(C)C,0
protein83,1,Cc1ccccc1Nc1ccc(NCc2ccccc2OC(C)(C)C)nn1,1
protein83,1,Fc1cc(Cl)c(Cl)cc1Oc1cccc2n[nH]cc12,0
protein83,1,CCN(C(C)=O)c1cc(O)c2cc([N+](=O)[O-])ccc2n1,1
protein83,1,Cc1nc(CN(CC(C)C)C(=O)Cc2nc3cccc(C(F)(F)F)c3[nH]2)no1,0
protein83,1,CC1(C)CC(=O)N(C(=O)c2cccc(NC(=O)c3sccc3S(C)(=O)=O)c2)C1,0
protein83,1,CCS(=O)(=O)N1CCC2(CC1)CN(c1cc(C(=O)Nc3cncc(-c4ncco4)c3)ccn1)C2,0
protein83,1,CCOCc1ncccc1NC(=O)c1cnc2ccccc2n1,0
protein83,1,CN1CCN(Cc2c(-c3ccc(NC(=O)C(C)(C)CC(=O)O)cc3)nc3ccccc3c2O)CC1,0
protein83,1,CCOc1ccccc1CNc1ncc(C(N)=O)c(OC)n1,1
protein83,1,Cc1cccc(-c2cnc3c(c2)CCCN3CCc2cccc(C(F)(F)F)c2)n1,0
protein83,1,CCOc1cc(C(C)C)ccc1-n1c(CN)nc2c(O)cc(-c3ccccc3OC)nc21,1
protein83,1,CCCCC1c2c(c3ccccc3n2CCCN2CCOCC2)C(=O)C(=O)N1C(=O)C1CCCC1,0
protein83,1,Nc1ncc(-c2[nH]nc(-c3ccc(F)cc3)c2F)nc1C(=O)Nc1ccccc1Cl,0
protein83,1,Cc1cc(C)c(Nc2ccc3c(c2)OC2(CCNCC2)CC3(C)CC(F)(F)F)c(C)c1,0
protein83,1,CCC(NC(=O)c1cccc(-c2cn(C)nc2-c2ccccc2O)n1)c1nc2ccccc2[nH]1,1
protein83,1,CC(C)NC(=S)NN=C1c2ccccc2CC1c1ccccc1[N+](=O)[O-],1
protein83,1,CCCN1OCCCC1CN(CC1CCCCC1)C(=O)c1sc(C)nc1-c1ccccc1,0
protein83,1,CCN(CC)C(=O)c1cccc(-c2cc(S(C)(=O)=O)ccc2C2CCCC2)c1,0
protein83,1,CCN(CC)c1cc(OC)c(-c2nnc(-c3cccnc3)s2)cn1,0
protein83,1,CC(C(=O)O)n1cc(C2CN3CCC2CC3)c2ccccc21,0
protein83,1,Cc1csc(NC(=O)c2cc(S(=O)(=O)N3CCOCC3)ccc2F)n1,0
protein83,1,O=C1c2ccccc2C(=O)N1CCNc1nccc(N2C(=O)OCC2c2ccc([N+](=O)[O-])cc2)n1,1
protein83,1,CC1COCC12COC(=O)N2c1ccnc(Nc2ccc(OCC(C)(C)C)cc2)n1,1
protein83,1,Cn1ncc(-c2ccc(CC3CCCC(NS(=O)(=O)N4CCCC5(C)C(=O)CCC45)C3)cc2)c1N,0
protein83,1,O=C(NN=C1CCS(=O)(=O)c2ccccc21)c1ccncc1,1
protein83,1,CCC1CCCCC1NC(=O)c1[nH]c2cc(F)ccc2c1Cl,0
protein83,1,COc1ccc2c(c1)C(C)(CC(C)N1CCN(C)CC1)c1ccccc1-2,1
protein83,1,O=CC(O)CC(=O)Nc1ccc(Cl)cc1N1C(=O)c2ccccc2C1=O,0
protein83,1,CCn1cc(-c2ccccc2OCC(=O)Nc2cc(C(C)(C)C)ccc2OC)cn1,0
protein83,1,Cc1nc2ccccc2nc1NCCC(C)(C)N1CCOCC1,1
protein83,1,NC(=O)c1cccc2nc(NCCC3CCN(c4ccccc4)C3=O)sc12,0
protein83,1,CCCCCCNC(=N)Nc1ccc([N+](=O)[O-])c(OC(F)(F)F)c1,1
protein83,1,CCN(CC)CCn1cc(-c2cncnc2N(CC(F)F)CC2CCCCN2Cc2ncccn2)cn1,0
protein83,1,O=C(Nc1cc(F)ccc1Cl)c1cn(CCCCN2CCC(O)(c3ccc(F)cc3F)CC2)c2[nH]ccc2c1=O,0
protein83,1,CCOC(=O)C(CO)NC(=O)COc1ccccc1OC(F)(F)F,0
protein83,1,CC1CCC(N(C)C)C(CN2C(=O)CN(C(=O)C3CCCO3)c3cc(Cl)c(Cl)cc32)C1,0
protein83,1,O=C(Nc1ccc(C(=NO)N2CCN(Cc3ccccc3)CC2)cc1)c1ccccc1F,1
protein83,1,Cc1ccccc1NC(=O)CSc1ncc(CCc2cc(Cl)cc3c2C(=O)NC3=O)nc1C,0
protein83,1,O=C1CCCN1c1ccccc1N1CCCCC1,0
protein83,1,CCCCCOc1nccc2cc(Oc3ccc(O)cc3)ccc12,0
protein83,1,Nc1ccccc1C(=O)c1cc(C(F)(F)F)ccc1OCCCCCl,1
protein83,1,CCOc1ccc2c(CCN)c(C(=O)Nc3nnc(C(C)(C)C)s3)[nH]c2c1,0
protein83,1,Cc1cccc(Nc2nc(NC3CCC(C)CC3)nc3c2NC(=O)CN3)c1C,1
protein83,1,CC(C)C1CCCCN1c1ccc([N+](=O)[O-])cc1C(=O)Nc1ccc(C(N)=O)cc1,1
protein83,1,CCCC(Oc1ccc(C(C)(C)C)cc1)C(=O)NC1CCN(c2cccc(OC)c2)C1=O,0
protein83,1,Cc1nc2ccc(N3CCNCC3)cc2c(-n2ccnc2C)c1-c1ccc(Cl)cc1F,1
protein83,1,O=C(Nc1cc(S(=O)(=O)Nc2ccc(F)cc2)c(F)cc1N1CCCCCC1)C1CC1,0
protein83,1,CC(C)c1cccc(NC(=O)c2cc(-c3ccccc3)nn2Cc2ccncc2)c1,0
protein83,1,CCC1CC(C)(C)NC(Nc2ccccc2C)=C1C#N,1
protein83,1,CCCCc1c(CO)c(N)cc2c1CCC2,0
protein83,1,CCCC1Nc2c(c(C)nn2-c2ccccc2)C(=S)N1c1ccc(F)cc1,0
protein83,1,Cc1ccc([S+]([O-])c2ccc(S(=O)(=O)N(C)C)s2)cc1C,1
protein83,1,CCOCC1CCCN(Cc2c(OCCCN3CCCCC3)ccc(Cl)c2Cl)C1,0
protein83,1,CC(C)C1CCCc2cc(O)c(O)cc21,0
protein83,1,CCCCN1CC(OC(=O)c2ccccc2)CC1N(C)C(=O)c1cccc(C#N)c1,1
protein83,1,CC1(C)CCC(n2cnc3c(N)ncnc32)COO1,1
protein83,1,CC(C)CC1=NN2C(=O)CC3(CCCc4ccc(O)cc43)CC2CC1,0
protein83,1,CCS(=O)(=O)N1CCC(C(=O)NCc2csc(-c3ccccc3F)n2)CC1,0
protein83,1,CC(CCC1CN(c2ccc(OC(F)(F)F)c(Cl)c2)C(=O)O1)C(CC(C)(C)C)C(=O)Nc1cc(C(=O)O)ccn1,0
protein83,1,CC(C)n1nc(CC(=O)NCC2(N3CCN(c4noc5ccc(C#N)cc45)CC3)CCCCC2)c2ccccc2c1=O,0
protein83,1,CC(C)(C)c1c(-c2ccc(C(F)(F)F)cc2)ccc2sc(N3CCOCC3)nc12,1
protein83,1,O=C(CC1C(=O)N(CCCCc2ccccc2F)c2ccccc2S1(=O)=O)N1CCCCC1,0
protein83,1,CCOc1ccccc1C(=O)Nc1nnc(-c2ccccc2C(F)(F)F)s1,0
protein83,1,CCCCNC(=O)CCC1=NS(=O)(=O)c2ccccc2N1,0
protein83,1,CCOCc1ccc2c(c1)C(=O)C(=C(C)N(C)C)C(=O)N2,0
protein83,1,CCn1nc(C)c2c1-c1ccc(-c3cnc(C(F)(F)F)[nH]3)cc1S(=O)(=O)C2,1
protein83,1,C=C1C(=O)C(NC(=O)c2cccc(-c3ccccc3)c2)C(C)(C)CC1N,0
protein83,1,O=C1OC(CC2(O)CCN(Cc3cccc(F)c3F)CC2)CN1c1cccc(Cl)c1,0
protein83,1,O=C(CSc1nc2c(Cl)cccc2s1)NC(=O)c1ccccn1,0
protein83,1,CC1(C)C=Cc2c(C3CC3CN3CCN(C(=O)c4ccc([N+](=O)[O-])cc4)CC3)nc3ccccc3c2O1,1
protein83,1,CCC1c2nc3ccccc3cc2CCN1C(=S)NCCc1ccc(OC)cc1,1
protein83,1,O=C1Nc2ccc(F)cc2C1=CN1CCN(Cc2ccccc2)CC1,1
protein83,1,O=C(O)C1CCC(c2ccc([N+](=O)[O-])cc2)N1,1
protein83,1,CCOC(=O)Nc1nc(-c2cccc(OC(F)(F)F)c2)sc1C(=O)N(CC)CC,0
protein83,1,CC=C(C)C(=O)N1CCCc2cn3c(nc4cccc([N+](=O)[O-])c43)c(C#N)c21,1
protein83,1,CCC(NC(=O)c1cncc(C)n1)C1C(=O)N(c2cc(-c3ccc(C#N)cc3)ccc2C)CC1F,0
protein83,1,CC(=O)Nc1ccc(OC(c2ncccn2)c2ccccc2Cl)cc1,0
protein83,1,Nc1nc(=O)n(C2CC(CO)C(NC(=O)OCc3ccccc3)C2)cc1F,0
protein83,1,N=C(N)c1ccc2c(O)cn(C(CO)c3ccccc3)c2c1,1
protein83,1,O=C(CCS(=O)(=O)c1ccc(CCc2ccccc2)cc1)Nc1cccc(Cl)c1,0
protein83,1,CCS(=O)(=O)NCc1c(-c2ccc(-c3ccncc3)cc2)nc2c(OCc3ccc(Cl)nc3)cc(F)cn12,0
protein83,1,CC(C)n1c(=O)c2c(c3ccccc31)-c1ccccc1SC2,1
protein83,1,Cc1ccc2c(c1N1CCC3(CC1)OCCO3)C(c1cccc(F)c1F)=NS2=O,0
protein83,1,NC1CCN(Cc2ccccc2)CC1,0
protein83,1,COc1ccc2c(c1)N(Cc1cccnc1)CC(C)(c1ccccc1)O2,1
protein83,1,O=C(Nc1c(F)cccc1Cl)c1sc2ncccc2c1C(=O)Cc1ccccc1,0
protein83,1,CCN1C(=O)CN=C1c1cc(C)ccc1O,0
protein83,1,CCCN(C(=O)CC)c1cc2c(cc1Sc1ccncc1)C(C)(C)[S+]([O-])C2,0
protein83,1,FC(F)(F)c1ccccc1NN=C1CCCc2c[nH]nc21,1
protein83,1,Cc1ccc(C(=NO)N(CC2CCCCC2)C(C)C)c(Oc2ccc(N(C)C)cc2)n1,1
protein83,1,CCC1=C2CC3Cc4cc(O)cc(c4)C1(C3)OO2,0
protein83,1,CCN1C2=NS(=O)(=O)c3ccccc3N2CCC1C,0
protein83,1,CC1(O)CCCC(CNc2nc3c(s2)CCc2cc(N)ncc2-3)C1O,1
protein84,1,CC1(C)CC(c2ccccc2O)CC(C)(C)N1O,1
protein84,1,CCCCC(NC(=O)c1cc(C)oc1C)C(C)C,0
protein84,1,CCN(C)c1ccc(-c2cncc(OCC3CC(=O)N(C(C)c4ccc5ncc(F)c(F)c5n4)C3)c2)cn1,0
protein84,1,CCC(=NNC(=O)c1oc2cc(-c3cccnc3)ccc2c1N)c1ccccc1O,1
protein84,1,Cc1ccc(NC(=O)CSc2nc3ccccc3c(=O)n2C2CCCCC2)c(C)c1,0
protein84,1,NC1CCCC(Nc2ccnc3ccccc23)C1,1
protein84,1,CCCN1C(=O)CCC1CC(=O)Nc1cc([N+](=O)[O-])ccc1N1CCCCC1,1
protein84,1,Nc1cccc(Oc2ccc(C#CC3(N4CCNCC4)CCCC3)c(C(F)(F)F)c2)c1,0
protein84,1,CC(=O)Nc1ccc(F)c(NC(=O)c2cc3ccc2OCCCO3)c1,0
protein84,1,CCc1ccc(C=NNC(=O)CCN(C(=O)COC)C2CCCCC2)o1,1
protein84,1,O=c1oc2cc(Cl)c(N3CCCCC3)c(Cl)c2n1Cc1cc(F)cc(F)c1,0
protein84,1,COc1cn(C2CCN(C(=O)C3CCC(=O)SC3)C2)cc1-c1nnc(NCc2cccc(C)c2)c2ccccc12,0
protein84,1,CCC(C)C(N)C(=O)Nc1nnc(-c2cc(-c3ccc(OC)cc3)nc3ccccc23)o1,1
protein84,1,CCOC(=O)c1cc(C#N)n(-c2ccc(Cl)cc2)c1-c1ccccc1,0
protein84,1,Cc1ncnn1-c1ccc(S(=O)(=O)NC2=NC(N)=Nc3ccccc3C2)cc1,0
protein84,1,CC1(C)CCCCC1NC(=O)c1ccc2c(-c3n[nH]cc3C(N)=O)ccnc2c1F,0
protein84,1,O=C(CSCc1ccccc1[N+](=O)[O-])Nc1ccc2c(N3CCOCC3)nc(-c3ccncc3)nc2c1,1
protein84,1,COc1cc2nc(NC3CCC(C)C3)nc(Nc3cccc(Cl)c3)c2cc1OC,1
protein84,1,NC(=O)c1nc(OCC2CCCC2)cc(-c2ccc(-c3ncccn3)c(Oc3c(F)cccc3F)c2)n1,1
protein84,1,CC1(C)Oc2ccc(C(=O)C(=N)N3CCS(=O)(=O)N(Cc4ccc(F)c(Cl)c4)C3)cc2C(Cl)C1O,0
protein84,1,CCn1cc(CCNC(=O)C(N)c2ccccc2)c2ccccc21,1
protein84,1,CC1(C)CC(C(=O)N2CCN(Cc3cccnc3)CC2CO)c2ccccc21,0
protein84,1,CC1CN(c2ccc3c(c2)C(=O)N(Cc2cccc(F)c2F)C3=O)Cc2cccc(F)c21,1
protein84,1,CCN(CC)CCn1ncnc1-c1cccc(C)c1,0
protein84,1,CC1(C)Cc2c(C(=O)O)csc2CC1(C=CI)N1CCCC1=O,0
protein84,1,Cc1ccc(C)c(Nc2c(C#N)cnc(N)c2[N+](=O)[O-])c1,1
protein84,1,Cc1c[n+](Cc2c(F)cccc2F)ccc1C(=O)NC1CCCCC1,0
protein84,1,CCCC(NC(=O)C(C)(C)CO)C(=O)O,0
protein84,1,COC(=O)Cn1c(N)c(C#N)c2cc(-c3ccc(Cl)c(-c4ccccc4)c3)ccc21,0
protein84,1,Cc1noc(C)c1C(=O)N(Cc1ccc2c(c1)CCC2)c1cccnc1-n1cccc1,0
protein84,1,CCC(C)N1CCC(C)C(NS(=O)(=O)c2cc(Cl)cc(Cl)c2O)C1,0
protein84,1,CC(C)C(=O)NC1CCCCC(CO)CCCN2c3ccccc3C(c3ccccc3)C12,0
protein84,1,CC(=O)NC(COCCCc1ccc(CN(C)CC(C)(C)CC(C)C)cc1)C(=O)Nc1ccncc1,0
protein84,1,CCOc1ccc(Cl)cc1C(C)=NNC(=S)N1CCN(CC)CC1,0
protein84,1,CCCOP1(=O)Oc2ccc(cc2)CCC1NC(=O)C(C)(C)C,0
protein84,1,CCn1c(N2CCCN(Cc3ccccn3)CC2)nc2ccc(-c3cnccn3)cc21,1
protein84,1,Cc1ccc2cc(F)c(-n3cc(NC(=O)CCN4CCN(C)CC4)cn3)nc2c1C,0
protein84,1,CCn1ncc2cc(-c3nc(CN(C)c4cnc(-c5cnn(C)c5)c(F)c4)cs3)ccc21,1
protein84,1,O=C(CCSc1ccc(Oc2ccccn2)cc1[N+](=O)[O-])NCC1(c2ccccc2)CC1,1
protein84,1,CC(C)Cc1ccc(-c2c(C(=O)O)cnc3ccccc23)cc1,0
protein84,1,Nc1c2ccccc2nc2c1oc(=O)c1c(O)cccc12,1
protein84,1,NC(=O)c1nc(C(F)(F)F)cc(Cl)c1Cl,0
protein84,1,Fc1ccc(Oc2c3cccc2P2CCNCC2N3C2CCCCC2)cc1F,0
protein84,1,CC(C)Cc1cc(-c2ccc3c(c2)C(=O)N(Cc2cnn(C)c2)C3)cc(S(C)(=O)=O)n1,1
protein84,1,CC(C)C1CCC(C)(C(c2cccc3c2SCC(N2CCCCC2)=N3)n2ccnc2)OC1,0
protein84,1,Cc1cnc(Nc2nc(C)cc(C)c2-c2ccnc(NC(C)c3cncc(Cl)n3)n2)cn1,0
protein84,1,Cc1nnc(C(F)(F)F)c(Nc2cc(-c3ccccc3)n(C)c(=O)n2)c1C,1
protein84,1,[C-]#[N+]c1c(F)cc(N(C)c2ccccc2S(=O)(=O)C(C)C(=O)O)c2cc(N)nnc12,0
protein84,1,CCCn1c(CCC(=O)NCC(F)(F)F)nc2c(C3CC3)cc(-c3cccc(C)c3)cc21,0
protein84,1,COc1ccccc1N1CC2(CC(O)CC(C)(C)C2)C(C)NC1=NC#N,1
protein84,1,CCC(=O)N1C(=O)C(C)(C(F)(F)F)c2ccc(-c3ccc4c(C(=O)NCC(C)N5CCOCC5)c(C)[nH]c4c3)cc21,0
protein84,1,CCCC(CN1CC[N+](C)(C)CC1)Oc1cccc2c1CCN1CCCCCC21,0
protein84,1,CCCS(=O)(=O)Nc1ccc(-c2cnc(C3(C(F)(F)F)CCOCC3)cc2C(F)(F)F)cc1,0
protein84,1,CCC1CCCCN1C(=O)C1C2CCCN(CCN1S(=O)(=O)c1ccc(C)c(O)c1)C2,0
protein84,1,CC(NC(=O)C1CC(C)(C)C(C(=O)O)N1C(=O)C1CCCC1)c1ccccc1,0
protein84,1,CC(C)NC(=O)c1cn2cc(-c3cnc(N)nc3)ccc2n1,0
protein84,1,CCCCN1C(=O)c2ccccc2C12CNC(=O)C2,0
protein84,1,CCOc1cc([N+](=O)[O-])ccc1Oc1ccccc1CC(=O)Nc1c(C)n(C)n(-c2ccccc2)c1=O,1
protein84,1,FC(F)(F)c1ccc2c(c1)CN(CCN1CCOCC1)C(CCCCCn1ccnc1)O2,0
protein84,1,CCOc1cccc(OC)c1CN1CCN(CC(O)c2cccc(OC)c2)CC1,0
protein84,1,CCc1c(Cc2ccccc2)nc(Nc2cccc(Oc3ccccc3C#N)c2)[nH]c1=O,0
protein84,1,O=C1CCC(=O)N1c1ccc(Oc2ccc([N+](=O)[O-])cc2Cl)c(F)c1,1
protein84,1,Cc1ccc2c(c1)c(C1=C(Nc3c(C(C)C)cccc3C(C)(C)C)COC1=O)cn2CC(C)C,0
protein84,1,Cc1ccc(C)c(OCc2c(N3CCOCC3)ncc3c(N)cc(-c4ccc(C(N)=O)cc4)nc23)c1,1
protein84,1,CCCCN(C)Cc1cc2ccccc2nc1O,0
protein84,1,Cc1cc(-c2cc3c(N)ncnc3n2Cc2ccccc2C(F)(F)F)cc(C)c1OC(=O)N(C)C,0
protein84,1,CC(=O)Nc1cccc(-c2cnc3cc(Cl)ccc3c2NCCC[S+]([O-])Cc2ccccc2)c1,0
protein84,1,CC#CCOc1ccc(-c2cncc(Nc3ccc([N+](=O)[O-])cc3C(=O)O)c2)cc1,1
protein84,1,O=C(CN1CCCCC1=O)Nc1ccc(NC(=O)c2ccc(O)cc2O)cc1,0
protein84,1,CC(C)(O)C#Cc1cc(F)c(OCC(CN2CCN(CC3CCC3)CC2C=CC(=O)O)c2ccccc2)cc1F,0
protein84,1,CC(Cn1ccnc1)NC(=O)c1[nH]c2ccc(F)cc2c1-c1ccc(F)cc1,0
protein84,1,CCCCNc1nc(N)n2c(C)cc(C)c2n1,1
protein84,1,CCNc1nc(Oc2cccc(O)c2Cl)cc(-c2cccc3c(O)ccnc23)n1,1
protein84,1,Cc1nc2ccccc2n1-c1nnc(-c2cccc3[nH]ccc23)o1,0
protein84,1,Cc1cc(-n2ccnc2Cc2c(C(=O)NCCN(C)C)c3cccc(Cl)c3n2C)nc(N)n1,1
protein84,1,Cc1cncc(-c2nc3ccc(F)cn3c2Nc2ccc(N3CCCC3)cn2)c1,1
protein84,1,CC(C)C1=C2C(O)c3cc(O)cc(O)c3CC2C(C)CC1,0
protein84,1,O=CNC1CCC(COP(=O)(c2cccnc2)c2ccc(Cl)c(Cl)c2)CC1,0
protein84,1,CCCC(=O)Nc1ccc(Nc2cnc3c(F)cc4c(c3n2)CN(C(CC)CN2CCCC2)C4=O)cc1Cl,1
protein84,1,CCCCCCC1C(N(C)C(=O)ON=Cc2ccccc2O)C1(N)c1ccc(CC(F)(F)F)s1,1
protein84,1,CCN1CCN(c2cc3c(C)cc(=O)oc3cc2Cl)CC1,0
protein84,1,CCOc1cc(C(=O)COc2ccc(SCC(=O)Nc3ccc(C(C)(C)C)cc3)cc2)ccc1O,0
protein84,1,CCCC(CC)C(=O)Nc1cccc(-c2noc(C(F)(F)F)n2)c1,0
protein84,1,CCc1ccccc1NC(=O)CS(=O)(=O)c1cn2c(n1)-c1nc3cccc(Cl)c3cc1C2,0
protein84,1,O=C(Nc1cc(Nc2ncccn2)ccc1Cl)NC1CCCCC1,0
protein84,1,CCOc1cc2c(cc1OC)C(=O)CC(c1ccc(N)c(OC)c1)C2,1
protein84,1,CC(O)C(CC(O)CCCC1C(C2CC2)NC(=O)CN1C(=O)OC(C)(C)C)OC(=O)c1cc2ccc(Cl)cc2n1C,0
protein84,1,CCCCC(CC(=O)NO)C(=O)N1C(C#N)CCC1c1ccncc1,0
protein84,1,Cc1c(-c2ccnc(Nc3ccc(C(=O)O)cc3)n2)c2ccccc2n1C(=O)c1ccc(F)cc1,0
protein84,1,Cc1nc(C)c(-c2c3nnc4c2c(cn4C)Nc2c(C)cccc2-3)s1,1
protein84,1,CCCn1cc(C(=O)Nc2ccc(Oc3ccc(OC)cc3Cl)cc2)nn1,0
protein84,1,CCNC(=O)Nc1sc2nc(C(C)=C3COc4ccccc43)cn2c1-c1ccncc1,0
protein84,1,CCc1ccccc1CN1CCCc2ccc(C(=O)Nc3ccccc3C(N)=O)cc21,0
protein84,1,CSCC1OC(CCC2CCCCC2N2CCc3ccccc32)N2C3SC(C)(C=C3C)CN2C1C(=O)N1CCOCC1,0
protein84,1,Cc1c(Cl)cccc1S(=O)(=O)NC1CC(N2CCC(c3ccc4c(C5CCCC5)c[nH]c4c3)CC2)COC1CO,0
protein84,1,CCC(=O)N1c2cc(OC(C)=O)c(O)cc2CC1c1c2ccccc2nc2c(OC)cccc12,1
protein84,1,CCc1ccc(N)nc1Nc1nnc(-c2cc3ccccc3s2)o1,1
protein84,1,CC(C)n1cc2c(cc1=O)N(CCCCC1c3cc(F)cc(C(F)(F)F)c3CCC1C(=O)N(C)C)CC2,0
protein84,1,O=C(c1ccn[nH]1)N1N=C(c2ccc(Cl)cc2)CC1c1ccccc1O,0
protein84,1,CCC(NCCN(C)C)c1ccc(OS(=O)(=O)Cc2cccc(Cl)c2)cc1,0
protein85,1,CCNC(=O)c1ccc2oc(-c3cccc(C(=O)Nc4ccc5c(c4)OCCO5)n3)nc2c1,0
protein85,1,O=C(NC1CCCCC1)NS(=O)(=O)Cc1ccc(Cl)cc1Cl,0
protein85,1,CC=NCCCC1CNC(C)(C)C(Cc2ccc(O)cc2Cn2cnc3cc(N(C)C)ccc32)C1,1
protein85,1,Cc1ccc(N=C(N)SCCc2cc3c(cc2C)OCO3)cc1,1
protein85,1,CCC(O)CCn1c(Oc2ccc(F)cc2F)nc2ccncc2c1=N,0
protein85,1,CCc1cnc(N2CCCC(C(=O)N3C(=O)C(c4ccc(F)cc4)c4ccccc43)C2)nc1,0
protein85,1,Cc1nn(-c2nc(CO)cnc2-c2ccc(F)c3c2CC2(CCCC4CN(c5cccnn5)CC(N(C)C)C42)CO3)c(C)c1Cl,0
protein85,1,CCN(CC)c1cc2ccc1c1cccc3c(cc(=O)[nH]c13)c(=O)n(-c1ccccn1)c2=O,1
protein85,1,CCn1c(SCC(=O)Nc2ccc(F)cc2)nc2ncccc21,0
protein85,1,CC1CC2=CC3(C2)OC(=O)N(C(C)C)CC13,0
protein85,1,Nc1nc(N2CCNCC2)nc2cc(-c3ccc(F)cc3)ccc12,1
protein85,1,CCCCCCC(N)C(=O)NC(CCCc1ccccc1)C(=O)O,0
protein85,1,CC1=C(C(O)C2C(N(C)C)c3ccc(O)c(O)c3C(C)(c3ccccc3)C2O)N(C(C)C)C(=O)C1O,0
protein85,1,Cc1ccc(N2CCC(NC(=O)c3ccc(C(=O)O)c4c(C)cccc34)CC2)cn1,1
protein85,1,CC(C)NC(=O)C(CCC1CO1)c1ccc(CN=C2c3cc(NC(=O)C4CCOC4)nn3CC3CCCC2C3)cc1,1
protein85,1,CC(C)CC1CN(C(=O)c2ccc(Cl)cc2)CCN1c1nc(C(F)(F)F)ccc1N,0
protein85,1,Cc1ccc(Cn2cc(S(=O)(=O)N3CCCCCC3)nc2C2CC2)cc1,0
protein85,1,Nc1cc(Cl)c(S(=O)(=O)N2CCCCC2)cc1C(=CCN1CCNCC1)c1ccsc1,0
protein85,1,COc1ccccc1C(=O)OCC(=O)N1c2ccccc2NC(=O)C1C,0
protein85,1,CC(C)(O)CCc1ccc(C2C(c3cccc(OC(F)(F)F)c3)C(=O)N2c2cccc(Cl)c2)cc1,0
protein85,1,CCn1c(=O)c(F)cn2cc(-c3ccc(Oc4cccc5c4CCCC5(O)C(C)(C)C)c(Cl)c3)c(=O)nc12,0
protein85,1,Cc1cc(Cl)cc(C)c1Oc1cncc2[nH]c(-c3cc(N)nc(N)n3)cc12,1
protein85,1,CC(C)N(CCCN1CC(C)(C)CC1=O)C(C)(C)C,0
protein85,1,CCC(NC(=O)OC(CCN1CCCCC1)(c1ccccc1)c1ccccc1)c1ccccc1,0
protein85,1,CC(C)Cc1c(-c2ccc(Cl)cc2Cl)[nH]c2c(NC3CCCC3O)ncnc12,0
protein85,1,CCC(C(=O)OCc1cc(=O)n2ccccc2n1)N1C(=O)c2ccccc2C1=O,0
protein85,1,CCC1(c2ccc(S(=O)(=O)[O-])cc2)CCC1,0
protein85,1,CC(C)S(=O)(=O)n1cc(NC(=O)CCC2CCN(CCS(=O)(=O)Cc3cn(C)nc3C(F)(F)F)CC2)cn1,0
protein85,1,CC1(O)CCC2CN(c3cccc(CCCN)c3)c3nccc1c32,0
protein85,1,O=C(NO)c1ccccc1Nc1ncc([N+](=O)[O-])cc1[N+](=O)[O-],1
protein85,1,Cc1c(-c2cnco2)ccc(Oc2cc(C#N)ccc2Cl)c1F,0
protein85,1,CCOC(=O)C1Cc2ccc(O)cc2CN1C(=O)c1csc(-c2ccc(OC)cc2OC)n1,0
protein85,1,Cc1cc(C)c(N(c2c(N)n(C3CCCCC3)ccc2=O)S(=O)(=O)c2ccc(C(F)(F)F)cc2)c(C)c1,0
protein85,1,CCn1cc(-c2cnc(CC3=C(O)C4(CCC3=O)NCCc3cncnc34)s2)cn1,0
protein85,1,CC(=O)OC1CCC(C)(C)C(c2ccccc2)C1NC(c1ccccc1-c1ccccc1)C1CCCCC1,0
protein85,1,CCCS(=O)(=O)Nc1ccc(-c2cnc(Nc3ccccc3F)c(Oc3cc(C(=O)O)ccc3OC)c2)c(C(=O)O)c1,0
protein85,1,CCCc1cc(CN2CCC(C(=O)Nc3nc(OC)cc(OC)n3)CC2)nn1-c1cccnc1,0
protein85,1,CCOc1ccc(Oc2ccc(F)cc2)cc1C(=O)N1CCN(c2ncccn2)CC1C,0
protein85,1,CCCCc1ccc(Oc2ccc(OC)cc2NC(=O)c2cccc(C(C)C)c2)c(O)c1,0
protein85,1,CC(=CC(=O)N(C)CC(=O)Nc1ccccc1F)c1ccc(O)c(O)c1,0
protein85,1,CCC(CO)Nc1nccc(N2C(=O)OCC2C2(C)CS(=O)(=O)c3cccc(-c4ccc(C(=N)N)c(Cl)c4)c32)n1,1
protein85,1,CC(C)CNC(=O)c1cccc(Nc2nccc(-c3sccc3S(=O)(=O)N3CCCC3)n2)c1,0
protein85,1,O=C(O)c1cc(C(=O)Nc2cccc(C(F)(F)F)n2)cc(S(=O)(=O)N2CCOCC2)c1,0
protein85,1,O=C(NCCCN1CCOCC1)C1=C(c2ccccc2)CCCC(c2cccnc2Cl)N1,0
protein85,1,Cc1ncccc1-c1c(S(=O)(=O)O)nc2ccc(C(F)(F)F)cc2c1Nc1cccc(C(=O)OC(C)(C)C)c1,0
protein85,1,CC(C)(C)C(C(=O)Nc1ccc(F)cc1F)n1nnc2ccc(F)cc21,0
protein85,1,CCCC1NC(C2c3c(cc(O)cc3OCC)CCC2c2ccccc2)N(C(=O)CS)C1=O,0
protein85,1,CCn1ccc2c(Cl)c(C(=O)Nc3ccc4c(c3)OCCO4)ccc2c1=O,0
protein85,1,CC1CCCN1C(=NO)c1cccc2c1c1ccccc1n2C(=O)CCl,1
protein85,1,CCCCC1(C)NC(c2ccc(Cl)c(Cl)c2)c2ccccc21,0
protein85,1,O=C(NC(=S)Nc1onc(-c2ccccc2)c1-c1ccccc1)c1cccc([N+](=O)[O-])c1,1
protein85,1,CCCCS(=O)(=O)Nc1cc(C(=O)N2CCCCC(C)C2)ccc1Cl,0
protein85,1,CCCCC1CNN=C1CF,0
protein85,1,CCC(C)(C)C(=O)Nc1ccc(-c2cc(-c3ccc(O)c(O)c3)on2)cc1,0
protein85,1,CCCC(CN1CCC2C(Cc3cc(OC)nc4c3C2(C)Oc2ccccc2-4)C1)N(C)c1ncnc2c1cnn2C,0
protein85,1,CCCCCCC(N=C(N)C=CC(F)(F)F)C(C)([O-])C(F)(F)F,0
protein85,1,CCn1nc(-c2ccccc2)c(C(N)=O)c1O,0
protein85,1,O=C(O)c1cn(Cc2ccc(Cl)cc2)c2nc(N3CCNCC3)c(F)cc2c1=O,0
protein85,1,CC(C)N(CC1CN(C(=O)c2ccc(Cl)c(C(F)(F)F)c2)C(C)c2ccc(OC(F)(F)F)cc21)C(=O)C(F)(F)F,0
protein85,1,CN1Cc2ccccc2C1(COc1ccc(C(F)(F)F)cn1)Cc1ccccc1,0
protein85,1,CC1(C)CC(N)CCc2c(O)cccc21,0
protein85,1,O=C(CCS(=O)(=O)c1ccc(Oc2cccc(NC(=S)Nc3ccc(Cl)cc3F)c2)cc1)N1CCCC1,0
protein85,1,CCN(CC)C(=O)c1ccc2nc(Nc3ccc(C(N)=O)cc3)c3ccccc3n12,1
protein85,1,CC(C)n1cc(C(=O)O)c(=O)c2ccc(-c3ccccc3)nc21,0
protein85,1,O=C(O)c1cc(-c2ccccc2F)nc(N2CCC(N3Cc4cccc(Cl)c4C3=O)CC2)n1,0
protein85,1,CCN(CC)CCCN1c2ccc(S(=O)(=O)NCc3c(C)nn(C)c3C)cc2CC1C,0
protein85,1,Cc1ccc2c(c1)c(=Nc1ccccc1C)c1cccc3nc(N4CCOCC4)n2c31,1
protein85,1,CC(C)COc1ccc(Nc2c(-c3cncnc3)cc3ncc(CN4CCC(C(=O)NC(C)C)CC4)cn23)cc1,0
protein85,1,O=C(C(O)C1c2ccccc2-c2ccccc21)N1CCC12C(=O)N(Cc1cccnc1)c1ccc(F)cc12,0
protein85,1,Cc1cn(-c2ncnc(N3CCCC(C)C3)c2Cl)c(C)n1,0
protein85,1,Cc1noc(C2=CCN(c3ccccn3)CC2)c1S(=O)(=O)Nc1ccc(Cl)c(C(F)(F)F)c1,0
protein85,1,Cc1nc2c(sc3cnccc32)c(=O)n1NC(=O)c1ccccc1Cl,0
protein85,1,O=C(O)Cc1ccc(C(=O)O)c2c(Cc3ccccc3)coc12,0
protein85,1,N=C(N)Nc1nc(-c2cccc(C(F)(F)F)c2)c(-c2nc(NC(=O)Br)ccc2Cl)s1,0
protein85,1,Nc1cccc(C(=O)NN=Cc2ccccc2O)c1,1
protein85,1,CCCCC1CNC(=O)c2nc(oc2C)-c2ccc(C3CCCC3)cc21,0
protein85,1,CCn1cc(NS(=O)(=O)c2ccc3c(c2)oc(=O)n3C)cn1,0
protein85,1,Cc1cc(Br)nc(SCc2ccccc2)c1,0
protein85,1,Cc1cccc(Nc2nccc(-c3ccc(C(=O)N4CCCC(CN5CCCOCC5)C4)cc3)n2)c1,0
protein85,1,CCOc1ccc2ccc(NC(=O)C3(N4CCN(C)CC4)CCCCC3)nc2c1OCC,0
protein85,1,CC(NC(=O)OC1CCC(C)(C)C=C1Nc1ccc(C(=O)O)cc1N)c1ccccc1,0
protein85,1,O=C(NC1CCC(CC2CN(c3cc(F)c(F)c(F)c3)C(=O)O2)CC1)c1cc(F)c(F)cc1Cl,1
protein85,1,Cc1ccc(NC(=O)C2CCN(c3nnc(-c4ccc5c(c4)CCCO5)o3)CC2)cc1C,0
protein85,1,O=C(O)CCCn1c(-c2ccc(OCC(F)(F)F)cc2)nc2cc(N3CCCCC3)ccc21,1
protein85,1,CC1NC2CCCCC2CCC1OC(=O)c1c(O)cc(-c2ccccc2)cc1O,0
protein85,1,CC(C)Cc1nc2cc(-n3ccnc3)c(Cl)cc2n1Cc1ccccc1,1
protein85,1,COC1CCN(S(=O)(=O)c2ccc3[nH]c4ncnc(OC5C=CC(C)(C)CC5O)c4c3c2)C1,0
protein85,1,Cc1cc(O)c(S(=O)(=O)NCc2ccc(Cl)cc2)c(Cl)c1,0
protein85,1,NC(=O)c1nc(-c2ccccc2Cl)[nH]c1-c1ccc(-c2ccccc2N)cc1,1
protein85,1,Cc1cc(C)c2nc(-c3ccc(Cl)cc3)nc(NN)c2c1,1
protein85,1,Nc1cc2cc(Cl)c3cc[nH]c3c2c(CSCc2c(F)cccc2F)n1,1
protein85,1,Cc1cccc(-c2c(N)n(Cc3cccc(F)c3F)c(=O)[nH]c2=O)n1,1
protein85,1,O=C(NCc1cc2ccccn2c1)c1ccc(-c2nc3cnccc3n2Cc2ccc([N+](=O)[O-])cc2)s1,1
protein85,1,CC(C)CCNC(=O)CN1C(=O)c2ccccc2S1(=O)=O,0
protein85,1,CC(C)C(NC(=O)CCCC1CCN(C(=O)OC(C)(C)C)CC1)C(=O)NCc1cscn1,0
protein85,1,CCOc1cc(Nc2ncc(C(F)(F)F)c(Oc3ccc(Cl)cc3C)n2)ccc1N1CCNCC1,0
protein85,1,CCN1C(=O)CSc2cccc(C=NNC(=S)NC3CCCCC3)c21,1
protein85,1,Cc1nn(Cc2ccccc2)c(N)c1-c1nc(C#N)c(N2CCCCC2)o1,1
protein85,1,CCCN(C(C)=O)C(CC(=O)N1CCN(C)CC1)C(=O)O,0
protein85,1,CC#CCN1CCC(c2ccccc2C(F)(F)F)CC1C(=O)NC1CCN(N(C)C)C(C)(C)C1,0
protein86,1,CCOc1ccc(-c2cc3c(Cl)cccn3c2C=NNC(N)=S)cc1Cl,1
protein86,1,CC(C)(C)c1ccc2oc(-c3c(N)ncnc3N3CCNCC3)cc2c1,0
protein86,1,CC#CCN(Cc1nc2cc([N+](=O)[O-])ccc2[nH]1)c1cnc(-c2c(F)cccc2F)cn1,1
protein86,1,CC(C)CC(Nc1nccc(-n2c(C3CCCCN3CCO)nc3ccccc32)n1)c1cccnc1,0
protein86,1,Cc1ccc(-n2c(N3CCC4(CC3)OCc3ccccc34)nn(C)c2=S)cc1,0
protein86,1,Cc1nn2c(N)c3c4cccc3cc2c1C(CO)COc1ccc(cc1C(O)(C(F)(F)F)C(F)(F)F)CC4,1
protein86,1,CCCCC1N(C)C(=O)C(N2C(=O)OCc3ccccc32)C12CCOCC2,0
protein86,1,CC(C)(CO)c1ccc(NC(=S)NC(=O)c2ccc(S(=O)(=O)N3CC=CC3=O)cc2)cc1,0
protein86,1,CC1NCC=C2N(C(=O)Cc3ccsc3)C(c3ccccc3)CCC(CN(C)C)C21C,0
protein86,1,Cc1nc(-c2ccccc2S(=O)(=O)NC2CCCCC2)no1,0
protein86,1,COC1C(C)=CCN(C)C1Cc1nc2ccc(C(F)(F)F)cc2n1C(=O)CSC,1
protein86,1,Cc1ccc(Nc2nc(-c3ccc(I)c(S(C)(=O)=O)c3)cs2)nc1,0
protein86,1,ONC(Br)=Nc1ccc(Nc2ccc(C(F)(F)F)cc2)c(Cl)n1,1
protein86,1,CC(=O)OC(C#N)(c1ccccc1)c1cc(-c2ccc(C(F)(F)F)c(F)c2)[nH]c1C(F)(F)F,0
protein86,1,CC(C)(N=Cc1c2n(c3ccccc13)CC(=O)O2)C(=O)Nc1ncc(F)cc1F,0
protein86,1,CC(C)CC(=O)Nc1nnc(COc2ccccc2C(=O)O)s1,0
protein86,1,Cc1cc(CCc2ccccc2C(F)(F)F)c2c(c1)CCN2C(=O)COC(=O)c1ccncc1,0
protein86,1,O=C(c1ccccc1OCC(F)(F)F)N1N=C(O)CC1c1cccnc1,0
protein86,1,Nc1nc2c(c(OCC(F)(F)F)n1)CN(c1ccc(-c3cncc(Cl)c3)cc1F)CC2,0
protein86,1,O=C(OCCC1C(=O)N(Cc2cccc(O)c2)CC1O)c1ccc(F)cc1,0
protein86,1,CC1(C)CC(N2CCc3c([nH]c4ccccc34)C2(C)C)=NC(C)(C)C1,1
protein86,1,O=C(NC1=NCCN1)c1ccc(S(=O)(=O)Cc2ccccc2Cl)cc1F,0
protein86,1,CCNC(=NO)c1cnn2c1N(C(=O)C1CCCCC1)CCC2,0
protein86,1,Cc1nnc(O)cc1Oc1ccc(-n2c(CN3CCC(C(C)(C)O)CC3)nc3ccccc32)cc1,0
protein86,1,CC(C)=CCONC(=O)c1cccc(C)c1,0
protein86,1,CCCCNc1nccc(-n2ccnc2C2CCN(c3cc(=O)n4ccccc4n3)CC2)n1,0
protein86,1,Cc1ccc(C(=O)Nc2ccc(Cl)c3ncnc(-c4ccc(O)c(Cl)c4)c23)s1,1
protein86,1,CCOc1ccc(C2OC(=O)c3[nH]c4cc(OC)ccc4c3C2C(=O)O)cc1OC(C)=O,1
protein86,1,CCOCn1cc(C2(c3cccc(Oc4ccc(F)cc4)c3)CCN(C(C)C)CC2)c2ccccc21,0
protein86,1,Cc1c2n(C(C)C)nc(c1=O)-c1cn(Cc3ccc(C(=O)OC4CCN(C)CC4)cc3)c3ccc(cc13)S(=O)(=O)N2,0
protein86,1,Cc1ccccc1-n1nncc1C1CCN(Cc2ccc(N)c(Cl)n2)CC1CO,0
protein86,1,CC(C)C=CS(=O)(=O)N1CCCC1,0
protein86,1,Cc1ccc(CNCCn2c(C)cnc(N)c2=O)cc1,1
protein86,1,CC(C)(C)c1ccc2c(c1)NC(=O)CN(CCc1c(-c3ccccc3N3CCCCC3)cc(O)c3ncccc13)C2=O,1
protein86,1,O=C(Cc1c(F)cccc1Cl)OCc1nnc(N2CCCCCC2)c2ccccc12,0
protein86,1,CS(=O)(=O)N1Cc2cc(F)ccc2C(C(=O)Nc2ccc(C(F)(F)F)cc2C(=O)NCc2ccc(Cl)cc2)C1C1CC1,0
protein86,1,O=C(Nc1nc2c(c(-c3ccccc3)c1CN1CCCCC1)CCC2)c1ccc[nH]1,1
protein86,1,CCCCCNC(=O)C(C1CCc2c(OC)cccc21)C(C)(C#N)CCCCCOC,0
protein86,1,CCCc1cnc(Nc2ccc(N3CCN(C)CC3)cc2)nc1-n1cccc1Cl,0
protein86,1,Cc1ccc(-c2cc(C#N)c(N3CCC(c4cccc(O)c4)CC3)c(NC3=NC(=O)CS3)c2)cc1,0
protein86,1,Cc1cc(C)cc(NCCn2nnc3ccccc32)c1,1
protein86,1,CCCCC(=O)Nc1nnc(CN2CCCC(CO)C2)o1,0
protein86,1,CC(C)NS(=O)(=O)c1ccc(-c2ccc(F)c(C(=O)NC3CCCC3)c2)cc1,0
protein86,1,Cc1cc(C(=O)NCCCn2c(C)c(C)c3c(Cl)cccc3c2=O)no1,1
protein86,1,CCN1C(=O)CC(Nc2ccc(Cl)c(Cl)c2)C1=O,0
protein86,1,CCn1c(=O)ccc2c(NC(=O)COc3cccc(F)c3Cl)cccc21,0
protein86,1,CC(C)COc1nc(Cl)c(Cl)c2c1C(C)CCN2C(=O)c1c2ccccc2nc2cccc(=O)n12,1
protein86,1,CC1=C(C(=O)N(C)C)CC(c2ccc3cc(C(=O)Nc4ccc(N(C)C)cc4C)[nH]c3c2)CN1C,1
protein86,1,Cc1ccc(Nc2c(C)n(C)n(-c3ccccc3)c2=O)nc1,0
protein86,1,Cc1cccc(-c2ncc(N(C)C3CCCCC3C)c(N3CCCC3C(=O)O)n2)n1,0
protein86,1,CC(=O)N1CCCc2c(-n3cncn3)cc3c4c(ccc3c21)CCCN4CCN1CCCC1,1
protein86,1,CCc1nc(-c2cnc(CNC(=S)Nc3cncc(C(=O)O)c3)cn2)cnc1C,0
protein86,1,Cc1cccc(Nc2nnc(-c3ccccc3C(O)(c3ccccc3)C3CCNCC3)s2)n1,0
protein86,1,CCS(=O)(=O)N1CCCC23CC1=CC(C)(CN(C(=O)c1ccccc1Cl)C2=O)C3,0
protein86,1,CCOP(=O)(Nc1c(Cl)cccc1Cl)OCC,0
protein86,1,CC1CCCCc2cc(O)ccc2C(OC(=O)C(C)(c2ccccc2)[N+](C)=O)C(C#N)C1,0
protein86,1,CCC1(CC)N=CN(C)C1=O,0
protein86,1,[C-]#[N+]c1ccc(Oc2cnc(N)nc2N2CCN(C)CC2)cc1Cl,1
protein86,1,O=C(NN=C1CCCCCC1)c1ccc(Cl)cc1Cl,0
protein86,1,CC(C)OCCC1CCCN(C(=O)COc2cccc3cccnc23)C1,0
protein86,1,O=CNCc1ccccc1N1CCN(C(=S)Nc2ccncc2)CC1,0
protein86,1,Cc1ccc(Cl)c(Oc2cc(C3CCCC3)nc(C)n2)c1,0
protein86,1,CCOc1cc(-c2ccc(C(=O)N3CCC(n4c(=O)[nH]c5ccccc54)CC3)o2)ccc1OC(F)(F)F,0
protein86,1,CC(C)=CC(CN1CCN(c2ccc([N+](=O)[O-])cc2Cl)CC1C)OC(=O)c1cc(F)ccc1F,1
protein86,1,CC(C)c1ccc(S(=O)(=O)Nc2cc(C(=O)N3CCC(O)C3)ccc2F)s1,0
protein86,1,CC=NCCCC(C(=O)NCC1CCCCC1)N(C)S(=O)(=O)c1cc(Cl)ccc1NC(C)(C)C,0
protein86,1,Cc1cc(C(F)(F)F)nc2cc(C#N)cc(S(=O)(=O)n3ncccc3=O)c12,1
protein86,1,CCC(C)C(OC(=O)c1nc(OCC(F)(F)F)ccc1O)c1ccccc1,1
protein86,1,NC(=O)c1c(Cl)ccc(OC(c2ccncc2)c2cccs2)c1Cl,0
protein86,1,O=C(NCCn1c(C(F)(F)F)cc2cc(Nc3cc(Cl)[nH]n3)ncc21)c1ccccc1O,0
protein86,1,Cc1ccc(C)c(NC(=O)C(C)S(=O)(=O)c2ccc(Nc3cc(C)c4ccccc4n3)cc2)c1,1
protein86,1,CC(C)COc1ccc(C(=O)N2CCCC3CCCCn4ncc5c(N(C)C)ncc(c54)CNC(=O)C32)cc1,0
protein86,1,CCn1nc(OC)c2c(C(=O)NCC3CCCN(c4nc(C)cc(Oc5cc(C)cc(C)c5)n4)C3)n(C)cc2c1=O,1
protein86,1,Cc1nn(C)c(Cl)c1C(=O)N1CCC(CO)C1,0
protein86,1,Cc1nc(CCN2CC(CN3CCC(=O)N(c4ccccc4F)C3=O)C(C(=O)O)C2)c[nH]1,0
protein86,1,CC(C)=CC(=O)Nc1nnc(-c2ccccc2C)s1,0
protein86,1,Cc1ccccc1N(CC(=O)Nc1ccccc1-n1cccc1)C(=O)c1ccccc1,1
protein86,1,CC(=O)Nc1ccc(CCC2CCN(CC(=O)Nc3ccc(C)cc3)CC2)cc1,0
protein86,1,CCOc1cc(Cl)ccc1C1NC(=NNC(=O)c2ccncc2)c2ccncc21,0
protein86,1,CCc1ccc(C(=O)NC(=S)Nc2cccc(S(=O)(=O)CC)c2)s1,0
protein86,1,CCC1(C)CNC(=O)c2ccc(nc2)CNc2ccc1c(O)c2,0
protein86,1,Nc1ncccc1Cn1c(=O)[nH]c2ccc(F)cc21,1
protein86,1,O=C1CCSc2ccccc2N1,0
protein86,1,Cc1cc(N2C(=O)CCC(CC(C)C)C2=O)no1,0
protein86,1,CCn1cc(CC(=O)Nc2ccc3c(c2)Oc2nccnc2C(=O)N3C)c2ccccc21,0
protein86,1,NC(=O)c1c(-c2ccc(F)c(F)c2)nn(-c2cc(Cl)cc3c2CCN(C(=O)C(F)(F)F)C3)c1C(F)(F)F,0
protein86,1,CCc1cccc(Oc2ccccc2C=NNC(=O)c2ccccc2[N+](=O)[O-])c1,1
protein86,1,Cc1cccc(NC(=O)CCCCN2CCN(c3ncccc3C#N)CC2)c1C,0
protein86,1,Nc1cnc(-c2ccc(C3CN4CCC3CC4)cc2F)cn1,1
protein86,1,CCn1cc(CC(=O)Nc2cccc(OC(F)(F)F)c2)c2ccccc21,1
protein86,1,CCC(=CCSc1ccc(C)cc1)N(C)C,0
protein86,1,CC(C)C(O)CN(C)C(=O)c1sc(SCC(=O)N2CCOCC2)nc1C(F)(F)F,0
protein86,1,CC1(C(N)C(=O)N2CCCCC2c2ccc(C3c4ccccc4N4CCNCC4C3(F)F)cc2)CCC(CN)C1,0
protein86,1,COC1CC2(C)Cn3c(c(c4ccccc43)S(=O)(=O)c3ccc4c1nccc4c3)C(=O)N2c1ccc(C)cc1,1
protein86,1,CC(C)C(=O)N1c2cc(F)ccc2S(=O)(=O)c2cnccc21,0
protein86,1,CCN(CC)CCCNC(S)=Nc1c(OC)ccc2ccc(OC)cc12,1
protein86,1,Cc1[nH]nc(N)c1-c1cc(C(F)(F)F)nc(N2CCCCCC2)n1,0
protein86,1,CC(C)Oc1ccccc1C(=O)Nc1ncccc1Nc1ccc(F)c(I)c1,0
protein86,1,COc1cccc(-c2cc(NC(C)CC(F)(F)F)n3nc4c(c3n2)CCCCC4)c1,0
protein86,1,CCN1C(=O)c2ccc(S(=O)(=O)N3CCN(CC=C(C)C)CC3)cc2C1=O,1
protein87,1,Cc1ccc(-c2ccnn(CC(=O)N(C)CC(C)CC(C)C)c2=O)cc1,0
protein87,1,CCCCOc1ccccc1OC(C)C(=O)NCc1cccc(C(=O)Nn2c(C)nc3ccccc3c2=O)c1,0
protein87,1,Cc1cccc(NS(=O)(=O)c2ccc3nc(N)sc3c2)c1,0
protein87,1,CCn1nc(C)c(-c2c(C)cc(C(C)(C)C)cc2S(=O)(=O)N(C)c2ccc(Cl)cc2)n1,0
protein87,1,CCCOC1=C(c2ccccc2)CC(C)SC2Oc3c(C=O)cccc3C(=O)N2C1=O,0
protein87,1,CN1C(=NO)CCC1(C)C,1
protein87,1,CCN(CC)CCn1cc2c3cccc(c31)Oc1ccccc1C1CC2C1,1
protein87,1,Cc1cccc(NC(=O)Nc2ccccc2)c1C,0
protein87,1,O=C(Cc1ccc(Cl)cc1)NN=Cc1cnc2ccccc2c1O,0
protein87,1,CC(=O)Nc1ccc(OCCCN2CCC(n3c(O)nc4ccccc43)CC2)cc1,0
protein87,1,CC1(c2ccc(S(=O)(=O)N3CCNCC3)cc2)CC=CCC1,0
protein87,1,CCC1CCN(C)C2(Cc3cc(OCc4ccccc4)c(OC)cc3-c3cc(N)ncc32)C1,0
protein87,1,CC(=NC(N)=O)C1C(=O)c2sc(cc2-c2cccc(C(F)(F)F)c2)-c2ccc1n2C,0
protein87,1,CCNc1nccc(C(c2cccc(C(F)(F)F)c2)c2c[nH]c3ccc(CC(O)CC(C)C)cc23)n1,0
protein87,1,CN(C)C(=O)c1cccc(S(=O)(=O)Nc2cccc(Cl)c2)c1,0
protein87,1,Nc1ncc(-c2ccc(-c3c(F)nc(F)nc3N3CC4(COC4)C3)cc2F)cn1,1
protein87,1,Cc1c(CC2CCN(C(=O)c3ccc(F)cc3)CC2)nc2ccc(C(N)=O)cc2c1N,1
protein87,1,CCN1C(=O)CSCC2(CCN(Cc3cccs3)CC2)C1=O,0
protein87,1,CCCCS(=O)(=O)c1cccc(-c2cc(C(=O)O)no2)c1,0
protein87,1,O=C(CCS(=O)(=O)c1ccccc1)N1C(=O)c2ccccc2Oc2ccccc21,0
protein87,1,O=C(O)c1cn(Cc2ccc(F)c(Cl)c2)c(-c2ccc(Cl)cc2)cc1=O,0
protein87,1,CC1=CC(=O)N(c2cc(CN3CCc4ccccc4C3)ccc2C)C1=O,0
protein87,1,O=C1CCCCCN1CC#Cc1c(F)cncc1-c1ccccc1,0
protein87,1,CCC(C)N1CCN(c2ccc(Cl)c3cccc(S(=O)(=O)CC)c23)CC1,0
protein87,1,CC1CCc2c(sc(NC(=O)c3cnn(C)c3C(F)(F)F)c2C(N)=O)C1,0
protein87,1,CCNc1cc(N2CCC(C)C2)n2nc(-c3ccsc3)c(-c3ccccc3)c2n1,0
protein87,1,O=C(Nc1ccc2c(c1)C(=O)NC2=O)c1ccccc1F,1
protein87,1,CCc1ccccc1Nc1nc(N)nc(CCN2CCC(Oc3ncccc3CCC#N)CC2)n1,0
protein87,1,CC(C)CC1C(=O)NC(=O)C(C#CC2CC2)=C1NN1Cc2ccccc2C1=O,0
protein87,1,CC(=O)CC1CN(C(C)C(=O)O)P2(=O)Oc3cccc(Oc4cccc(O)c4)c3CC(C)(C)N12,0
protein87,1,Cc1ccc(S(=O)(=O)N2CCn3c2c(C(=O)Nc2ccccc2Cl)c2ccccc23)cc1,0
protein87,1,Cc1nc(SCc2ccc(Cl)cc2Cl)sc1-c1ncc([N+](=O)[O-])n1C,1
protein87,1,Cc1ncc(Cl)nc1Nc1nc2ccccc2cc1-c1ccc(-c2cnc(N)cn2)cc1,1
protein87,1,CC(=O)c1ccc(S(=O)(=O)N2CCCCC2C)cc1,0
protein87,1,CC1(C)CC(=NNC(=O)c2ccccc2O)c2ccccc2O1,1
protein87,1,CC(C(=O)O)n1ncc(-c2cc3ccccc3o2)c1-c1cccnc1,0
protein87,1,CC(C)(C)S(=O)(=O)OCc1ccc(OCc2ccccc2)c([N+](=O)[O-])c1,0
protein87,1,O=C(Nc1cc(C(F)(F)F)ccc1OC(F)(F)F)C1CCN(Cc2nccc3c2CCc2nccc(=O)n2-3)CC1,0
protein87,1,CC(=NC(CC(C)(C)C)C(CCn1ncc2ccccc21)C(=O)O)c1sc(N)nc1C,0
protein87,1,CC(C)CC1CNc2sc(SCC3CCN(C(S)=Nc4ccccc4[N+](=O)[O-])CC3)nc21,1
protein87,1,CCC1(On2c(N3CCN(C)CC3)nc3ccc(F)cc3c2=O)CCCC2CCN(C)CC21,0
protein87,1,CCc1c(C)cccc1Nc1nccc(-c2nc(NC(=O)C3CC4CC(C3)N(C)C4)sc2C)n1,1
protein87,1,Cc1ccccc1CNC(=S)NC(=O)C(C)(C)C,0
protein87,1,CC1(C)CCCC(C)(C)N1O,0
protein87,1,Cc1nc(C(F)(F)F)ccc1C(=O)NCCN1C(=O)C(=Cc2ccc(Cl)cc2Cl)SC1=S,1
protein87,1,Nc1cc(-c2ncc(-c3c(F)cncc3Cl)nc2NC2CCCCC2)ccn1,0
protein87,1,CN(Cc1ccc(C(C)(C)C)cc1)C(=O)c1cc2c(cc1NC(=S)Nc1ccccc1C[N+](C)(C)C)OCCCO2,0
protein87,1,Cc1ccccc1NCC(=O)NN=Cc1cccs1,1
protein87,1,CCn1c(-c2ccc(OC(F)(F)F)cc2)nc2c3c(nc(N)c21)CCN(CCS(C)(=O)=O)C3,1
protein87,1,CC(C)N1CCCC(c2nc3ccc(O)cc3s2)C1,0
protein87,1,CC1CN(CCCNC(=O)c2cc3c(s2)CCC3)CCO1,0
protein87,1,CCC1CCN(S(C)(=O)=O)C1C(=O)Nc1cccc(Nc2ncc3cc([N+](=O)[O-])cc(-c4nc(N)n[nH]4)c3n2)c1,1
protein87,1,CC(C)(CN1CCC(c2nc3ccc(Cl)cc3s2)CC1)N1CCOCC1,0
protein87,1,CC(C)(C)c1ccc(OC(=O)NCCC2CCNCC2)cc1,0
protein87,1,CC(OC1CCC(n2cnc3c(sc4ccc(-c5ccccc5)cc43)c2=O)C1)C(=O)NCC1CNC(=O)O1,0
protein87,1,N#Cc1c(Nc2cccc(F)c2)nc(NCCN2CCCCC2)nc1-c1cccs1,0
protein87,1,CC1CCN(c2ccc(C(=O)NC(=S)N3CCN(Cc4ccc(Cl)cc4)CC3)cc2)CC1,0
protein87,1,CCN(CC)CCCOc1ccc2[nH]c(-c3cnn(C(C)(C)C)c3)nc2c1F,0
protein87,1,Cc1n[nH]c2c1NC(=O)Nc1ccc(-c3cnc(C(F)(F)F)c(F)c3)cc1-2,0
protein87,1,CCC(C)CSc1nnc2c3cccc(O)c3n(CC(=O)N3CCCCCC3)c2n1,1
protein87,1,CCC(C)Oc1nc2cc(C#N)ccc2n1C1CCCCCC1,0
protein87,1,Nc1nc(SCC2CCCCC2)oc1-c1cccnc1,0
protein87,1,O=C(c1ccc[nH]1)N1CCN(C(=S)c2ccco2)CC1,0
protein87,1,CCS(=O)(=O)NC1CCCC1,0
protein87,1,CCn1c(N(C)CC2COc3ccc(Cl)cc3O2)nc2cc(C(=O)NC3CCCCC3)ccc21,1
protein87,1,CCCCn1ccc2c(-c3ccccc3)cc([N+](=O)[O-])cc21,1
protein87,1,CCCCCCNc1ccc2c(n1)C(=O)N(c1ccccc1F)C2=O,0
protein87,1,CC1=Cc2sc3c(Nc4nc(C)ccc4F)c(C(N)=O)cnc3c2CC1,0
protein87,1,CC1CN(C2CCc3c(O)cc4c(c3C2)CCC4)C1,0
protein87,1,Cc1cc(C(C)N2C(=O)CCC2=O)nc(Nc2ncc(CCc3nc4ccccn4c3C(F)(F)F)cc2F)n1,0
protein87,1,Cc1ccc(CN2CCOC(Cn3nc(C(=O)O)c4ccccc4c3=O)C2)cc1,0
protein87,1,Cc1c(OC2(C)CCN(C(=O)c3cc(Nc4cnc5[nH]cc(-c6ccccc6)c5c4)ccc3Cl)CC2C)c(C(C)C)coc1=O,0
protein87,1,CCCC(c1ccccc1)C(CC1CO1)n1cc(-c2cncc(Nc3ccccc3)n2)nn1,1
protein87,1,CCc1cnc(-n2c(=O)n(Cc3ccc(OC(F)(F)F)cc3)c(=O)c3cccc(C)c32)[nH]c1=O,1
protein87,1,Cc1ccc(C(=O)O)c(N2C(=O)c3ccccc3NC2c2cc(C)no2)c1,0
protein87,1,Cc1ccccc1N1CCN(C(=O)CCS(=O)(=O)c2ccc3sc(C#N)cc3c2)CC1,1
protein87,1,Cc1c(C#N)c(O)nc(N(Cc2ccncc2)CC2CCNCC2C)c1C#N,0
protein87,1,CCN(CC)c1[nH]c2cccc3c2c1-c1cc(OC)ccc1N3,1
protein87,1,Nc1nnc2ccccc2c1C1CCCC(O)(C(F)(F)F)CC1c1ccccc1,1
protein87,1,CCOC(C)Cc1cn2c(-c3ccccc3)cc(C)nc2n1,0
protein87,1,CCN(CC)S(=O)(=O)c1ccc(Nc2nc3c(s2)CCc2c-3n(C)c3ccccc23)cc1,1
protein87,1,CCCCOc1c(-c2ccccc2)oc2cc(O)ccc2c1=O,0
protein87,1,CC1(C)CCC(=NNC(=O)c2cc(S(N)(=O)=O)ccc2Nc2ccc(F)cc2)C1,0
protein87,1,Nc1ncc(N)c(N)n1,0
protein87,1,CCS(=O)(=O)N1CCN(c2nc3nc(C)ccc3c(F)c2Cl)CC1,0
protein87,1,CCC(C)CC(=O)NC1CCc2cc(O)c(Cl)cc2C1(O)C(C)C,0
protein87,1,CCN(Cc1ccc(Cl)cc1)C(=O)C=Cc1cccc(OC)c1,0
protein87,1,CCNc1nc(Oc2cccc(OC)c2)cc(-c2cc3ccncc3s2)n1,0
protein87,1,CCn1c(-c2c(O)cccc2O)c(C)c2ccccc21,1
protein87,1,Cc1cccc(Cn2cc(NC(=O)c3cc4nccc(OC5CCCOC5)c4s3)cn2)c1,0
protein87,1,CC1(C)CC(NC(=O)c2cc(-n3c(-c4cccnc4)nc4ccccc43)cc(C(F)(F)F)c2)CC(C)(C)N1O,1
protein87,1,Nc1ncnc(O)c1NC(=O)c1cc(Cl)ccc1Oc1ccccc1OCC(F)(F)F,0
protein87,1,CCCCCNc1nc2cc(-c3cnn(C)c3OCC(C)C)ncc2cc1C(N)=O,0
protein87,1,CCC(O)CNc1nc(-c2ccc([N+](=O)[O-])cc2C)cnc1NCC(F)(F)F,1
protein87,1,CCCCCCCn1cc2c(n1)CCN(c1nnc(-c3cccnc3)o1)C2,0
protein87,1,CC(C)CNC(=O)c1ccc(-c2sc3nc4ccc(F)cc4n3c2N)cc1,0
protein87,1,CCCCN(C(C)C1CCN(c2nc(C)cc(C(F)(F)F)n2)CC1)S(C)(=O)=O,0
protein87,1,CC1(C)CC(CO)N2c3nc(C(N)=O)nc(O)c3N(Cc3cc(-c4ccc(OC(F)(F)F)cc4)ccc3Cl)C(=O)C21,0
protein87,1,CC(C)CN1CCC2=NOCCn3c2c2cc4ccccc4nc2c31,1
protein87,1,CC(C)CCNCC1(c2cccc(OCCN3CCCCC3)c2)CC1,0
protein88,1,Nc1c(S(N)(=O)=O)ccc2c1CCC1(NC(=O)n3cccn3)CC(CO)OCC21,1
protein88,1,Cc1cncc2c(-c3c[nH]c4c(N)n[n+]([O-])nc34)cn(C(C)C)c12,1
protein88,1,Cc1cc(-c2ccc(Cl)c(F)c2)c2n(c1=O)CC(NS(=O)(=O)c1ccccc1C(F)(F)F)C2,0
protein88,1,Cc1ccc(Sc2ccccc2C)cc1C,0
protein88,1,Nc1nccc2nc(Nc3ccc4c(c3)C(=O)NC4)c(-c3ccc(F)cc3)n12,1
protein88,1,CCn1nc(C)c(NC(=O)c2c3c(nn2-c2ccc(S(C)(=O)=O)cc2)CCC3)cc1=O,0
protein88,1,CC(C)=CCc1c(O)ccc2c1OC(C)(C)C=C2,1
protein88,1,CCCn1cc2c3c1C(=O)N(NS(=O)(=O)c1ccc(Cl)cc1)C(C3)OCC2,0
protein88,1,Cc1ccc(C)c2c1NC(=O)Nc1nn(C(C)(C)C)c(C)c1-2,0
protein88,1,CCc1ncc(C#N)cc1C(O)CNC1(c2ccccc2)CN2CCC1CC2,0
protein88,1,FC(F)(F)c1cc2ccc(C3=NCCC3)cc2n1-c1nnc(-c2ccccn2)s1,0
protein88,1,CC(=O)Nc1ccc2c(c1)C(=O)NC(CC(=O)NC(C(=O)O)C1CCCCC1)C2=O,0
protein88,1,Cc1nn2ccnc2c(C)c1Cc1ccccc1F,1
protein88,1,Cc1cc(Nc2ccc(OC(F)(F)F)cc2)n2nc(-c3c(Cl)cccc3Cl)c(Cc3ccc(F)cc3F)c2n1,0
protein88,1,COc1cc(C(=O)NC2CCCCC2C)ccc1-c1[nH]c(-c2ccc(C)cc2)nc1C1CCCNC1,0
protein88,1,CCC1(C)CCC(=C2C(=O)NCc3cc(OCc4cccc(O)c4)ccc32)C(O)C1,0
protein88,1,CCn1c(OC2CCN(C(=O)c3cc(-c4ccccc4F)nn(C)c3=O)CC2)cc2cc(SC(F)(F)F)ccc21,1
protein88,1,CC1CCCCC1NC(=O)Nc1cc(-c2ccncc2)ccc1C(=O)Nc1ccccc1OC(F)(F)F,0
protein88,1,CCCCC(C)C(=O)N(Cc1nc(-c2ccc(OC)cc2)nc(N)c1O)c1ccc2c(c1)OCCO2,0
protein88,1,Cc1ccc(O)c2c1CCC(Nc1nc3ncccc3o1)C2,0
protein88,1,CC(C)(C(=O)Nc1ccsc1)c1c(Cl)ccnc1Oc1ccc(F)cc1F,0
protein88,1,Cc1nc(Nc2ccc(C#N)cc2F)ccc1-c1ccnc2ccccc12,1
protein88,1,Cc1nncn1-c1ccc(N2CCNCC2)c(F)c1Cl,0
protein88,1,Nc1ncc(-c2ccnc(N3CCC(NC(=O)CCN4CCOCC4)C3)n2)cn1,0
protein88,1,O=C1c2ccc(F)cc2C(=O)N1CCCN1CCc2ccccc2C1,0
protein88,1,Cc1nnc(NC(=O)C[S+]([O-])CC2=Nc3c(cccc3C(C)(C)C)CC3COCC23)s1,0
protein88,1,CC(=O)Nc1c2n(c(=O)[nH]c1=O)CCCCCC(=NO)Cc1ccccc1C(=O)N2,0
protein88,1,CCN=C1CCC(C)N1CCN(C(=O)C(C)C)c1ccc(OC(F)(F)F)cc1C(F)(F)F,0
protein88,1,CCCCc1ccc(Oc2nc3c(cc2C)NC(C(=O)N2CCCCC2)CC3)cc1,0
protein88,1,Cc1[nH]n(-c2ccccc2)c(=O)c1N=Nc1cccc([N+](=O)[O-])c1,1
protein88,1,Cc1ncc(F)cc1Nc1cc(-c2ccccc2CN2CCCC(C(=O)NO)C2)ccn1,0
protein88,1,CCn1ccnc1CN(C)CCOCc1ccccc1,0
protein88,1,O=c1oc2ccccc2n1C1CC2CCCC(C1)N2Cc1cccc([N+](=O)[O-])c1,1
protein88,1,Cc1ccccc1N1C(=O)C(CC(C)C)N(C)C1=O,0
protein88,1,CCCCCCN(N)c1cnc(-c2cc(F)cc(F)c2)c2c(C)n[nH]c12,0
protein88,1,CC(C)(C)c1cc(C(=O)NN=Cc2ccccc2C(F)(F)F)[nH]n1,1
protein88,1,O=C(NC1CCN(Cc2ccncc2)CC1)c1cc(F)cc(F)c1F,1
protein88,1,CCOc1ccc(-c2cc(C3(N)CCCC3)c3cc(O)cnc3n2)cc1OC,0
protein88,1,CCCCC1CC(=O)N(c2cc(C(=O)NC(C(=O)N(C)C3COC3)C(C)O)ccc2F)C1=O,0
protein88,1,Cc1ccc(NC(=O)Nc2cc([N+](=O)[O-])ccc2N2CCOCC2)cc1C,1
protein88,1,Cc1nc(N)c(C(N)=O)n1CCN1CCc2c(F)c(F)cc(F)c2C1,1
protein88,1,Cc1cccc(Nc2nc(-c3cccnc3)nc3c(OCC(C)C)cccc23)n1,1
protein88,1,Cc1cc(-c2cnn(C)c2)c2cccc(NN3C(=O)C(N)CCC3(C)C)c2n1,1
protein88,1,O=C(O)c1c[nH]c(C(=O)N2CCCC3(CCN(c4ncccn4)CC3)C2)c1,0
protein88,1,O=C(Nc1nc2ccccc2s1)c1cc2n(c1)S(=O)(=O)c1ccccc1N2,0
protein88,1,COc1cc2sc(-c3ccccc3C)cc2c(Nc2cnn(CC3CN(C(=O)CN)C(=O)O3)c2)n1,1
protein88,1,C=CC1CCCCC1=NNC(=O)CSc1nc2ccccc2n1CC,1
protein88,1,O=C(NC(=S)NCCc1ccccc1)c1ccc(Cl)c([N+](=O)[O-])c1,1
protein88,1,CCn1c(-c2cc(C3CC3)on2)nc2ccc(C(=O)N3CCCCC3C3CNCCO3)cc21,0
protein88,1,CCCCC(CO)NCc1cnc2cc(O)nc(C(F)(F)F)c2c1,0
protein88,1,O=C(NC1CCCCC1)c1ccccc1Sc1ccccc1O,0
protein88,1,Cc1cc(C)n2ncnc2c1-c1ccc(C2=C3c4cc(O)ccc4OC2(C)CN3C(C)C)cc1,0
protein88,1,CCN1CCN(c2nccc(N3C(=O)OCC3c3ccc(C(F)(F)F)cc3)n2)CC1,1
protein88,1,Cc1cccc(NC(=O)c2cncn(C(CN3CCNCC3)C(C)(C)C)c2=O)c1C,0
protein88,1,CCN(CC)C(=O)c1cc(S(=O)(=O)Nc2cccc(C(F)(F)F)c2)c(Cl)c2c1CCCC2,0
protein88,1,O=C(c1cn(CC2CCCCC2)c2ccccc12)C1CCCN1,0
protein88,1,NC1=NC2CCN1c1ccc(c(F)c1)C1CC(N3CC4(CCN(c5ncccn5)CC4)C3)CCC1C2O,0
protein88,1,O=C(Nc1ccc(Oc2ccccc2)cc1)c1csc(-c2ncccc2Cl)n1,1
protein88,1,CC(=O)NC(C(=O)NO)C(C)Nc1nc(C(F)(F)F)ccc1Nc1cnc2ccccc2c1,0
protein88,1,CC1(C)CCCC=C1CNCCn1cc(-c2ccc(OCCCCN)c(C#N)c2)c2ccccc21,1
protein88,1,O=c1nc(C2CC(c3ccccc3C(F)(F)F)=NN2c2ccc(OC(F)(F)F)c(O)c2)oc2ccccc12,1
protein88,1,CC(=O)c1cccc(NC(=O)CSc2cccc3c2C(=O)N(CCC(N)=O)C3=O)c1,1
protein88,1,O=C(CC1CCCCC1)Nc1nnc(-c2cccnc2)s1,0
protein88,1,O=C1OC(Nc2ccccc2OC(F)(F)F)(C(F)(F)F)Cc2ccccc21,0
protein88,1,CCCN1CCCc2cc(CNc3cccnc3)ccc21,0
protein88,1,CCS(=O)(=O)n1cc(-c2ccnc(Nc3ccc4c(c3)OCCO4)n2)c2nc3ccccc3n2c1=O,1
protein88,1,Cc1ccc(-c2[nH]c3c(N)nc4ccc(C(=O)O)cc4c3c2C#N)cc1,1
protein88,1,CC(NC(=O)C(N)CSc1ccc(C(C)C)cc1)C(=O)O,0
protein88,1,CC(c1nc(Nc2cnccc2NC2C(C)(C)C2(Cl)Cl)c(Cl)c(-c2cnc3c(c2)NC(=O)C2CCCN32)n1)C(C)(C)C,0
protein88,1,CC(NC(=O)C1CN(c2ccc(F)cc2)C1)c1cc(C(=O)Nc2ccccn2)ccc1F,0
protein88,1,O=Cc1ccc(-c2c(O)ncc3cccc(C4CCN(c5ccccn5)C4)c23)n1-c1ccnn1-c1ccccc1O,1
protein88,1,CCOCCn1ccc2c(-c3cncc(CN(C4CCCCC4)S(=O)(=O)c4ccc(C)c([N+](=O)[O-])c4)c3)cccc21,1
protein88,1,CCC1CCC(=O)NC(C(=O)O)CC(O)C2(CC2c2cccc3c(O)ccnc23)N2CCC(CC1)CC2,0
protein88,1,Fc1c(-c2ncccc2Br)n[nH]c1Nc1ccc(NCC(F)(F)F)nc1,0
protein88,1,O=C(CCC(=O)N(Cc1c[nH]c2ccccc12)c1ccccc1)Nc1ccc(Cl)cc1,0
protein88,1,CCCCCS(=O)(=O)N(C)C(=O)c1c(C)[nH]c(C)c1Oc1ccc(F)cc1F,1
protein88,1,CCOc1cncc(C=C2CN3CCC2CC3)c1,1
protein88,1,[H]C(F)(F)C1(C)C(c2ccccc2)=C(CF)N(C(=O)CN(CC)CC)c2cc(O)c(F)cc21,0
protein88,1,O=C(Nc1ccc(Cl)cc1C(F)(F)F)c1ccc([N+](=O)[O-])cc1,1
protein88,1,CC1OC(CNC2c3ccccc3OC2c2ccccc2)Oc2c1oc1ccccc21,1
protein88,1,O=C(NN=Cc1ccc2n1CCCC2=O)c1ccncc1,0
protein88,1,Nc1cc2c(cn1)oc1c(-c3ccccc3)nc(N3CCN(CCO)CC3)cc12,1
protein88,1,CNCC(O)C1(c2ccccc2)Cc2ccccc2C1=O,0
protein88,1,Cc1ccc(-n2cnc3c(C(=O)NCC4CCCO4)cc(CC4CCC(N)(C(=O)O)CC4O)cc32)cc1,0
protein88,1,CCOCc1ccccc1NC(=O)c1nncc(-c2ccc3nc(N)cc(-c4ccc(Cl)c(F)c4)c3c2)n1,1
protein88,1,Cc1cc(N(C)C)ccc1Nc1nc(-c2cccs2)nc2ccccc12,1
protein88,1,CCCC=C(C)C(=O)NC(CC(=O)OC)C(O)Cc1c(CO)oc2ccc(N)cc12,0
protein88,1,Cc1ccccc1-c1nnc(NC(=O)c2nc3c(-c4ccccc4)c(O)ccc3[nH]2)s1,1
protein88,1,Cc1cccc(C(=O)N2CCN3CCC(c4ccc(Cl)cc4)CC3C2)c1,0
protein88,1,CCC(CN1CCOCC1)Oc1ccc2nc(C)c3cccc(N)c3c2c1,1
protein88,1,Nc1nc(-c2ccccc2F)ncc1-c1cn2c(-c3ccncc3)csc2n1,0
protein88,1,O=C(C=Cc1ccc(OCC2CCCCC2)cc1[N+](=O)[O-])NO,1
protein88,1,CCn1c(Nc2ccc(-c3cccc(OC)c3)nc2)nnc1-c1ccccn1,1
protein88,1,Cc1nn(C)c(C)c1NS(=O)(=O)c1ccc(N2C(=O)c3ccccc3C2(C)O)cc1,0
protein88,1,CCC1(CC)CC(=O)c2c([nH]c3c(-c4cc(OC)cc(C(=O)OC(C)(C)C)c4)c(=O)[nH]cc23)C1,0
protein88,1,Nc1nnc(-c2cc(O)c(Oc3cccc([N+](=O)[O-])c3)cc2O)c(O)n1,1
protein88,1,O=C(Nc1ccc(C(F)(F)F)cc1)N1C2CCNCCC3CCCCC3C1CC2,0
protein88,1,CCS(=O)(=O)NC1CCN(CCCOc2cc(C(F)(F)F)nc(C(F)(F)F)c2)C1,0
protein88,1,CC=CC(N=Nc1ccccn1)N(C)C,1
protein88,1,NCC1NCCCC1C(=O)Nc1ccc(-c2cc3ccccc3n[n+]2[O-])c(F)c1,1
protein89,1,O=C1CSC(Nc2cccnc2)=N1,0
protein89,1,O=C1CCN(C(=O)CF)c2cc([N+](=O)[O-])ccc2Oc2cccc(c2)N1,1
protein89,1,CC(C)C[S+]([O-])c1cc(-c2cccc3c2CC2(CCNCC2)C3)co1,0
protein89,1,Cc1n[nH]c2nc(-c3ccccc3O)cc(-c3ccc(CN(C)C4C5CCCCC54)cc3)c12,0
protein89,1,CC(C)CC(NCCN1CCC(=O)N(c2ccccc2)C1=S)c1ccccc1,0
protein89,1,CC(C)CCN(C)C1Cc2c(OC(F)(F)F)ccc3c2C(=C1c1cccc(OS(N)(=O)=O)c1)C(=O)N3C,0
protein89,1,CCOc1ccc(-c2csc(Nc3ncc4c(n3)Oc3cc(OC)ccc3C4C)n2)cc1,1
protein89,1,Cc1nc(NCC2CCCO2)cc(-c2ccccc2C#CC2CCCC2)n1,0
protein89,1,Cc1ccc(CC2C(C(=O)O)=C3N(C)CCN3c3ccc(-c4cccnc4)cc32)cc1,0
protein89,1,CCN1CCC(Nc2scnc2C(=O)Nc2nccs2)CC1,0
protein89,1,CCc1nc(N)nc(O)c1-c1ccc2[nH]cc(C)c2c1F,1
protein89,1,CCC1CCN2CCN(C(=O)C(C)C2)C(CC(C)C)C(=O)N(C)C(C)(C)S(=O)(=O)c2cccc(F)c21,0
protein89,1,CCC(NCC(O)c1ccc(OCC2COc3c(ccnc3CC(C)=O)O2)cc1)C(N)=O,1
protein89,1,Cc1cnc(CS(=O)(=O)c2ccccc2C(F)(F)F)cn1,0
protein89,1,FC(F)(F)c1ccc(-c2cncc(-c3cn4c(n3)NCC4)c2)cc1,1
protein89,1,CC(=O)Oc1ccccc1C=CC(=O)N1CCCC1C(=O)Nc1ccc(O)c(C(=O)O)c1,0
protein89,1,CCC(C)Cc1cc(C(=O)O)c(O)c2ncccc12,0
protein89,1,CCn1nccc1-c1ccc(Nc2nc(-c3cc(-c4ccnc(C)c4)cn(Cc4ccc(C(=N)N)cc4)c3=O)cs2)cc1,1
protein89,1,CC(C)CC(N)C(=O)N1CC(N)C(=O)C2(CCCC3(C2)C(=O)Nc2ccc(-c4ccncc4)cc23)C1C,0
protein89,1,Cc1ccc(Nc2cc(S(=O)(=O)N(C)C)cc(C(=O)N3CCC(Oc4ccc(F)cc4F)CC3)c2F)[n+]([O-])n1,0
protein89,1,CCSC(=S)NNc1ccc([N+](=O)[O-])cc1,1
protein89,1,Cc1ccnc2c(NC(=O)c3ccc(Cl)c(S(=O)(=O)Nc4cc(Cl)ccc4O)c3)cccc12,1
protein89,1,Cc1c(NS(=O)(=O)C=Cc2ccccc2)cccc1[N+](=O)[O-],1
protein89,1,CCCOC(NS(C)(=O)=O)C(CC1CCC(NC(=O)C2CCC(C)CC2)CC1)N1CCCCC1,0
protein89,1,N#Cc1ccccc1-c1cc2ccc(C(=O)O)cc2n1-c1ccccn1,0
protein89,1,CCN(C)C1CCN(c2ccc(N)cn2)CC1,1
protein89,1,Cc1ccc(NC(=O)CSc2nc3ccccc3n2C)c(C=O)c1,1
protein89,1,Nc1nc(NCCCC2CCC(N3CCCCC3=O)C2)cc(-c2c[nH]c3ncc(F)cc23)n1,0
protein89,1,Cc1ccc(Nc2ncccc2S(=O)(=O)N2CCCCC2C)cc1,0
protein89,1,CC(C)n1c(C(F)(F)F)c2c(=O)n1CCNc1nccc3c-2cccc13,1
protein89,1,O=C(C=Cc1ccc(F)cc1)NC(Cc1ccc(O)cc1)C(=O)O,0
protein89,1,CCN(Cc1ccccc1C(F)(F)F)C(=O)CNC(=O)c1cccs1,0
protein89,1,COc1cccc2ncc(Oc3ccnc(C)c3)c(CO)c12,1
protein89,1,CCC(CC)(CSc1cccc2cc(OCC(N)=O)c(=O)oc12)C(C)C,0
protein89,1,Cc1ccc(C)c(N2N=C(CO)CC(C)C2=O)c1,0
protein89,1,CC(=NN(C)C(=O)c1nc2ccc(F)cc2s1)c1ccnnc1,1
protein89,1,CCCn1c(-c2ccc(F)cc2)nc2c(C(=O)Nc3ccc(C(C)(C)C)cc3)c[nH]c(=O)c21,0
protein89,1,Nc1ncnc2c1ccn2S(=O)(=O)c1ccc(Cl)cc1,0
protein89,1,Cc1ccc(-c2cnn(CC3CCCN3)c2)n2c3ccccc3[n+]([O-])c12,0
protein89,1,Cc1n[nH]c(N2CCC3(CC2)CC(C)c2cc(Cl)ccc2O3)c1C#N,0
protein89,1,Cc1ccc(CC2(S(N)(=O)=O)CCC(C(=O)N3CCN(c4cc(C(C)(C)C)on4)CC3)CC2)cc1,0
protein89,1,Cc1cccc2[nH]c(SCC(=O)N3CCc4ccccc4C3)nc12,0
protein89,1,CC(C)C(N)C(=O)N1C(C(=O)NC2CCCC2)CCS1(=O)=O,0
protein89,1,CCC1CCC(C#N)Nc2nc(-c3cc(O)c4ccccc4n3)cc(n2)N2C(=O)OCC12,1
protein89,1,Cc1nc(CN2CCC(c3ccc(F)cc3F)(c3c(F)cccc3Cl)C(N)C2)no1,0
protein89,1,CCNC(=S)N1N=C(C)CC1(C)C,0
protein89,1,Nc1ccc(CCc2nc3ccccc3c(N)c2CC=Cc2ccccc2F)cc1,1
protein89,1,CC(=NNc1nc(-c2ccccc2)cs1)c1cccs1,1
protein89,1,Cc1cc(C(=O)Nc2ccc3c(c2)OCCN3c2ccc(F)cc2F)no1,1
protein89,1,CC(=O)Nc1ccc(S(=O)(=O)Nc2onc(C)c2C#N)cc1,0
protein89,1,CCCCC(C(=O)O)N1Cc2c(Nc3ccccc3C)cc(C(=O)O)cc2C(C)c2cnc3c(cnn3C)c21,0
protein89,1,CN1CC(c2cccc(OC(F)(F)F)c2)CC1(C)C,0
protein89,1,CCN1CCCCC1CNC(=O)c1cc(Nc2cccc3c(C#N)cccc23)cnc1N,1
protein89,1,CC1CC1C(=O)Nc1nc(O)c(-c2ccncc2)cc1-c1nc2cc(C(F)(F)F)c(F)cc2[nH]1,1
protein89,1,CCCC=CN(NC(C)=O)c1ccccc1,0
protein89,1,Cc1ccc(NC(=O)c2csc(-c3cccc(Cl)c3)n2)cc1,0
protein89,1,O=C1C=C(c2ccccc2)CCC1N1CCCCC1,0
protein89,1,NC(=O)c1cc(-c2ccccc2N2CCN(CC3CC3)CC2)n[nH]c1=O,1
protein89,1,COc1cccc(NC(C)c2ccc(OCCNCc3ccccc3C#N)cc2)c1,0
protein89,1,CCC1CCCCN1Cc1cc2ccnc(Nc3ccc(N4CCN(C)CC4)cc3)c2o1,0
protein89,1,Nc1cccc(Sc2c3ccccc3n3c(CNCC4CNCCO4)ccnc23)c1,1
protein89,1,Cc1ccccc1-n1c(SCCC#N)nc2c3c(ncc21)CCCC3,1
protein89,1,CC1(C)CC(O)=C(C(=O)NC2CCCC2)C(c2ccc(C(C)(C)C)cc2)C1,0
protein89,1,O=CC12OCCC1Cc1ccccc1C2Nc1c(-c2cncs2)nc2ccccn12,1
protein89,1,CC(=O)Nc1nn2c(N3CCN(CCc4ccccc4)CC3)cccc2c1-c1ccc(Cl)cc1,0
protein89,1,Nc1nc(N)c2c3c(sc2n1)CCCC3,0
protein89,1,Cc1[nH]ncc1-c1nc(C(F)(F)F)ccc1N(C)C(=O)c1ccc(Cl)cc1S(=O)(=O)c1n[nH]c2ccccc12,0
protein89,1,CCN(CC)c1ccc(-n2nc3nc4ccccc4c(C(=O)Nc4cccc(C)n4)c3c2C)c(C#N)c1,0
protein89,1,CC1CCCCC1C(Oc1ccc(C#N)cc1C(CO)C(C)C(=O)O)N1CCC(c2cccs2)CC1,0
protein89,1,CCOc1ccc(COc2ccc(C3=NNC(=O)CC3Cc3ccc(F)cc3)cc2)cc1N,1
protein89,1,Cc1cc(Cl)ccc1-n1c(S)nnc1Cc1ccccc1,0
protein89,1,CCCCC1CCC(N2CCN(C(=S)S(=O)(=O)O)CC2)c2ccccc21,0
protein89,1,O=C(c1cscn1)N1CCc2cc(S(=O)(=O)Nc3ncccc3Cl)c(Cl)cc21,0
protein89,1,O=C1C=CCC(Nc2ccc(NC(=O)COc3ccc(Cl)cc3Cl)cc2F)C1,0
protein89,1,Cc1c(Cl)cccc1NC(=O)c1cccnc1Sc1ncccc1N(C)C,0
protein89,1,O=C(Nc1ccc(C(F)(F)F)cc1)C1COc2nc3ccccc3nc2C1,1
protein89,1,CCOc1cc(OC)cc2oc(C)c(C(=O)c3cc(C)c(O)c(OC)c3)c12,0
protein89,1,CC(C)CN1CCS(=O)(=O)c2c(C#N)cc(Nc3nccc(-c4cccc(F)c4)n3)cc21,0
protein89,1,Cc1onc(NC(=O)C(NC(=O)Nc2ccc(Cl)cc2Cl)C(C)C)c1C#N,0
protein89,1,CC(C)(NC(=O)c1cc2c(s1)CCCC2)c1nc(-c2ccc(Cl)cc2)cs1,0
protein89,1,Cc1cccc(-c2csc(N3CCN(Cc4ccccc4)CC3)n2)c1,1
protein89,1,CCOCCNC(=O)c1c(O)c2c(n(-c3ccc(OC(F)(F)F)cc3)c1=O)CCCC2,0
protein89,1,CCCn1cc(C(=O)O)c2c(Nc3ccc4c(c3)C(N3CCC(c5ccccn5)CC3)=CC(C)(C)O4)nccc21,1
protein89,1,Cc1cc(F)c2nc(-n3c(C)cc(Cl)c3C#N)nc(N3CCN(C)CC3)c2c1,0
protein89,1,Cc1nc(NC(=O)c2ccc(-c3ccccc3C(F)(F)F)s2)sc1C(=O)O,0
protein89,1,Cc1c(NC(C(=O)O)c2c(C)c(C#N)c3cc(F)ccc3c2O)cccc1C(=O)O,0
protein89,1,CCN(CC)C(=O)C1c2ccccc2-c2c1ncc1c(Cl)cccc21,1
protein89,1,CC12CN(CCCC(O)C(=O)NC3CCCCC3O)CC1CCCN2c1ccccc1O,0
protein89,1,CC1=CCC(c2ccc(Cl)c(N3CCNS(=O)(=O)C(=Cc4ccccc4F)C3=O)c2)CC1,1
protein89,1,Cc1csc(NC(=O)C(=O)NCCOc2ccc(C(C)(C)C)c(Cl)c2)n1,0
protein89,1,CCC(CC)c1nc2cc(-n3cccn3)ccc2n1Cc1ccccc1,1
protein89,1,Cc1ccc(Nc2ncc3c4c(oc3n2)CC(C)CC4=O)cc1C,1
protein89,1,CCC(C)(C)CCc1ccnn1-c1ccc(F)cc1NC(=O)C1CC1,0
protein89,1,CC(Nc1ncnc2c1ncn2C)=C(C)C(=O)N1CCCC(c2ccc(Cl)nc2)C1,0
protein89,1,CC1CCCC(C)(CNCC2CC3=CCC2c2ccccc23)N1,1
protein89,1,NC(=O)c1ccc(-c2cc(C(=O)Nc3ccc(Cl)c(Cl)c3)c(O)cc2N)nc1,0
protein89,1,CC(C)CCN1CC(c2c(-c3ccccn3)nn(-c3cccc(Cl)c3)c2C(F)(F)F)=NNC1=S,0
protein89,1,CCc1ccccc1NC(=O)c1cnc2ccc(OC(F)(F)F)cc2c1Nc1ccc(OC)nc1,0
protein89,1,CC(=O)Nc1ccc2nn(C)c(N3CCCC(N)C3)c2c1,1
protein89,1,CC1(C)Cc2c1nn1c2sc2c(C(F)(F)F)cc(N)nc21,1
protein9,1,Nc1nccc2c(-c3cc(Cl)cc(Cl)c3)c[nH]c12,1
protein9,1,CN1CCC(Oc2ccc(C(F)(F)F)cc2CN2CCN(S(=O)(=O)CC3Cc4cccnc4C(C)(C)C3)CC2)CC1,0
protein9,1,Clc1ccc(Cl)c(Nc2ncccc2NC2=NCC(c3ccccc3)O2)c1,0
protein9,1,CCn1cc(CNc2nnc(C)c(C)n2)cn1,0
protein9,1,Cc1c(N2CCN(C)CC2)c(=O)n(-c2ccccc2)n1C,0
protein9,1,O=C(NC1CCCC1)C(=O)c1c[nH]c2cc(Cl)c(C3CCCC3)cc12,0
protein9,1,CC(=CCN1CCCCC1)c1ccc(O)c2cc(-c3cc(CO)cc4c3S(=O)(=O)C(C)C4O)oc12,1
protein9,1,CCCn1cc(C(=O)O)c(=O)c2cc([N+](=O)[O-])c(NC3CCOCC3)cc21,1
protein9,1,Nc1cc(-c2ccncc2)cc(C(=O)NCCO)n1,1
protein9,1,O=C1C(c2cccc(F)c2F)SC(=S)N1c1ccccc1N1CCOCC1,1
protein9,1,CCn1nc(-c2ccc(Nc3ccc(Cl)cc3)c(C(=O)N3CCCC3)c2)cc1C(F)(F)F,0
protein9,1,Nc1nc(O)nc2nc3c(C(=O)NC4CCCCC4)cccc3cc12,1
protein9,1,CC(F)(F)S(=O)(=O)C1NC(=O)C(CCN2CCOCC2)NC1=O,0
protein9,1,CC(C)CCCCC(NC(=O)C(C)N)C(=O)N1CCN(c2ccccc2Cl)CC1,0
protein9,1,Cc1c(Cl)ccc(Oc2ccc3c(c2)CC(O)CN3S(=O)(=O)c2ccc3c(c2)OCCO3)c1C,0
protein9,1,CC(O)C1c2ccccc2-c2ccc(C=C3CN4CCC3CC4)cc21,1
protein9,1,O=C(Nc1ccc(-c2ccc([N+](=O)[O-])cc2)cc1)C1CCCN(c2nccs2)C1,1
protein9,1,CC(C)CC(NC(=O)c1cn2c(nc1=O)SC1(C)c3ccccc3CC21)C(=O)O,0
protein9,1,CCC(CC)CCN1CC(c2nc3ccccc3c(Nc3ccccc3C(C)C)c2C#N)CC1=O,0
protein9,1,O=C(CCCn1c([PH](=O)[O-])c(-c2ccccc2)c2ccncc21)NCc1ccccc1F,1
protein9,1,Cc1cc(CNc2nccc(Oc3cnccc3N3CCCC(N(C)C)C3)n2)ccc1C(=N)N1CCCCC1,1
protein9,1,O=CN1CCN(c2ncc3c(n2)c2ccccc2n2c(=O)[nH]c(-c4ccccc4)c32)CC1,1
protein9,1,CCC1(C)CCC(=O)N1C(=O)Nc1ccccc1,0
protein9,1,CC(O)CN(Nc1ccc(Cl)cc1Cl)c1nc2c(s1)CCNC2=O,0
protein9,1,Cc1ccnc2c(Cc3c[nH]cn3)c(-c3ccc(F)cc3)nn12,0
protein9,1,CCS(=O)(=O)N1CCN(C(c2cccc(F)c2)c2ccc(F)cc2Cl)CC1,0
protein9,1,CC(C)(C)SC(=O)NC(CO)C(CN1CCC2(CC1)OCc1ccccc12)c1ccc(-n2cccn2)cc1F,0
protein9,1,CC(=O)N1CCC(c2nn(C(=O)c3cccc(Cl)c3Cl)c3ccc([N+](=O)[O-])cc23)CC1,1
protein9,1,Cc1cccnc1CN(C(=O)CC(=O)NC(C)c1ccc(OC2CCC(C)C2(N)C(=O)O)cc1)c1nccs1,0
protein9,1,O=C(Nc1nc(-c2cccc(F)c2)cs1)c1ccc(OC(F)(F)F)cc1,1
protein9,1,Nc1cc(OCC2CCCCC2)c(C(F)(F)F)cc1NC(=S)NC=O,0
protein9,1,CCOC(=O)c1ccccc1NC(=O)c1ccccc1Nc1ccccc1,0
protein9,1,Cc1ccc(S(=O)(=O)Nc2ccccc2N2C(=O)CSC2c2ccc(F)cc2)cc1Cl,0
protein9,1,CC(C)c1ccc(CCC(=O)Nc2cc3n(n2)CCN(C2CCCC2)C3)cc1,0
protein9,1,CCc1cnc(NC(=O)c2nc3sc(C4CC4)c(-c4ccc(Cl)cc4)c3c(=O)n2C)nc1,1
protein9,1,CCCC(=O)N1c2cc(OC)c(OC)cc2CN(C(=O)c2ccccc2)c2cccnc21,0
protein9,1,Cc1nn(-c2ccc(C(N)=O)cc2)cc1C(=O)Nc1cc(C(F)(F)F)cc(C(F)(F)F)c1,0
protein9,1,CCOc1cccc(S(=O)(=O)n2c(CCC(=O)O)c(CCSC(C)=O)c3ccc(F)cc32)c1,0
protein9,1,CC(=O)c1cccc(C)c1NC(=O)c1cc(F)cc(F)c1C1Nc2ccccc2CC12CCNC2=O,1
protein9,1,O=C(COC(=O)c1ccccc1NC(=O)c1ccccc1O)Nc1ccc(Cl)cc1,0
protein9,1,CCN(CC)S(=O)(=O)c1ccc(Oc2ccc(CCC(=O)Nc3cc(C)ccc3C)cc2)c([N+](=O)[O-])c1,1
protein9,1,CCn1cc(-c2ccc(CN(C)S(=O)(=O)Cc3ccc(-c4cnn(C(C)C(=O)N5CCOCC5)c4)cc3)s2)cn1,0
protein9,1,O=C(c1cccc(-c2nc3ccccc3[nH]2)c1)N1CCN(CC2CC2)CC1,0
protein9,1,Cc1ccccc1Nc1cc2c(cc1OC(F)(F)F)ncc(=O)n2CC(=O)N1CCCCC1,0
protein9,1,CCCS(=O)(=O)N(C)CC1C(C=C(C)C)OC(=O)CC12CCC(=O)c1ccc(OC)c(O)c12,1
protein9,1,CC(C)CN1C(=O)CCC1(C)c1onc(-c2ccccc2)c1-c1ccnc[n+]1[O-],0
protein9,1,O=C(CC1CC(P(=O)(O)O)Cc2ccccc21)NO,1
protein9,1,CCC1=NC(=O)C(c2ccc3c(Cl)c(OCc4ccccc4CN(C)CCCO)ccc3n2)[S+]1[O-],1
protein9,1,Cc1cc(C)n(-c2cccc(-c3sc(C)nc3Cn3nc(F)c(-c4ccccc4)n3)c2)n1,0
protein9,1,CCc1ccc(CCc2cnc(N)c(C(N)=O)c2)cc1,0
protein9,1,Cc1cc(NC(=O)c2ccccc2)nc(N2CCN(C3CCCCC3NC(=O)c3scnc3C)CC2)n1,1
protein9,1,O=C(NC1=CCCC1)Nc1ccncc1,0
protein9,1,CCC(NC(=O)C(CC(C)C)NC(=O)c1ccc(N2CCCCC2)c([N+](=O)[O-])c1)C(N)=O,1
protein9,1,Cc1ccc(NS(=O)(=O)c2ccc(C)c(F)c2)c(-c2ocnc2C)c1,1
protein9,1,CC1(C)CCCCC1Nc1nc(N)nc2c1-c1c(cccc1C(=N)N)CC2,0
protein9,1,CC(C)C(C(=O)O)c1c(C(F)(F)F)[nH]n(-c2ccccc2)c1=O,0
protein9,1,Cc1ccncc1N1CC2CCN(CC2)C(c2nc3cc(N4CCCC4)c(C#N)cc3c(F)c2C#N)C1,1
protein9,1,CCn1cc(Cc2cnc(N)nc2N)c2c(Cl)cc(F)cc21,0
protein9,1,CC(C)C(CC(=O)OCc1ccccc1)C(=O)NCC(=O)N1CCC(Oc2ccccc2C(F)(F)F)CC1,0
protein9,1,CC(C)CC1CN(C(=O)N2CNc3ccc(C#N)cc3C2)C(C=CC2CC(O)CN2C)CC1O,0
protein9,1,Cc1cc(Nc2c(C#N)nc3c(C4CC4)cc(F)cn23)cc(N(C)C)c1,0
protein9,1,CCN1c2ccccc2S(=O)(=O)c2cnc(N(C(C)=O)C3COc4ccccc4C3)nc21,1
protein9,1,CCN(CC)CCNC(=O)c1ccc2c(c1)nc(NCCCN1CCOCC1)n2C1CCCC1,0
protein9,1,COC(=Cc1cc2cc(OCCC(C)C)ccc2nc1C)C(=O)Nc1ccccc1,0
protein9,1,CC(C)n1cnc2c(Oc3ccc(F)cc3F)nc(N)nc21,1
protein9,1,CC(C)CCNC(=NO)c1ccnc(Oc2cccc(F)c2)c1,0
protein9,1,Cc1nc(S(=O)(=O)CC(=O)NCc2cccs2)nc(NN)c1C#N,0
protein9,1,CC(=O)c1c(O)cc(O)c2c1CC(CC=O)C=C2C,0
protein9,1,CCOC1CC(N(C(=O)c2ccccc2NC(=O)c2ccccc2)c2ccc(F)cn2)CCC1(C)O,0
protein9,1,O=C(NN=Cc1c(O)ccc2ccccc12)c1ccccc1O,1
protein9,1,CC(=O)Nc1ccnc2c(-c3nnc(SCc4ccccc4F)o3)cccc12,1
protein9,1,Cc1cc(C)c2nc(C(=O)Nc3ccccc3C=NC3(C)CCN(C)CC3)sc2c1C,1
protein9,1,CCNc1nc(C)nc2c(-c3ccc(OC)c(OC)c3)cccc12,1
protein9,1,OCC1CN(Cc2nccn2C2CCNCC2)C1,0
protein9,1,CCCN(Cc1ccc2c(c1)OCO2)S(C)(=O)=O,0
protein9,1,Cc1ccn(O)c(=O)c1-c1cn(CCCO)c2ccccc12,1
protein9,1,CC(CCn1nc(O)c2cc(-c3cccs3)cnc21)=C1C(=O)Nc2ccccc21,0
protein9,1,Cc1ccc(-c2c(C)c(-c3ccc(NCCN(C)C)nc3)cc3nc(N)nc(N)c23)cc1,1
protein9,1,CCC1CC2CN(c3cc(C)nc(O)n3)CCC2(C)O1,0
protein9,1,O=C1CC(CCS(=O)(=O)Cc2c(Cl)n(CC(F)(F)F)c3ccccc23)NC(c2cccnc2)O1,0
protein9,1,O=c1c2c(cc(-c3ccccn3)c3[nH]c4c(c32)CCCC4)ncn1N1CCCCC1,1
protein9,1,O=c1c2c(O)cccc2ncn1Cc1ccccc1,1
protein9,1,Cc1cnnc(Nc2ccc(NC(=O)c3ccccc3C(=O)Nc3ccc4c(c3)OCCO4)cc2)c1,0
protein9,1,CCn1c(-c2cccc(OC(F)(F)F)c2)nc2c(O)nc(C(=O)Nc3ccccc3)cc21,1
protein9,1,CCc1cccc(C=C2N(C)C(=O)NC(=O)C2(C)C)c1,0
protein9,1,CC(=O)c1nc2ccc(-c3ccc(OC4CCN(C(C)C)CC4)cc3)cn2c1N(C)C,0
protein9,1,CCC(C)C(N)C(=O)Nc1onc(C)c1C(=O)Nc1c(Cl)cccc1C(F)(F)F,0
protein9,1,Cc1nc2c(c(Nc3ccccc3C)n1)CCNC2,0
protein9,1,Cc1cc(OCC2CCNCC2)cc2c1C(n1ccc(N)nc1=O)C(CO)C(C)C2(C)C,1
protein9,1,CCCOc1ccc2c(c1)c(C(=O)NO)c(O)c1ncn(Cc3ccccc3)c12,0
protein9,1,Cc1ccc(Nc2c(S(=O)(=O)c3ccc(C)cc3)ccc3ncnn23)cc1,0
protein9,1,Cc1cc(CN2CCC(c3ccccc3)=C(C(=O)OCc3sccc3C)C2)no1,0
protein9,1,NCC1CCN(c2nc(-c3ccccc3C(N)=O)nc3ccccc23)CC1,1
protein9,1,Cc1noc(-c2ccc3c(c2)CCC3)c1C(=O)Nc1ccc(CC(N)CO)cc1,0
protein9,1,CCNC1=NCC(CC(=O)N(Cc2ccccc2C(F)(F)F)C2CCCCC2)N1,0
protein9,1,COc1ccccc1C(=O)Nc1cc(C(=O)NC2CCCCC2C)nn1-c1ccc(C)cc1,0
protein9,1,CC(C)c1ccccc1Nc1ccccc1C(N)=O,0
protein9,1,Cc1ccc2c(c1)c1c(n2-c2ncccn2)CC2(CCCN(C(=O)c3cnco3)C2)CC1,0
protein9,1,Cc1ncc([N+](=O)[O-])n1-c1ccc(CNc2cc(F)cnc2-c2ccc(C(F)(F)F)nc2)cc1,0
protein9,1,Cc1ccccc1N(c1nc2ccccc2[nH]1)c1cccc2c1CS(=O)(=O)NC2=O,1
protein90,1,CCCCS(=O)(=O)N1CCCC2C1CCCN2c1ncc(-c2nccc(N3CCOCC3C)n2)cn1,1
protein90,1,CN(Cc1ccccc1)C1(C)C(=O)Nc2cc(OCCCN3CCOCC3)c(F)cc21,0
protein90,1,CCCCCCN1C(=O)C=Cc2cc(NC(=O)CC#N)ccc2[S+]1(=O)[O-],0
protein90,1,CCC1(c2ccccc2)CCN(C(=O)c2ccc(N(C)C(=O)c3ccc(N)c([N+](=O)[O-])c3)cc2)CC1,1
protein90,1,O=C(Nc1ccccc1N1CCCC1)c1ccc(F)cc1F,1
protein90,1,CC1CCCCC1C1=C(n2ccnc2)C(=O)c2nc3ccccn3c2C1=O,0
protein90,1,Cc1cccc(Nc2ncnc3[nH]cc(CN4CCSCC4)c23)c1,1
protein90,1,NC(=O)c1ccccc1N1C(=O)c2ccccc2Sc2cnccc21,0
protein90,1,CC1CCc2nc3c(N(C)C(=O)C4COC4)cc(-c4ccccn4)cn3c2C1,1
protein90,1,CCOc1ccc(NC(=S)NC(=O)CC2(C)C(=O)N(C)c3ccc(OC(=O)c4cccs4)cc32)cc1,0
protein90,1,CCOc1ccccc1P(=O)(NCC1Oc2c(O)cccc2C1CCCCN1CCN(C)CC1)c1ccccc1,1
protein90,1,CCCn1c(C=O)c(-c2ccc(OCCN3CCOCC3)c(C=O)c2)c2ccccc21,1
protein90,1,O=C(Nc1ccc(Cl)c(Cl)c1F)c1cccc([N+](=O)[O-])c1,1
protein90,1,Cc1nn(C)c(N(C)C)c1CN(C)C1c2cc(Cl)ccc2Nc2cncnc21,0
protein90,1,Cc1[nH]nc(C2=CC(C)(C)CC(O)C2)c1Cc1ccccc1OC(F)(F)F,1
protein90,1,CCN(C(C)C)C(C)CN(c1cc(-c2ccc(C)cc2)ccc1N)S(=O)(=O)c1ccc[nH]1,1
protein90,1,O=C(NC1(C(=O)Nc2ccc3ccc(C(F)(F)F)cc3n2)CCCCC1)N1CCCCC1,0
protein90,1,CC(C)CN1CC=C(c2ccnc3nc(C(F)(F)F)c(Cl)cc23)CC1,0
protein90,1,Cc1cc(=O)[nH]c2cc(C=CC(=O)N3CCN(C)CC3)ccc12,0
protein90,1,Cc1ncc([N+](=O)[O-])n1C=CC(=O)Nc1ccccc1N1CCN(C)CC1,1
protein90,1,CCC(C)C(C(=O)NO)N(c1ccc(F)c(N2c3c(C)cc(C#N)cc3CC2C)c1F)S(C)(=O)=O,1
protein90,1,CCOc1ccc(-c2ccc(Cl)c(Cl)c2)nc1C(O)CNC(C)(C)C,0
protein90,1,CCCCC(NC(=O)C(C)N(C(=O)OCc1ccccc1)c1ccccc1)C(=O)O,0
protein90,1,Cc1nc(-c2ccc(Cl)cc2)no1,0
protein90,1,Cc1c(C(=O)Nc2cc(C(=N)NOC(=O)C3CCCC3(C)C)ccc2OC(C)C)sc2ncccc12,0
protein90,1,Cc1ccc2c(c1)Nc1cnccc1N2C(=O)c1ccccc1,0
protein90,1,O=C1Nc2ccccc2N2C(=O)c3cnc(-c4ccc([N+](=O)[O-])cc4)cc3C12,1
protein90,1,CC(C)CNc1nc(NCc2cccc(F)c2)cc(-c2cc(=O)n3c(n2)NCC(C)C3)n1,0
protein90,1,O=C(Nc1cnn(-c2ccccc2)c1)c1ccc(Cl)cc1OCc1cnn(-c2ccccc2)c1C(F)(F)F,0
protein90,1,NC(=O)c1ccccc1Sc1ccccc1N(CCO)S(=O)(=O)CCc1ccccc1,0
protein90,1,CCN(CC)CCn1cc(CN2CCCN(c3ncccn3)CC2)cn1,0
protein90,1,Cc1nn(C)c(C)c1NS(=O)(=O)c1ccc(Oc2ccc3c(c2Cl)CCC(C)(C)O3)cc1,0
protein90,1,CCC1c2cc(OC)ccc2C(NC(=O)c2cc(C)ccc2-n2nc(C)cc2C(F)(F)F)CN1C(=O)c1cc(C)on1,1
protein90,1,CCc1ccccc1N1CCN(S(=O)(=O)c2ccc3nc(C(F)(F)F)c(C#N)c(N)c3c2)CC1C,0
protein90,1,CCC(NC(=O)C(=O)Nc1ccccc1Cl)C(=O)N1CCC(N)C1,0
protein90,1,O=C(NC1COCS(=O)(=O)N1Cc1ccccc1)c1cc(Cl)ccc1O,0
protein90,1,O=C(NCC1CC1)c1cc(Cc2n[nH]c3c(F)c(F)c(F)c(F)c23)ccc1F,1
protein90,1,CCOC(=O)n1ncc(-c2ccc(C)c(C)c2NC(=O)CCS(=O)(=O)c2ccccc2)c1C,0
protein90,1,O=C(Nc1ccc(F)cc1F)c1cc(-n2cncn2)ccc1F,1
protein90,1,O=C1Cc2cc(-c3cnccn3)ccc2N1,0
protein90,1,O=C(Nc1ccc(OC(F)(F)F)cc1C(F)(F)F)c1c(N2CCCCC2)c2ccc(-c3ccccn3)nn2c1C(F)(F)F,0
protein90,1,CCCN1C(=O)CCOc2ccc(S(=O)(=O)n3cc(Cl)c4ccccc43)cc21,1
protein90,1,CCOCCn1cc(C(C)C)n2c(-c3cc(F)cc(F)c3)c(N3CCN(C)CC3)cc2c1=O,1
protein90,1,O=C1c2cc(ccc2O)C2c3cc(F)cc4c3CC(N12)C(CCN1CCOCC1)(c1ccc(Cl)cc1)O4,0
protein90,1,Cc1ccnc(NN=Cc2ccc(OCc3ccccc3)c(Cl)c2)n1,0
protein90,1,Cc1ccccc1Nc1nccc(N2C(=O)OCC2C2CCC(CN3CCN(C)CC3)CC2)n1,1
protein90,1,O=C1Nc2cc(F)ccc2C1=NNc1ccc(C(F)(F)F)cc1Cl,1
protein90,1,CC(C)(C(=O)Nc1nc2ccc(-c3cnn4c3C=NOC(C(F)(F)F)C4)cc2s1)c1ccccc1,1
protein90,1,CC1(C)CC(NC(=O)c2cnn3ccc(-c4cccnc4)nc23)(C(=O)O)c2ccc(F)cc21,0
protein90,1,Cc1nc2ccc3c(c2[nH]1)C1CCC3(C(=O)Nc2nccs2)C1,0
protein90,1,Cc1nc2cc(N(C)C)ccc2n1Cc1ccc2c(OCC(=O)N3CCC4(CC3)OCCO4)ccnc2c1,1
protein90,1,Cc1cnc2c(c1OCC1CCCCC1)CCC(=O)N(c1ccc(F)c(Cl)c1)C2c1ccccc1C(N)=O,0
protein90,1,CC(C)C(c1ccccc1N1CCN(C(=O)C2CCCC2)CC1)N(C)C,0
protein90,1,CC1(C)Cc2cccc(-c3cc4ccccc4o3)c2N(C(N)=O)C1,1
protein90,1,O=C1OCCN1C(=O)c1cc2c(n(-c3ccccn3)c1=O)C(N1CCC(C(F)(F)F)CC1)c1ccccc1C2,0
protein90,1,Cc1ccc(Nc2sc(-c3c[nH]nc3-c3ccccn3)nc2C#N)cc1C,1
protein90,1,O=C1CC(n2cnc3ccccc32)N(c2ccc(F)cc2)C(=O)N1,1
protein90,1,CCCCN(CCCl)CCn1nc(C)c2cc(-c3cc4ccc(OCc5nc(C)n[nH]5)cc4o3)cnc21,1
protein90,1,Nc1ccc(C(=O)Nc2ccccc2O)cc1O,1
protein90,1,CC1(CO)C(O)CC1NCc1cc(-n2ccnc(C#N)c2=O)cc(C(F)(F)F)c1CCc1cc(F)cc(F)c1F,0
protein90,1,CCOc1ccc2nc(O)c(-c3ccc(C(C)(C)C)cc3)nc2c1,1
protein90,1,CC1=C2CN3CCN(CC3)CC(O)Cc3ccccc3C2CC(C)(C)C1,0
protein90,1,CC12CCC(CC(CC(O)CC(=O)O)C1)O2,0
protein90,1,O=C1C(c2ccccc2F)=NNC2CCC(CC2)CN1c1cnn(-c2ccc(Cl)cc2Cl)c1,0
protein90,1,CCCN(CCC)c1ncccc1CNC(=O)C1CC(O)CC1C(=O)NC1CCCCC1,0
protein90,1,CCc1nc2ccccn2c1CN1CCC(n2c(=O)c3c(nc4ccc(-c5cnn(C)c5)cn43)c3cc(OC)ccc32)C1,1
protein90,1,CCCC(=O)Nc1ccc(Oc2c(C(=O)O)n(C)c3ccc(Cl)cc23)c(Cl)c1,0
protein90,1,Cc1ccnnc1-c1nc2c(N)c(NC(=S)NC3CCCCC3)ccc2o1,1
protein90,1,CCC(NC(=O)c1cnn(-c2nc3c(F)cccc3s2)c1C(F)(F)F)C(N)=O,0
protein90,1,CCCCCN(C)Cc1cccc(N(CCCCN2CCN(C)CC2)c2cc(F)c([N+](=O)[O-])nn2)c1,0
protein90,1,CCC=C(C)Nc1ccc2c(c1)C(C)(C)C(=O)N2c1cccc(C)c1,0
protein90,1,CS(=O)(=O)CCCCCCCSc1ccc(C(=O)ON)cc1[N+](=O)[O-],1
protein90,1,O=C(O)NCCCCCC(=O)NC(=S)Nc1ccc(Oc2ncccc2C(F)(F)F)cc1,0
protein90,1,O=C1NC(=O)c2c1c(N1CCCC1)nc1ccccc21,1
protein90,1,Cc1cc(C)cc(N2CCC(Oc3cccc(Cl)c3)(c3ccccc3F)C2)c1,0
protein90,1,Cc1nocc1C1CCCN1C(=O)c1cccs1,0
protein90,1,CCN(C(=O)c1ccccc1S(=O)(=O)Nc1cn(C)nc1-c1cn(CC)c2ccccc12)C1CCCC1,1
protein90,1,CCN(CC)S(=O)(=O)c1ccc2c(c1)OC(C(C)(C)C)c1oc3ccc(Cl)cc3c1-2,0
protein90,1,Nc1ccc(-c2ccc3c(c2)OCCC3c2c(Nc3ccccn3)nc3ccccc3c2NCC(F)(F)F)nc1,1
protein90,1,CCn1cc(C(=O)Nc2cnccc2N2CCCCC2)c2ccccc21,1
protein90,1,COc1ccc(-n2nc(NC(=O)c3csc(C)n3)cc2-c2ccccc2)c(C2=NCCOC2)c1,0
protein90,1,Cc1n[nH]cc1C1c2ccccc2CCN1S(=O)(=O)c1ccccc1[N+](=O)[O-],0
protein90,1,Cc1ccc(-n2c(=O)c3[nH]c(-c4ccoc4)nc3n(C)c2=O)cc1,1
protein90,1,CCCC(=O)C1(c2ccccc2)c2ccc(Cl)cc2NC(=O)C2CCN(CC2)S(=O)(=O)C1C,0
protein90,1,S=C(NNc1ccccc1)NC1CCCCC1,0
protein90,1,O=C(CC(Cn1cccc1)c1ccc(Cl)cc1)N1CCN(Cc2ccccc2)CC1,0
protein90,1,O=C(CCc1c2c(nc3ccccc13)CCNC2)Nc1ccc(C(=O)O)cc1,0
protein90,1,CCCCC1Nc2ccc([N+](=O)[O-])cc2S(=O)(=O)N1CCC,1
protein90,1,CC(=O)NC1CCC(C)C(C(=O)N2CCCC(N3Cc4ccccc4C3)C2)C1,0
protein90,1,Cc1cnc(OC2CCN3CCCCC3C2(O)Cc2ccccc2F)cn1,0
protein90,1,CCC(C)(C)CNC(=O)c1c(-c2ccncc2)c(-c2ccc(F)cc2)c(-c2ccc(C(=O)O)cc2)n1C,0
protein90,1,CC(C)CCN1CN(CCCO)c2nc3cc(-c4ccc(C(F)(F)F)cc4)nn3cc21,0
protein90,1,O=C1Nc2cccnc2N=C(c2ccccn2)C1Cc1ccc(C(F)(F)F)cc1N1CCOCC1,0
protein90,1,CC(NC(C)(C)C(N)=O)c1cc(-c2[nH]c3ccccc3c2-c2ccc(OCC(F)(F)F)cc2)n[nH]1,0
protein90,1,CCN=c1ccn(C2OC(=O)C(C)=C2C)cc1OCc1ccccc1,0
protein90,1,COc1ccccc1-c1nccc(N(CCN(CC(=O)Nc2ccccn2)C2CC2)CC(C)C)n1,1
protein90,1,CCN(c1ccccc1NC1=NCCS(=O)(=O)N1C)S(=O)(=O)CC,0
protein90,1,Nc1ccc2c(n1)c(-c1ccc3c(c1)C(=O)c1cc(Cl)ccc1CC3)nn2CC(F)(F)F,1
protein90,1,CCCC(NN=O)c1nc2ccccc2n1C,1
protein90,1,Cc1ccc(C(=O)Nc2ccc(SC3CCS(=O)(=O)C3)cc2)cc1C(F)(F)F,0
protein91,1,Cc1ccc(C(C)(O)c2nc3ccc(F)cc3c(Nc3nccc(N4CCOCC4)n3)c2C)cc1,1
protein91,1,CCN(CC)S(=O)(=O)c1ccc(N2CCCCC2)c(NC(=O)c2ccsc2N)c1,0
protein91,1,O=C(NCc1cccs1)c1cnn2c(C(F)(F)F)cc(-c3ccccc3)nc12,0
protein91,1,O=C(c1ccccc1CC1CC1)C1CCC(CN2CCc3ccccc3C2)O1,1
protein91,1,COc1cc(C2(C)C=CS(=O)(=O)N2)c(F)cc1N1CC(C)C1,0
protein91,1,CC1=C(N)c2cc(O)c3c(c2OC1C)C#CC(CC(=O)O)(c1ccc(Cl)cc1)CCC3,0
protein91,1,Cc1cc(O)c(C(=O)Nc2ccc(-c3ccccn3)c([N+](=O)[O-])c2)s1,1
protein91,1,Nc1nccc(-n2nc(C3CC3)cc2-c2cccc3ccc(C(F)(F)F)nc23)n1,1
protein91,1,O=C(NCC1CCCN1)c1cnc2ccccc2c1Nc1ccc(N2CCCC(NC=NO)C2)c(F)c1,1
protein91,1,CCC=CC[S+]([O-])c1ccc(OC)cc1-c1ccccc1,0
protein91,1,O=C(CC(c1ccccc1)c1ccc2c(c1)OCCC2)C(=O)N1CCN(Cc2ccccc2)CC1,1
protein91,1,Nc1cnc(-c2cc3cc4c(cc3cc2F)C2(CC4)CCC3CCC(=O)N3C2)cn1,1
protein91,1,CCCS(=O)(=O)c1ccc(C)c(C2OC(=O)C(C#N)=C2Nc2ccccc2C)c1,1
protein91,1,Cc1cc(CSc2ncccn2)cc2c1N(C(=O)C(C)(C)C)C(C(=O)N1CCCC1CN1CCCC1)C2,0
protein91,1,CC(C)NS(=O)(=O)C=C(O)c1ccc(C(C)(C)C)cc1[N+](=O)[O-],0
protein91,1,Cc1nc2cc(-n3cc(CO)nn3)cc(C(=O)N3CCOCC3)c2[nH]1,1
protein91,1,CC12CNCC(O)CC3C(c4ccc([N+](=O)[O-])cc4C1)C2(C)CCN3C(=O)Nc1ccccc1,1
protein91,1,Cc1ncccc1Nc1nc(-c2cccs2)cc(N(C)CCO)n1,1
protein91,1,COc1cccc2c1C(=O)C(CCC(C)C)(Nc1ccc(C(C)C(=O)O)cc1)C2,0
protein91,1,Cc1cccc(Nc2nccc(-c3ccc(C(=N)N)cc3)n2)c1,0
protein91,1,O=C(O)CCCC=CCn1c(-c2ccccc2Cl)nc2cccnc21,0
protein91,1,Cc1ccc2c(c1-c1ccccc1)C1CCCN=C1NC2=O,1
protein91,1,CCc1ccc(CCn2c(C(=O)O)nc3cc(C(F)(F)F)ncc32)cc1,0
protein91,1,CC1=C(c2cc(C)n(-c3cccc(C(=O)O)c3)c2)C(=O)NC1=O,0
protein91,1,Cc1cccc(-n2nc(NCCN(C)CCO)c3nc(-c4ccncc4)c4c(c32)CCCC4)c1C,0
protein91,1,O=CNCC(c1cccs1)N1CCN(c2ncc(F)cn2)CC1,1
protein91,1,CCN(CC)C(=O)C[S+]1CCC(=O)N(C2CCCC2)C1c1cccc(C)c1C,0
protein91,1,CCC1CC(O)(Cn2nnc3ccccc32)C(C)N1C(=O)NCCc1cccc(C(F)(F)F)c1,0
protein91,1,O=C(COc1cn(CC(=O)Nc2cc(C(F)(F)F)ccc2N2CCCC2)c2ccccc12)NCc1ccccc1F,0
protein91,1,CCc1ccccc1N(C)C(=O)c1cccnc1Sc1ccc2oc(=O)cc(C)c2c1,0
protein91,1,CCN1CC(C#Cc2ccc3c(c2)C2CN(C(=O)c4cc5c(cn4)OCC5O)CCC2O3)C1,1
protein91,1,ONC(=S)N1CCN(Cc2ccc(C3CC(C4CCNCC4)c4ccc(O)cc4O3)cc2)CC1,0
protein91,1,Cc1cccc(NC(=O)Cn2nc(-c3ccccn3)cc(N)c2=O)c1,1
protein91,1,NC1=NC(c2ccccc2OCc2c(F)ccc(F)c2F)CN1,0
protein91,1,CCC(C)Nc1nc(OC)c(C#N)c(-c2c(Cl)cccc2Cl)n1,0
protein91,1,Cc1c(CC(=O)OCC#N)sc2ncn(-c3cc(Oc4cc(F)cc(F)c4)ncn3)c12,0
protein91,1,CC(=O)OC(COC1CC2COC(=O)C3=C(NC(C)CC3)C(=O)N2C1)Cn1cc(C)c2ccccc21,1
protein91,1,Cc1cncc(C2CCN(Cc3cc(F)c(C#N)cc3F)CC2)n1,1
protein91,1,O=C(Nc1ncc2c(n1)-n1ccnc1CCC1(CCN(CC(F)(F)F)CC1)C2)c1ccccc1,0
protein91,1,CC(C)C1C(=O)NCCN1c1ccc2c(c1)cc(-c1ccccc1)n2-c1ccc(Cn2ccnc2)c(F)c1,0
protein91,1,O=C1c2ccc(Cl)cc2CN(C(=O)C2CCN(c3ccncc3)CC2)C1COC1CC1,0
protein91,1,Cc1ccc(-n2sc(NC(=O)Nc3cc(Cl)ccc3OC(C)(C)C)nc2=O)cc1C,0
protein91,1,Cc1c(-c2ccccc2)cccc1C(CCCc1ccc2c(c1)S(=O)(=O)NCCO2)CC(=O)NO,0
protein91,1,Cc1ccc(OCc2ccc(F)cc2F)cc1C(=O)N(C(=O)c1cn(Cc2ccccc2)nn1)c1cccc(C(F)(F)F)c1,1
protein91,1,O=C(Nc1ccccc1C(F)(F)F)C(=C(O)c1c[nH]cn1)c1cccc(Cl)c1,0
protein91,1,CCC1(C)CNC(=O)C(=NN(c2ccc(C(F)(F)F)cc2)c2ncccn2)C1,0
protein91,1,CC(C)CC(N)C(=O)N1CCCC(n2nc3ccc4cccc(N5CCC5)c4c3n2)CC1,1
protein91,1,CC(C)CC#CC1C(CC#N)c2ccccc2N1C(=O)C(C)(C)C,0
protein91,1,Cc1cc(C)c2cc(NC(=O)CSc3nccc(C(F)(F)F)n3)ccc2n1,0
protein91,1,O=C1CCOC1=Cc1cccc(Oc2ccc(Cl)cn2)c1,0
protein91,1,CC(C)CC1N(CC2CC2)CCCC1(O)c1cc(O)nc(Nc2cccc(F)c2)n1,0
protein91,1,CC(=O)NC(=Cc1cccc(C)c1)C(N)=O,0
protein91,1,COc1cccc(-n2nc3c(N4CCNCC4)cc(C)nc3c2-c2ccc(C)cc2)c1,0
protein91,1,O=C(CS(=O)(=O)c1cc(-c2ccccc2)c(O)cc1O)Nc1cccc(C(F)(F)F)c1,0
protein91,1,Cc1nc(C(C)(C)C)sc1C(=O)NC(CC(C)C)c1c(C(F)(F)F)cc(C(C)(C)C)[nH]c1=O,0
protein91,1,Nc1nc2ccccn2c1C(=O)C(F)(F)F,1
protein91,1,CC=C(C)C(=O)NCC1(N2CCN(c3nsc4ccccc34)CC2)CCCCC1,1
protein91,1,O=C(c1cnc(O)cn1)N(C(=O)c1ccccc1C(F)(F)F)c1cccc(-c2ccncc2)c1,0
protein91,1,O=C1CN(CCOCCNC(=O)Oc2cccc(C(F)(F)F)c2)CCN1,0
protein91,1,O=C=NC1CCCC(c2cn(-c3cc(F)cc(Cl)c3)c(=O)c3ccccc23)C1Cl,0
protein91,1,Cc1cn2cc(C(F)(F)F)cc2c(Oc2cc(O)cc(C(=O)Nc3ccccc3[N+](=O)[O-])c2)n1,0
protein91,1,CCc1ccc(-c2cn3c(-c4ccccc4OC(F)(F)F)nnc3c(NC3CCN(C4CCOCC4)CC3)n2)cc1,1
protein91,1,CCCC1CCCN1C(=O)c1c(C)c(C)n(-c2cccc(F)c2)c1C,0
protein91,1,O=C(Nc1ncc(-n2nc(C(F)(F)F)cc2-c2cccc(OC(F)(F)F)c2)cn1)N1CCCC1,0
protein91,1,Cc1nn(CC(=O)NCCSCc2ccccc2F)c(C)c1[N+](=O)[O-],1
protein91,1,CCC(NC(=O)OCC1CC(O)Cc2c1nc(N)c(C#N)c2C)c1ccc(C)c(F)c1F,0
protein91,1,CCSc1ccc(C)c2cccc(NC(=O)C3CCNCC3)c12,1
protein91,1,CCCN(C(=O)C=C(C)C)C1(CO)CSc2c1cnc1ccccc21,0
protein91,1,Cc1ccc(OCc2cn(-c3cccc(C(F)(F)F)c3)nc2-c2cccs2)c(N)c1,1
protein91,1,CC1CN(C(=O)c2cc(-c3ccc(Cl)cc3)n(CC3CCCCC3)n2)CCO1,0
protein91,1,CC(C)CCn1ncc2c(nc3c(F)c4c(c(NCc5cccc(Cl)c5C(N)=O)n32)CCCC4)c1=O,0
protein91,1,NC(=O)C1CCCN1Cc1ncn(O)c1CCOC1CCCC1C(=O)N1CCN(c2c(F)cccc2F)CC1,1
protein91,1,CC(C)C(C)C1NC(=O)C(Cc2ccccc2)NC1=O,0
protein91,1,CCN(CC)C(C(=O)NCc1ccccc1F)(c1ccccc1)c1ccsc1,0
protein91,1,CC(C)N1CCN(c2c(C(N)=O)nc3n2CCc2cc(Cl)ccc2-3)CC1,0
protein91,1,CC1(N=Nc2ccc(-c3ccc(S(=O)(=O)NO)cc3)cc2Cl)CCC(CO)CC1,0
protein91,1,Cc1cccnc1N1CCC2(CC1)CN(C(=O)c1ccccn1)CCO2,0
protein91,1,CC1=NOC(=O)C1c1ccc([N+](=O)[O-])cc1,1
protein91,1,Cc1cnc(C(=O)NC2CCCC(CNS(=O)(=O)N(C)C)C2)cn1,0
protein91,1,CN(C)c1ccnc2ccc(NC(=O)c3cn(C(C)(C)C)c4ccccc34)cc12,1
protein91,1,Cc1ccc(Nc2nc(N)c3cc(C#N)ccc3[n+]2C)cc1Cl,1
protein91,1,O=C(NCc1ccc(-c2ccc(F)cc2C(F)(F)F)o1)C1CCN1c1ncccn1,0
protein91,1,CCN1CCN(C(=O)OCc2cccc(F)c2)C(C(c2ccc([N+](=O)[O-])cc2)c2ccccc2O)C1,0
protein91,1,Cc1nnc(-c2ccccc2NC(=O)c2ccccc2)o1,0
protein91,1,CCCCN1CC2c3c(C)cc(C)cc3-n3ncnc3C3(CCN(C(C)(C)CO)C3)C2C1=O,0
protein91,1,CC(=O)N1CCCC(N2CCC(O)(C(F)(F)F)CC2)C(OC(=O)Nc2ccccc2)C1Cc1ccccc1,0
protein91,1,CC(C)CC(NC(=O)NC1CCS(=O)(=O)C1)C(=O)NO,0
protein91,1,CCN(C(=O)c1cnc(Oc2ccccc2C(F)(F)F)c([N+](=O)[O-])c1)C(C)c1ccc(C)cc1OC,1
protein91,1,Cc1cc2c(cc1C)N1C(=O)C(C)N2C(=O)C12CCCCC2,0
protein91,1,O=C(NC(Cc1ccccc1)C(=O)O)c1cc(Cl)ccc1O,0
protein91,1,CC=C(C)C(=O)Nc1cccnc1,0
protein91,1,CC1=C(C)C(C)(CN)CC(OC(=O)Cc2cccc([N+](=O)[O-])c2)C1,0
protein91,1,NC1CCCCC1c1c[nH]c2ccc(-c3nn(C4CCCNC4)cc3-c3cccnc3)cc12,0
protein91,1,CCc1ccc2oc3nc(O)nc(Nc4ccc5c(c4)ncn5CC)c3c2c1,1
protein91,1,Nc1nncc(-c2ccc3c(c2)OC(c2ccccc2)(C(F)(F)F)c2cnn(-c4ccc(F)cc4F)c2-3)n1,0
protein91,1,Cc1cc2c(nc(C)n2-c2ccc(Nc3cc(C(F)(F)F)cc4c(N)ncnc34)cc2)c(N)n1,1
protein91,1,CCn1c(CC=C2C(=O)NC2(C)C)nc2cc(C(F)(F)F)ccc21,1
protein91,1,Cc1cc(NC(=O)CS(=O)(=O)c2ccccc2)n(C)c1-c1ccc(OC(C)(C)C)cc1,0
protein91,1,Cc1cc(C)cc(-n2ncc3c(NCc4ccccn4)cc(C4CC4)nc32)c1,0
protein91,1,CC(=O)OC1C=C(C)CCc2cc(OCc3ccccn3)ccc21,0
protein92,1,Cc1[nH]c2cc(F)cc(C(F)(F)F)c2c1C(=O)OCC(=O)N1CCc2ccccc21,1
protein92,1,CCOc1cc(OC(C)(C)C)ccc1C1NC(=N)NC1=O,0
protein92,1,CC(=O)Nc1ccccc1NC(=O)COC(=O)Cc1ccc(Oc2ccccc2)cc1,0
protein92,1,N#Cc1ccc(NC(=O)CC2(C(=O)Nc3cccc(F)c3)CN(Cc3ccc(F)cc3)CCN2)c(F)c1,0
protein92,1,O=C(NC(=O)c1ccccc1Oc1cccc([N+](=O)[O-])c1)c1ccc(F)cc1,1
protein92,1,Cc1ccc(Nc2n[nH]c(C)c2C=NNC(=O)c2ccncc2)cc1C,1
protein92,1,CC(=O)NC(C)CCCC1COC(C)(C(=O)N(C)c2ccc(F)cc2)c2ccccc21,1
protein92,1,CC(=O)Nc1ccc(CSc2ccnc3c(C(F)(F)F)cccc23)cc1N1CCOCC1,1
protein92,1,CCCCCN(C)Cc1nc(C)c(CC(=O)N(C)CCN(C)C)[nH]1,0
protein92,1,Cc1cc(O)c(C(=O)COC(=O)c2cc(O)ccn2)cc1O,0
protein92,1,CCCC(=O)C1CCOC(C)(OCc2cc(OC)cc(Oc3ccccc3C#N)c2)C1,1
protein92,1,O=Cc1cccc2c(Cl)cnc(COC3CCN(c4ncccn4)C3)c12,0
protein92,1,NC(=O)C1CCN(c2ncc3nc(CN4CCC4)n(-c4ccccc4)c3n2)CC1,0
protein92,1,CCn1c(-c2cc3ccccc3o2)nc2ccc(C(F)(F)F)cc21,1
protein92,1,Cc1nc2cc(F)ccc2n1CCCN,1
protein92,1,CCCN(CC(=O)NCC(=O)Nc1ccc([N+](=O)[O-])c(C)c1C)C(C)C,1
protein92,1,Cc1cccc(C(C)(N=C(N)CCl)c2ccc(C#N)cc2)c1,0
protein92,1,CCCN1C(=O)C(=Cc2ccc3c(c2)OCCO3)NC1=S,0
protein92,1,Cc1ccc(N(C)C)cc1NC(=O)c1nc(-c2cnn(CCn3ccnc3)c2Cl)nc2ccccc12,1
protein92,1,CCCCC1CC2CN(S(=O)(=O)c3ccc(N(C)C)cc3)C(=O)C2(O)CC1CN(CC1CC1)CC1CNC(=O)CN1C,0
protein92,1,CC(O)CCn1c(CN2CC(C)CC(C(N)=O)C2)nc2ccccc21,0
protein92,1,Cc1nsc2nc(C(=O)N3CCC(C(C)(O)C(F)(F)F)CC3)[nH]c(=O)c12,0
protein92,1,CCCC1CCNC(=O)C(CN2CC(C)CC(O)C2)C1,0
protein92,1,Cn1c(=O)c2[nH]c(-c3ccc(C#CC4CC(C(=O)N5CCCC5C#N)OC(C)(C)C4)cc3)nc2n(C)c1=O,0
protein92,1,Cc1nc(C(=O)Nc2cccc(Cl)c2)cc2c1[nH]c1ccccc12,1
protein92,1,Cc1ccc(CNC(=O)c2nc(N)nc3c2nc(-c2ccccc2)c(=O)n3-c2ccccc2)cc1,0
protein92,1,Nc1nccn1CC1CCCC(n2nc(-c3cccc(OCc4ccccc4)c3)ccc2=O)C1,0
protein92,1,CC1CCN(CC(C(=O)c2nc(N3CCCCCC3)n3oc(=O)c4ccccc4c23)=C(O)C(=O)N(C)C)CC1,1
protein92,1,O=C1CCC(CCCN2CCCN3CCCCC3C2=O)c2ccncc21,0
protein92,1,O=c1[nH]c(=O)n(CC2CCCO2)c2ccsc12,0
protein92,1,CC(=O)Nc1nn(CN2CCOCC2)c2c1cnc1ccccc12,0
protein92,1,CCC(C)C(=O)Nc1c2c(nc(Nc3ccncc3)c1-c1cccc(C#N)c1)CCCC2,0
protein92,1,CC1CCC(NC(=O)c2ccc(S(=O)(=O)N3CCCCC3)cc2)CC1,0
protein92,1,O=C1CC(C(O)c2ccccc2)C2C(=Nc3ccc(OC(F)(F)F)cc32)N1,0
protein92,1,CC(C)CN1CC(C(=O)N(CCN)c2cccc([N+](=O)[O-])c2)CC1=O,1
protein92,1,O=C(Nc1nnc(C(F)(F)F)s1)c1cccc(-c2cccnc2)c1,0
protein92,1,Cc1ccc(CP(=O)(O)c2cnc3ccc(F)cc3c2C(F)(F)F)cc1,0
protein92,1,Cc1nc(Nc2cccc(C(=O)N3CC(O)CC3C(=O)Nc3ccc(C#N)c(C(F)(F)F)c3)c2)cc(-c2ccccc2C(F)(F)F)n1,0
protein92,1,CC(=O)OC(CC(C)C)c1c(C)cc(C(F)(F)F)cc1C(=O)N(O)C(C)CN1CCCN(c2ccncc2)CC1,1
protein92,1,Cc1cccc(-n2cc(C(=O)OCC(=O)N3CCN(C)CC3)c3ccccc32)c1,0
protein92,1,Nc1ccc(C23CCC(CC2)C(=O)N3Cc2ccc(Cl)cc2)c(OCc2ccccc2)c1,0
protein92,1,CC1Cn2c(c(CC(N)C(F)(F)F)c3cc(C(F)(F)F)ccc32)CN1c1cccc(N)n1,0
protein92,1,Fc1ccc(Nc2ncccn2)cc1-c1ccn2cc(-c3ccccc3)nc2n1,0
protein92,1,N=c1c(-c2ccc(Cl)c(Cl)c2)cn(-c2ccccn2)c2sc3c(c12)CCNC3,1
protein92,1,CCCC(CSc1nc(O)c2cccnc2n1)C(=O)NN,0
protein92,1,O=C(Nc1cccc(C(F)(F)F)c1)c1cccc2cnc(Nc3ccc4c(c3)OCCO4)nc12,0
protein92,1,CNC1(C2CCCCN2CCCCNc2nccc(C)n2)CCCCC1,0
protein92,1,O=C(Nc1ccccc1C(F)(F)F)c1cccc(-n2cnc3ccccc32)c1,0
protein92,1,Cc1ccc2nc(-c3ccsc3)cc(NCCCN3CCOCC3)c2c1,1
protein92,1,CCn1cc(CNc2cc(-c3cc([N+](=O)[O-])cc4c(C5(S(C)(=O)=O)CCCC5)c[nH]c34)ncn2)cn1,1
protein92,1,Cc1c(C=C(COC(c2ccncc2)c2ccc(Cl)cc2)NC(=O)C2CC2)cnn1C,0
protein92,1,O=c1ccc(-c2ccccc2Cl)nn1-c1ccc(Oc2ccccc2CN2CCCC2)cc1F,1
protein92,1,CC=C(c1cccn2cc(Cc3cccc(C(=O)NCOCC)c3)nc12)N1CCN(C)CC1,0
protein92,1,Cc1ccc(S(=O)(=O)N2CCN(C(C)C)CC2)cc1C,0
protein92,1,Cc1ccc(S(=O)(=O)Nc2cccc(Cl)c2C(=O)O)cc1,0
protein92,1,O=C(Cn1c(-c2ccccn2)nc2c(I)nc3ccccc3c21)N1CCCC1,1
protein92,1,CCN(CC)S(=O)(=O)c1cc(C(=O)N(C)c2ccccc2C)ccc1[N+](=O)[O-],1
protein92,1,O=C(Cn1cccc1C(=NOCc1cccs1)c1ccc(F)cc1)NC1CCCC1,0
protein92,1,CCCNC(=O)COC(=O)c1cc2cc(S)ccc2nc1Cl,0
protein92,1,O=Cc1cc(-c2ccc(C(=O)NC3=NCCc4ccccc43)cc2)ccc1O,0
protein92,1,CCC(C)N(C(C)C=C(C(=O)O)c1ccccc1)S(=O)(=O)C(F)(Cl)C(F)(F)F,0
protein92,1,CC1=Nc2ccccc2NC(=O)C1C(=O)N1CCN(Cc2ccccc2)CC1,0
protein92,1,CCn1c2c(c3ccccc31)C1CCC2=C(C(C)(C(F)(F)F)C(F)(F)F)N1,1
protein92,1,O=C1c2ccccc2CSc2c(-c3ccccc3Cl)nnc(C(F)(F)F)c21,1
protein92,1,CC(C)CCn1c(=O)c2nc(S)[nH]c2n(Cc2ccccc2Cl)c1=O,0
protein92,1,CCN(CC)Cc1c(O)c2cc([N+](=O)[O-])c(C)cc2oc1=O,1
protein92,1,Nc1nc(O)c2cc(-c3ccc(S(=O)(=O)F)cc3)cc(Nc3ccc(F)c(Cl)c3)c2n1,0
protein92,1,O=C1c2ccccc2C(=O)N1c1cccc(-c2cncc(NCc3cccc(Nc4ncccn4)c3)c2)c1,1
protein92,1,N#Cc1ccccc1-c1ccc2cc(OCc3ccc(Cl)c(C(N)=O)c3Cl)ccc2n1,0
protein92,1,FC(F)(F)Oc1ccc(-c2nc(Nc3nc4ccccc4s3)ncc2N2CCOCC2)cc1,0
protein92,1,CCCCCCN1CC(O)C(O)CC1Cc1ccccc1Cn1ccnc1,0
protein92,1,Cc1cc2c(cc1Cc1cnc(-n3nccc3CCC#N)nc1)C=CC(C)(C)O2,1
protein92,1,CC(C)n1ncc2c(NC(=O)c3ccccn3)cc(-c3ccc([N+](=O)[O-])cc3Cl)nc21,1
protein92,1,CCC1CCCC(Nc2cc(C)nn2C)C1C,0
protein92,1,CC(C)=CCN1CCCCC(C)Sc2c(C#N)c1nc1ccccc21,1
protein92,1,CCCCCN1CCC=C(C)C1CCN1CCC(C(=O)NO)C1CC(=O)Nc1c(F)cccc1F,0
protein92,1,CC1(C)CCC#CC1=NNC(=O)c1ccncc1Cl,0
protein92,1,NC(=O)OCc1ccc(NC(=S)NC(=O)c2ccc(Cl)nc2)cc1,0
protein92,1,Cc1cnc2ccccc2c1Nc1ccc(NC(=O)OC(C)(C)C)cn1,0
protein92,1,CCCOc1ccc(O)c2c1C(=O)c1cccc(NCc3ccccc3O)c1C2=O,1
protein92,1,CCOC(=O)C1CC(CN)Nc2c1nc1c(c(C)nn1-c1ccccn1)c2O,1
protein92,1,Cc1ncsc1C(=O)NN=COCOc1ccc(Cl)c([N+](=O)[O-])c1,1
protein92,1,CC(=O)N=C(NCC1CCN(C)C1)SC1CCOC1,1
protein92,1,Cc1ccc(C(=O)CC(=O)N2CC(N3CCCCC3)c3ccccc32)cc1,0
protein92,1,CCN(CC)c1ccc(C(=O)NCCn2ncc3ccccc32)cc1,1
protein92,1,[C-]#[N+]c1c(F)cc(CC2(C)C(C)CC(O)CC2N(C)CC2CC2)c(C(O)c2cnccn2)c1C,1
protein92,1,Cc1c(N)cccc1NC(=O)c1ccc(Oc2ccncc2)cc1F,1
protein92,1,CCNC(=O)c1cccc2c3ccncc3n(CP(=O)(OC)OC)c12,1
protein92,1,CC(=O)Nc1ccc(Cl)c(S(=O)(=O)n2nc(C)cc2-c2cccnc2)c1,0
protein92,1,Cc1ccccc1NC(=O)C(=CCC#N)c1ccccc1,0
protein92,1,CCC1N(C)CC2CN3C(=O)C4CCCN4C3C1(C#N)C2,0
protein92,1,O=C(CC1OC(c2ccccc2F)CNC1=O)Nc1cccc(Cl)c1Cl,0
protein92,1,CCN1C(=O)C(Nc2ccc(C3CNCCO3)cc2)c2ccccc21,1
protein92,1,O=C(NC1CCCCC1)c1cc(Oc2cccc(Cl)c2Cl)ccn1,0
protein92,1,CC(C)CC(N)Cn1c(=O)c2[nH]ccc2n(C(=O)c2ccccc2F)c1=O,0
protein92,1,CC(C)C1(C)CNCC(c2cn(S(=O)(=O)c3ccc([N+](=O)[O-])cc3)c3ccccc23)C1,1
protein92,1,CCOCC1CCCN(c2nc3cc(-c4ccc(C5CC5)nc4)cnc3[nH]2)C1,1
protein92,1,Cc1c(F)cccc1NC(=O)c1ccc2cn3c(c2n1)C(=O)C(O)=CC3(C)C,1
protein92,1,COc1ccc(C(C#N)=CC(C)O)cc1,0
protein92,1,Cc1csc(-n2nc(C(F)(F)F)c(C=Nn3cnnc3-c3ccccc3)c2C(F)(F)F)n1,1
protein93,1,CC(F)(F)c1cc(-c2cn[nH]c2)cc2ncc(-c3ccccc3)n12,0
protein93,1,O=C(NCCc1nc(O)cc(OCc2ccccc2)n1)c1cccc(Nc2cccc(F)c2)c1,0
protein93,1,CCOc1c(C)cc(NC(=O)c2cc(N3C(=O)CCC3=O)ccc2C)cc1C,0
protein93,1,Cc1nn(C)cc1-c1cccc(C(=O)Nc2ccc3cnccc3c2N)c1,1
protein93,1,Nc1nc2sc3cc(-c4ccccc4F)nnc3c2c(=O)[nH]c2ccc1cc2,1
protein93,1,Cc1nc(N(C#N)C#N)nc2c1CCc1nc3ccccc3cc1-2,1
protein93,1,CCn1c2c(c3ccccc31)C(=O)N(C)C(=O)C2(C)CCC1CCCN1C,1
protein93,1,Cc1ccc(C)c(NC(=O)c2ccccc2S(=O)(=O)C(F)(F)F)c1,0
protein93,1,Cc1noc2c1C1(O)CCN(CC1)C1CCC(C)CCC(O)C21,0
protein93,1,CC(C)CC1NC(=O)C(CSc2ccc(Cl)cc2)NC1=O,0
protein93,1,O=CC1OC(CN2C(=O)OCC2F)c2c(sc3ccccc23)C1c1ccc(-c2ccccc2)cc1,1
protein93,1,CC(C)CCNCC1Cc2ccccc2CN1C1=NCCN1c1ccc([N+](=O)[O-])cc1,1
protein93,1,CCCCN(C)C(=O)c1ccc(Nc2nccc(-c3nc4ccc(F)c(N5CCOCC5)c4s3)n2)cc1,1
protein93,1,CCCN1CCCCC1COc1ccccc1-c1ccc(C(F)(F)F)nc1,0
protein93,1,CCCC1CC2c3cc(OC(F)(F)F)ccc3CCN2CC(O)CN1S(=O)(=O)C1CC1c1cccc(OC)c1,0
protein93,1,Cc1ncc([N+](=O)[O-])n1CC(c1ccccc1)N1CCNCC1,1
protein93,1,COc1cc2c(cc1-c1nc3nccc(-c4ccc(C5CCN(C)CC5)s4)c3s1)CCCN2C(C)=O,0
protein93,1,CC(C)CC(Nc1nccc(-c2ccnc3c2CCCN3C2CCOCC2)n1)c1[nH]cnc1C(F)(F)F,0
protein93,1,CCN(CC)CCc1c2c(OCc3cccc(C(=N)N)c3)c3ccccc3c1CO2,0
protein93,1,CCOc1cc(N2CCCCC2)ccc1-c1nccc(N2CCN(C)CC2)n1,1
protein93,1,Cn1ccc(C=Nc2ccccc2NC(=O)CCc2ccccc2)c1,1
protein93,1,CC(=O)OC1CS(=O)(=O)c2c([nH]c(Cl)c2Cl)C1N1CCN(C(=O)C=C(C)C)CC1,0
protein93,1,O=C(NC(=O)C(Cl)(Cl)Cl)OC1CCCNC1,0
protein93,1,CCCS(=O)(=O)N1CCc2cc([N+](=O)[O-])c(F)cc2C12CCCCC2(F)F,1
protein93,1,CCC(CC)C(=O)N1CCC(N2CCCC2c2c(F)cccc2F)C1,0
protein93,1,O=C1c2ccccc2N(C(=O)Nc2ccnc(Cl)c2)CC1Cc1ccccc1F,0
protein93,1,CCCOCCC1CCN(C(=O)c2cc3ccccc3o2)CC1,0
protein93,1,CCCCNc1sc(Sc2ccc(C(F)(F)F)c(Cl)c2)nc1C(N)=O,0
protein93,1,CCN(CC)c1ccc(OC(F)(F)F)c(C(=O)N=C(CO)NC)c1,1
protein93,1,Cn1nc(NC(=O)C2CC2(C)C)cc1-c1cc(-c2nc(N3CCNCC3)sc2C(N)=O)ccc1F,1
protein93,1,Cc1cccc(NC(=O)C2Cc3ccccc3CN2C)c1C,0
protein93,1,Cc1ccc(C)c(-n2c(-c3cccnc3O)cnc2S(=O)(=O)C2CCOCC2)c1,0
protein93,1,Nc1nc(-c2cccc(C(F)(F)F)c2)nc2c1ccn2C1CCCC1,0
protein93,1,O=C(Cc1ccc(F)cc1F)Nc1cc(-n2c(=O)[nH]c3c(F)c(F)ccc32)ncn1,1
protein93,1,CC(C)CCCC(=O)N1CCCC1C(=O)Nc1ccccc1F,0
protein93,1,CCN(CC)c1ccc(C=C2CC(=O)N(c3ccc(C)nc3C)C2=O)cc1,1
protein93,1,CCn1c(=O)c(-c2nnc(N)s2)c(N2CCCC2C)c2cc(OC(F)(F)F)ccc21,1
protein93,1,CC(C)(C)c1ccc(C(=O)NCC2CN(c3cccc(-c4cncnc4)n3)CCO2)cc1,0
protein93,1,CCCn1c(N2CCCC2C(=O)N2CCCC2C(=O)Nc2cccc(CC)c2)nc2ccccc21,0
protein93,1,CCn1c(=O)ccc2ccc3c(c21)COC(C)(C)C3,0
protein93,1,Cc1ccc(NC(=O)c2ccc3cnc(Nc4cccc(CC5(CN)CCN(C)CC5)c4)nc3n2)c(F)c1,1
protein93,1,CC(C)CCc1ccc2[nH]c(=O)c(O)c(C(=O)N3CCCC(Nc4cc(C#N)ccn4)C3)n12,0
protein93,1,Cc1cc(Sc2ccc(C(C)(O)C3CCN(C)CC3)cc2O)c2ccccc2n1,0
protein93,1,CCNC1=NS(=O)(=O)c2cc(F)ccc2N1C1CCCCC1,0
protein93,1,CCC(C(=O)Nc1ccc2c(-c3ccc(OCCOCCO)c(C#N)c3)nsc2c1)=C(C)C,0
protein93,1,Cc1ccsc1C=NNc1ccc(F)cn1,1
protein93,1,CCc1ccc([N+](=O)[O-])cc1Nc1ncnc2c1ccn2-c1cc(OC)ccc1OC,1
protein93,1,CC1c2nc(Nc3ccc(C#N)cc3F)nc(O)c2CCN1Cc1ccccn1,0
protein93,1,CC(C)(CO)CNc1ccc(OC2CC(N)(c3ccc(F)cc3)Cc3c(OC(F)(F)F)cccc32)cc1,1
protein93,1,CC(C)(c1cnn2c1C1CC1CC2=O)C1CCCC1=O,0
protein93,1,CCCC1CCN(C(=O)C2CCC(NC(=O)C(C#N)c3nc4ccccc4s3)CC2)C1,0
protein93,1,CCC1CCCN1CCc1cc(C(F)(F)F)cc(Nc2cccc(C(=O)O)c2)c1NS(C)(=O)=O,0
protein93,1,CC(C)(Cl)C(C)(C#N)c1cccc(-c2ccc(C3CC3C(=O)NO)cc2)c1,0
protein93,1,Cc1ccc(NC(=O)Nc2cccc(Cc3n[nH]c(=O)c4c3CCCC4)c2)cc1C,0
protein93,1,CCCC1=CC(C)CCC1=NNc1ccc([N+](=O)[O-])cc1,1
protein93,1,O=C1Nc2cc(C(F)(F)F)c(Cl)cc2SC1=Cc1ccccc1,0
protein93,1,CCC1CCc2cc(NC(=O)CS(=O)(=O)N3CC(c4ccccc4)C3)ccc2C1,0
protein93,1,Cc1c2ncc(I)cc2c(C(=O)Nc2cccc(C(F)(F)F)c2)n1Cc1ccc([N+](=O)[O-])cc1,1
protein93,1,CC1(C)CC(NC(=O)c2cc(C(=O)N3CCCC3)c3ccccc3n2)C(=O)N1,1
protein93,1,CC1(C)CCCCC1N(CCc1ccccc1)C(=O)C(=O)NC1CCCC1CO,0
protein93,1,Cc1ccc(C(=O)N(CCc2ccccn2)c2ccc(C(=O)NC(CN)C(C)(C)C)cc2)s1,0
protein93,1,CCCCC1Cc2nn(-c3ccc(S(C)(=O)=O)cc3)c(C)c2N(C)C1=O,0
protein93,1,CC(O)C1C(C)CC(C)(C)CC1N1C(=O)COc2ccc(S(=O)(=O)N(C)C)cc21,0
protein93,1,COc1nc(C)c2c(N3CCN(C4CCC(C)CC4)CC3)nsc2n1,1
protein93,1,Clc1cccc2sc(-c3nnc(NCC4CCCO4)o3)nc12,0
protein93,1,CC(C)CC(S)C(=O)N1CCN(Cc2ccccc2C(=O)NO)CC1,1
protein93,1,CC1CCCOC1Cc1nc(-c2ccc(F)cc2)c(-c2ccncc2)s1,0
protein93,1,CCOC(=O)c1c(C)[nH]c(C=Nc2ccc(OC)nc2)c1C,1
protein93,1,Cc1cc(=O)n2c(n1)c1ccccc1c(=O)n2S(C)(=O)=O,1
protein93,1,CCC1C=CC(NC(=O)c2ccc(-c3ccc([N+](=O)[O-])cc3)o2)CC1,1
protein93,1,Cc1ccccc1NC(=O)C1CCC(NC(=O)c2cc(-c3cccs3)nc3ccccc23)C1,1
protein93,1,NC(=O)c1cc(-c2ccncc2)cc2c1NC1CCC2C1CO,1
protein93,1,CC(C)Cc1cccc2c1C(=Cc1[nH]nc(OCC3CCCC3)c1C1CC1)C(=O)N2,0
protein93,1,O=C(OCc1ccccc1)N1CCN(Cc2cc(Cl)cc(Cl)c2O)CC1,0
protein93,1,CCCc1c(N)nc(SCC(=O)Nc2ccc(OC(F)(F)F)cc2)nc1O,0
protein93,1,CC(=O)NCCCn1c(-c2ccc(S(C)(=O)=O)cc2)nc2c(NCc3ccccc3Cl)cnc(O)c21,0
protein93,1,CC(C)c1cn2c(N)nnc(NC3CCCC3)c2cc1=O,0
protein93,1,CCCC1CCN(C(=O)Cn2nc3c(c2Oc2ccccc2C)CCN(C(C)=O)CC3)CC1,0
protein93,1,Cc1cc(-n2ccccc2=O)cc(C2CCCN(C(=O)c3c(C)nc4ccc(Cl)cn34)C2)n1,0
protein93,1,O=C(OCC(F)(F)F)c1ccc(Cl)cc1Nc1ccncc1-c1nc2ccccc2c(O)c1Cl,0
protein93,1,Cc1ccccc1-n1ncc(Cl)c1-c1ccc(C(=O)O)cc1,0
protein93,1,CCN(CC)CCc1c2c(nc3c(O)cccc13)-c1ccccc1C2,1
protein93,1,CC(C)c1ccc(NC(=S)N2CCC(Cn3nccc3Nc3ncc4cc(C(N)=O)ccc4n3)CC2)cc1,0
protein93,1,Nc1cc(NC2=[N+]([O-])c3ccccc3N3C2=C(c2cccc4nc5cccnc5c(O)c24)CCN2CCC3CC2)cc(F)c1F,1
protein93,1,O=C(Nc1ccccc1OC(F)(F)Cl)Nc1c(F)cccc1F,0
protein93,1,CS(=O)(=O)c1ccc(Cc2cn[nH]c2-c2cc(C(=O)O)nc3ccccc23)c(F)c1,0
protein93,1,CC(C)CNCc1c(OCCC(=O)N2CCN(C)CC2)c2ccccc2n2c1nc1ccccc12,1
protein93,1,NC(Cc1ccccc1Cl)Cc1c(C(=O)O)[nH]c2ccccc12,0
protein93,1,CCC(O)C(=O)N1CCC(c2c3cc(OC)cc2OC(C)(C)O3)CC1,0
protein93,1,O=C(COc1ccc(Nc2cc[nH]c(=O)c2)cc1Cl)N1CCCC(Oc2ccc(F)cc2F)C1,0
protein93,1,CC(=O)N1Cc2cn(-c3ccccc3C)c(n2)CC2CN(C(=O)c3cc(oc3C)Cn3ccc1cc3=O)c1cnn(C)c12,1
protein93,1,O=S(=O)(c1ccccc1Br)N1CCCCC1Cc1ccccc1,0
protein93,1,Cc1ccc(NC(=O)CSC(=S)N(Cc2ccc(F)cc2)C2C(=O)NC3CCCC32)cc1,0
protein93,1,CCCCCC(C#N)C(C)N1C(=O)c2ccccc2-c2cccc1c2,0
protein93,1,CC(C)C#Cc1ncc(NCC(O)CN2CCN(C3=CCNC(=O)C3)CC2)nc1-c1cc(F)cc(F)c1,0
protein93,1,CC(C)Cc1cc(=O)cc(Nc2ccc([N+](=O)[O-])cc2[N+](=O)[O-])o1,1
protein93,1,Cc1ccc2c(n1)CC(O)C(NC(=O)C=Cc1ccc(Oc3ccc4c(c3)CCCN4C(=O)CCl)cc1)C2O,0
protein93,1,CCOc1cc2c(cc1O)CC(C1CC(C)(C)N(OC)C(C)(C)C1)N(C1CCN(C)CC1)C2,0
protein93,1,CC(C)CC(N)C(=O)NC1CCCCC1CCNc1nc2c(s1)CCC(c1c(F)cccc1F)C2,1
protein93,1,O=Cc1cc(OC(F)(F)F)c(N2CCNCC2)cc1NCc1ccccn1,0
protein94,1,O=C(c1cnccn1)N1CCCC(c2nc3ccc(F)cc3s2)C1,0
protein94,1,Cc1cc(NC(=O)CSc2nc3ccccc3c(=O)n2-c2ccc(C)c(C)c2)no1,1
protein94,1,Nc1ncc(-c2ccc(S(=O)(=O)N(CCN3CCCCC3)Cc3cccc(F)c3)o2)c2ccnn12,1
protein94,1,Cc1cc(C#N)cn(CC2CCCC(C(=O)O)N2C(C)C2CC(CN3CCC(C(F)(F)F)CC3)CC(C)(C)O2)c1=O,0
protein94,1,CCn1cc(C2=CC(c3cc(C(C)(C)C)ccc3OC)NC(=O)N2)cn1,0
protein94,1,CCN(CC)C1CCCN(c2cc3c(cc2N)c(=O)c(C(=O)O)cn3-c2c(F)cccc2F)C1,1
protein94,1,CCC(C)c1ccccc1N(C)S(=O)(=O)c1cccc(C(=O)N2CCN(CC(C)(C)C)CC2)c1,0
protein94,1,O=C(Nc1cccc(C(F)(F)F)c1)NC1CCC(N(C(=O)C2CC2)c2ccc3nccc(C(F)(F)F)c3c2)CC1,0
protein94,1,CCN1C(=O)N(c2cnn(Cc3ccc(F)cc3F)c2)C(=O)C1C,0
protein94,1,O=C(NCCCCc1ncccn1)c1cc(I)cc(Cl)c1F,0
protein94,1,CCOc1ccccc1N1CCN(CC2COc3ccccc3O2)CC1,1
protein94,1,CCC(O)C1NC(=O)c2cc(Cl)ccc2N(CC(=O)Nc2nnc(Cl)s2)C1=O,0
protein94,1,CCc1ccc(C)c(C2(C(F)(F)F)NC(=O)c3sc(C(C)C)nc3N2)c1,0
protein94,1,COc1ccc(C(=O)C2Cc3ccc(Oc4ccccn4)c(OC)c3CC2NC(C)=O)c(OC)c1,1
protein94,1,CCCCC1CNC2=CC(=O)C(=O)c3c2cccc3-c2cncc(c2)OCC2CCC(C2)NC(=O)C1,1
protein94,1,Cc1cnc(CS(=O)(=O)c2c(C(F)(F)F)sc3cccc(O)c23)cn1,1
protein94,1,Cc1nccc2cc(C(=O)Nc3cccc(F)c3C(C)C)n(Cc3cc([N+](=O)[O-])ccc3N3CCOCC3)c12,1
protein94,1,CC1(N)CCC(c2ccc(-c3ccc4cccc(C(F)(F)F)c4n3)cc2)C(CN)C1,1
protein94,1,O=C(COC(=O)c1ccccc1Nc1ccc(C(F)(F)F)cc1)NC(=O)C1CCc2ccccc21,0
protein94,1,Cc1cnc2cc(C(N)=O)ccc2c1CN1CCN(C(=S)Nc2ccccc2)CC1,1
protein94,1,Cc1ccc(NC(=NC#N)C2(c3ccccc3C(F)(F)F)CCS(=O)(=O)CC2)cc1Cl,0
protein94,1,Cc1ccccc1C(=O)C(CN(C)C1CCCC1)=C1COc2ccccc2O1,0
protein94,1,Cc1ccc(C(=O)N(C)C2CCN(CC(=O)Nc3nccs3)CC2)cc1,0
protein94,1,O=C1CCC(=O)N1c1ccccc1Sc1ccc([N+](=O)[O-])cc1O,1
protein94,1,O=C(c1cc(Cl)ccc1O)N1CCN(C(=S)NN=C2CCCCC2)CC1,0
protein94,1,CCOC(=O)C(NC(=O)C12CCC(Sc3ccc(F)cc3)C(C1)NC(=O)C2)C(C)C,0
protein94,1,O=C(CC1C=CCC1)Nc1cccnc1,0
protein94,1,Cc1ccc(C(=O)N(C)C)cc1-c1ccc(NC(=O)c2ccc3c(c2)CCS3)nc1,1
protein94,1,NC(=O)c1c(Nc2ccc(N)cc2)ncc2c1CCC(O)C2,0
protein94,1,CC(C)CC(CO)N1CCC(NC(=O)c2ccncc2CC(=O)Nc2ccccc2N2CCOCC2)C1,0
protein94,1,Cc1c(C(F)(F)F)sc2ccnc(N)c12,1
protein94,1,CCC(O)C(CN1CCCC1C)NC(=O)C(C)NC(=O)OCc1ccccc1,0
protein94,1,O=Cc1ccccc1C1OCc2ccc(OCC3Cc4ccccc4C3)cc21,1
protein94,1,Cc1ccc(NC(=O)c2cc([N+](=O)[O-])cc(S(=O)(=O)NC3CCCCC3)c2)cc1,1
protein94,1,CC(C)CC(NC(C)CCCc1ccccc1)c1cccnc1,0
protein94,1,Cc1cccc(-c2noc(N3CCC(C(N)=O)CC3)c2CCCCCn2ccnc2)n1,0
protein94,1,Cc1cc(N2CCOCC2)ccc1NC(=O)c1cnc2scc(-c3cccc(OC(F)(F)F)c3)c2c1N,1
protein94,1,CCC(O)CCN=C(Nc1nc2c(Cl)cc(Cl)cc2s1)NC1CCCCC1,1
protein94,1,CCN(CC)C(=S)N1C(=O)CCc2cc3c(cc21)CNC3=O,0
protein94,1,O=c1c2cnn(-c3ccc(F)cc3)c2c2cccnc2n1CC1CCCN(CCOCCF)C1,1
protein94,1,COc1cc(-c2cnc3cc(N(C)C)ncc3c2)cc(C2(C)OC=CC2=O)c1,1
protein94,1,CCn1c(C)c(C(=O)N=C(N)Nc2c(F)cccc2Cl)c2ccccc21,1
protein94,1,CC(C)CS(=O)(=O)N1CCc2ccc(-c3nc(COc4ccc(O)cc4)co3)cc2C1,0
protein94,1,Cc1ccc(-c2nnc(NC(=O)c3cc(O)c4ccncc4c3)o2)s1,0
protein94,1,Cc1cc(OCc2cccc(C(N)=O)n2)cc(C(=O)N2CCN(C)CC2)c1Oc1ccccc1C(F)(F)F,0
protein94,1,Cc1nc(Nc2ccc(C)c(C)c2O)c2sc3nc4c(C)cccc4cc3c2n1,1
protein94,1,Cc1nc2ccc(-c3ccccc3)nc2c(=O)[nH]1,1
protein94,1,CC(C)(CCl)COc1noc(-c2cccc([N+](=O)[O-])c2)n1,1
protein94,1,Cc1cccc(NC(=O)n2nc(NCCc3ccc(N4CCCC5(CCOC5)C4)cn3)c(C#N)c2C)c1,0
protein94,1,NC1=NC(Nc2c3c(nc4c(C(F)(F)F)cccc24)CCCC3)(c2ccccc2)CO1,1
protein94,1,Nc1cc(-c2cnn(CCC(=O)N3CCN(c4ncc(Cl)c(F)n4)CC3)c2)ncn1,0
protein94,1,CCOc1ccccc1NC(=S)NC(=O)c1ccccc1OC,0
protein94,1,O=C(CCl)Nc1cc(C(F)(F)F)ccc1-c1ccc(F)nc1,0
protein94,1,CCN1C(C)=CC(c2ccc(Cl)c(Cl)c2)C1C,0
protein94,1,Cc1noc(C)c1CN(C)c1c(C(=O)N2CCCCC2)ncn1C,0
protein94,1,CCNC(=S)N1N=C2CCCCC2C1c1c(Nc2ccccc2)ccnc1C,0
protein94,1,O=C1OC(c2cc(F)ccc2F)Oc2ccc(COc3ccccc3)cc21,0
protein94,1,CC1=CC2(C)Cc3c4ccc(Cl)c3N(C1=O)C2COC(=O)N1CCC(CC1)O4,0
protein94,1,CN1CCN(C(=O)c2cc3ccc4c(ncn4CCOC(C)(C)C)c3[nH]2)CC1,0
protein94,1,CCC1=NN(c2cc3c(C#N)cc2CCC(c2ccccc2OC)C(=O)O3)C(C2(C)CC(=O)O2)C1,0
protein94,1,O=C1CN(C(=O)C2CC=CCC2C(=O)Nc2ccccc2Cl)c2cc(O)ccc2N1,0
protein94,1,Cc1cnc2c(c1)OC(N)=C(C#N)C2c1ccccc1OCc1nc(-c2ccncc2)no1,1
protein94,1,Cc1nnc(NC(=O)c2ccc(F)cc2Cl)c2ccccc12,0
protein94,1,CC12CCCCC1N(c1cc3c(s1)C(=O)COc1ccc-3cc1)C(=O)S2,0
protein94,1,CCOC(C)(C)C1CCCN(c2nnccc2-c2ccc(OC)cc2)C1,0
protein94,1,CCC(C)C(NC#N)C(=O)N1CCCC1C(=O)c1[nH]ncc1-c1cccc([N+](=O)[O-])c1,1
protein94,1,CC1CCN(CCOCCCN(Cc2ccc(Cl)cc2)C(=O)c2cccs2)CC1,0
protein94,1,CCN1C(=O)c2ccccc2C1(O)c1ccc(C#N)cc1,0
protein94,1,CCCC1CC(N2CC3CN=C2N3c2cc3c(C)c4c(nc3[nH]2)-c2cc(N3C(=O)CCC3=O)ccc2CC4)C1,1
protein94,1,O=C(CCC(c1ccccc1)n1cncn1)Nc1ccccc1NCc1ccncc1,0
protein94,1,Cc1cc(-c2nc(N)sc2C2CCN(S(C)(=O)=O)CC2)ccn1,1
protein94,1,Cc1cc(-c2c(C)nsc2C)cc(N(C)C(=O)c2cccc(OC(=O)c3c(C)noc3C)c2)c1,0
protein94,1,O=C1c2ccc(S(=O)(=O)NCc3ccccc3C(F)(F)F)cc2C2OCCN12,1
protein94,1,CC(=O)c1cn(-c2ncc(C(N)=O)c(N)n2)c2ccc(OC(F)(F)F)cc12,0
protein94,1,O=C(O)c1c(OCC2CCNCC2)n(-c2cccc3cccnc23)c2ccccc12,0
protein94,1,NC(=O)c1cccc(-c2cn3cc(F)cnc3c2-c2ccc(OCCCN3CCCCC3=O)cc2)c1,0
protein94,1,CCCC(C)(C)C(=O)Nc1nc(CCC(=O)N2CCCCC2)cc(NCc2ccc(F)cc2)n1,0
protein94,1,CCN(CC)CC(=O)Nc1cccc2c1c(-c1ccccc1)cn2S(=O)(=O)c1ccccc1,1
protein94,1,Nc1ccc(Nc2ccccc2)cc1,1
protein94,1,O=c1cc(COc2cc(O)ccc2-c2ccc3cccnc3n2)[nH]c(-c2ccccc2)n1,0
protein94,1,CC(C)Cn1nc(C=C(c2cccc(Cl)c2)N2CCN(C)CC2)c2c([N+](=O)[O-])cccc21,1
protein94,1,CC(=O)NN=C(CCC(=O)O)c1ccccc1,0
protein94,1,Cc1cn(-c2c3ccccc3nc3[nH]cc(C4CCNCC4)c23)cc1C(=O)O,1
protein94,1,CCC1C(=O)N(c2cc(-c3cccc(C(F)(F)F)c3F)nc(NC3CCC3)n2)C(C)N1C(=O)N(C)C,0
protein94,1,Cc1noc(C)c1C(c1ccccc1)n1ccc2c(c1=O)Oc1ccccc1CC2=NO,0
protein94,1,CCS(=O)(=O)N1CCCC(NC(=O)c2cc(C)on2)C1,0
protein94,1,Cc1nn(-c2ccc(OC(F)(F)F)cc2)cc1C(=O)Nc1ccc(NC(=O)C(C)(C)C)c(OCCF)c1,0
protein94,1,CC(=O)c1ccc(-c2nn(CCN3CCOCC3)cc2-c2ccc(C(=N)N)cc2)nc1,0
protein94,1,CC(C)CC(C(=O)N1CCC(NC(=O)c2ccccc2)c2ccccc21)N(C(=O)C1CC1)c1sc2c(c1C(N)=O)CCC(N(C)C)C2,0
protein94,1,CC(C)CC1CC(=O)N(c2ccc(-c3ccc(Cl)cc3Cl)cn2)C1=O,0
protein94,1,FC(F)(F)Oc1ccc(-c2cc(C3CCCCN3c3ncccn3)on2)c(Cl)c1,0
protein94,1,Cc1c(C(C)(C)O)cc(-c2ccc3nc(Cl)cc(N4CCNCC4)c3c2)n1Cc1ccccc1,0
protein94,1,CCCCCC(n1nc(-c2ccncc2)c2cccnc21)[S+](C)[O-],0
protein94,1,Cc1csc(C(=O)Nc2ccccc2N)n1,1
protein94,1,CC1(C)C(Oc2ccc3c(c2)C(C#N)=CC3=O)C2=CCC1N(C(=O)O)C2,0
protein94,1,CC(=NCC1CC(C)(C)c2cc(O)ccc21)N(C)C,0
protein94,1,Cc1ccncc1-c1cccc2occ(CC(=O)N(C)CCN3CCCC3c3nccs3)c12,0
protein94,1,Cc1c(F)cc2c(c1C)OC1(CCCCC1)c1cnc3c(NC(=O)CN(C)C)cc(F)cc3c1-2,0
protein94,1,CCOCCC(N)C(=O)NC(CS(=O)(=O)F)C(=O)NC(C#N)CCC(CN1CCN(C)CC1)OC,0
protein94,1,CC1(C)COc2cc(OCc3cnccc3-c3cncc(Oc4ccccc4CN4CCC=CC4=O)c3)ccc2C1=O,1
protein95,1,O=C(NCc1cc(S(=O)(=O)N2CCCC2)ccc1Cl)c1ccc(F)cc1F,0
protein95,1,Cc1c(Cc2nnc(N)s2)ccc2c1OC1=C(CCOC1)C2CCCCCC(F)(F)F,0
protein95,1,CCCc1cccc(Nc2ncnc3[nH]c(=O)n(CCCC(=O)Nc4ccc([N+](=O)[O-])cc4)c23)c1,1
protein95,1,CC(C)(C)c1ccc(S(=O)(=O)N2CCCCC2)cc1NC(=O)CN1CCCC1c1cscn1,0
protein95,1,COc1cc(S(=O)(=O)N(c2ccc(F)cc2)C(C)C)ccc1NC(=O)c1c[nH]nc1-c1cccnc1,1
protein95,1,CCN1c2cc(-c3cc4cc(OC)c(OC(F)(F)F)cc4c(=O)n3C)ccc2OCCS1(=O)=O,1
protein95,1,CCCn1c2ccccc2c2cc(C)ccc21,1
protein95,1,CC(C)CCN1C(=O)C2(CCNCC2)c2cc(C(=O)NCC3CC3)ccc21,0
protein95,1,Cc1cc2ccc(Oc3cccc(C4=NCCN4)c3)c(C)c2oc1=O,1
protein95,1,Cc1ccc(Nc2ccccc2C(=O)N2CCN(Cc3ccccn3)CC2)cc1Cl,0
protein95,1,CCc1ncccc1C1=NCC(C)N(c2ccc(C(=O)O)c(Cl)c2)c2ncnc(Cl)c21,0
protein95,1,CCNc1ccc2cc(-c3nnc(-c4ccccc4SCC)[nH]3)sc2c1,0
protein95,1,Fc1cccc(-c2nc(Cc3ccncc3)n[nH]2)c1Cl,0
protein95,1,CC1(C)CNc2ncc(C#N)c(n2)NC1c1ccc(C#N)cc1,0
protein95,1,Cc1ncc([NH+]2CC2C)n1CC(O)CNC(C)Cc1ccccc1Cl,0
protein95,1,O=C(NCc1cccs1)C1C(O)CCCN1S(=O)(=O)c1ccc(-c2ccc(Cl)cc2)cc1,0
protein95,1,CC(C)c1cc(C=CCn2cncn2)ccc1-c1ccc(S(C)(=O)=O)cc1,1
protein95,1,Cc1c([N+](=O)[O-])ccc2c1OC(C1CCCCC1)CC2C(=O)O,1
protein95,1,COc1cccc(S(=O)(=O)CC(=O)Nc2ccc([N+](=O)[O-])c(C)c2)c1,1
protein95,1,O=C(Nc1ccccc1F)c1cnc(OCC(F)(F)F)c(OC(F)F)c1,0
protein95,1,CCNc1nc(-n2ccnc2CC2Cc3cc(NC(C)=O)c4ccccc4c32)cc(C(F)(F)F)n1,1
protein95,1,c1ccc2c(c1)Nc1cc3ccsc3cc1-c1c-2nc2ccccc2c1NCC1CCNCC1,1
protein95,1,O=C(NN=Cc1ccco1)c1ccncc1O,1
protein95,1,CCCCC(C)NC(=O)COC(=O)c1cc([N+](=O)[O-])cc2ccn(-c3ccc([N+](=O)[O-])cc3F)c12,1
protein95,1,CCC(C(O)CO)N1CCN(c2cc(-n3ccc(C)n3)nc(C)n2)CC1,1
protein95,1,CCC(Cc1ccc(S(=O)(=O)Nc2ccc(C(N)=O)cc2)cc1)N1C(=O)CN=C(C)c2ccccc21,0
protein95,1,c1cncc(CNc2ccn3c(cc4cnccc43)n2)c1,0
protein95,1,Cc1cccnc1NC(=O)c1ccccc1NC(=O)c1ccc(S(=O)(=O)N2CCOCC2)cc1,0
protein95,1,CC(C)CCCC(C)C(N)C(=O)NC(C[SH]=O)C(=O)O,0
protein95,1,Cc1ccccc1N1CCN(S(=O)(=O)c2ccccc2F)CC1,0
protein95,1,CCN(CC)C(=O)c1ccc(Nc2ccnc3cc(Cl)ccc23)cc1,0
protein95,1,CCc1ccccc1NC(=O)C1=CCN(S(=O)(=O)c2ccc(C)cc2)CC1,0
protein95,1,CC(=O)Oc1ccc(C(c2cc3cc(OCC(C)C)ccc3o2)N2CCCCCC2)cc1,0
protein95,1,O=C(Nc1ccc(C2CNCCO2)c(F)c1)Nc1ccccc1C(F)(F)F,1
protein95,1,Nc1ccc(C(F)(F)F)nc1-c1nc(SCCN2CCOCC2)c[nH]1,0
protein95,1,CCN1C(=O)c2cccc(-c3ccc(C)cc3)c2S1(=O)=O,1
protein95,1,CCOCC1CCN(C(=O)c2cnc(N)nc2N)CC1,1
protein95,1,CC=C(C)C(C)NC(=O)C(C(C)C)N(C)C(=O)c1c(C)n[nH]c1C,0
protein95,1,Cc1ccc(Oc2nc(N3CCOCC3)nc3c(=O)n(C)cc(-c4ccc(F)cc4)c23)cc1,1
protein95,1,O=C(Nc1ccc(S(=O)(=O)NCC2CCCC2)cc1F)C1CCCC1,0
protein95,1,CC1=NCCC(Cc2ccccc2C)(c2nc3ccccc3n2CCC(C)(C)C)N1,1
protein95,1,O=C(CC1(O)C(=O)N(Cc2ccccc2)c2ccccc21)c1ccc([N+](=O)[O-])cc1,1
protein95,1,CCOP(=O)(O)CN(C)C1CCOCC1,0
protein95,1,Cc1ccccc1Nc1nccc2[nH]c(C3CCN(C(=O)c4ccccc4)C3)cc12,0
protein95,1,Cc1ccccc1COc1ccccc1C(=O)NCC1CCN(c2ncccn2)C1,0
protein95,1,Cc1nccc(S(=O)(=O)N(C)CC(=O)N2CCC(c3c(C(F)(F)F)nc4cccnn34)CC2)c1C,0
protein95,1,CC1CCN2C(=O)C(CNC(=O)c3cccc(Cl)n3)CCC2C1,0
protein95,1,O=C1CC(c2ccccc2)(c2ccccc2Cl)c2cc(F)ccc2N1,0
protein95,1,Cc1ccc(NC(=O)C2CCN(c3nnc(C4=CCC4)s3)CC2)cc1F,0
protein95,1,CC(C)Nc1nc2c(s1)CCCC2,0
protein95,1,CCCS(=O)(=O)N1CC2COC(CN(Cc3cccnc3)C(=O)OC)C(C2)C1,1
protein95,1,CCCC(=O)Nc1nnc(-c2cnc(OC(C)C3CCN(C(C)C)CC3)c(C(C)C)c2)s1,0
protein95,1,CCC1=CC(C)NCC12CCc1ccccc1C2Oc1ccc(C(=O)O)cc1,0
protein95,1,O=C(Nc1cn(-c2ccccc2)n(-c2ccccc2F)c1=O)c1ccncc1F,0
protein95,1,Cc1cccc(C)c1OCCC(=O)NC(C)C,0
protein95,1,NC(=O)c1c(NC(NC(=O)c2ccc(Cl)cc2)C(Cl)(Cl)Cl)sc2c1CCCC2,0
protein95,1,CCc1nc(CN2CCCCC2CN(C)c2ccc(C)c(C(=O)N3CCCC3C(F)(F)F)c2)no1,0
protein95,1,O=C(COc1ccc([N+](=O)[O-])cc1C(F)(F)F)OC1CCC(N2C(=O)c3ccccc3C2=O)C1,1
protein95,1,O=C(Cc1ccsc1)OCC(=O)N1CCCC(c2ncccn2)C1,0
protein95,1,Cc1nnc(Nc2ccc(CNC(=O)c3sc(-c4ccncc4)nc3C3CCCC3)cc2)s1,0
protein95,1,CCN(CC)c1ccc(C)c2c(CCc3nc(C)c4ccccc4n3)cncc12,1
protein95,1,Cc1cc(C)c(S(=O)(=O)N2CCOCC2)c(C)c1,0
protein95,1,N#Cc1c(C(F)(F)F)sc(=O)[nH]c1=O,0
protein95,1,CCN1C(=O)C(Nc2ccc(N(C)C)cc2)CC1C(=O)NCc1cccc(C(F)(F)F)c1F,1
protein95,1,CC(C)(C)NC(=O)Nc1ccc2c(c1)CCC2,0
protein95,1,CCN(CC)c1nc(Nc2ccc3c(=O)n(CCCN4CCOCC4)c(=O)[nH]c3c2)c2ccccc2n1,1
protein95,1,CCn1c(-c2ccc(C(=O)N3CCC(N4CCOCC4)CC3)cc2-c2ccccc2Cl)cccc1=O,0
protein95,1,Cc1nc2c(s1)c(N1CCN(C)CC1)nc1ccc(F)cc12,1
protein95,1,CCC1Oc2cc3c(c(c2)C(C)(C)c2c(C)c(=O)n(c(=O)n2C)CCOC2CNCC1C2)OCCC3,0
protein95,1,CCC1CN(CCC(CCOc2ccc(F)cc2)c2cnccn2)CCN1c1ncccn1,0
protein95,1,CCCCCNc1ccc(C(O)c2ccccc2)cc1,0
protein95,1,Nc1cc(Nc2c(F)cc3c(c2F)CCOC3)ncc1-c1cc2ccccc2nc1Cl,1
protein95,1,Cc1ccccc1NC(=O)CNC(=O)c1nc2ccccn2c1Cl,1
protein95,1,Cc1ccc(OCc2ccccc2F)c2c1CC(=O)N(c1ccc(S(N)(=O)=O)cc1)CC2,0
protein95,1,COc1ccc(-c2nc(C(=O)Nc3ccccc3C3=NC4CS(=O)(=O)CC4S3)cs2)c(OC)c1,1
protein95,1,CC(=O)c1cc(C)nn1-c1nc(Nc2cc(F)ccc2C)ncc1[N+](=O)[O-],1
protein95,1,CC(C)CC(NC(=O)NC1=C2CCCC1N(C(=O)OC(C)(C)C)C2C(F)(F)F)C(=O)OC(C)(C)C,0
protein95,1,CC(C)(Nc1c(-c2ccc(C#N)cn2)cnc2cc(C(F)(F)F)nn12)c1ccc(Cl)cc1Cl,0
protein95,1,Cc1ccc(N2CC3(CCCN(S(=O)(=O)CC(C)C)C3=O)CCC2=O)cc1C(F)(F)F,0
protein95,1,Cc1cc(C)nc(Nc2cc(-c3cnn(CC(=O)Nc4ccc5[nH]c6c(c5c4)CCCC6)c3)c3cccnn23)c1,0
protein95,1,Cc1nc2c3c(c(N(CC(C)C)C(=O)Nc4ccncc4)cc2[nH]1)-c1ncccc1C3,0
protein95,1,CC(C)CCC(=O)N1CCCC1C(=O)N1CCCN(c2ccncn2)CC1,0
protein95,1,CCCCOc1ccc(C(C)(C)C)cc1OCc1ccccn1,0
protein95,1,O=C1CCCN1Cc1ccccc1OCCN1CCC2(CCCN(c3ccccc3)C2=O)C1,0
protein95,1,CCCCCCn1cc(NC(=O)N2CC(F)CC2C(=O)NCCCCCS)cn1,0
protein95,1,CC1CC=C(Nc2cccn2-c2c(Cl)cccc2C#N)CC1,0
protein95,1,O=C(NC(CO)(Cc1ccccc1)C(=O)O)c1csc2c1CCCC2,0
protein95,1,CCOc1cccc(N2CC(CC)CNc3nc(C)cc2n3)n1,0
protein95,1,CCOc1ccc(-c2nnc(N3CCOCC3)o2)cc1C(=O)Nc1ccccc1N,0
protein95,1,Cc1ccc(C(=O)O)cc1N(C)c1nc2ccc(C(=O)N(C)c3ccccc3)cc2c2ccnn12,1
protein95,1,CC(C)n1nc(-c2ccccc2)c2c1N(c1ccc(C(N)=O)cc1)CCC2,0
protein95,1,Cc1ccc2c(c1)c(-c1cncnc1Nc1c(CN3CC(N)CCC3C)cnc3cc(C#N)ccc13)cn2CCCN,1
protein95,1,Clc1ccccc1SCCN1CCCOCC1,0
protein95,1,Cc1cccc(-c2cccc(Nc3nccc(-c4cn(C(C)C)c5cnc(C)nc45)n3)c2)n1,0
protein95,1,O=C(NO)C1CCN(CC2COCCN2C(=O)Cc2cccc(OC(F)(F)F)c2)CC1,1
protein95,1,Cc1noc(NC(=O)Oc2ccccc2C(F)(F)F)c1C(=O)OC(C)(C)C,0
protein95,1,CCn1c(N)c(-c2cn(C(C)C)cn2)c(=O)[nH]c1=O,0
protein95,1,CCC1=NC2(CCCC2)Cc2[nH]c(-c3ccccc3OC(F)(F)F)nc21,1
protein95,1,CCCCCC(C)C(=O)NCc1n[nH]c(C2CCCC2)n1,0
protein95,1,Cc1nc(C)c(=O)n2c1C(c1ccccc1)c1ccccc1-2,1
protein96,1,CCN(CC)CC=CC(=O)c1cn(COC(C)(C)C)c2ccccc12,1
protein96,1,CCOC(Cn1ccnc1)c1ccc(C)cc1,0
protein96,1,CCn1c(N)c(S(=O)(=O)c2cc(N(C)C)c(Cl)cc2C)c2nc3c(cc21)CCCC3,1
protein96,1,CN(c1nccc(N2CC(C)(C)C3NC(=O)C(NC(=O)c4cccnc4)CCC32)n1)c1ccccc1OC(F)(F)F,0
protein96,1,CCC(=O)CC1(N(O)C(=O)CC(=O)NCc2c(C)cc(C)cc2C)c2ccccc2CCC1C(=O)O,0
protein96,1,CC(C)C(CO)Nc1ncc(C(Nc2ccc(-c3ccccc3C(F)(F)F)cc2Cl)C(F)(F)F)cn1,0
protein96,1,CC(Oc1c(Cl)cccc1Cl)=C1C(=O)Nc2ccccc21,0
protein96,1,CCCCC1(COC(C)=O)NC1=O,0
protein96,1,Cc1cc(Oc2cc(F)ccc2C2(O)CCC(O)CC2)c(C(=O)NCCN2CCOCC2)cc1F,0
protein96,1,CCc1cc[n+]2c(c1)N(CC)C1=NCC(C)(C2)S1,1
protein96,1,NCC1COCc2cc(C#CC3(O)CCCCC3)ccc2CC2Cc3cccc(O)c3C12,1
protein96,1,Cc1[nH]c2ccccc2c1CCCC1CNC(=O)O1,1
protein96,1,Nc1nc2nc3c(cc2c(=O)[nH]1)-c1cc(-c2ncc(F)c(N)n2)c(F)c(C(F)F)c1C1CCN3CC1,1
protein96,1,Cc1nn(-c2ccc(C(=O)O)cc2)c(Cl)c1CN(C)C,0
protein96,1,Nc1ncc([N+](=O)[O-])c(Nc2cccc(Cl)c2)n1,1
protein96,1,N#CC(=Cc1ccc(O)cc1)C(=O)Nc1ccc(F)cc1,0
protein96,1,CCn1c(Sc2ccc(F)cc2)nnc1-c1ccccc1,1
protein96,1,O=c1c2c(ccn2CCCN2CCOCC2)c2cc(OC(F)(F)F)ccc2n1Cc1cnc[nH]1,0
protein96,1,Cc1noc(C)c1C(=O)N(C)c1ccc(C(=O)N(C)Cc2ccc(N(C)C)cc2)cc1F,1
protein96,1,Cc1nc2ccc(NCC3CCN(c4ccc5c(c4)C(=O)NC5=N)CC3)cn2c1C,0
protein96,1,CC(C)CCc1cc(-c2ccc([N+](=O)[O-])cc2)no1,1
protein96,1,CC1(O)COC(=O)C1,0
protein96,1,Cc1cc(C(F)(F)F)nc2c1nc(Nc1ccc(C(=O)C(N)CC(C)C)cn1)n2Cc1ccc(F)cc1,1
protein96,1,Cc1cc(Cl)ccc1N=Cc1c(O)n(C(=O)CCC(F)(F)F)c2ccccc12,0
protein96,1,Cc1ccc(S(=O)(=O)N(CCC(=O)Nc2csc3ccccc23)c2cccc(Cl)c2)cc1,0
protein96,1,CCCN1CCCC(C)C1Cc1cccc(O)c1,0
protein96,1,CC(CCN1C(=O)C(C)(C)c2ccccc21)N1Cc2cnncc2-c2ccc(cc2)C(=O)N2CCC1CC2,0
protein96,1,O=C(NCCCc1ccc(Cl)cc1Cl)C1CN(C(=O)C=Cc2ccccc2)C2CCCCC2O1,0
protein96,1,Cc1nn(-c2ccc(Cl)cc2)c(C(=O)C2CC2)c1-c1cccc(C(F)(F)F)c1,0
protein96,1,Cc1cnn(-c2ccc(NC(=O)C3CCN(Cc4ccccc4F)CC3)cc2)c1,0
protein96,1,Fc1ccc(-c2nc3cccnc3n2Cc2ccccc2)cc1,1
protein96,1,CCN1C(=O)C(Oc2ccc(F)c(F)c2C)CCC1C(=O)Nc1ccccc1Nc1cc(C#N)ccn1,0
protein96,1,CC1(C(=O)NO)CC(O)CC1CC(F)(F)F,0
protein96,1,Cc1ccc(Nc2nc(-c3cccc(C(=O)NC(=S)Nc4ccc(C#N)c(F)c4)c3)c[nH]2)cc1Cl,0
protein96,1,O=C1Nc2cc(OC(F)(F)F)ccc2CC12CCCN2,0
protein96,1,Cc1ccc(-c2nc(N)nc3ccc(OC4CCOC4)cc23)cc1Nc1ncc(F)cn1,1
protein96,1,O=C(O)C1CCCCC1=O,0
protein96,1,Cc1cc(-c2ccccc2)n2nc(C)c(C(=O)N3CCC(F)(F)CC3)c2n1,0
protein96,1,CCN1CCCCC1CNC(C(=O)O)P(=O)(O)O,0
protein96,1,CC(C)(C)c1cccc(Nc2nc(N)cc(-c3n[nH]c4ccccc34)n2)c1,1
protein96,1,O=C(Nc1ccccc1F)c1ccccc1-c1cn(C(=O)N2CCNCC2)c2c(C(F)(F)F)cccc12,1
protein96,1,Cc1ccc(C)c(N2C(=O)c3ccc([N+](=O)[O-])cc3S2(=O)=O)c1,1
protein96,1,CC(C)(CCC1C=CC(=O)O1)C(=O)Nc1ccc(C(F)(F)F)c2ncccc12,1
protein96,1,Cc1ccc2nc(N)nc(N)c2c1-c1ccccc1,1
protein96,1,CC(C)CCC(=O)NN=C1c2ccccc2OC1C,0
protein96,1,O=C1NCCCC1N1CCN(c2ncnc3sc(-c4ccccc4)cc23)CC1,0
protein96,1,Nc1ncc(NC(=O)c2cc3c(cc(Cl)c(=O)n3Cc3ccc(F)cc3)c(O)c2O)cn1,0
protein96,1,CCOc1ccc(C(C)=O)cc1-c1cc(N2CCCN(CCO)CC2)c2cc(C)ccc2n1,1
protein96,1,CCOC(=O)C1CC(NC(=O)c2cc(-c3ccncc3)nc3ccccc23)CN1S(C)(=O)=O,0
protein96,1,CCOc1nc(OC2CCCC2)nc2c(NC(=O)c3ccccc3C(F)(F)F)c(NCCN(CC)CC)ncc12,0
protein96,1,CC(C)O[PH]1=C[S+]([O-])CCO1,0
protein96,1,CC=C1NC(=O)c2ccc(-c3c(Cl)cccc3Cl)nc2N1C,0
protein96,1,CCCC(NC1=NCCN1)c1cccnc1,0
protein96,1,NC(CC1CC(N2CCNCC2)c2ccccc21)(C(=O)O)C1CCCCC1,0
protein96,1,Cc1cc(C(=O)Nc2nnc(-c3c(Cl)cccc3Cl)o2)ccc1N1CCOCC1,0
protein96,1,Cc1noc(C)c1-c1ccc(Oc2cc(O)nc3ncc(C4(N)CCOCC4)cc23)cc1,0
protein96,1,Cc1c(F)ccc(NC(=O)C2CC(=O)N(c3ccc([N+](=O)[O-])cc3Cl)C2)c1F,1
protein96,1,CC(=O)Oc1cc(-c2nc(C(=O)Nc3ccc(Cl)c(F)c3Cl)c3ccccc3n2)ccc1O,0
protein96,1,CCNC(=O)c1ccccc1NC(=O)CS(=O)(=O)c1ccccc1,0
protein96,1,COc1cc(C(=O)Nc2nc(C)cc(Nc3ccccc3)n2)ccc1NC1=NC(C)CCC1C,0
protein96,1,Cc1ccc(-c2ccccc2CSc2c3ncnc(N)c3c(N)n2C(=O)CO)cc1,1
protein96,1,NC(=O)C1NCCCC1C(=O)O,0
protein96,1,CCc1cc(N2CCOCC2C)nc(-n2nc(C(F)(F)F)cc2Cc2ccc(-c3ccccc3CS(=O)(=O)O)cc2)n1,1
protein96,1,Cc1ccccc1Oc1c(C)cc(-n2nc(C(=O)N3CCCCC3)c3cccnc32)cc1C,0
protein96,1,Cc1nc2sc(-c3cnn(C)c3-c3ccc(Cl)cc3)nc2n1CC(C)(C)S(=O)(=O)N(C)C,0
protein96,1,O=C(NCCC(F)COc1ccccc1I)c1cc2ccccc2[nH]1,1
protein96,1,Cc1ccccc1Oc1ccc(NC(=O)Nc2ccc(F)cc2F)cc1,1
protein96,1,CCC(CC(=O)N(c1ccccc1)c1ccccc1)C(=O)O,0
protein96,1,CCN(C)C(=O)c1ccccc1-n1cccc1C(=O)NC1CN2CCC1CC2,0
protein96,1,Cc1ccc2nc(C=C3C(=O)N(Cc4ccc(N)c([N+](=O)[O-])c4)c4ccc(C#N)cc43)oc2c1,1
protein96,1,CC(C)NCc1cccc(NC(=S)Nc2ccc([N+](=O)[O-])cc2[N+](=O)[O-])c1,1
protein96,1,CCn1cnc([N+](=O)[O-])c1COCc1c(F)cccc1F,1
protein96,1,CC(C)CCn1cnc(Nc2ccc3c(c2)OCC(=O)NC3C2CC2)cc1=O,0
protein96,1,CC(C)CC(=O)N1CCC(Cc2nc3ccc(OC(F)(F)F)cc3cc2CN)CC1,0
protein96,1,Cc1ccc(NC(=O)C(=Cc2ccc(S(C)(=O)=O)cc2)N2CCOCC2=O)cc1,0
protein96,1,Cc1cccc2c(N3C(=O)CC(C)c4cc([N+](=O)[O-])ccc43)ccc(NCC[N+](C)(C)C)c12,1
protein96,1,CC(C)(N)c1ccc(-c2cc(F)cnc2CCC(=O)N2CCCCC2CN2CCCC2)cc1,0
protein96,1,CCC1CC2(CCN(C)CC2)n2nc(C)c(Cl)c2O1,0
protein96,1,Cc1cc(C(=O)NC(=S)Nc2nc(C(C)(C)C)cs2)c2c(Cl)cccn12,0
protein96,1,CC(C)CC(=NO)C(CN)C(C)COC(=O)C(C)(C)C,0
protein96,1,NC(=O)c1cn2c3c(nc2cc1Nc1ccccc1)-c1cccc(O)c1C1CC31,1
protein96,1,Cc1ccc(-c2nc(N3CCOCC3C)c3ccc(F)cc3n2)cc1,1
protein96,1,Nc1nc(Nc2cccc(Cl)c2)c2ccccc2n1,1
protein96,1,CC(c1cccc(-c2ccc(C#N)c(OCCN3CCCCC3)c2)c1)S(=O)(=O)NC1CCCC1,0
protein96,1,CC(c1ccccc1)c1ccc(C(=O)O)cc1N1CCCC1C(=O)O,0
protein96,1,CCCCN1CCC(Oc2cccc3c2oc(=O)n3C)C(Cl)C1,0
protein96,1,Cc1nc(N(C)C)c(-n2nc(C(F)(F)F)cc2-c2cccc(C(=N)N)c2)c(-c2ccccc2F)c1C#N,1
protein96,1,Cc1ccc(CCn2ccnn2)[nH]c1=NCc1ccccc1Cl,0
protein96,1,CC1CCCN(c2nccc3ccc(N)nc23)C1,1
protein96,1,CC(=O)c1cc2nc(-c3ccc(Cl)cc3Cl)n(C)c2cc1Nc1ccc(N2CCN(C)CC2)cc1,1
protein96,1,CCN1CCN(C2CCS(=O)(=O)C2)C(=O)c2ccc3c(c2)-c2ccccc2C1C3,1
protein96,1,O=C(CC(c1cccnc1)C(F)(F)F)Nc1ccncc1,0
protein96,1,Cc1ccccc1-n1c(F)cc(Nc2cc(C(=O)N=C(N)N)cc(C(C)(C)C)c2)nc1=O,0
protein96,1,CCC1CCCN(C)c2nc3cccc(C(=O)NCC4OCCN4C)c3cc21,1
protein96,1,CCCCCCn1c(C)nc2ccccc21,0
protein96,1,Cc1ccc(C)n1-c1cc(C(=O)NCC(O)C(N)=O)ccn1,0
protein96,1,NC(=O)C([NH2+][O-])C(CCc1ccccc1)C(=O)O,0
protein96,1,Cc1c(C(=O)O)oc2cc(Nc3ccc4c(c3)CCC4)c([N+](=O)[O-])c(C)c12,1
protein96,1,O=C(C=C1Nc2ccccc2C1(O)C1CCCC1)c1ccc2c(c1)CCCO2,0
protein96,1,CS(=O)(=O)N1CC2CNC1Cc1c2[nH]c2cc(-c3cccc(C(F)(F)F)c3)ccc12,0
protein97,1,CC(C)CCN1CC=Cc2ccccc2C(=O)N(S(=O)(=O)c2ccc(CC(=O)N3CCCC3)cc2)CC1=O,0
protein97,1,CCC1(C)C(=O)NCCC(=O)N1C(=O)c1ccc2c(c1)nc(-c1ccc(F)cc1)n2C,1
protein97,1,CC(C)NC(=O)C1CCN(CC(=O)Nc2ccccc2OC(F)(F)F)CC1,0
protein97,1,CCC1C=C(Nc2ccc(CCNC)cc2)c2ccccc2NC1=O,0
protein97,1,O=c1c(Cc2ccc(I)cc2)cc(-c2ccccn2)nn1Cc1nc2ccccc2s1,0
protein97,1,NC(=O)C1CCN(c2ccc(-c3cnc4c(CN5CCCCC5)n[nH]c(=O)c4c3)c(Cl)c2)C1,0
protein97,1,CC(=O)c1c(F)cc(CN2CC(O)CCC2Cn2nc(C)ccc2=O)cc1F,0
protein97,1,Cc1ncc2[nH]c(-c3cccc(F)c3)nc2c1Nc1ccccc1,1
protein97,1,CCCCN=C(S)NNC(=O)c1ccncc1,0
protein97,1,CC1(C)CCC(=O)N1c1ccc(CC(NC(=O)CN2CCC(Oc3ccc(F)cc3)CC2)c2ccc(F)cc2F)c(F)c1,0
protein97,1,CC(=O)c1cc2cc(-c3cnc(N4CCN(C)CC4)c4c3CCC4)ccc2nc1O,0
protein97,1,O=C1CCC(c2nc(-c3cccc(C(F)(F)F)c3)n[nH]2)N1c1ccccc1F,0
protein97,1,CCc1cc(C(=O)N(CCCN)CCCCN2CCN(c3nsc4ccccc34)CC2)ccc1C,1
protein97,1,CCC1CN(C(=O)c2ccc3c(c2)OCCO3)CC12CCN(Cc1ccncc1)CC2,0
protein97,1,CCC(NC(=O)c1csc(-c2ccc(Cl)c(Cl)c2)c1)C(=O)O,0
protein97,1,CCC1=NC(C)(c2ccc(C(=O)OCC(=O)Nc3ccccc3Cl)cc2C(F)(F)F)CN1C(C)C,0
protein97,1,CCOc1cc(C(=O)O)ccc1-n1c2cc(NC(=O)c3ccccc3)ccc2c(=O)n1C,1
protein97,1,CCC(O)C1Cc2ccccc2C1N1CCCCC1,0
protein97,1,CC1CCC(C(=O)Nc2cccc(CN3CCCC(c4ccccc4)(c4ccccc4)C3)c2)CC1O,0
protein97,1,CCOc1ccc(F)cc1NC(=O)CN1CCS(=O)(=O)CC1,0
protein97,1,Cc1ccc(C)c(NCC(=O)N(CC2CCCO2)C(=O)C(C)S(=O)(=O)c2ccccc2[N+](=O)[O-])c1,1
protein97,1,CCSc1cccc2nc(CN(C)CCO)n(-c3ccccc3)c(=O)c12,1
protein97,1,CC(C)Cn1cc(C2CCN(c3ccncc3)CC2)c2ccccc21,1
protein97,1,Cc1c2c(nn1-c1ccccc1)CCCC2=NO,1
protein97,1,CC(C)(C)NC(=O)CN(C(=O)n1nc(Cc2ccccc2)c2ccccc2c1=O)C1CCCC1,0
protein97,1,Cc1ccc2c(c1)C(=O)N(C)C21CNC(=O)c2oc3ccccc3c2N1,1
protein97,1,Cc1cc(S(=O)(=O)N(C)CCN2CCCC2)ccc1C(=O)Nc1ccccc1OC(F)(F)F,0
protein97,1,CC(C)(C)NC(=O)C1CC(N)C(=O)N2CCC(CC2)Oc2ccc(Cl)cc2OCCO1,0
protein97,1,Cc1[nH]c2cccc(C3CC3CN3CCN(c4snc5c4ccc(=O)n5C)CC3)c2c1C(=O)C#N,1
protein97,1,Cc1ccc(Cc2cc(C(=O)Nc3ccccc3C(=O)O)c3ccccc3n2)cc1,0
protein97,1,CCN(CC)CC#CCN1CCN(c2nsc3ccccc23)CC1,1
protein97,1,CCOc1ccc(Oc2nc(C)ccc2C(=NO)NC2CCCCC2)cc1CCO,1
protein97,1,CCC(CC)(CN)C(C)C,0
protein97,1,CCc1nn(CCCN)c2c(-c3ccccc3[N+]3=CCCCC3)cc(C)[n+]([O-])c12,1
protein97,1,CC(NNC(=O)C1(N2CCCCC2)CCCCC1)c1ccc(I)cc1,0
protein97,1,Cc1cc2c(c3c1-c1ncc(c4ncnn14)C(C)(C)N(CC(=O)Nc1cccc(Cl)c1)C3=O)C=CC(C)(C)O2,0
protein97,1,CC1=CC(=O)C(c2ccc(Cl)cc2)N1NC(=O)c1cc2ccccc2nc1N,1
protein97,1,CCC1Nc2ncccc2CC1C(=O)N(CCC1CNCCO1)C1CCCC(Oc2ccc(C(=N)N)cc2C(C)(C)C)C1,0
protein97,1,CCc1cccc(N2C(=O)N=NC2C)c1,0
protein97,1,CCOc1ccccc1-c1nnc(Cn2cc(C#N)c3ccccc32)n1N=Cc1sccc1C,1
protein97,1,CC(=O)N(C)c1ccc(OCC(C)C)c(Sc2ccnc3c(C(=O)NCc4ccon4)cccc23)c1,0
protein97,1,CCOc1ccc(Cl)cc1C(=O)N1CCCC1C(=O)NCCc1ccccn1,0
protein97,1,O=c1c2nc(Cc3cc(O)cc(O)c3)n(Cc3ccc(C(F)(F)F)cc3)c2c2ccccc2n1Cc1ccccc1F,1
protein97,1,CC(C)CN1C(=O)SC(=Cc2ccc(O)cc2)C1=O,0
protein97,1,CC1OC(C(C)c2cc(Nc3cc(Cl)cc(Cl)c3)c3ncc(C(=O)NC4CCCNC4)n3c2)CC1N1CCN(C)C(C)C1,0
protein97,1,CC1(C)CC(n2cnnc2Nc2c(Cl)cncc2[N+](=O)[O-])C1,1
protein97,1,Nc1cc(N2CCCC2C(=O)NCc2ccco2)ncn1,1
protein97,1,CCC(Nc1nc(C)c2cnn(-c3ccccc3)c2n1)c1nc2ccccc2[nH]1,1
protein97,1,Cc1ccc(S(=O)(=O)N2CCC(C)CC2)cc1C(=O)N(C)CC(=O)Nc1ccc([N+](=O)[O-])cc1,1
protein97,1,Cc1cc(NCc2ccc(F)c(Cl)c2)nc(NC2CCCC2)n1,0
protein97,1,CCN(C(=O)Cn1nc(-c2ccccc2)cc(-c2ccccc2F)c1=O)C1CCS(=O)(=O)C1,0
protein97,1,CN(Cc1coc(-c2ccccc2C(F)(F)F)n1)C1CCCCC1,0
protein97,1,CC1COC(c2cc([N+](=O)[O-])ccc2NC(=O)c2cc3c(s2)CCCC3)O1,1
protein97,1,CCOC(=O)c1c(S(=O)(=O)N2CCc3ccccc32)c[nH]c1-c1cccc(OC)c1,0
protein97,1,CCN(CC1CCN(c2ccnc(-c3ccc(C(F)(F)F)c(OC)c3)c2)CC1)S(C)(=O)=O,0
protein97,1,CCc1cccc(Cl)c1NC(=O)c1nn(-c2ccc(F)cc2)c(=O)[nH]c1=O,0
protein97,1,NCC1c2ccccc2-c2nc3scccc-3[n+]2CCCC#Cc2cc(OC(F)(F)F)ccc2C12CCCN2,1
protein97,1,CCNC1CC(C)(C)Oc2cc(C)c(Oc3ncccc3C(=O)O)cc21,0
protein97,1,CCN(CC)C(=O)c1ccccc1Nc1cc(-c2n[nH]c(C)c2-c2ccc(F)c(F)c2F)ncn1,0
protein97,1,CCCn1cccc(N(Cc2ccc(OC)c(S(=O)(=O)N(C)CC)c2)S(=O)(=O)c2ccc(C)cc2)c1=O,0
protein97,1,CC(C)(C)C(NS(=O)(=O)c1ccc(C(F)(F)F)cc1N1CCOCC1)C(=O)NO,0
protein97,1,Cc1nc2c(nc1CNC(C)C)CCCN2c1cccc(-c2n[nH]c3ccc(C#N)cc23)n1,0
protein97,1,O=S(=O)(c1ccc(Cl)c(Cl)c1)N1CCN(c2ccc(Cl)c(Cl)c2)CC1,0
protein97,1,CC(=O)OC1C(C)CC(C#CCN(C)CC2Cc3ccccc3N2C)C2c3c([nH]c4ccccc34)C(=O)N(C)C12,1
protein97,1,Cc1cc2c(c(O)n1)Oc1ccccc1CN2CC1CN(CC(F)(F)F)CCO1,1
protein97,1,O=C(Nc1cnccn1)C1(CO)CCN(Cc2ccc(Cl)cc2)CC1,0
protein97,1,Cc1cccc(C)c1NC(=O)CSc1nc(C)c2[nH]c(N3CCCC3)nc2n1,0
protein97,1,Cc1cc(N2C(c3ccccc3Cl)=NC(CCCCO)C2C(=O)NC2CCCCC2)ccn1,0
protein97,1,CCC1(C)CC(NC(=O)C2CCCCN2C(=O)OC(C)(C)C)Cc2ccc(O)c(O)c21,0
protein97,1,CCC1CN(c2ccc(N(C)C(=O)CO)c(OCc3ccccc3)c2)C(=O)N1C,0
protein97,1,Cc1ccc(O)c2c1CC1(CCN(Cc3ccnc4ccccc34)CC1)O2,1
protein97,1,O=C(CCc1ccc(F)cc1)Nc1ccc(O)c(-c2nc3cc([N+](=O)[O-])ccc3[nH]2)c1,1
protein97,1,CCn1cc(-c2cnc(Nc3cccc(-n4cccn4)c3)nc2-c2ccc(C(F)(F)F)cc2)cn1,1
protein97,1,O=CN1CCN(c2nnc(Cc3ccccc3F)s2)CC1,0
protein97,1,CCNC(=O)c1cc(-c2ccc(C(=N)N)cc2)cc2c1ccc1ncc(-c3cncc(C#N)c3)n12,1
protein97,1,O=C(Nc1cccc(S(=O)(=O)N2CCCCCC2)c1)c1cc2ccccc2[nH]1,0
protein97,1,CCNC(=O)c1ccccc1N1C(=O)c2ccccc2S1(=O)=O,0
protein97,1,CCCS(=O)(=O)Nc1ccccc1C(=O)N1CCN(C2CCCCC2)CC1c1ccc(OC)cc1,0
protein97,1,Cc1ccc(CN=C(S)NCC[S+]([O-])C2CC2)cc1,0
protein97,1,Cc1nc2ccccc2c2[nH]nc(C#N)c(=O)c12,1
protein97,1,CC(C)CCN1CCCCC1=NC(=O)c1cc2ccncc2nc1Oc1ccccc1,0
protein97,1,Cc1cccc(Cn2cc(C(=O)Nc3cccc(-c4cccnc4F)c3)nn2)c1,0
protein97,1,Cc1cc(C)n(C(C)CCNC(=O)COC(=O)c2cccc(NC(=O)CC(C)C)c2)n1,0
protein97,1,Nc1oc(-c2cc3ccccc3o2)nc1C(=O)NC1CCc2ccccc2C1,0
protein97,1,Cc1ccccc1-n1cnnc1Sc1c(F)ccc(C(F)(F)F)c1F,0
protein97,1,COc1cc(C)c(F)cc1S(=O)(=O)NCC(O)(C(=O)OC(C)(C)C)C(F)(F)F,0
protein97,1,CC(C)CCCOc1ccc2cc1CCOc1nc(c(N)c3ccccc13)N2,1
protein97,1,CCN(C(=O)c1ccc(C(F)(F)F)n2nc(-c3ccn(C(C)(C)C)c3)cc12)C1CCS(=O)(=O)C1,1
protein97,1,O=C(NCC1CC(CCCC2(CO)CCN(Cc3cc(Cl)ccc3-c3ncccn3)CC2)C(=O)O1)c1cccc2scnc12,1
protein97,1,CCN(CC)Cc1cc(-c2cc(Cl)ccc2-c2c(C(F)(F)F)n[nH]c2C)oc1C,0
protein97,1,CC(C)(C)NC(=O)CCCCNCC(=O)NCc1ccco1,0
protein97,1,COc1cc(CC(C)C)ccc1OCC(=O)NN=C(C)c1cccs1,0
protein97,1,O=C1CCC(NS(=O)(=O)c2ccccc2Cl)=NN1Cc1ccccc1,0
protein97,1,CCC1CCCN1C(=O)c1cc(-c2ccccc2OC)cc(C(C)(C)C)c1NS(=O)(=O)C(F)(F)F,0
protein97,1,COc1ccc(-c2nc3c(C)cc(C)cn3c2NC=NC2CCOCC2)c(Cl)c1,1
protein97,1,CCC(NC(=N)S)c1cc(-c2cc(C(F)(F)F)nn2-c2ncccn2)ccc1N1CCCCC1,0
protein97,1,CCC1CCC(C)(O)CC1NC(=O)Nc1cccc2c(NC#N)n(-c3ccccc3)nc12,1
protein97,1,CC(C)CN1CCN(C2=Nc3ccccc3Sc3c(NC(=O)COc4ccccc4)cccc32)CC1,0
protein97,1,Cc1cccc(Cl)c1NC(=O)CN(C(=O)C1CC(=O)N(c2ccccc2)C1)C1CCCC1,0
protein97,1,Cc1nc(C(=O)SCC(=O)Nc2nc3ccc(Cl)cc3s2)cs1,0
protein98,1,O=S(=O)(CC(c1ccccc1)N1CCNCC1)N1CCC(c2ccccc2)CC1,0
protein98,1,CC(C)C(CO)NCc1nc(-c2cccc(OC(F)(F)F)c2)ccc1F,0
protein98,1,CCOC(=O)Cc1csc(N(O)c2ccccc2Cl)n1,0
protein98,1,CC(C)CC(=O)Nc1ccc(CN(C)C2CCCCC2)cc1,0
protein98,1,CCC(NC(=O)c1c2c(n(C)c1C)-c1cc(Cl)ccc1S(=O)(=O)N2C)c1ccccc1,0
protein98,1,Cc1c(Cl)ccnc1NC(C)c1nc2cc3c(c(N4CCCC(N)C4)[n+]2cc1F)C(C)(C)c1ccccc1-3,0
protein98,1,Cc1c(NC(=O)c2cccc(-c3ccccc3)n2)cccc1N1CCNCC1C,0
protein98,1,NCC(CCN1CCN(c2nccc3ncccc23)CC1)c1ccnc2ccccc12,1
protein98,1,CCCn1c(C(C)(C)C)cnc1SCc1cccc(Cl)c1Cl,0
protein98,1,FC(F)(F)c1ccc(C2c3ccccc3C(CBr)CN3CCN2CC3)c(C(F)(F)F)c1,1
protein98,1,CCOc1ccccc1CNS(=O)(=O)c1cc2cc(-c3ccccc3OC)oc2cc1O,1
protein98,1,O=C(NC(=S)Nc1cccc(Cl)c1)c1cc2ccccc2[nH]1,0
protein98,1,CCN1CCCN(C(=O)c2cc3cc(C#N)ccc3n(C)c2=O)CC1C,0
protein98,1,CC(C)CC1(CCO)CCN2CC(Oc3ccccc3)CC2C1,0
protein98,1,CC(C)CCCNC1=NC(=O)c2ccc(OCCN3CCCCC3)cc21,0
protein98,1,CCC(NC(=O)C(N)CC(=O)O)C(=O)O,0
protein98,1,CC1CC=C(CC(C#N)N(Nc2ccc([N+](=O)[O-])cc2)C(=O)C2NC3CCC2C3)CC1,1
protein98,1,CCOc1ccc(-c2cn3cccnc3n2)cc1,0
protein98,1,Cc1nc2n(c1-c1cccnc1)Cc1ccccc1C(=O)N2,0
protein98,1,Cc1ccc(S(=O)(=O)CC(=O)Nc2cc(C)ccc2C)cc1,0
protein98,1,CC(CS(=O)(=O)N1CCCC1)Nc1ccc(-c2ccccc2OC(F)(F)F)cc1,0
protein98,1,CCCCc1nc2cc(NC(=O)c3ccccc3[N+](=O)[O-])cc(S(=O)(=O)Nc3ccccc3F)c2o1,0
protein98,1,CCc1ccccc1NC(=O)c1cn(Cc2ccc(F)cc2)nc1C,0
protein98,1,CCN(C(=O)CN1CCN(C)CC1)c1cccc(OC(F)(F)F)c1,0
protein98,1,CCn1ncc2c1-c1c(nc3ccsc3c1C(C)C)OCCN(C(C)(C)C)C(=O)C2(C)C,0
protein98,1,CCc1noc(C)c1C(=O)NC1CCN(CC(O)c2ccc(Cl)c(Cl)c2)CC1,0
protein98,1,CCN(CCO)C(=O)c1ccc2c(c1)CCN(c1nc3ccc(-c4ccccc4)cn3c1C(C)C)C2,0
protein98,1,CN(C)c1ncc(F)c(N2C(=O)C(OC(C)(C)C3CCN4CCc5c([nH]c6ccccc56)C4C3)C2CCO)n1,0
protein98,1,Cc1ccc(-c2nnc(NC(=O)c3cccc4c3cnn4CC3CCN(Cc4ccccc4)CC3)s2)cc1C,0
protein98,1,Cc1cccc(CCC(F)(F)F)c1Oc1ccc2nc(C)c(C(=O)NCC3CCN(C)CC3)n2c1,0
protein98,1,CCOc1cc(NC(=O)c2cc(Cl)ccc2OC(F)(F)F)nc(I)n1,0
protein98,1,Cc1ccc(CNc2nc(NC3CCNCC3)cnc2C(F)(F)F)o1,0
protein98,1,CCN(CC)c1cc(-c2cc(CN)c(OC)c(OC)c2)c(C#N)c(N)n1,0
protein98,1,Cc1occc1C(=O)NCCCc1n[nH]c(-c2ccccc2C(F)(F)F)n1,0
protein98,1,O=C(NCC1CN(Cc2cccc(OC(F)(F)F)c2)CCO1)c1ccc(F)cc1Cc1ccccc1,1
protein98,1,Cc1ccc(N2C(=O)CC(Nc3cccc(C#N)c3C)C2=O)cc1F,1
protein98,1,Cc1cc(O)cc(C)c1-c1csc(-c2nc(NC(C)C)nc3[nH]nc(C)c23)n1,1
protein98,1,CCCC1CC2(C(=CC(O)CC)c3cccc(O)c3)CN2S(=O)(=O)c2ccc3c(c2)CN1C(=O)O3,0
protein98,1,NC1=NC(=O)C(Cc2ccc(C(F)(F)F)cc2)(Cc2ccccc2Oc2ccncc2)N1,0
protein98,1,CC(C)CCn1c(N)c(N2CCCCC2)c(=O)[nH]c1=O,0
protein98,1,Cc1ncccc1CNC(=O)c1cc(C(NC(=O)C2(C)CCCC2)c2ccc(C(=O)O)cc2)cs1,0
protein98,1,O=C(NC(=O)C1CCCO1)Nc1ccnc(Nc2cccc(C(F)(F)F)c2)c1,0
protein98,1,CCC1CCN(C)C2CCCCCCC12ON=C(Cn1cnnc1)c1cccc(OC)c1,0
protein98,1,NCc1cccnc1-c1ccc(CC2CC(N(CC3CC3)CC(c3cccnc3)c3ccccc3Cl)CO2)cc1,0
protein98,1,CCS(=O)(=O)Nc1cc(-c2cnn3c(C(F)(F)F)cc(-c4cccc(F)c4)nc23)ccc1Cl,0
protein98,1,CC(=O)Nc1ccccc1C(=O)NCC1Nc2ccccc2C1=[N+]=[N-],1
protein98,1,Nc1ccc2c(c1C(=O)O)COC2(O)c1ccc(CO)cc1,1
protein98,1,CCN(CC)Cc1ccc(C=C2SC(=NO)c3ccccc32)o1,1
protein98,1,CC1CC(C)(C)Cc2sc3ncnc(N4CCN(C)CC4)c3c21,1
protein98,1,Clc1ccc(-c2nnc(CN3CCNCC3)o2)cc1,0
protein98,1,O=C(Nc1cnc(N2CCCCC2)cc1Nc1cc2c(c(S(=O)(=O)N3CCCC3)c1)CCC2)c1cncs1,0
protein98,1,CC1(C)CCN(C(=O)COc2ccc3c(c2)CCO3)C1,0
protein98,1,Cc1cncc(Nc2ncnc3ccc(-c4cnn(CC5CCCCN5CC(F)(F)F)c4)cc23)c1,0
protein98,1,CCC1CCC(C)CN1Cc1cc(C)nc(C)c1O,0
protein98,1,CCNC(=O)C1COC(=O)N1c1ccnc2c(-c3ccc(-c4ccc(S(C)(=O)=O)cc4)s3)c(C)ccc12,1
protein98,1,Cc1ccc(N(C)S(=O)(=O)c2ccc(S(=O)(=O)Nc3onc(C)c3C)cc2)cc1C,0
protein98,1,CCN(CC)c1ccc(NC(=O)C=CCn2c(C)cc3c(C)cccc32)cc1,1
protein98,1,CCCCC1CN(c2cc(S(=O)(=O)N(C)C3CCCCC3)c(C)cc2F)C(=O)O1,0
protein98,1,O=C1NC2(C3CC3)OC(Cc3ccc(C#CC4CC4)cc32)C1O,0
protein98,1,Nc1c(C(=O)N2CCN(Cc3ccccc3)CC2)nc2c3ccc4c(c3ccn12)CCCCC4,1
protein98,1,CCS(=O)(=O)N1CCC(NC(=O)c2ccc(-c3cncc(C#N)c3)s2)CC1,0
protein98,1,O=C(O)CCc1cccnc1OCC1CCCCC1,0
protein98,1,CCCS(=O)(=O)Nc1ccccc1-c1cn(C(=O)CC)c2ccc(N3Cc4ccccc4C3=O)cc12,1
protein98,1,Cc1nc2c(c(-c3ccccc3CN3CC(C)C(CN4CCOCC4)C3)n1)CCO2,1
protein98,1,CCn1c(SCC(=O)N2CCOCC2)nc2ccc(OC(C)=O)cc21,1
protein98,1,Cc1ccc(-n2cnn(C)c2=O)cc1S(=O)(=O)N1CCN(Cc2ccccc2)CC1,0
protein98,1,COC(=O)NN=Cc1cc(OC)c2oc(-c3cccc(NC(C)=O)c3)cc2c1,1
protein98,1,CC(C)c1ccc(S(=O)(=O)Nc2nc(CN3CCCCC3(C)C)cs2)cc1,0
protein98,1,CC(C)c1ccc(-c2nc3c(NCCN(C)C)cc(N(C)C)cc3cc2F)cc1,0
protein98,1,CC(C)CC=C1C(=O)Nc2ccc(Cl)cc21,0
protein98,1,CC(C)(C)OC(=O)Nc1cccc(NC(=O)c2cncc(Oc3ccc(C(N)=O)cc3Cl)c2)c1,0
protein98,1,O=C(Nc1ccc(OC(F)(F)F)cc1)c1ccc(Cl)c(N2CCNCC2)c1,0
protein98,1,CNS(=O)(=O)c1ccc(NC(=O)C(F)(F)F)c(C(=O)N2CCc3c(C)noc3C2)c1,0
protein98,1,Cc1ccc(Nc2nccc(CN3CCCC(N)C3)n2)cc1C,0
protein98,1,Cc1ccsc1-c1ncc2cccc(OCC3CCN(C)C3)c2n1,1
protein98,1,Cc1ccccc1-c1nc(C)c(C=C(C#N)C(=O)N2CCN(C)CC2)c(N2CCC(C)CC2)n1,1
protein98,1,Cc1nc2c(NCc3cccnc3)cc(-c3cncc(CC(C#N)NC(=O)C(NC#N)C(C)(C)C)c3)cn2c1C,0
protein98,1,Cc1cccc(C(=O)CNC(=O)c2cc(-c3ccccc3)cc(S(=O)(=O)N3CCN(C)CC3)c2)c1,0
protein98,1,CCCCCCc1cn(-c2cc(N(C)C)ncn2)cn1,0
protein98,1,O=C(O)C1CCCCC1C(=O)Nc1nc2ccccc2s1,0
protein98,1,Cc1ncc([N+](=O)[O-])n1CC(O)Cn1cc(-c2ccc(F)cc2F)c2ccccc21,1
protein98,1,CC(C)(C)NCC(N)C(C)(C)c1ccc(Oc2ccc(C(F)(F)F)cn2)cc1,0
protein98,1,O=C(Nc1cccc(NC(=O)c2cccc(C(F)(F)F)n2)c1)c1ccc(O)nn1,0
protein98,1,CCN(CC)CCn1c(C)c2cc(OC)c(O)c(C=Nc3cc(Cl)ccc3OC)c2c1C,1
protein98,1,CC1=CC(c2ccccc2)N(Cc2ccccc2)C(=S)N1,0
protein98,1,CC1(C)C=C2CN(c3nc(-c4ccncc4)cc(-c4cn[nH]c4)n3)CC2CC1,0
protein98,1,CCOCc1nc(C[n+]2ccc(-c3ccc([N+](=O)[O-])cc3)cc2)c2ccccc2n1,1
protein98,1,Cc1cc(=O)n(O)c2ccccc12,1
protein98,1,Cc1cc([N+](=O)[O-])c2nc(OC3CCC(C)C3)nc(O)c2c1,1
protein98,1,CC(C)C1CNC2(C)C(C)NCC(NC(=O)c3c(F)cccc3F)C2C1,1
protein98,1,Cc1ccc(NC(=O)c2c(Nc3nn(C)c4c(F)cc(F)cc34)ncc(Cl)c2N)cc1C,1
protein98,1,O=C(C1CC1c1ccc(Cl)c(Cl)c1)N1CC(CCCN2CCOCC2)c2cc(Cl)ccc21,0
protein98,1,Cc1cc(C)cc(Oc2cc3c(N(C)Cc4cscn4)ncnc3cc2OC2CCCN(C(C)C)C2)c1,1
protein98,1,CC(C)CCn1c(CN2CCCCC2)nc2c3ccsc3n(Cc3ccc(F)cc3F)c2c1=O,1
protein98,1,O=C1C(=NO)c2cccc(I)c2N1C1CCN(Cc2ccccc2)CC1,1
protein98,1,CCOc1ccc2c(N=C(SC)N3CCCCCC3)c(C#N)[nH]c2c1,0
protein98,1,Cc1cc2c([nH]c1=O)C(N1CCCC1C(=O)NCC(F)(F)F)CCC2,0
protein98,1,CC(C)CCCNC(=O)C(C#N)c1nc(N2CCN(C)CC2)c2sccc2n1,0
protein98,1,Cc1cc(Oc2cccc(C(=O)N3CCc4ccc(Nc5ccncc5)cc4C3)c2)nc2ccccc12,0
protein98,1,O=C1NC(=S)SC1=Cc1ccc(Cl)cc1,0
protein99,1,COc1cccc2c1C(NC(=O)c1cnc(S(C)(=O)=O)nc1)CC(C)(c1ccc(C(F)(F)F)cn1)C2,1
protein99,1,CC(C)(C)N=c1c(O)c(O)c1=Nc1ccccc1,0
protein99,1,Cc1ccc(C)c(OCC(=O)Nc2ccc(Cl)c(S(C)(=O)=O)c2)c1,0
protein99,1,CCN(CC)S(=O)(=O)c1ccc(C)c(NC(=O)c2cnn(-c3cccc4c3OCCO4)c2O)c1,0
protein99,1,CCN(CC)c1ccc(C(=O)O)c(C(=O)Nc2cc(S(=O)(=O)c3cccnc3N)c(C#N)cc2Cl)c1,1
protein99,1,CCOc1ccc(S(=O)(=O)N2CCN(Cc3cccnc3)CC2)cc1N1C(=O)CCC1C,0
protein99,1,O=C(Nc1ccc(Cl)cc1N1CCCC1)c1cc(Oc2ccc(C(F)(F)F)cn2)cc2ncccc12,1
protein99,1,Cc1oc(C(C)(C)C)nc1C(=O)NCCS(=O)(=O)c1ccc(C(=N)N2CCC3CCCCC32)cc1,0
protein99,1,Cc1ccc(C2CC(=O)NN=C2c2ccnc3ccccc23)cc1,1
protein99,1,CCC1C(N2CCCc3ccc4c(-c5cnc(N)nc5)cc(-c5cccc(F)c5)nc4c32)CCCN1C(N)=O,1
protein99,1,Cc1nc(-c2ccccc2)c2ccccc2n1,1
protein99,1,Cc1ccccc1N(CCC(C)C)S(=O)(=O)c1cccnc1,1
protein99,1,Cc1ccc(CC2(Oc3ccccc3)CCN(CCN3CCCC3)CC2)cc1,0
protein99,1,CCc1cnc(Nc2cccc(S(=O)(=O)N3CCCCC3)c2)c(Cl)c1,0
protein99,1,CCn1c2c(c(=N)c3ccccc31)C(=O)N(c1ccccc1)C2O,1
protein99,1,O=C(NCc1coc(-c2ccc3c(c2)OC(C(=O)[O-])CS3)n1)c1ccco1,0
protein99,1,CCCCCCNc1nc(N)nc2ccccc12,0
protein99,1,Cc1ccc(-c2cnn3c(Nc4cccc(F)c4)cc(C4CC4)nc23)cc1O,0
protein99,1,CC1(C)C=Cc2cc(CCN3CCCCc4nc5cccc(C(N)=O)c5nc43)ccc2O1,1
protein99,1,CC(CC(=O)Nc1ccc2ncn(CCBr)c2c1)CC(C)C(F)(F)F,0
protein99,1,Cc1cccc2[nH]c(-c3ccccc3NC(=O)C[N+](C)(C)C(=O)c3ccccc3F)nc12,1
protein99,1,Cc1nc2c(C)cccn2c1-c1cccc(S(=O)(=O)Nc2nccs2)c1,0
protein99,1,CC(C)CS(=O)(=O)Nc1c(F)cnc(NC(=O)C2CCN(c3c(F)cccc3F)CC2)c1F,0
protein99,1,CCCN1CCN(c2nc3c(c(SCc4ccccc4F)c2C#N)OCCN3C(C)C)CC1,0
protein99,1,CC=Nc1ccc(OCC(O)CN(C)CCC(=O)C(C)C(C)C)cc1,1
protein99,1,CCCC=C1C(=O)Nc2ccccc21,0
protein99,1,CCCn1c(SCC(=O)Nc2c(F)cccc2F)nc2ccccc21,0
protein99,1,CC1(C)CC(Nc2nc(-c3ccc(C#CC(O)(Cc4ccccc4C#N)C4CCOCC4)nc3)ncc2F)C(=O)O1,0
protein99,1,CC1CCN(C(=O)CC2CCN(CC#Cc3ccccc3)CC2)CC1,0
protein99,1,CCn1c(SCc2c(F)cccc2F)nc(NC(=O)c2ccco2)c1[N+](=O)[O-],1
protein99,1,NCCc1c[nH]c2cc(F)c(C3CSC(=S)N3C(=O)O)cc12,0
protein99,1,CCN(CCC1=CCCCC1C)CCc1nc(N)c2ccccc2n1,1
protein99,1,Cc1cc2c(-c3c4c(c(C)n3C)C(=O)Nc3cc-4n(CCO)n3)c[nH]c2cc1F,0
protein99,1,Cc1c(C(N)=O)n(CC(=O)NC2CCc3ccccc3C2)c2ccccc12,1
protein99,1,Cc1ccsc1C1(C(F)(F)F)NC(=O)c2ccccc2C(=O)c2[nH]cnc21,0
protein99,1,Cc1cc(Nc2ccc(S(N)(=O)=O)cc2[S+](=O)([O-])[O-])c2ccccc2n1,1
protein99,1,CCn1ncc2c1CCCN2CCN1CCOCC1,1
protein99,1,O=NN1CCSC1=S,1
protein99,1,CN1C2CCCC1CCC2,0
protein99,1,Cc1cc(N2CCNCC2)ccc1Nc1nc(-c2cccnc2)nc2c1cnn2C,1
protein99,1,CCN(CC)CCn1c(-c2ccccc2)c(CN2CCOCC2)c2ccccc2c1=O,1
protein99,1,CC1(S(N)(=O)=O)CCCCC1=NNc1ccncc1,0
protein99,1,Cc1ccc(-c2c(C)n[nH]c2Oc2ccccc2F)c(F)c1Oc1cccnc1,1
protein99,1,NC1=C(Cl)C(=O)CN1CC1CC1,0
protein99,1,CC(C)CC(N)C(=O)NC1CCC(CCN2CCCC(CNC(=O)c3cccnc3O)C2)CC1,0
protein99,1,CCOc1cc(NC(C)=O)ccc1N(C)C(=O)c1cnc(OC2CCOCC2)nc1,0
protein99,1,Cc1ccc(C#N)cc1-c1ccc(Nc2ccc([N+](=O)[O-])cc2[N+](=O)[O-])nn1,1
protein99,1,CCOc1cc(C(=O)Nc2ccccc2[N+](=O)[O-])c2cc3c4c(sc3cn2c1=O)Cc1ccccc1C4N,1
protein99,1,CC(=O)Nc1c2c(ccc(NC(=O)C3CCCCC3C)c1=O)CC(=O)OC(C)(C)C2,0
protein99,1,O=CNc1cc(-c2nc3ccc(F)c(C(F)(F)F)c3s2)ccc1N1CCNCC1,1
protein99,1,Cc1nn(-c2nc(CNc3cc(-c4cccnc4)ncn3)co2)c(C)c1C(F)(F)F,0
protein99,1,CC1(CS(=O)(=O)N2CCOCC2)CCN(c2ncccc2NS(=O)(=O)c2ccc(F)cc2)CC1C1CC1,0
protein99,1,CC1C(=O)Nc2cc(C(F)(F)F)ccc2N1Cc1ccccc1,0
protein99,1,CCOC(=N)NN=C1NC(=O)C2(C)CCCC1C2,0
protein99,1,O=C(Nc1ocnc1Cc1ccccc1)c1ccc(O)c(OC(F)(F)F)c1,0
protein99,1,Cc1cc(-c2nc3c(C)cccn3c2N2CCN(C)CC2)nc(Nc2ccccc2Cl)n1,0
protein99,1,Cc1ccc(-n2cc(C(=O)C(=O)N(C)CCCC#N)c3cc(Cl)ccc32)c(C)c1,0
protein99,1,CCCC1CCC(=O)N1c1nc(-c2ccc(OCc3cccc(Cl)c3F)nc2)c(C(C)(C)O)s1,0
protein99,1,CS(=O)(=O)c1cccc(Nc2cc(-c3cnc(N4CCCOCC4)c(C(N)=O)c3)ncn2)c1,0
protein99,1,CCn1c(Cc2cccc(OC)c2)c(C=O)c2ccccc21,1
protein99,1,O=C(Cc1ccc([N+](=O)[O-])cc1)Nc1cc(-c2cccnc2)ccc1N1CCCC1,1
protein99,1,O=C(CCNC(=O)C1CC(c2ccccc2)CN1S(=O)(=O)O)NO,1
protein99,1,Cc1sc2ncnc(NCC3CN(C)CCO3)c2c1C,1
protein99,1,CC1=NN2CC(O)C1CSC2=S,0
protein99,1,CCC(CC(=O)N1CCCCC1C(OC(F)(F)F)c1ccc(C(F)(F)F)cc1)c1ccccc1,0
protein99,1,CCN1c2nc3ccncc3cc2-c2c(Cl)cc(Cl)cc2C1N1CCCC1,0
protein99,1,CCCCN(CC)c1ccc(C(=O)NCCCNC(C)(C)C)c(OC)c1,1
protein99,1,Cc1coc2nc(SCc3ccccc3Cl)nc(C)c12,1
protein99,1,CCN(CC)CCn1c(-c2ccc(C(C)C)cc2)cc(S(=O)(=O)N(C)C)c1C,0
protein99,1,CCn1c(CNc2ccc(OCC3CCCCC3)c(OC)c2)nc2ccccc21,1
protein99,1,Cc1c(Cc2ccc(F)cc2)c(=O)oc2ccccc12,0
protein99,1,CCN(CC)CCn1ncc2c(C)n(C)c(=O)n2c1=O,0
protein99,1,CN(C)CCn1cccc1-c1nc(N(C)C2CCCC(C)(C)C2)c2cc(-c3ccc(Cl)cc3)ccc2n1,0
protein99,1,CCN(CC)S(=O)(=O)c1ccc(C(=O)NC2CCCC2)c(N)c1,0
protein99,1,CC(C)NCCSC(=S)N1CCN(Cc2cccc(OCC3CC3)c2)CC1,0
protein99,1,CCCC(C)=C(C)C(=O)Nc1ccc(S(=O)(=O)Nc2nccs2)cc1,0
protein99,1,CCN1C(=O)OC(C)c2cc(C)c(C3NC(=O)Nc4c([nH]c(COC(=O)C5CC5)cc4=O)C4CCC3C(C)C4)c(C)c21,1
protein99,1,Cc1cc(C(F)(F)F)nn1-c1ccc(S(=O)(=O)Nc2nccs2)cc1,0
protein99,1,CN1CC2(N3CCc4oc(-c5cc(Cl)c(O)cc5O)c(C(=O)O)c4C3)C(=O)C1CC2O,0
protein99,1,CCN(CC)C(=O)C(Cc1ccc(C(F)(F)F)cc1)OC(=O)c1ccc(Cl)cc1Cl,0
protein99,1,O=c1c(-c2c(F)cccc2F)c2n(c3ccc(Cl)cc13)S(=O)(=O)CC2,0
protein99,1,CCn1cc(-c2ccc(C(F)(F)F)c(=O)[nH]2)c2cccc([N+](=O)[O-])c21,1
protein99,1,Cc1nc(C)c(CCN(c2cccc(Cl)c2)c2nc3ccnc(C(F)(F)F)c3s2)[nH]1,0
protein99,1,CC(=O)N1CCN(c2cccc(C)c2C)CC1,0
protein99,1,O=C1CN(CCCCCCC(F)(F)F)c2ccccc2N1c1cccc(O)c1,0
protein99,1,CCC(NC(=O)Nc1ccc(F)c(OC)c1)C(=O)N(C)Cc1ccc(Cl)cc1Cl,0
protein99,1,CCNC(C)(C)Cc1ccccc1,0
protein99,1,CCNC(=O)c1cc2ccc(OC)cc2n1-c1ccc(C#N)c(C(F)(F)F)c1,0
protein99,1,CC(C)CCn1c(Cc2ccccc2)nc2ccc(C(=O)N3CCN(CCO)CC3)cc21,0
protein99,1,O=C1Nc2ccc(O)cc2C=Cc2ccccc21,0
protein99,1,CCOc1c2c(nc3ccccc13)CC1C(C)C2CCN1Cc1cc(O)no1,1
protein99,1,Cc1cc(C(=O)NC2CCC(F)CC2)cc(-n2nc3ccccc3n2)c1C,0
protein99,1,CCCN1CCC(Oc2ccc(-c3cccc(N=NN(C)C)c3)cc2)CC1,1
protein99,1,COc1cccc(NC(=O)Cc2ccc(C)o2)c1,0
protein99,1,O=C(NCc1ccccn1)c1ccc(Nc2cccc(Cl)c2Cl)nc1,0
protein99,1,CC(=NC1CCCN(c2ccc(Cl)cc2-n2cncn2)C1C(C)CCl)c1c(O)noc1C(F)(F)F,0
protein99,1,CCn1c(-c2ccncc2)nc2cc(NC(=O)c3cccc4c3N(C)CC4)ccc21,1
protein99,1,CCN(CC)Cc1ccccc1NC(=O)c1cn(C(C)(C)C)c2c(O)c(N3CCCCC3)c(F)cc2c1=O,1
protein99,1,O=C(COC(=O)c1ccccc1[N+](=O)[O-])NC1CCCC1,1
protein99,1,Cc1c(C#N)cccc1NC1=NCCN1C,0
